query_number,query,intent_number,action,target,intent_text,rank,tool_name,score,normalized_rank,normalized_score,knee_distance,gap,gap_percent,is_knee
1,Send an email to Tom,1,send,an email,Send an email to Tom,1,gmail_tools_send_google_email,0.7109375,0.0,1.0,0.0,0.03125,4.395604395604396,False
1,Send an email to Tom,1,send,an email,Send an email to Tom,2,outlook_mail_management_compose_email,0.6796875,0.008264462809917356,0.9248826291079812,0.047272144646894866,0.00390625,0.5494505494505495,False
1,Send an email to Tom,1,send,an email,Send an email to Tom,3,outlook_mail_management_send_email,0.67578125,0.01652892561983471,0.9154929577464789,0.048067787243969665,0.0234375,3.296703296703297,False
1,Send an email to Tom,1,send,an email,Send an email to Tom,4,outlook_mail_management_reply_to_email,0.65234375,0.024793388429752067,0.8591549295774648,0.0820609313052017,0.01171875,1.6483516483516485,False
1,Send an email to Tom,1,send,an email,Send an email to Tom,5,gmail_tools_reply_google_email,0.640625,0.03305785123966942,0.8309859154929577,0.0961355744879394,0.015625,2.197802197802198,False
1,Send an email to Tom,1,send,an email,Send an email to Tom,6,gmail_tools_forward_google_email,0.625,0.04132231404958678,0.7934272300469484,0.11684971796350856,0.015625,2.197802197802198,False
1,Send an email to Tom,1,send,an email,Send an email to Tom,7,gmail_tools_get_google_emails,0.609375,0.049586776859504134,0.755868544600939,0.13756386143907762,0.0078125,1.098901098901099,False
1,Send an email to Tom,1,send,an email,Send an email to Tom,8,gmail_tools_delete_google_email,0.6015625,0.05785123966942149,0.7370892018779343,0.14499900432898394,0.01171875,1.6483516483516485,False
1,Send an email to Tom,1,send,an email,Send an email to Tom,9,outlook_mail_management_forward_email,0.58984375,0.06611570247933884,0.7089201877934272,0.15907364751172165,0.01171875,1.6483516483516485,False
1,Send an email to Tom,1,send,an email,Send an email to Tom,10,outlook_mail_management_find_email_address,0.578125,0.0743801652892562,0.6807511737089202,0.17314829069445933,0.015625,2.197802197802198,False
1,Send an email to Tom,1,send,an email,Send an email to Tom,11,outlook_mail_management_search_outlook_mail,0.5625,0.08264462809917356,0.6431924882629108,0.19386243417002857,0.04296875,6.043956043956044,False
1,Send an email to Tom,1,send,an email,Send an email to Tom,12,outlook_mail_management_get_email_messages,0.51953125,0.09090909090909091,0.539906103286385,0.26105307969541763,0.00390625,0.5494505494505495,False
1,Send an email to Tom,1,send,an email,Send an email to Tom,13,office_word_mcp_server_api_add_picture,0.515625,0.09917355371900827,0.5305164319248826,0.2618487222924925,0.01171875,1.6483516483516485,False
1,Send an email to Tom,1,send,an email,Send an email to Tom,14,office_word_mcp_server_api_convert_to_pdf,0.50390625,0.10743801652892562,0.5023474178403756,0.2759233654752302,0.005859375,0.8241758241758242,False
1,Send an email to Tom,1,send,an email,Send an email to Tom,15,office_word_mcp_server_api_add_table,0.498046875,0.11570247933884298,0.48826291079812206,0.28003875821872076,0.00390625,0.5494505494505495,False
1,Send an email to Tom,1,send,an email,Send an email to Tom,16,carrot_mcp_server_api_create_employee,0.494140625,0.12396694214876033,0.4788732394366197,0.28083440081579564,0.00390625,0.5494505494505495,False
1,Send an email to Tom,1,send,an email,Send an email to Tom,17,sharepoint_tools_create_txt_file_in_sharepoint,0.490234375,0.1322314049586777,0.4694835680751174,0.28163004341287046,0.0,0.0,True
1,Send an email to Tom,1,send,an email,Send an email to Tom,18,office_word_mcp_server_api_add_heading,0.490234375,0.14049586776859505,0.4694835680751174,0.2757861857171139,0.0,0.0,False
1,Send an email to Tom,1,send,an email,Send an email to Tom,19,office_word_mcp_server_api_add_paragraph,0.490234375,0.1487603305785124,0.4694835680751174,0.2699423280213572,0.00390625,0.5494505494505495,False
1,Send an email to Tom,1,send,an email,Send an email to Tom,20,office_word_mcp_server_api_create_word_document,0.486328125,0.15702479338842976,0.460093896713615,0.2707379706184321,0.0078125,1.098901098901099,False
1,Send an email to Tom,1,send,an email,Send an email to Tom,21,carrot_mcp_server_api_update_employee,0.478515625,0.1652892561983471,0.4413145539906103,0.27817311350833834,0.0,0.0,False
1,Send an email to Tom,1,send,an email,Send an email to Tom,22,outlook_mail_management_delete_email_message,0.478515625,0.17355371900826447,0.4413145539906103,0.27232925581258177,0.005859375,0.8241758241758242,False
1,Send an email to Tom,1,send,an email,Send an email to Tom,23,office_word_mcp_server_api_add_page_break,0.47265625,0.18181818181818182,0.4272300469483568,0.2764446485560723,0.0,0.0,False
1,Send an email to Tom,1,send,an email,Send an email to Tom,24,railway_tools_project_environments,0.47265625,0.19008264462809918,0.4272300469483568,0.27060079086031574,0.005859375,0.8241758241758242,False
1,Send an email to Tom,1,send,an email,Send an email to Tom,25,railway_tools_project_info,0.466796875,0.19834710743801653,0.4131455399061033,0.27471618360380634,0.001953125,0.27472527472527475,False
1,Send an email to Tom,1,send,an email,Send an email to Tom,26,office_word_mcp_server_api_search_replace,0.46484375,0.2066115702479339,0.4084507042253521,0.27219207605446544,0.001953125,0.27472527472527475,False
1,Send an email to Tom,1,send,an email,Send an email to Tom,27,project_management_tools_export_sprint_to_sharepoint,0.462890625,0.21487603305785125,0.40375586854460094,0.26966796850512453,0.0,0.0,False
1,Send an email to Tom,1,send,an email,Send an email to Tom,28,office_word_mcp_server_api_find_text_in_document,0.462890625,0.2231404958677686,0.40375586854460094,0.26382411080936796,0.013671875,1.9230769230769231,False
1,Send an email to Tom,1,send,an email,Send an email to Tom,29,carrot_mcp_server_api_create_leave_application,0.44921875,0.23140495867768596,0.37089201877934275,0.28121850413852134,0.0,0.0,False
1,Send an email to Tom,1,send,an email,Send an email to Tom,30,carrot_mcp_server_api_submit_leave_application,0.44921875,0.2396694214876033,0.37089201877934275,0.27537464644276477,0.0,0.0,False
1,Send an email to Tom,1,send,an email,Send an email to Tom,31,office_word_mcp_server_api_copy_document,0.44921875,0.24793388429752067,0.37089201877934275,0.26953078874700814,0.00390625,0.5494505494505495,False
1,Send an email to Tom,1,send,an email,Send an email to Tom,32,railway_tools_project_list,0.4453125,0.256198347107438,0.3615023474178404,0.2703264313440831,0.0,0.0,False
1,Send an email to Tom,1,send,an email,Send an email to Tom,33,carrot_mcp_server_api_get_employee,0.4453125,0.2644628099173554,0.3615023474178404,0.26448257364832645,0.0,0.0,False
1,Send an email to Tom,1,send,an email,Send an email to Tom,34,office_word_mcp_server_api_get_document_text,0.4453125,0.2727272727272727,0.3615023474178404,0.2586387159525699,0.001953125,0.27472527472527475,False
1,Send an email to Tom,1,send,an email,Send an email to Tom,35,railway_tools_service_list,0.443359375,0.2809917355371901,0.3568075117370892,0.25611460840322897,0.001953125,0.27472527472527475,False
1,Send an email to Tom,1,send,an email,Send an email to Tom,36,railway_tools_project_create,0.44140625,0.2892561983471074,0.352112676056338,0.2535905008538882,0.0,0.0,False
1,Send an email to Tom,1,send,an email,Send an email to Tom,37,carrot_mcp_server_api_list_employees,0.44140625,0.2975206611570248,0.352112676056338,0.24774664315813152,0.0,0.0,False
1,Send an email to Tom,1,send,an email,Send an email to Tom,38,office_word_mcp_server_api_get_document_outline,0.44140625,0.30578512396694213,0.352112676056338,0.24190278546237495,0.0,0.0,False
1,Send an email to Tom,1,send,an email,Send an email to Tom,39,office_word_mcp_server_api_get_document_xml,0.44140625,0.3140495867768595,0.352112676056338,0.23605892776661833,0.001953125,0.27472527472527475,False
1,Send an email to Tom,1,send,an email,Send an email to Tom,40,office_word_mcp_server_api_get_paragraph_text_from_document,0.439453125,0.32231404958677684,0.3474178403755869,0.2335348202172775,0.0,0.0,False
1,Send an email to Tom,1,send,an email,Send an email to Tom,41,office_word_mcp_server_api_delete_document,0.439453125,0.3305785123966942,0.3474178403755869,0.22769096252152085,0.0,0.0,False
1,Send an email to Tom,1,send,an email,Send an email to Tom,42,office_word_mcp_server_api_delete_paragraph,0.439453125,0.33884297520661155,0.3474178403755869,0.22184710482576428,0.00390625,0.5494505494505495,False
1,Send an email to Tom,1,send,an email,Send an email to Tom,43,office_word_mcp_server_api_get_document_info,0.435546875,0.34710743801652894,0.3380281690140845,0.22264274742283915,0.001953125,0.27472527472527475,False
1,Send an email to Tom,1,send,an email,Send an email to Tom,44,railway_tools_project_delete,0.43359375,0.35537190082644626,0.3333333333333333,0.22011863987349828,0.001953125,0.27472527472527475,False
1,Send an email to Tom,1,send,an email,Send an email to Tom,45,railway_tools_service_restart,0.431640625,0.36363636363636365,0.3286384976525822,0.2175945323241574,0.00390625,0.5494505494505495,False
1,Send an email to Tom,1,send,an email,Send an email to Tom,46,railway_tools_service_create_from_repo,0.427734375,0.371900826446281,0.3192488262910798,0.2183901749212322,0.0,0.0,False
1,Send an email to Tom,1,send,an email,Send an email to Tom,47,carrot_mcp_server_api_hr_dashboard_summary,0.427734375,0.38016528925619836,0.3192488262910798,0.21254631722547562,0.00390625,0.5494505494505495,False
1,Send an email to Tom,1,send,an email,Send an email to Tom,48,railway_tools_service_info,0.423828125,0.3884297520661157,0.30985915492957744,0.2133419598225505,0.0,0.0,False
1,Send an email to Tom,1,send,an email,Send an email to Tom,49,supabase_mcp_insert_table_data,0.423828125,0.39669421487603307,0.30985915492957744,0.20749810212679384,0.00390625,0.5494505494505495,False
1,Send an email to Tom,1,send,an email,Send an email to Tom,50,github_mcp_server_create_or_update_file,0.419921875,0.4049586776859504,0.3004694835680751,0.20829374472386872,0.0,0.0,False
1,Send an email to Tom,1,send,an email,Send an email to Tom,51,project_management_tools_create_team,0.419921875,0.4132231404958678,0.3004694835680751,0.20244988702811206,0.001953125,0.27472527472527475,False
1,Send an email to Tom,1,send,an email,Send an email to Tom,52,railway_tools_database_list_types,0.41796875,0.4214876033057851,0.29577464788732394,0.19992577947877127,0.0,0.0,False
1,Send an email to Tom,1,send,an email,Send an email to Tom,53,carrot_mcp_server_api_log_hours_entry,0.41796875,0.4297520661157025,0.29577464788732394,0.1940819217830147,0.0,0.0,False
1,Send an email to Tom,1,send,an email,Send an email to Tom,54,carrot_mcp_server_api_update_leave_application,0.41796875,0.4380165289256198,0.29577464788732394,0.18823806408725813,0.0,0.0,False
1,Send an email to Tom,1,send,an email,Send an email to Tom,55,office_word_mcp_server_api_merge_doucments,0.41796875,0.4462809917355372,0.29577464788732394,0.18239420639150147,0.0,0.0,False
1,Send an email to Tom,1,send,an email,Send an email to Tom,56,project_management_tools_list_work_items,0.41796875,0.45454545454545453,0.29577464788732394,0.1765503486957449,0.001953125,0.27472527472527475,False
1,Send an email to Tom,1,send,an email,Send an email to Tom,57,supabase_mcp_update_database_table_data,0.416015625,0.4628099173553719,0.29107981220657275,0.17402624114640403,0.0,0.0,False
1,Send an email to Tom,1,send,an email,Send an email to Tom,58,project_management_tools_create_work_item,0.416015625,0.47107438016528924,0.29107981220657275,0.16818238345064745,0.00390625,0.5494505494505495,False
1,Send an email to Tom,1,send,an email,Send an email to Tom,59,quest_studio_file_storage_get_storage_usage,0.412109375,0.4793388429752066,0.28169014084507044,0.16897802604772225,0.001953125,0.27472527472527475,False
1,Send an email to Tom,1,send,an email,Send an email to Tom,60,project_management_tools_create_sprint,0.41015625,0.48760330578512395,0.27699530516431925,0.16645391849838143,0.001953125,0.27472527472527475,False
1,Send an email to Tom,1,send,an email,Send an email to Tom,61,project_management_tools_list_sprints,0.408203125,0.49586776859504134,0.27230046948356806,0.16392981094904047,0.0,0.0,False
1,Send an email to Tom,1,send,an email,Send an email to Tom,62,github_mcp_server_create_repository,0.408203125,0.5041322314049587,0.27230046948356806,0.1580859532532839,0.0,0.0,False
1,Send an email to Tom,1,send,an email,Send an email to Tom,63,quest_studio_file_storage_get_file_content,0.408203125,0.512396694214876,0.27230046948356806,0.15224209555752732,0.001953125,0.27472527472527475,False
1,Send an email to Tom,1,send,an email,Send an email to Tom,64,github_mcp_server_pull_request_read,0.40625,0.5206611570247934,0.2676056338028169,0.14971798800818645,0.001953125,0.27472527472527475,False
1,Send an email to Tom,1,send,an email,Send an email to Tom,65,railway_tools_service_update,0.404296875,0.5289256198347108,0.26291079812206575,0.14719388045884557,0.0,0.0,False
1,Send an email to Tom,1,send,an email,Send an email to Tom,66,quest_studio_file_storage_delete_file,0.404296875,0.5371900826446281,0.26291079812206575,0.141350022763089,0.0,0.0,False
1,Send an email to Tom,1,send,an email,Send an email to Tom,67,supabase_mcp_check_database_health,0.404296875,0.5454545454545454,0.26291079812206575,0.13550616506733243,0.001953125,0.27472527472527475,False
1,Send an email to Tom,1,send,an email,Send an email to Tom,68,railway_tools_service_create_from_image,0.40234375,0.5537190082644629,0.25821596244131456,0.13298205751799144,0.001953125,0.27472527472527475,False
1,Send an email to Tom,1,send,an email,Send an email to Tom,69,project_management_tools_get_team,0.400390625,0.5619834710743802,0.2535211267605634,0.13045794996865065,0.0,0.0,False
1,Send an email to Tom,1,send,an email,Send an email to Tom,70,railway_tools_service_delete,0.400390625,0.5702479338842975,0.2535211267605634,0.12461409227289408,0.001953125,0.27472527472527475,False
1,Send an email to Tom,1,send,an email,Send an email to Tom,71,office_word_mcp_server_api_list_files,0.3984375,0.5785123966942148,0.24882629107981222,0.12208998472355319,0.001953125,0.27472527472527475,False
1,Send an email to Tom,1,send,an email,Send an email to Tom,72,github_mcp_server_get_commit,0.396484375,0.5867768595041323,0.24413145539906103,0.1195658771742123,0.0,0.0,False
1,Send an email to Tom,1,send,an email,Send an email to Tom,73,github_mcp_server_create_pull_request,0.396484375,0.5950413223140496,0.24413145539906103,0.11372201947845573,0.0,0.0,False
1,Send an email to Tom,1,send,an email,Send an email to Tom,74,web_search_tools_web_search,0.396484375,0.6033057851239669,0.24413145539906103,0.10787816178269916,0.001953125,0.27472527472527475,False
1,Send an email to Tom,1,send,an email,Send an email to Tom,75,project_management_tools_list_team_members,0.39453125,0.6115702479338843,0.23943661971830985,0.10535405423335827,0.001953125,0.27472527472527475,False
1,Send an email to Tom,1,send,an email,Send an email to Tom,76,carrot_mcp_server_api_list_leave_application,0.392578125,0.6198347107438017,0.2347417840375587,0.10282994668401739,0.0,0.0,False
1,Send an email to Tom,1,send,an email,Send an email to Tom,77,project_management_tools_view_board,0.392578125,0.628099173553719,0.2347417840375587,0.09698608898826082,0.0,0.0,False
1,Send an email to Tom,1,send,an email,Send an email to Tom,78,project_management_tools_list_teams,0.392578125,0.6363636363636364,0.2347417840375587,0.09114223129250425,0.0,0.0,False
1,Send an email to Tom,1,send,an email,Send an email to Tom,79,project_management_tools_delete_team,0.392578125,0.6446280991735537,0.2347417840375587,0.08529837359674768,0.001953125,0.27472527472527475,False
1,Send an email to Tom,1,send,an email,Send an email to Tom,80,project_management_tools_get_sprint,0.390625,0.6528925619834711,0.2300469483568075,0.0827742660474067,0.0,0.0,False
1,Send an email to Tom,1,send,an email,Send an email to Tom,81,carrot_mcp_server_api_work_hours_summary,0.390625,0.6611570247933884,0.2300469483568075,0.07693040835165013,0.0,0.0,False
1,Send an email to Tom,1,send,an email,Send an email to Tom,82,project_management_tools_assign_work_item,0.390625,0.6694214876033058,0.2300469483568075,0.07108655065589356,0.001953125,0.27472527472527475,False
1,Send an email to Tom,1,send,an email,Send an email to Tom,83,project_management_tools_add_work_item_comment,0.388671875,0.6776859504132231,0.22535211267605634,0.06856244310655268,0.001953125,0.27472527472527475,False
1,Send an email to Tom,1,send,an email,Send an email to Tom,84,github_mcp_server_get_me,0.38671875,0.6859504132231405,0.22065727699530516,0.0660383355572118,0.0,0.0,False
1,Send an email to Tom,1,send,an email,Send an email to Tom,85,github_mcp_server_search_repositories,0.38671875,0.6942148760330579,0.22065727699530516,0.06019447786145522,0.0,0.0,False
1,Send an email to Tom,1,send,an email,Send an email to Tom,86,github_mcp_server_list_commits,0.38671875,0.7024793388429752,0.22065727699530516,0.05435062016569865,0.001953125,0.27472527472527475,False
1,Send an email to Tom,1,send,an email,Send an email to Tom,87,github_mcp_server_create_branch,0.384765625,0.7107438016528925,0.215962441314554,0.05182651261635777,0.0,0.0,False
1,Send an email to Tom,1,send,an email,Send an email to Tom,88,sharepoint_tools_get_sharepoint_documents,0.384765625,0.71900826446281,0.215962441314554,0.045982654920601114,0.001953125,0.27472527472527475,False
1,Send an email to Tom,1,send,an email,Send an email to Tom,89,supabase_mcp_get_table_schema,0.3828125,0.7272727272727273,0.2112676056338028,0.04345854737126031,0.0,0.0,False
1,Send an email to Tom,1,send,an email,Send an email to Tom,90,supabase_mcp_select_database_table_data,0.3828125,0.7355371900826446,0.2112676056338028,0.037614689675503736,0.0,0.0,False
1,Send an email to Tom,1,send,an email,Send an email to Tom,91,project_management_tools_update_task_status,0.3828125,0.743801652892562,0.2112676056338028,0.031770831979747165,0.0,0.0,False
1,Send an email to Tom,1,send,an email,Send an email to Tom,92,quest_studio_file_storage_update_file,0.3828125,0.7520661157024794,0.2112676056338028,0.025926974283990437,0.001953125,0.27472527472527475,False
1,Send an email to Tom,1,send,an email,Send an email to Tom,93,github_mcp_server_merge_pull_request,0.380859375,0.7603305785123967,0.20657276995305165,0.02340286673464963,0.0,0.0,False
1,Send an email to Tom,1,send,an email,Send an email to Tom,94,project_management_tools_delete_sprint,0.380859375,0.768595041322314,0.20657276995305165,0.01755900903889306,0.001953125,0.27472527472527475,False
1,Send an email to Tom,1,send,an email,Send an email to Tom,95,project_management_tools_create_project,0.37890625,0.7768595041322314,0.20187793427230047,0.015034901489552173,0.001953125,0.27472527472527475,False
1,Send an email to Tom,1,send,an email,Send an email to Tom,96,project_management_tools_get_user_capacity,0.376953125,0.7851239669421488,0.19718309859154928,0.012510793940211287,0.0,0.0,False
1,Send an email to Tom,1,send,an email,Send an email to Tom,97,github_mcp_server_get_file_contents,0.376953125,0.7933884297520661,0.19718309859154928,0.006666936244454715,0.001953125,0.27472527472527475,False
1,Send an email to Tom,1,send,an email,Send an email to Tom,98,github_mcp_server_push_files,0.375,0.8016528925619835,0.19248826291079812,0.00414282869511383,0.0,0.0,False
1,Send an email to Tom,1,send,an email,Send an email to Tom,99,quest_studio_file_storage_get_file,0.375,0.8099173553719008,0.19248826291079812,0.0017010290006426634,0.001953125,0.27472527472527475,False
1,Send an email to Tom,1,send,an email,Send an email to Tom,100,project_management_tools_update_work_item,0.373046875,0.8181818181818182,0.18779342723004694,0.004225136549983628,0.0,0.0,False
1,Send an email to Tom,1,send,an email,Send an email to Tom,101,project_management_tools_update_user_capacity,0.373046875,0.8264462809917356,0.18779342723004694,0.010068994245740199,0.0,0.0,False
1,Send an email to Tom,1,send,an email,Send an email to Tom,102,github_mcp_server_list_pull_requests,0.373046875,0.8347107438016529,0.18779342723004694,0.01591285194149677,0.00390625,0.5494505494505495,False
1,Send an email to Tom,1,send,an email,Send an email to Tom,103,project_management_tools_get_work_item_comments,0.369140625,0.8429752066115702,0.1784037558685446,0.015117209344421971,0.001953125,0.27472527472527475,False
1,Send an email to Tom,1,send,an email,Send an email to Tom,104,project_management_tools_delete_work_item,0.3671875,0.8512396694214877,0.17370892018779344,0.017641316893762936,0.0,0.0,False
1,Send an email to Tom,1,send,an email,Send an email to Tom,105,github_mcp_server_update_pull_request,0.3671875,0.859504132231405,0.17370892018779344,0.023485174589519507,0.0,0.0,False
1,Send an email to Tom,1,send,an email,Send an email to Tom,106,supabase_mcp_get_database_tables,0.3671875,0.8677685950413223,0.17370892018779344,0.02932903228527608,0.001953125,0.27472527472527475,False
1,Send an email to Tom,1,send,an email,Send an email to Tom,107,sharepoint_tools_get_sharepoint_sites,0.365234375,0.8760330578512396,0.16901408450704225,0.031853139834616885,0.0,0.0,False
1,Send an email to Tom,1,send,an email,Send an email to Tom,108,railway_tools_volume_delete,0.365234375,0.8842975206611571,0.16901408450704225,0.037696997530373616,0.001953125,0.27472527472527475,False
1,Send an email to Tom,1,send,an email,Send an email to Tom,109,railway_tools_volume_update,0.36328125,0.8925619834710744,0.1643192488262911,0.04022110507971442,0.0,0.0,False
1,Send an email to Tom,1,send,an email,Send an email to Tom,110,quest_studio_file_storage_get_files,0.36328125,0.9008264462809917,0.1643192488262911,0.046064962775470994,0.0,0.0,False
1,Send an email to Tom,1,send,an email,Send an email to Tom,111,supabase_mcp_get_all_supabase_projects,0.36328125,0.9090909090909091,0.1643192488262911,0.051908820471227565,0.001953125,0.27472527472527475,False
1,Send an email to Tom,1,send,an email,Send an email to Tom,112,github_mcp_server_list_branches,0.361328125,0.9173553719008265,0.1596244131455399,0.05443292802056853,0.001953125,0.27472527472527475,False
1,Send an email to Tom,1,send,an email,Send an email to Tom,113,project_management_tools_get_work_item,0.359375,0.9256198347107438,0.15492957746478872,0.05695703556990934,0.005859375,0.8241758241758242,False
1,Send an email to Tom,1,send,an email,Send an email to Tom,114,railway_tools_volume_list,0.353515625,0.9338842975206612,0.14084507042253522,0.052841642826418775,0.00390625,0.5494505494505495,False
1,Send an email to Tom,1,send,an email,Send an email to Tom,115,github_mcp_server_delete_file,0.349609375,0.9421487603305785,0.13145539906103287,0.052046000229343976,0.0078125,1.098901098901099,False
1,Send an email to Tom,1,send,an email,Send an email to Tom,116,railway_tools_volume_create,0.341796875,0.9504132231404959,0.11267605633802817,0.04461085733943765,0.00390625,0.5494505494505495,False
1,Send an email to Tom,1,send,an email,Send an email to Tom,117,project_management_tools_list_users,0.337890625,0.9586776859504132,0.10328638497652583,0.04381521474236285,0.0,0.0,False
1,Send an email to Tom,1,send,an email,Send an email to Tom,118,project_management_tools_list_projects,0.337890625,0.9669421487603306,0.10328638497652583,0.04965907243811942,0.009765625,1.3736263736263736,False
1,Send an email to Tom,1,send,an email,Send an email to Tom,119,project_management_tools_get_project,0.328125,0.9752066115702479,0.07981220657276995,0.03890417940179733,0.0078125,1.098901098901099,False
1,Send an email to Tom,1,send,an email,Send an email to Tom,120,project_management_tools_update_project,0.3203125,0.9834710743801653,0.06103286384976526,0.03146903651189116,0.00390625,0.5494505494505495,False
1,Send an email to Tom,1,send,an email,Send an email to Tom,121,project_management_tools_delete_project,0.31640625,0.9917355371900827,0.051643192488262914,0.03067339391481636,0.021484375,3.021978021978022,False
1,Send an email to Tom,1,send,an email,Send an email to Tom,122,quest_studio_file_storage_query_files,0.294921875,1.0,0.0,0.0,,,False
2,Reply to Tom's email,1,reply,Tom email,Reply to Tom 's email,1,gmail_tools_reply_google_email,0.72265625,0.0,1.0,0.0,0.01953125,2.7027027027027026,False
2,Reply to Tom's email,1,reply,Tom email,Reply to Tom 's email,2,outlook_mail_management_reply_to_email,0.703125,0.008264462809917356,0.9507389162561576,0.028988988668112798,0.078125,10.81081081081081,False
2,Reply to Tom's email,1,reply,Tom email,Reply to Tom 's email,3,gmail_tools_send_google_email,0.625,0.01652892561983471,0.7536945812807881,0.16247651642783348,0.0078125,1.0810810810810811,False
2,Reply to Tom's email,1,reply,Tom email,Reply to Tom 's email,4,outlook_mail_management_compose_email,0.6171875,0.024793388429752067,0.7339901477832512,0.1705657972776246,0.0078125,1.0810810810810811,False
2,Reply to Tom's email,1,reply,Tom email,Reply to Tom 's email,5,gmail_tools_forward_google_email,0.609375,0.03305785123966942,0.7142857142857143,0.17865507812741577,0.01953125,2.7027027027027026,False
2,Reply to Tom's email,1,reply,Tom email,Reply to Tom 's email,6,gmail_tools_get_google_emails,0.58984375,0.04132231404958678,0.6650246305418719,0.20764406679552855,0.01953125,2.7027027027027026,False
2,Reply to Tom's email,1,reply,Tom email,Reply to Tom 's email,7,gmail_tools_delete_google_email,0.5703125,0.049586776859504134,0.6157635467980296,0.2366330554636412,0.00390625,0.5405405405405406,False
2,Reply to Tom's email,1,reply,Tom email,Reply to Tom 's email,8,outlook_mail_management_send_email,0.56640625,0.05785123966942149,0.6059113300492611,0.23775576704065848,0.015625,2.1621621621621623,False
2,Reply to Tom's email,1,reply,Tom email,Reply to Tom 's email,9,outlook_mail_management_forward_email,0.55078125,0.06611570247933884,0.5665024630541872,0.2597781864359974,0.0078125,1.0810810810810811,False
2,Reply to Tom's email,1,reply,Tom email,Reply to Tom 's email,10,outlook_mail_management_find_email_address,0.54296875,0.0743801652892562,0.5467980295566502,0.2678674672857886,0.01171875,1.6216216216216217,False
2,Reply to Tom's email,1,reply,Tom email,Reply to Tom 's email,11,outlook_mail_management_search_outlook_mail,0.53125,0.08264462809917356,0.5172413793103449,0.2829233174083535,0.033203125,4.594594594594595,False
2,Reply to Tom's email,1,reply,Tom email,Reply to Tom 's email,12,office_word_mcp_server_api_search_replace,0.498046875,0.09090909090909091,0.43349753694581283,0.3362952985311748,0.001953125,0.2702702702702703,True
2,Reply to Tom's email,1,reply,Tom email,Reply to Tom 's email,13,outlook_mail_management_get_email_messages,0.49609375,0.09917355371900827,0.42857142857142855,0.33393472547180525,0.001953125,0.2702702702702703,False
2,Reply to Tom's email,1,reply,Tom email,Reply to Tom 's email,14,github_mcp_server_pull_request_read,0.494140625,0.10743801652892562,0.4236453201970443,0.33157415241243554,0.0,0.0,False
2,Reply to Tom's email,1,reply,Tom email,Reply to Tom 's email,15,carrot_mcp_server_api_update_employee,0.494140625,0.11570247933884298,0.4236453201970443,0.32573029471667897,0.005859375,0.8108108108108109,False
2,Reply to Tom's email,1,reply,Tom email,Reply to Tom 's email,16,office_word_mcp_server_api_convert_to_pdf,0.48828125,0.12396694214876033,0.4088669950738916,0.33033629093008315,0.00390625,0.5405405405405406,False
2,Reply to Tom's email,1,reply,Tom email,Reply to Tom 's email,17,office_word_mcp_server_api_add_table,0.484375,0.1322314049586777,0.39901477832512317,0.33145900250710036,0.0,0.0,False
2,Reply to Tom's email,1,reply,Tom email,Reply to Tom 's email,18,carrot_mcp_server_api_submit_leave_application,0.484375,0.14049586776859505,0.39901477832512317,0.3256151448113438,0.001953125,0.2702702702702703,False
2,Reply to Tom's email,1,reply,Tom email,Reply to Tom 's email,19,office_word_mcp_server_api_add_picture,0.482421875,0.1487603305785124,0.39408866995073893,0.32325457175197414,0.005859375,0.8108108108108109,False
2,Reply to Tom's email,1,reply,Tom email,Reply to Tom 's email,20,office_word_mcp_server_api_copy_document,0.4765625,0.15702479338842976,0.3793103448275862,0.3278605679653784,0.001953125,0.2702702702702703,False
2,Reply to Tom's email,1,reply,Tom email,Reply to Tom 's email,21,office_word_mcp_server_api_add_paragraph,0.474609375,0.1652892561983471,0.37438423645320196,0.3254999949060087,0.001953125,0.2702702702702703,False
2,Reply to Tom's email,1,reply,Tom email,Reply to Tom 's email,22,github_mcp_server_search_repositories,0.47265625,0.17355371900826447,0.3694581280788177,0.3231394218466391,0.0,0.0,False
2,Reply to Tom's email,1,reply,Tom email,Reply to Tom 's email,23,carrot_mcp_server_api_create_employee,0.47265625,0.18181818181818182,0.3694581280788177,0.3172955641508825,0.0,0.0,False
2,Reply to Tom's email,1,reply,Tom email,Reply to Tom 's email,24,github_mcp_server_get_commit,0.47265625,0.19008264462809918,0.3694581280788177,0.3114517064551259,0.001953125,0.2702702702702703,False
2,Reply to Tom's email,1,reply,Tom email,Reply to Tom 's email,25,railway_tools_project_info,0.470703125,0.19834710743801653,0.3645320197044335,0.3090911333957562,0.0,0.0,False
2,Reply to Tom's email,1,reply,Tom email,Reply to Tom 's email,26,office_word_mcp_server_api_find_text_in_document,0.470703125,0.2066115702479339,0.3645320197044335,0.30324727569999965,0.0,0.0,False
2,Reply to Tom's email,1,reply,Tom email,Reply to Tom 's email,27,office_word_mcp_server_api_add_heading,0.470703125,0.21487603305785125,0.3645320197044335,0.2974034180042431,0.0,0.0,False
2,Reply to Tom's email,1,reply,Tom email,Reply to Tom 's email,28,office_word_mcp_server_api_get_document_outline,0.470703125,0.2231404958677686,0.3645320197044335,0.29155956030848645,0.001953125,0.2702702702702703,False
2,Reply to Tom's email,1,reply,Tom email,Reply to Tom 's email,29,github_mcp_server_create_or_update_file,0.46875,0.23140495867768596,0.35960591133004927,0.2891989872491168,0.0,0.0,False
2,Reply to Tom's email,1,reply,Tom email,Reply to Tom 's email,30,sharepoint_tools_create_txt_file_in_sharepoint,0.46875,0.2396694214876033,0.35960591133004927,0.28335512955336023,0.001953125,0.2702702702702703,False
2,Reply to Tom's email,1,reply,Tom email,Reply to Tom 's email,31,carrot_mcp_server_api_create_leave_application,0.466796875,0.24793388429752067,0.35467980295566504,0.2809945564939905,0.0,0.0,False
2,Reply to Tom's email,1,reply,Tom email,Reply to Tom 's email,32,office_word_mcp_server_api_create_word_document,0.466796875,0.256198347107438,0.35467980295566504,0.27515069879823395,0.00390625,0.5405405405405406,False
2,Reply to Tom's email,1,reply,Tom email,Reply to Tom 's email,33,office_word_mcp_server_api_get_paragraph_text_from_document,0.462890625,0.2644628099173554,0.3448275862068966,0.2762734103752512,0.0,0.0,False
2,Reply to Tom's email,1,reply,Tom email,Reply to Tom 's email,34,carrot_mcp_server_api_update_leave_application,0.462890625,0.2727272727272727,0.3448275862068966,0.27042955267949464,0.001953125,0.2702702702702703,False
2,Reply to Tom's email,1,reply,Tom email,Reply to Tom 's email,35,outlook_mail_management_delete_email_message,0.4609375,0.2809917355371901,0.3399014778325123,0.268068979620125,0.0,0.0,False
2,Reply to Tom's email,1,reply,Tom email,Reply to Tom 's email,36,office_word_mcp_server_api_get_document_text,0.4609375,0.2892561983471074,0.3399014778325123,0.2622251219243684,0.0,0.0,False
2,Reply to Tom's email,1,reply,Tom email,Reply to Tom 's email,37,github_mcp_server_get_me,0.4609375,0.2975206611570248,0.3399014778325123,0.2563812642286118,0.0,0.0,False
2,Reply to Tom's email,1,reply,Tom email,Reply to Tom 's email,38,office_word_mcp_server_api_get_document_info,0.4609375,0.30578512396694213,0.3399014778325123,0.2505374065328552,0.001953125,0.2702702702702703,False
2,Reply to Tom's email,1,reply,Tom email,Reply to Tom 's email,39,github_mcp_server_list_commits,0.458984375,0.3140495867768595,0.33497536945812806,0.24817683347348557,0.001953125,0.2702702702702703,False
2,Reply to Tom's email,1,reply,Tom email,Reply to Tom 's email,40,office_word_mcp_server_api_get_document_xml,0.45703125,0.32231404958677684,0.33004926108374383,0.24581626041411592,0.001953125,0.2702702702702703,False
2,Reply to Tom's email,1,reply,Tom email,Reply to Tom 's email,41,carrot_mcp_server_api_get_employee,0.455078125,0.3305785123966942,0.3251231527093596,0.2434556873547462,0.0,0.0,False
2,Reply to Tom's email,1,reply,Tom email,Reply to Tom 's email,42,github_mcp_server_list_pull_requests,0.455078125,0.33884297520661155,0.3251231527093596,0.23761182965898964,0.0,0.0,False
2,Reply to Tom's email,1,reply,Tom email,Reply to Tom 's email,43,office_word_mcp_server_api_add_page_break,0.455078125,0.34710743801652894,0.3251231527093596,0.23176797196323307,0.0,0.0,False
2,Reply to Tom's email,1,reply,Tom email,Reply to Tom 's email,44,project_management_tools_get_team,0.455078125,0.35537190082644626,0.3251231527093596,0.2259241142674765,0.001953125,0.2702702702702703,False
2,Reply to Tom's email,1,reply,Tom email,Reply to Tom 's email,45,railway_tools_project_environments,0.453125,0.36363636363636365,0.32019704433497537,0.22356354120810676,0.0,0.0,False
2,Reply to Tom's email,1,reply,Tom email,Reply to Tom 's email,46,office_word_mcp_server_api_delete_paragraph,0.453125,0.371900826446281,0.32019704433497537,0.2177196835123502,0.001953125,0.2702702702702703,False
2,Reply to Tom's email,1,reply,Tom email,Reply to Tom 's email,47,carrot_mcp_server_api_list_employees,0.451171875,0.38016528925619836,0.31527093596059114,0.21535911045298056,0.001953125,0.2702702702702703,False
2,Reply to Tom's email,1,reply,Tom email,Reply to Tom 's email,48,railway_tools_service_restart,0.44921875,0.3884297520661157,0.3103448275862069,0.2129985373936109,0.0,0.0,False
2,Reply to Tom's email,1,reply,Tom email,Reply to Tom 's email,49,carrot_mcp_server_api_hr_dashboard_summary,0.44921875,0.39669421487603307,0.3103448275862069,0.20715467969785434,0.001953125,0.2702702702702703,False
2,Reply to Tom's email,1,reply,Tom email,Reply to Tom 's email,50,office_word_mcp_server_api_delete_document,0.447265625,0.4049586776859504,0.3054187192118227,0.20479410663848463,0.0,0.0,False
2,Reply to Tom's email,1,reply,Tom email,Reply to Tom 's email,51,github_mcp_server_merge_pull_request,0.447265625,0.4132231404958678,0.3054187192118227,0.19895024894272806,0.0,0.0,False
2,Reply to Tom's email,1,reply,Tom email,Reply to Tom 's email,52,railway_tools_service_create_from_repo,0.447265625,0.4214876033057851,0.3054187192118227,0.1931063912469715,0.0,0.0,False
2,Reply to Tom's email,1,reply,Tom email,Reply to Tom 's email,53,supabase_mcp_update_database_table_data,0.447265625,0.4297520661157025,0.3054187192118227,0.18726253355121492,0.0,0.0,False
2,Reply to Tom's email,1,reply,Tom email,Reply to Tom 's email,54,project_management_tools_list_work_items,0.447265625,0.4380165289256198,0.3054187192118227,0.18141867585545834,0.001953125,0.2702702702702703,False
2,Reply to Tom's email,1,reply,Tom email,Reply to Tom 's email,55,project_management_tools_create_team,0.4453125,0.4462809917355372,0.30049261083743845,0.1790581027960886,0.0,0.0,False
2,Reply to Tom's email,1,reply,Tom email,Reply to Tom 's email,56,project_management_tools_get_work_item_comments,0.4453125,0.45454545454545453,0.30049261083743845,0.17321424510033204,0.001953125,0.2702702702702703,False
2,Reply to Tom's email,1,reply,Tom email,Reply to Tom 's email,57,office_word_mcp_server_api_merge_doucments,0.443359375,0.4628099173553719,0.2955665024630542,0.17085367204096233,0.0,0.0,False
2,Reply to Tom's email,1,reply,Tom email,Reply to Tom 's email,58,github_mcp_server_update_pull_request,0.443359375,0.47107438016528924,0.2955665024630542,0.16500981434520576,0.0,0.0,False
2,Reply to Tom's email,1,reply,Tom email,Reply to Tom 's email,59,railway_tools_service_list,0.443359375,0.4793388429752066,0.2955665024630542,0.1591659566494492,0.001953125,0.2702702702702703,False
2,Reply to Tom's email,1,reply,Tom email,Reply to Tom 's email,60,project_management_tools_view_board,0.44140625,0.48760330578512395,0.29064039408866993,0.15680538359007962,0.001953125,0.2702702702702703,False
2,Reply to Tom's email,1,reply,Tom email,Reply to Tom 's email,61,github_mcp_server_create_pull_request,0.439453125,0.49586776859504134,0.2857142857142857,0.1544448105307099,0.0,0.0,False
2,Reply to Tom's email,1,reply,Tom email,Reply to Tom 's email,62,railway_tools_project_list,0.439453125,0.5041322314049587,0.2857142857142857,0.14860095283495334,0.0,0.0,False
2,Reply to Tom's email,1,reply,Tom email,Reply to Tom 's email,63,project_management_tools_list_teams,0.439453125,0.512396694214876,0.2857142857142857,0.14275709513919677,0.0,0.0,False
2,Reply to Tom's email,1,reply,Tom email,Reply to Tom 's email,64,railway_tools_service_info,0.439453125,0.5206611570247934,0.2857142857142857,0.1369132374434401,0.001953125,0.2702702702702703,False
2,Reply to Tom's email,1,reply,Tom email,Reply to Tom 's email,65,project_management_tools_export_sprint_to_sharepoint,0.4375,0.5289256198347108,0.28078817733990147,0.13455266438407046,0.001953125,0.2702702702702703,False
2,Reply to Tom's email,1,reply,Tom email,Reply to Tom 's email,66,project_management_tools_delete_team,0.435546875,0.5371900826446281,0.27586206896551724,0.13219209132470083,0.0,0.0,False
2,Reply to Tom's email,1,reply,Tom email,Reply to Tom 's email,67,quest_studio_file_storage_get_storage_usage,0.435546875,0.5454545454545454,0.27586206896551724,0.12634823362894426,0.0,0.0,False
2,Reply to Tom's email,1,reply,Tom email,Reply to Tom 's email,68,railway_tools_project_delete,0.435546875,0.5537190082644629,0.27586206896551724,0.12050437593318761,0.001953125,0.2702702702702703,False
2,Reply to Tom's email,1,reply,Tom email,Reply to Tom 's email,69,project_management_tools_list_team_members,0.43359375,0.5619834710743802,0.270935960591133,0.11814380287381795,0.0,0.0,False
2,Reply to Tom's email,1,reply,Tom email,Reply to Tom 's email,70,project_management_tools_update_task_status,0.43359375,0.5702479338842975,0.270935960591133,0.11229994517806138,0.001953125,0.2702702702702703,False
2,Reply to Tom's email,1,reply,Tom email,Reply to Tom 's email,71,github_mcp_server_get_file_contents,0.431640625,0.5785123966942148,0.2660098522167488,0.10993937211869174,0.0,0.0,False
2,Reply to Tom's email,1,reply,Tom email,Reply to Tom 's email,72,github_mcp_server_create_repository,0.431640625,0.5867768595041323,0.2660098522167488,0.10409551442293509,0.001953125,0.2702702702702703,False
2,Reply to Tom's email,1,reply,Tom email,Reply to Tom 's email,73,railway_tools_service_update,0.4296875,0.5950413223140496,0.26108374384236455,0.10173494136356545,0.001953125,0.2702702702702703,False
2,Reply to Tom's email,1,reply,Tom email,Reply to Tom 's email,74,railway_tools_project_create,0.427734375,0.6033057851239669,0.2561576354679803,0.09937436830419581,0.001953125,0.2702702702702703,False
2,Reply to Tom's email,1,reply,Tom email,Reply to Tom 's email,75,github_mcp_server_list_branches,0.42578125,0.6115702479338843,0.2512315270935961,0.09701379524482617,0.001953125,0.2702702702702703,False
2,Reply to Tom's email,1,reply,Tom email,Reply to Tom 's email,76,web_search_tools_web_search,0.423828125,0.6198347107438017,0.24630541871921183,0.09465322218545645,0.0,0.0,False
2,Reply to Tom's email,1,reply,Tom email,Reply to Tom 's email,77,office_word_mcp_server_api_list_files,0.423828125,0.628099173553719,0.24630541871921183,0.08880936448969988,0.001953125,0.2702702702702703,False
2,Reply to Tom's email,1,reply,Tom email,Reply to Tom 's email,78,supabase_mcp_get_table_schema,0.421875,0.6363636363636364,0.2413793103448276,0.08644879143033024,0.0,0.0,False
2,Reply to Tom's email,1,reply,Tom email,Reply to Tom 's email,79,railway_tools_database_list_types,0.421875,0.6446280991735537,0.2413793103448276,0.08060493373457367,0.0,0.0,False
2,Reply to Tom's email,1,reply,Tom email,Reply to Tom 's email,80,quest_studio_file_storage_get_file_content,0.421875,0.6528925619834711,0.2413793103448276,0.07476107603881701,0.0,0.0,False
2,Reply to Tom's email,1,reply,Tom email,Reply to Tom 's email,81,project_management_tools_list_sprints,0.421875,0.6611570247933884,0.2413793103448276,0.06891721834306044,0.0,0.0,False
2,Reply to Tom's email,1,reply,Tom email,Reply to Tom 's email,82,project_management_tools_add_work_item_comment,0.421875,0.6694214876033058,0.2413793103448276,0.06307336064730387,0.0,0.0,False
2,Reply to Tom's email,1,reply,Tom email,Reply to Tom 's email,83,supabase_mcp_check_database_health,0.421875,0.6776859504132231,0.2413793103448276,0.0572295029515473,0.001953125,0.2702702702702703,False
2,Reply to Tom's email,1,reply,Tom email,Reply to Tom 's email,84,quest_studio_file_storage_delete_file,0.419921875,0.6859504132231405,0.23645320197044334,0.05486892989217758,0.00390625,0.5405405405405406,False
2,Reply to Tom's email,1,reply,Tom email,Reply to Tom 's email,85,carrot_mcp_server_api_work_hours_summary,0.416015625,0.6942148760330579,0.22660098522167488,0.055991641469194865,0.0,0.0,False
2,Reply to Tom's email,1,reply,Tom email,Reply to Tom 's email,86,carrot_mcp_server_api_log_hours_entry,0.416015625,0.7024793388429752,0.22660098522167488,0.050147783773438294,0.00390625,0.5405405405405406,False
2,Reply to Tom's email,1,reply,Tom email,Reply to Tom 's email,87,project_management_tools_assign_work_item,0.412109375,0.7107438016528925,0.21674876847290642,0.05127049535045558,0.0,0.0,False
2,Reply to Tom's email,1,reply,Tom email,Reply to Tom 's email,88,carrot_mcp_server_api_list_leave_application,0.412109375,0.71900826446281,0.21674876847290642,0.04542663765469901,0.001953125,0.2702702702702703,False
2,Reply to Tom's email,1,reply,Tom email,Reply to Tom 's email,89,project_management_tools_get_sprint,0.41015625,0.7272727272727273,0.21182266009852216,0.04306606459532937,0.0,0.0,False
2,Reply to Tom's email,1,reply,Tom email,Reply to Tom 's email,90,supabase_mcp_insert_table_data,0.41015625,0.7355371900826446,0.21182266009852216,0.0372222068995728,0.001953125,0.2702702702702703,False
2,Reply to Tom's email,1,reply,Tom email,Reply to Tom 's email,91,railway_tools_service_create_from_image,0.408203125,0.743801652892562,0.20689655172413793,0.03486163384020315,0.0,0.0,False
2,Reply to Tom's email,1,reply,Tom email,Reply to Tom 's email,92,project_management_tools_get_user_capacity,0.408203125,0.7520661157024794,0.20689655172413793,0.029017776144446505,0.001953125,0.2702702702702703,False
2,Reply to Tom's email,1,reply,Tom email,Reply to Tom 's email,93,railway_tools_service_delete,0.40625,0.7603305785123967,0.2019704433497537,0.026657203085076863,0.0,0.0,False
2,Reply to Tom's email,1,reply,Tom email,Reply to Tom 's email,94,quest_studio_file_storage_update_file,0.40625,0.768595041322314,0.2019704433497537,0.020813345389320292,0.001953125,0.2702702702702703,False
2,Reply to Tom's email,1,reply,Tom email,Reply to Tom 's email,95,supabase_mcp_select_database_table_data,0.404296875,0.7768595041322314,0.19704433497536947,0.018452772329950653,0.0,0.0,False
2,Reply to Tom's email,1,reply,Tom email,Reply to Tom 's email,96,github_mcp_server_create_branch,0.404296875,0.7851239669421488,0.19704433497536947,0.012608914634194002,0.001953125,0.2702702702702703,False
2,Reply to Tom's email,1,reply,Tom email,Reply to Tom 's email,97,sharepoint_tools_get_sharepoint_documents,0.40234375,0.7933884297520661,0.1921182266009852,0.01024834157482436,0.001953125,0.2702702702702703,False
2,Reply to Tom's email,1,reply,Tom email,Reply to Tom 's email,98,project_management_tools_create_work_item,0.400390625,0.8016528925619835,0.18719211822660098,0.007887768515454717,0.001953125,0.2702702702702703,False
2,Reply to Tom's email,1,reply,Tom email,Reply to Tom 's email,99,project_management_tools_update_work_item,0.3984375,0.8099173553719008,0.18226600985221675,0.0055271954560850755,0.0,0.0,False
2,Reply to Tom's email,1,reply,Tom email,Reply to Tom 's email,100,supabase_mcp_get_database_tables,0.3984375,0.8181818181818182,0.18226600985221675,0.0003166622396715747,0.0,0.0,False
2,Reply to Tom's email,1,reply,Tom email,Reply to Tom 's email,101,quest_studio_file_storage_get_file,0.3984375,0.8264462809917356,0.18226600985221675,0.006160519935428146,0.00390625,0.5405405405405406,False
2,Reply to Tom's email,1,reply,Tom email,Reply to Tom 's email,102,project_management_tools_create_sprint,0.39453125,0.8347107438016529,0.1724137931034483,0.005037808358410859,0.001953125,0.2702702702702703,False
2,Reply to Tom's email,1,reply,Tom email,Reply to Tom 's email,103,project_management_tools_update_user_capacity,0.392578125,0.8429752066115702,0.16748768472906403,0.007398381417780423,0.001953125,0.2702702702702703,False
2,Reply to Tom's email,1,reply,Tom email,Reply to Tom 's email,104,railway_tools_volume_update,0.390625,0.8512396694214877,0.1625615763546798,0.009758954477150143,0.001953125,0.2702702702702703,False
2,Reply to Tom's email,1,reply,Tom email,Reply to Tom 's email,105,sharepoint_tools_get_sharepoint_sites,0.388671875,0.859504132231405,0.15763546798029557,0.012119527536519863,0.001953125,0.2702702702702703,False
2,Reply to Tom's email,1,reply,Tom email,Reply to Tom 's email,106,project_management_tools_delete_sprint,0.38671875,0.8677685950413223,0.15270935960591134,0.014480100595889427,0.0,0.0,False
2,Reply to Tom's email,1,reply,Tom email,Reply to Tom 's email,107,supabase_mcp_get_all_supabase_projects,0.38671875,0.8760330578512396,0.15270935960591134,0.020323958291646,0.0,0.0,False
2,Reply to Tom's email,1,reply,Tom email,Reply to Tom 's email,108,railway_tools_volume_delete,0.38671875,0.8842975206611571,0.15270935960591134,0.026167815987402726,0.001953125,0.2702702702702703,False
2,Reply to Tom's email,1,reply,Tom email,Reply to Tom 's email,109,project_management_tools_get_work_item,0.384765625,0.8925619834710744,0.1477832512315271,0.028528389046772292,0.0,0.0,False
2,Reply to Tom's email,1,reply,Tom email,Reply to Tom 's email,110,quest_studio_file_storage_get_files,0.384765625,0.9008264462809917,0.1477832512315271,0.03437224674252886,0.0,0.0,False
2,Reply to Tom's email,1,reply,Tom email,Reply to Tom 's email,111,github_mcp_server_delete_file,0.384765625,0.9090909090909091,0.1477832512315271,0.04021610443828543,0.00390625,0.5405405405405406,False
2,Reply to Tom's email,1,reply,Tom email,Reply to Tom 's email,112,project_management_tools_delete_work_item,0.380859375,0.9173553719008265,0.13793103448275862,0.039093392861268304,0.013671875,1.891891891891892,False
2,Reply to Tom's email,1,reply,Tom email,Reply to Tom 's email,113,project_management_tools_list_users,0.3671875,0.9256198347107438,0.10344827586206896,0.020554258102316293,0.0,0.0,False
2,Reply to Tom's email,1,reply,Tom email,Reply to Tom 's email,114,project_management_tools_create_project,0.3671875,0.9338842975206612,0.10344827586206896,0.026398115798072865,0.005859375,0.8108108108108109,False
2,Reply to Tom's email,1,reply,Tom email,Reply to Tom 's email,115,railway_tools_volume_list,0.361328125,0.9421487603305785,0.08866995073891626,0.021792119584668725,0.00390625,0.5405405405405406,False
2,Reply to Tom's email,1,reply,Tom email,Reply to Tom 's email,116,project_management_tools_list_projects,0.357421875,0.9504132231404959,0.07881773399014778,0.02066940800765144,0.0,0.0,False
2,Reply to Tom's email,1,reply,Tom email,Reply to Tom 's email,117,project_management_tools_get_project,0.357421875,0.9586776859504132,0.07881773399014778,0.02651326570340801,0.001953125,0.2702702702702703,False
2,Reply to Tom's email,1,reply,Tom email,Reply to Tom 's email,118,project_management_tools_update_project,0.35546875,0.9669421487603306,0.07389162561576355,0.028873838762777573,0.001953125,0.2702702702702703,False
2,Reply to Tom's email,1,reply,Tom email,Reply to Tom 's email,119,github_mcp_server_push_files,0.353515625,0.9752066115702479,0.06896551724137931,0.031234411822147295,0.013671875,1.891891891891892,False
2,Reply to Tom's email,1,reply,Tom email,Reply to Tom 's email,120,quest_studio_file_storage_query_files,0.33984375,0.9834710743801653,0.034482758620689655,0.01269527706319544,0.001953125,0.2702702702702703,False
2,Reply to Tom's email,1,reply,Tom email,Reply to Tom 's email,121,railway_tools_volume_create,0.337890625,0.9917355371900827,0.029556650246305417,0.015055850122565004,0.01171875,1.6216216216216217,False
2,Reply to Tom's email,1,reply,Tom email,Reply to Tom 's email,122,project_management_tools_delete_project,0.326171875,1.0,0.0,0.0,,,False
3,Search the web for the latest Nvidia news,1,search,the web,Search the web for the latest Nvidia news,1,web_search_tools_web_search,0.58984375,0.0,1.0,0.0,0.06640625,11.258278145695364,False
3,Search the web for the latest Nvidia news,1,search,the web,Search the web for the latest Nvidia news,2,github_mcp_server_search_repositories,0.5234375,0.008264462809917356,0.8224543080939948,0.11969990502143724,0.048828125,8.27814569536424,False
3,Search the web for the latest Nvidia news,1,search,the web,Search the web for the latest Nvidia news,3,github_mcp_server_pull_request_read,0.474609375,0.01652892561983471,0.6919060052219321,0.2061676375589114,0.005859375,0.9933774834437087,False
3,Search the web for the latest Nvidia news,1,search,the web,Search the web for the latest Nvidia news,4,office_word_mcp_server_api_search_replace,0.46875,0.024793388429752067,0.6762402088772846,0.21140117069114242,0.001953125,0.33112582781456956,False
3,Search the web for the latest Nvidia news,1,search,the web,Search the web for the latest Nvidia news,5,railway_tools_service_info,0.466796875,0.03305785123966942,0.6710182767624021,0.20924977660471508,0.0078125,1.3245033112582782,False
3,Search the web for the latest Nvidia news,1,search,the web,Search the web for the latest Nvidia news,6,railway_tools_project_info,0.458984375,0.04132231404958678,0.6501305483028721,0.21817577334627544,0.009765625,1.6556291390728477,False
3,Search the web for the latest Nvidia news,1,search,the web,Search the web for the latest Nvidia news,7,gmail_tools_reply_google_email,0.44921875,0.049586776859504134,0.6240208877284595,0.23079423369716504,0.001953125,0.33112582781456956,True
3,Search the web for the latest Nvidia news,1,search,the web,Search the web for the latest Nvidia news,8,github_mcp_server_get_commit,0.447265625,0.05785123966942149,0.618798955613577,0.2286428396107376,0.0,0.0,False
3,Search the web for the latest Nvidia news,1,search,the web,Search the web for the latest Nvidia news,9,office_word_mcp_server_api_find_text_in_document,0.447265625,0.06611570247933884,0.618798955613577,0.22279898191498104,0.001953125,0.33112582781456956,False
3,Search the web for the latest Nvidia news,1,search,the web,Search the web for the latest Nvidia news,10,railway_tools_service_create_from_repo,0.4453125,0.0743801652892562,0.6135770234986945,0.22064758782855373,0.00390625,0.6622516556291391,False
3,Search the web for the latest Nvidia news,1,search,the web,Search the web for the latest Nvidia news,11,github_mcp_server_list_commits,0.44140625,0.08264462809917356,0.6031331592689295,0.22218865735145557,0.001953125,0.33112582781456956,False
3,Search the web for the latest Nvidia news,1,search,the web,Search the web for the latest Nvidia news,12,gmail_tools_get_google_emails,0.439453125,0.09090909090909091,0.597911227154047,0.22003726326502818,0.001953125,0.33112582781456956,False
3,Search the web for the latest Nvidia news,1,search,the web,Search the web for the latest Nvidia news,13,gmail_tools_send_google_email,0.4375,0.09917355371900827,0.5926892950391645,0.21788586917860084,0.0,0.0,False
3,Search the web for the latest Nvidia news,1,search,the web,Search the web for the latest Nvidia news,14,github_mcp_server_list_pull_requests,0.4375,0.10743801652892562,0.5926892950391645,0.21204201148284427,0.0,0.0,False
3,Search the web for the latest Nvidia news,1,search,the web,Search the web for the latest Nvidia news,15,github_mcp_server_get_me,0.4375,0.11570247933884298,0.5926892950391645,0.2061981537870876,0.00390625,0.6622516556291391,False
3,Search the web for the latest Nvidia news,1,search,the web,Search the web for the latest Nvidia news,16,railway_tools_service_update,0.43359375,0.12396694214876033,0.5822454308093995,0.20773922330998948,0.00390625,0.6622516556291391,False
3,Search the web for the latest Nvidia news,1,search,the web,Search the web for the latest Nvidia news,17,carrot_mcp_server_api_hr_dashboard_summary,0.4296875,0.1322314049586777,0.5718015665796344,0.2092802928328914,0.001953125,0.33112582781456956,False
3,Search the web for the latest Nvidia news,1,search,the web,Search the web for the latest Nvidia news,18,railway_tools_service_list,0.427734375,0.14049586776859505,0.566579634464752,0.207128898746464,0.001953125,0.33112582781456956,False
3,Search the web for the latest Nvidia news,1,search,the web,Search the web for the latest Nvidia news,19,office_word_mcp_server_api_get_paragraph_text_from_document,0.42578125,0.1487603305785124,0.5613577023498695,0.20497750466003667,0.001953125,0.33112582781456956,False
3,Search the web for the latest Nvidia news,1,search,the web,Search the web for the latest Nvidia news,20,gmail_tools_forward_google_email,0.423828125,0.15702479338842976,0.556135770234987,0.20282611057360928,0.001953125,0.33112582781456956,False
3,Search the web for the latest Nvidia news,1,search,the web,Search the web for the latest Nvidia news,21,railway_tools_project_environments,0.421875,0.1652892561983471,0.5509138381201044,0.20067471648718194,0.0,0.0,False
3,Search the web for the latest Nvidia news,1,search,the web,Search the web for the latest Nvidia news,22,railway_tools_project_list,0.421875,0.17355371900826447,0.5509138381201044,0.19483085879142537,0.001953125,0.33112582781456956,False
3,Search the web for the latest Nvidia news,1,search,the web,Search the web for the latest Nvidia news,23,github_mcp_server_list_branches,0.419921875,0.18181818181818182,0.5456919060052219,0.19267946470499797,0.001953125,0.33112582781456956,False
3,Search the web for the latest Nvidia news,1,search,the web,Search the web for the latest Nvidia news,24,quest_studio_file_storage_get_storage_usage,0.41796875,0.19008264462809918,0.5404699738903395,0.19052807061857058,0.001953125,0.33112582781456956,False
3,Search the web for the latest Nvidia news,1,search,the web,Search the web for the latest Nvidia news,25,office_word_mcp_server_api_add_heading,0.416015625,0.19834710743801653,0.5352480417754569,0.18837667653214324,0.001953125,0.33112582781456956,False
3,Search the web for the latest Nvidia news,1,search,the web,Search the web for the latest Nvidia news,26,office_word_mcp_server_api_get_document_info,0.4140625,0.2066115702479339,0.5300261096605744,0.18622528244571593,0.0,0.0,False
3,Search the web for the latest Nvidia news,1,search,the web,Search the web for the latest Nvidia news,27,github_mcp_server_create_pull_request,0.4140625,0.21487603305785125,0.5300261096605744,0.18038142474995927,0.00390625,0.6622516556291391,False
3,Search the web for the latest Nvidia news,1,search,the web,Search the web for the latest Nvidia news,28,railway_tools_service_create_from_image,0.41015625,0.2231404958677686,0.5195822454308094,0.1819224942728611,0.001953125,0.33112582781456956,False
3,Search the web for the latest Nvidia news,1,search,the web,Search the web for the latest Nvidia news,29,railway_tools_service_restart,0.408203125,0.23140495867768596,0.5143603133159269,0.1797711001864338,0.001953125,0.33112582781456956,False
3,Search the web for the latest Nvidia news,1,search,the web,Search the web for the latest Nvidia news,30,office_word_mcp_server_api_get_document_text,0.40625,0.2396694214876033,0.5091383812010444,0.17761970610000646,0.001953125,0.33112582781456956,False
3,Search the web for the latest Nvidia news,1,search,the web,Search the web for the latest Nvidia news,31,github_mcp_server_update_pull_request,0.404296875,0.24793388429752067,0.5039164490861618,0.17546831201357907,0.001953125,0.33112582781456956,False
3,Search the web for the latest Nvidia news,1,search,the web,Search the web for the latest Nvidia news,32,railway_tools_project_create,0.40234375,0.256198347107438,0.49869451697127937,0.17331691792715176,0.0,0.0,False
3,Search the web for the latest Nvidia news,1,search,the web,Search the web for the latest Nvidia news,33,github_mcp_server_create_branch,0.40234375,0.2644628099173554,0.49869451697127937,0.1674730602313952,0.0,0.0,False
3,Search the web for the latest Nvidia news,1,search,the web,Search the web for the latest Nvidia news,34,office_word_mcp_server_api_get_document_outline,0.40234375,0.2727272727272727,0.49869451697127937,0.16162920253563862,0.0,0.0,False
3,Search the web for the latest Nvidia news,1,search,the web,Search the web for the latest Nvidia news,35,railway_tools_volume_list,0.40234375,0.2809917355371901,0.49869451697127937,0.15578534483988196,0.001953125,0.33112582781456956,False
3,Search the web for the latest Nvidia news,1,search,the web,Search the web for the latest Nvidia news,36,railway_tools_database_list_types,0.400390625,0.2892561983471074,0.4934725848563969,0.15363395075345457,0.0,0.0,False
3,Search the web for the latest Nvidia news,1,search,the web,Search the web for the latest Nvidia news,37,github_mcp_server_create_or_update_file,0.400390625,0.2975206611570248,0.4934725848563969,0.147790093057698,0.001953125,0.33112582781456956,False
3,Search the web for the latest Nvidia news,1,search,the web,Search the web for the latest Nvidia news,38,office_word_mcp_server_api_add_page_break,0.3984375,0.30578512396694213,0.48825065274151436,0.14563869897127066,0.0,0.0,False
3,Search the web for the latest Nvidia news,1,search,the web,Search the web for the latest Nvidia news,39,outlook_mail_management_find_email_address,0.3984375,0.3140495867768595,0.48825065274151436,0.1397948412755141,0.001953125,0.33112582781456956,False
3,Search the web for the latest Nvidia news,1,search,the web,Search the web for the latest Nvidia news,40,github_mcp_server_merge_pull_request,0.396484375,0.32231404958677684,0.4830287206266319,0.1376434471890867,0.001953125,0.33112582781456956,False
3,Search the web for the latest Nvidia news,1,search,the web,Search the web for the latest Nvidia news,41,project_management_tools_view_board,0.39453125,0.3305785123966942,0.47780678851174935,0.1354920531026593,0.0,0.0,False
3,Search the web for the latest Nvidia news,1,search,the web,Search the web for the latest Nvidia news,42,project_management_tools_get_team,0.39453125,0.33884297520661155,0.47780678851174935,0.12964819540690273,0.00390625,0.6622516556291391,False
3,Search the web for the latest Nvidia news,1,search,the web,Search the web for the latest Nvidia news,43,railway_tools_volume_update,0.390625,0.34710743801652894,0.46736292428198434,0.13118926492980465,0.0,0.0,False
3,Search the web for the latest Nvidia news,1,search,the web,Search the web for the latest Nvidia news,44,outlook_mail_management_search_outlook_mail,0.390625,0.35537190082644626,0.46736292428198434,0.12534540723404808,0.001953125,0.33112582781456956,False
3,Search the web for the latest Nvidia news,1,search,the web,Search the web for the latest Nvidia news,45,github_mcp_server_get_file_contents,0.388671875,0.36363636363636365,0.4621409921671018,0.12319401314762067,0.0,0.0,False
3,Search the web for the latest Nvidia news,1,search,the web,Search the web for the latest Nvidia news,46,supabase_mcp_get_all_supabase_projects,0.388671875,0.371900826446281,0.4621409921671018,0.1173501554518641,0.0,0.0,False
3,Search the web for the latest Nvidia news,1,search,the web,Search the web for the latest Nvidia news,47,office_word_mcp_server_api_add_paragraph,0.388671875,0.38016528925619836,0.4621409921671018,0.11150629775610744,0.001953125,0.33112582781456956,False
3,Search the web for the latest Nvidia news,1,search,the web,Search the web for the latest Nvidia news,48,carrot_mcp_server_api_update_employee,0.38671875,0.3884297520661157,0.45691906005221933,0.10935490366968012,0.0,0.0,False
3,Search the web for the latest Nvidia news,1,search,the web,Search the web for the latest Nvidia news,49,carrot_mcp_server_api_submit_leave_application,0.38671875,0.39669421487603307,0.45691906005221933,0.10351104597392355,0.001953125,0.33112582781456956,False
3,Search the web for the latest Nvidia news,1,search,the web,Search the web for the latest Nvidia news,50,supabase_mcp_check_database_health,0.384765625,0.4049586776859504,0.4516971279373368,0.10135965188749624,0.0,0.0,False
3,Search the web for the latest Nvidia news,1,search,the web,Search the web for the latest Nvidia news,51,project_management_tools_list_projects,0.384765625,0.4132231404958678,0.4516971279373368,0.09551579419173958,0.0,0.0,False
3,Search the web for the latest Nvidia news,1,search,the web,Search the web for the latest Nvidia news,52,office_word_mcp_server_api_copy_document,0.384765625,0.4214876033057851,0.4516971279373368,0.08967193649598301,0.001953125,0.33112582781456956,False
3,Search the web for the latest Nvidia news,1,search,the web,Search the web for the latest Nvidia news,53,carrot_mcp_server_api_list_employees,0.3828125,0.4297520661157025,0.4464751958224543,0.0875205424095556,0.0,0.0,False
3,Search the web for the latest Nvidia news,1,search,the web,Search the web for the latest Nvidia news,54,quest_studio_file_storage_get_file_content,0.3828125,0.4380165289256198,0.4464751958224543,0.08167668471379903,0.0,0.0,False
3,Search the web for the latest Nvidia news,1,search,the web,Search the web for the latest Nvidia news,55,railway_tools_volume_delete,0.3828125,0.4462809917355372,0.4464751958224543,0.07583282701804246,0.0,0.0,False
3,Search the web for the latest Nvidia news,1,search,the web,Search the web for the latest Nvidia news,56,carrot_mcp_server_api_log_hours_entry,0.3828125,0.45454545454545453,0.4464751958224543,0.06998896932228589,0.001953125,0.33112582781456956,False
3,Search the web for the latest Nvidia news,1,search,the web,Search the web for the latest Nvidia news,57,github_mcp_server_create_repository,0.380859375,0.4628099173553719,0.4412532637075718,0.0678375752358585,0.001953125,0.33112582781456956,False
3,Search the web for the latest Nvidia news,1,search,the web,Search the web for the latest Nvidia news,58,carrot_mcp_server_api_get_employee,0.37890625,0.47107438016528924,0.4360313315926893,0.06568618114943109,0.0,0.0,False
3,Search the web for the latest Nvidia news,1,search,the web,Search the web for the latest Nvidia news,59,railway_tools_project_delete,0.37890625,0.4793388429752066,0.4360313315926893,0.059842323453674524,0.001953125,0.33112582781456956,False
3,Search the web for the latest Nvidia news,1,search,the web,Search the web for the latest Nvidia news,60,quest_studio_file_storage_query_files,0.376953125,0.48760330578512395,0.4308093994778068,0.0576909293672472,0.0,0.0,False
3,Search the web for the latest Nvidia news,1,search,the web,Search the web for the latest Nvidia news,61,project_management_tools_list_teams,0.376953125,0.49586776859504134,0.4308093994778068,0.05184707167149063,0.001953125,0.33112582781456956,False
3,Search the web for the latest Nvidia news,1,search,the web,Search the web for the latest Nvidia news,62,office_word_mcp_server_api_convert_to_pdf,0.375,0.5041322314049587,0.4255874673629243,0.04969567758506323,0.0,0.0,False
3,Search the web for the latest Nvidia news,1,search,the web,Search the web for the latest Nvidia news,63,sharepoint_tools_get_sharepoint_sites,0.375,0.512396694214876,0.4255874673629243,0.043851819889306656,0.0,0.0,False
3,Search the web for the latest Nvidia news,1,search,the web,Search the web for the latest Nvidia news,64,supabase_mcp_get_table_schema,0.375,0.5206611570247934,0.4255874673629243,0.03800796219355,0.001953125,0.33112582781456956,False
3,Search the web for the latest Nvidia news,1,search,the web,Search the web for the latest Nvidia news,65,office_word_mcp_server_api_get_document_xml,0.373046875,0.5289256198347108,0.42036553524804177,0.035856568107122684,0.0,0.0,False
3,Search the web for the latest Nvidia news,1,search,the web,Search the web for the latest Nvidia news,66,carrot_mcp_server_api_work_hours_summary,0.373046875,0.5371900826446281,0.42036553524804177,0.03001271041136611,0.0,0.0,False
3,Search the web for the latest Nvidia news,1,search,the web,Search the web for the latest Nvidia news,67,sharepoint_tools_get_sharepoint_documents,0.373046875,0.5454545454545454,0.42036553524804177,0.024168852715609538,0.001953125,0.33112582781456956,False
3,Search the web for the latest Nvidia news,1,search,the web,Search the web for the latest Nvidia news,68,project_management_tools_create_work_item,0.37109375,0.5537190082644629,0.4151436031331593,0.022017458629182057,0.0,0.0,False
3,Search the web for the latest Nvidia news,1,search,the web,Search the web for the latest Nvidia news,69,office_word_mcp_server_api_create_word_document,0.37109375,0.5619834710743802,0.4151436031331593,0.016173600933425486,0.0,0.0,False
3,Search the web for the latest Nvidia news,1,search,the web,Search the web for the latest Nvidia news,70,project_management_tools_create_project,0.37109375,0.5702479338842975,0.4151436031331593,0.010329743237668916,0.0,0.0,False
3,Search the web for the latest Nvidia news,1,search,the web,Search the web for the latest Nvidia news,71,project_management_tools_list_work_items,0.37109375,0.5785123966942148,0.4151436031331593,0.004485885541912344,0.0,0.0,False
3,Search the web for the latest Nvidia news,1,search,the web,Search the web for the latest Nvidia news,72,carrot_mcp_server_api_create_leave_application,0.37109375,0.5867768595041323,0.4151436031331593,0.001357972153844227,0.0,0.0,False
3,Search the web for the latest Nvidia news,1,search,the web,Search the web for the latest Nvidia news,73,project_management_tools_get_project,0.37109375,0.5950413223140496,0.4151436031331593,0.0072018298496007984,0.001953125,0.33112582781456956,False
3,Search the web for the latest Nvidia news,1,search,the web,Search the web for the latest Nvidia news,74,railway_tools_service_delete,0.369140625,0.6033057851239669,0.40992167101827676,0.009353223936028122,0.0,0.0,False
3,Search the web for the latest Nvidia news,1,search,the web,Search the web for the latest Nvidia news,75,railway_tools_volume_create,0.369140625,0.6115702479338843,0.40992167101827676,0.015197081631784693,0.0,0.0,False
3,Search the web for the latest Nvidia news,1,search,the web,Search the web for the latest Nvidia news,76,office_word_mcp_server_api_add_picture,0.369140625,0.6198347107438017,0.40992167101827676,0.02104093932754142,0.001953125,0.33112582781456956,False
3,Search the web for the latest Nvidia news,1,search,the web,Search the web for the latest Nvidia news,77,project_management_tools_create_team,0.3671875,0.628099173553719,0.4046997389033943,0.023192333413968744,0.0,0.0,False
3,Search the web for the latest Nvidia news,1,search,the web,Search the web for the latest Nvidia news,78,outlook_mail_management_compose_email,0.3671875,0.6363636363636364,0.4046997389033943,0.029036191109725315,0.001953125,0.33112582781456956,False
3,Search the web for the latest Nvidia news,1,search,the web,Search the web for the latest Nvidia news,79,gmail_tools_delete_google_email,0.365234375,0.6446280991735537,0.39947780678851175,0.03118758519615264,0.005859375,0.9933774834437087,False
3,Search the web for the latest Nvidia news,1,search,the web,Search the web for the latest Nvidia news,80,project_management_tools_get_sprint,0.359375,0.6528925619834711,0.3838120104438642,0.025954052063921623,0.0,0.0,False
3,Search the web for the latest Nvidia news,1,search,the web,Search the web for the latest Nvidia news,81,supabase_mcp_select_database_table_data,0.359375,0.6611570247933884,0.3838120104438642,0.031797909759678195,0.0,0.0,False
3,Search the web for the latest Nvidia news,1,search,the web,Search the web for the latest Nvidia news,82,carrot_mcp_server_api_update_leave_application,0.359375,0.6694214876033058,0.3838120104438642,0.037641767455434766,0.001953125,0.33112582781456956,False
3,Search the web for the latest Nvidia news,1,search,the web,Search the web for the latest Nvidia news,83,supabase_mcp_get_database_tables,0.357421875,0.6776859504132231,0.3785900783289817,0.03979316154186209,0.0,0.0,False
3,Search the web for the latest Nvidia news,1,search,the web,Search the web for the latest Nvidia news,84,sharepoint_tools_create_txt_file_in_sharepoint,0.357421875,0.6859504132231405,0.3785900783289817,0.04563701923761866,0.001953125,0.33112582781456956,False
3,Search the web for the latest Nvidia news,1,search,the web,Search the web for the latest Nvidia news,85,outlook_mail_management_reply_to_email,0.35546875,0.6942148760330579,0.3733681462140992,0.04778841332404598,0.0,0.0,False
3,Search the web for the latest Nvidia news,1,search,the web,Search the web for the latest Nvidia news,86,project_management_tools_get_work_item_comments,0.35546875,0.7024793388429752,0.3733681462140992,0.05363227101980271,0.0,0.0,False
3,Search the web for the latest Nvidia news,1,search,the web,Search the web for the latest Nvidia news,87,project_management_tools_get_user_capacity,0.35546875,0.7107438016528925,0.3733681462140992,0.05947612871555912,0.0,0.0,False
3,Search the web for the latest Nvidia news,1,search,the web,Search the web for the latest Nvidia news,88,project_management_tools_list_sprints,0.35546875,0.71900826446281,0.3733681462140992,0.06531998641131585,0.001953125,0.33112582781456956,False
3,Search the web for the latest Nvidia news,1,search,the web,Search the web for the latest Nvidia news,89,project_management_tools_list_team_members,0.353515625,0.7272727272727273,0.3681462140992167,0.06747138049774318,0.001953125,0.33112582781456956,False
3,Search the web for the latest Nvidia news,1,search,the web,Search the web for the latest Nvidia news,90,office_word_mcp_server_api_add_table,0.3515625,0.7355371900826446,0.3629242819843342,0.0696227745841705,0.0,0.0,False
3,Search the web for the latest Nvidia news,1,search,the web,Search the web for the latest Nvidia news,91,supabase_mcp_update_database_table_data,0.3515625,0.743801652892562,0.3629242819843342,0.07546663227992707,0.001953125,0.33112582781456956,False
3,Search the web for the latest Nvidia news,1,search,the web,Search the web for the latest Nvidia news,92,carrot_mcp_server_api_create_employee,0.349609375,0.7520661157024794,0.3577023498694517,0.07761802636635455,0.0,0.0,False
3,Search the web for the latest Nvidia news,1,search,the web,Search the web for the latest Nvidia news,93,supabase_mcp_insert_table_data,0.349609375,0.7603305785123967,0.3577023498694517,0.08346188406211112,0.001953125,0.33112582781456956,False
3,Search the web for the latest Nvidia news,1,search,the web,Search the web for the latest Nvidia news,94,office_word_mcp_server_api_delete_paragraph,0.34765625,0.768595041322314,0.3524804177545692,0.08561327814853845,0.001953125,0.33112582781456956,False
3,Search the web for the latest Nvidia news,1,search,the web,Search the web for the latest Nvidia news,95,quest_studio_file_storage_get_files,0.345703125,0.7768595041322314,0.3472584856396867,0.08776467223496577,0.001953125,0.33112582781456956,False
3,Search the web for the latest Nvidia news,1,search,the web,Search the web for the latest Nvidia news,96,office_word_mcp_server_api_merge_doucments,0.34375,0.7851239669421488,0.34203655352480417,0.08991606632139325,0.001953125,0.33112582781456956,False
3,Search the web for the latest Nvidia news,1,search,the web,Search the web for the latest Nvidia news,97,office_word_mcp_server_api_list_files,0.341796875,0.7933884297520661,0.3368146214099217,0.09206746040782057,0.001953125,0.33112582781456956,False
3,Search the web for the latest Nvidia news,1,search,the web,Search the web for the latest Nvidia news,98,project_management_tools_get_work_item,0.33984375,0.8016528925619835,0.33159268929503916,0.0942188544942479,0.00390625,0.6622516556291391,False
3,Search the web for the latest Nvidia news,1,search,the web,Search the web for the latest Nvidia news,99,project_management_tools_create_sprint,0.3359375,0.8099173553719008,0.32114882506527415,0.09267778497134598,0.0,0.0,False
3,Search the web for the latest Nvidia news,1,search,the web,Search the web for the latest Nvidia news,100,carrot_mcp_server_api_list_leave_application,0.3359375,0.8181818181818182,0.32114882506527415,0.0985216426671027,0.001953125,0.33112582781456956,False
3,Search the web for the latest Nvidia news,1,search,the web,Search the web for the latest Nvidia news,101,quest_studio_file_storage_get_file,0.333984375,0.8264462809917356,0.31592689295039167,0.10067303675353002,0.001953125,0.33112582781456956,False
3,Search the web for the latest Nvidia news,1,search,the web,Search the web for the latest Nvidia news,102,project_management_tools_list_users,0.33203125,0.8347107438016529,0.31070496083550914,0.10282443083995735,0.0,0.0,False
3,Search the web for the latest Nvidia news,1,search,the web,Search the web for the latest Nvidia news,103,office_word_mcp_server_api_delete_document,0.33203125,0.8429752066115702,0.31070496083550914,0.10866828853571392,0.0,0.0,False
3,Search the web for the latest Nvidia news,1,search,the web,Search the web for the latest Nvidia news,104,project_management_tools_update_project,0.33203125,0.8512396694214877,0.31070496083550914,0.11451214623147064,0.00390625,0.6622516556291391,False
3,Search the web for the latest Nvidia news,1,search,the web,Search the web for the latest Nvidia news,105,project_management_tools_update_task_status,0.328125,0.859504132231405,0.3002610966057441,0.11297107670856872,0.0078125,1.3245033112582782,False
3,Search the web for the latest Nvidia news,1,search,the web,Search the web for the latest Nvidia news,106,project_management_tools_update_user_capacity,0.3203125,0.8677685950413223,0.2793733681462141,0.10404507996700829,0.001953125,0.33112582781456956,False
3,Search the web for the latest Nvidia news,1,search,the web,Search the web for the latest Nvidia news,107,project_management_tools_delete_team,0.318359375,0.8760330578512396,0.2741514360313316,0.10619647405343562,0.001953125,0.33112582781456956,False
3,Search the web for the latest Nvidia news,1,search,the web,Search the web for the latest Nvidia news,108,quest_studio_file_storage_update_file,0.31640625,0.8842975206611571,0.2689295039164491,0.10834786813986311,0.001953125,0.33112582781456956,False
3,Search the web for the latest Nvidia news,1,search,the web,Search the web for the latest Nvidia news,109,outlook_mail_management_get_email_messages,0.314453125,0.8925619834710744,0.26370757180156656,0.11049926222629042,0.0,0.0,False
3,Search the web for the latest Nvidia news,1,search,the web,Search the web for the latest Nvidia news,110,project_management_tools_add_work_item_comment,0.314453125,0.9008264462809917,0.26370757180156656,0.11634311992204699,0.00390625,0.6622516556291391,False
3,Search the web for the latest Nvidia news,1,search,the web,Search the web for the latest Nvidia news,111,outlook_mail_management_send_email,0.310546875,0.9090909090909091,0.25326370757180156,0.11480205039914507,0.001953125,0.33112582781456956,False
3,Search the web for the latest Nvidia news,1,search,the web,Search the web for the latest Nvidia news,112,project_management_tools_update_work_item,0.30859375,0.9173553719008265,0.24804177545691905,0.11695344448557256,0.00390625,0.6622516556291391,False
3,Search the web for the latest Nvidia news,1,search,the web,Search the web for the latest Nvidia news,113,outlook_mail_management_forward_email,0.3046875,0.9256198347107438,0.23759791122715404,0.11541237496267062,0.00390625,0.6622516556291391,False
3,Search the web for the latest Nvidia news,1,search,the web,Search the web for the latest Nvidia news,114,project_management_tools_export_sprint_to_sharepoint,0.30078125,0.9338842975206612,0.22715404699738903,0.1138713054397687,0.005859375,0.9933774834437087,False
3,Search the web for the latest Nvidia news,1,search,the web,Search the web for the latest Nvidia news,115,github_mcp_server_push_files,0.294921875,0.9421487603305785,0.21148825065274152,0.10863777230753768,0.0,0.0,False
3,Search the web for the latest Nvidia news,1,search,the web,Search the web for the latest Nvidia news,116,project_management_tools_assign_work_item,0.294921875,0.9504132231404959,0.21148825065274152,0.11448163000329425,0.013671875,2.3178807947019866,False
3,Search the web for the latest Nvidia news,1,search,the web,Search the web for the latest Nvidia news,117,quest_studio_file_storage_delete_file,0.28125,0.9586776859504132,0.17493472584856398,0.09447824243374625,0.0,0.0,False
3,Search the web for the latest Nvidia news,1,search,the web,Search the web for the latest Nvidia news,118,project_management_tools_delete_work_item,0.28125,0.9669421487603306,0.17493472584856398,0.10032210012950282,0.00390625,0.6622516556291391,False
3,Search the web for the latest Nvidia news,1,search,the web,Search the web for the latest Nvidia news,119,project_management_tools_delete_project,0.27734375,0.9752066115702479,0.16449086161879894,0.0987810306066009,0.001953125,0.33112582781456956,False
3,Search the web for the latest Nvidia news,1,search,the web,Search the web for the latest Nvidia news,120,github_mcp_server_delete_file,0.275390625,0.9834710743801653,0.15926892950391644,0.10093242469302838,0.001953125,0.33112582781456956,False
3,Search the web for the latest Nvidia news,1,search,the web,Search the web for the latest Nvidia news,121,project_management_tools_delete_sprint,0.2734375,0.9917355371900827,0.15404699738903394,0.1030838187794557,0.0576171875,9.7682119205298,False
3,Search the web for the latest Nvidia news,1,search,the web,Search the web for the latest Nvidia news,122,outlook_mail_management_delete_email_message,0.2158203125,1.0,0.0,0.0,,,False
4,Create a Word document,1,create,a Word document,Create a Word document,1,office_word_mcp_server_api_create_word_document,0.74609375,0.0,1.0,0.0,0.02734375,3.664921465968586,False
4,Create a Word document,1,create,a Word document,Create a Word document,2,office_word_mcp_server_api_add_paragraph,0.71875,0.008264462809917356,0.944,0.03375412205069012,0.0,0.0,False
4,Create a Word document,1,create,a Word document,Create a Word document,3,office_word_mcp_server_api_add_table,0.71875,0.01652892561983471,0.944,0.027910264354933552,0.0234375,3.1413612565445024,False
4,Create a Word document,1,create,a Word document,Create a Word document,4,office_word_mcp_server_api_add_picture,0.6953125,0.024793388429752067,0.896,0.056007532156131135,0.0078125,1.0471204188481675,False
4,Create a Word document,1,create,a Word document,Create a Word document,5,office_word_mcp_server_api_add_heading,0.6875,0.03305785123966942,0.88,0.06147738295935933,0.015625,2.094240837696335,False
4,Create a Word document,1,create,a Word document,Create a Word document,6,office_word_mcp_server_api_add_page_break,0.671875,0.04132231404958678,0.848,0.0782609422615723,0.00390625,0.5235602094240838,False
4,Create a Word document,1,create,a Word document,Create a Word document,7,office_word_mcp_server_api_convert_to_pdf,0.66796875,0.049586776859504134,0.84,0.07807393881530811,0.01953125,2.6178010471204187,False
4,Create a Word document,1,create,a Word document,Create a Word document,8,office_word_mcp_server_api_copy_document,0.6484375,0.05785123966942149,0.8,0.10051435236701331,0.0,0.0,False
4,Create a Word document,1,create,a Word document,Create a Word document,9,office_word_mcp_server_api_get_document_xml,0.6484375,0.06611570247933884,0.8,0.09467049467125674,0.00390625,0.5235602094240838,False
4,Create a Word document,1,create,a Word document,Create a Word document,10,office_word_mcp_server_api_get_document_text,0.64453125,0.0743801652892562,0.792,0.09448349122499256,0.00390625,0.5235602094240838,False
4,Create a Word document,1,create,a Word document,Create a Word document,11,office_word_mcp_server_api_get_document_info,0.640625,0.08264462809917356,0.784,0.09429648777872836,0.00390625,0.5235602094240838,False
4,Create a Word document,1,create,a Word document,Create a Word document,12,office_word_mcp_server_api_get_document_outline,0.63671875,0.09090909090909091,0.776,0.0941094843324641,0.01171875,1.5706806282722512,False
4,Create a Word document,1,create,a Word document,Create a Word document,13,office_word_mcp_server_api_delete_document,0.625,0.09917355371900827,0.752,0.10523618938518468,0.0078125,1.0471204188481675,False
4,Create a Word document,1,create,a Word document,Create a Word document,14,office_word_mcp_server_api_merge_doucments,0.6171875,0.10743801652892562,0.736,0.11070604018841287,0.01953125,2.6178010471204187,False
4,Create a Word document,1,create,a Word document,Create a Word document,15,sharepoint_tools_create_txt_file_in_sharepoint,0.59765625,0.11570247933884298,0.696,0.13314645374011816,0.0234375,3.1413612565445024,False
4,Create a Word document,1,create,a Word document,Create a Word document,16,office_word_mcp_server_api_list_files,0.57421875,0.12396694214876033,0.648,0.1612437215413158,0.0,0.0,False
4,Create a Word document,1,create,a Word document,Create a Word document,17,office_word_mcp_server_api_find_text_in_document,0.57421875,0.1322314049586777,0.648,0.15539986384555923,0.015625,2.094240837696335,False
4,Create a Word document,1,create,a Word document,Create a Word document,18,office_word_mcp_server_api_delete_paragraph,0.55859375,0.14049586776859505,0.616,0.1721834231477722,0.02734375,3.664921465968586,False
4,Create a Word document,1,create,a Word document,Create a Word document,19,office_word_mcp_server_api_get_paragraph_text_from_document,0.53125,0.1487603305785124,0.56,0.20593754519846225,0.033203125,4.450261780104712,False
4,Create a Word document,1,create,a Word document,Create a Word document,20,gmail_tools_send_google_email,0.498046875,0.15702479338842976,0.492,0.24817694862339088,0.00390625,0.5235602094240838,False
4,Create a Word document,1,create,a Word document,Create a Word document,21,project_management_tools_create_work_item,0.494140625,0.1652892561983471,0.484,0.2479899451771267,0.015625,2.094240837696335,False
4,Create a Word document,1,create,a Word document,Create a Word document,22,sharepoint_tools_get_sharepoint_documents,0.478515625,0.17355371900826447,0.452,0.26477350447933956,0.001953125,0.2617801047120419,False
4,Create a Word document,1,create,a Word document,Create a Word document,23,outlook_mail_management_compose_email,0.4765625,0.18181818181818182,0.448,0.2617580739083292,0.009765625,1.3089005235602094,False
4,Create a Word document,1,create,a Word document,Create a Word document,24,quest_studio_file_storage_get_file_content,0.466796875,0.19008264462809918,0.428,0.2700563518363036,0.001953125,0.2617801047120419,False
4,Create a Word document,1,create,a Word document,Create a Word document,25,carrot_mcp_server_api_create_employee,0.46484375,0.19834710743801653,0.424,0.2670409212652932,0.00390625,0.5235602094240838,False
4,Create a Word document,1,create,a Word document,Create a Word document,26,project_management_tools_export_sprint_to_sharepoint,0.4609375,0.2066115702479339,0.416,0.26685391781902895,0.013671875,1.832460732984293,False
4,Create a Word document,1,create,a Word document,Create a Word document,27,office_word_mcp_server_api_search_replace,0.447265625,0.21487603305785125,0.388,0.28080904999649564,0.00390625,0.5235602094240838,False
4,Create a Word document,1,create,a Word document,Create a Word document,28,carrot_mcp_server_api_create_leave_application,0.443359375,0.2231404958677686,0.38,0.2806220465502315,0.00390625,0.5235602094240838,False
4,Create a Word document,1,create,a Word document,Create a Word document,29,project_management_tools_list_work_items,0.439453125,0.23140495867768596,0.372,0.2804350431039673,0.005859375,0.7853403141361256,False
4,Create a Word document,1,create,a Word document,Create a Word document,30,railway_tools_project_create,0.43359375,0.2396694214876033,0.36,0.2830764667824493,0.001953125,0.2617801047120419,True
4,Create a Word document,1,create,a Word document,Create a Word document,31,outlook_mail_management_send_email,0.431640625,0.24793388429752067,0.356,0.2800610362114389,0.0,0.0,False
4,Create a Word document,1,create,a Word document,Create a Word document,32,gmail_tools_forward_google_email,0.431640625,0.256198347107438,0.356,0.27421717851568234,0.001953125,0.2617801047120419,False
4,Create a Word document,1,create,a Word document,Create a Word document,33,gmail_tools_reply_google_email,0.4296875,0.2644628099173554,0.352,0.2712017479446719,0.0,0.0,False
4,Create a Word document,1,create,a Word document,Create a Word document,34,carrot_mcp_server_api_log_hours_entry,0.4296875,0.2727272727272727,0.352,0.2653578902489153,0.00390625,0.5235602094240838,False
4,Create a Word document,1,create,a Word document,Create a Word document,35,project_management_tools_create_project,0.42578125,0.2809917355371901,0.344,0.26517088680265105,0.009765625,1.3089005235602094,False
4,Create a Word document,1,create,a Word document,Create a Word document,36,github_mcp_server_create_repository,0.416015625,0.2892561983471074,0.324,0.27346916473062544,0.0,0.0,False
4,Create a Word document,1,create,a Word document,Create a Word document,37,supabase_mcp_insert_table_data,0.416015625,0.2975206611570248,0.324,0.26762530703486886,0.001953125,0.2617801047120419,False
4,Create a Word document,1,create,a Word document,Create a Word document,38,quest_studio_file_storage_query_files,0.4140625,0.30578512396694213,0.32,0.2646098764638585,0.00390625,0.5235602094240838,False
4,Create a Word document,1,create,a Word document,Create a Word document,39,railway_tools_service_create_from_repo,0.41015625,0.3140495867768595,0.312,0.2644228730175942,0.00390625,0.5235602094240838,False
4,Create a Word document,1,create,a Word document,Create a Word document,40,railway_tools_volume_create,0.40625,0.32231404958677684,0.304,0.26423586957133005,0.0,0.0,False
4,Create a Word document,1,create,a Word document,Create a Word document,41,quest_studio_file_storage_update_file,0.40625,0.3305785123966942,0.304,0.25839201187557337,0.0,0.0,False
4,Create a Word document,1,create,a Word document,Create a Word document,42,quest_studio_file_storage_delete_file,0.40625,0.33884297520661155,0.304,0.2525481541798168,0.0,0.0,False
4,Create a Word document,1,create,a Word document,Create a Word document,43,github_mcp_server_create_branch,0.40625,0.34710743801652894,0.304,0.24670429648406023,0.001953125,0.2617801047120419,False
4,Create a Word document,1,create,a Word document,Create a Word document,44,railway_tools_database_list_types,0.404296875,0.35537190082644626,0.3,0.24368886591304986,0.001953125,0.2617801047120419,False
4,Create a Word document,1,create,a Word document,Create a Word document,45,outlook_mail_management_search_outlook_mail,0.40234375,0.36363636363636365,0.296,0.24067343534203947,0.001953125,0.2617801047120419,False
4,Create a Word document,1,create,a Word document,Create a Word document,46,quest_studio_file_storage_get_file,0.400390625,0.371900826446281,0.292,0.2376580047710291,0.0,0.0,False
4,Create a Word document,1,create,a Word document,Create a Word document,47,github_mcp_server_create_pull_request,0.400390625,0.38016528925619836,0.292,0.23181414707527245,0.001953125,0.2617801047120419,False
4,Create a Word document,1,create,a Word document,Create a Word document,48,quest_studio_file_storage_get_storage_usage,0.3984375,0.3884297520661157,0.288,0.22879871650426206,0.0,0.0,False
4,Create a Word document,1,create,a Word document,Create a Word document,49,railway_tools_service_create_from_image,0.3984375,0.39669421487603307,0.288,0.2229548588085054,0.001953125,0.2617801047120419,False
4,Create a Word document,1,create,a Word document,Create a Word document,50,carrot_mcp_server_api_submit_leave_application,0.396484375,0.4049586776859504,0.284,0.21993942823749504,0.001953125,0.2617801047120419,False
4,Create a Word document,1,create,a Word document,Create a Word document,51,carrot_mcp_server_api_hr_dashboard_summary,0.39453125,0.4132231404958678,0.28,0.21692399766648465,0.005859375,0.7853403141361256,False
4,Create a Word document,1,create,a Word document,Create a Word document,52,gmail_tools_get_google_emails,0.388671875,0.4214876033057851,0.268,0.21956542134496668,0.0,0.0,False
4,Create a Word document,1,create,a Word document,Create a Word document,53,outlook_mail_management_reply_to_email,0.388671875,0.4297520661157025,0.268,0.21372156364921002,0.001953125,0.2617801047120419,False
4,Create a Word document,1,create,a Word document,Create a Word document,54,railway_tools_project_environments,0.38671875,0.4380165289256198,0.264,0.21070613307819963,0.0,0.0,False
4,Create a Word document,1,create,a Word document,Create a Word document,55,project_management_tools_create_team,0.38671875,0.4462809917355372,0.264,0.20486227538244298,0.00390625,0.5235602094240838,False
4,Create a Word document,1,create,a Word document,Create a Word document,56,quest_studio_file_storage_get_files,0.3828125,0.45454545454545453,0.256,0.2046752719361788,0.0,0.0,False
4,Create a Word document,1,create,a Word document,Create a Word document,57,railway_tools_project_info,0.3828125,0.4628099173553719,0.256,0.19883141424042222,0.001953125,0.2617801047120419,False
4,Create a Word document,1,create,a Word document,Create a Word document,58,github_mcp_server_create_or_update_file,0.380859375,0.47107438016528924,0.252,0.19581598366941186,0.00390625,0.5235602094240838,False
4,Create a Word document,1,create,a Word document,Create a Word document,59,carrot_mcp_server_api_list_employees,0.376953125,0.4793388429752066,0.244,0.19562898022314767,0.0,0.0,False
4,Create a Word document,1,create,a Word document,Create a Word document,60,gmail_tools_delete_google_email,0.376953125,0.48760330578512395,0.244,0.1897851225273911,0.0,0.0,False
4,Create a Word document,1,create,a Word document,Create a Word document,61,project_management_tools_create_sprint,0.376953125,0.49586776859504134,0.244,0.18394126483163445,0.00390625,0.5235602094240838,False
4,Create a Word document,1,create,a Word document,Create a Word document,62,carrot_mcp_server_api_work_hours_summary,0.373046875,0.5041322314049587,0.236,0.18375426138537027,0.001953125,0.2617801047120419,False
4,Create a Word document,1,create,a Word document,Create a Word document,63,outlook_mail_management_forward_email,0.37109375,0.512396694214876,0.232,0.18073883081435987,0.0,0.0,False
4,Create a Word document,1,create,a Word document,Create a Word document,64,railway_tools_project_list,0.37109375,0.5206611570247934,0.232,0.17489497311860322,0.001953125,0.2617801047120419,False
4,Create a Word document,1,create,a Word document,Create a Word document,65,project_management_tools_add_work_item_comment,0.369140625,0.5289256198347108,0.228,0.17187954254759286,0.00390625,0.5235602094240838,False
4,Create a Word document,1,create,a Word document,Create a Word document,66,carrot_mcp_server_api_update_leave_application,0.365234375,0.5371900826446281,0.22,0.17169253910132867,0.001953125,0.2617801047120419,False
4,Create a Word document,1,create,a Word document,Create a Word document,67,carrot_mcp_server_api_update_employee,0.36328125,0.5454545454545454,0.216,0.16867710853031828,0.001953125,0.2617801047120419,False
4,Create a Word document,1,create,a Word document,Create a Word document,68,github_mcp_server_push_files,0.361328125,0.5537190082644629,0.212,0.16566167795930783,0.001953125,0.2617801047120419,False
4,Create a Word document,1,create,a Word document,Create a Word document,69,supabase_mcp_check_database_health,0.359375,0.5619834710743802,0.208,0.16264624738829744,0.001953125,0.2617801047120419,False
4,Create a Word document,1,create,a Word document,Create a Word document,70,railway_tools_project_delete,0.357421875,0.5702479338842975,0.204,0.15963081681728708,0.00390625,0.5235602094240838,False
4,Create a Word document,1,create,a Word document,Create a Word document,71,railway_tools_service_list,0.353515625,0.5785123966942148,0.196,0.1594438133710228,0.001953125,0.2617801047120419,False
4,Create a Word document,1,create,a Word document,Create a Word document,72,project_management_tools_get_work_item,0.3515625,0.5867768595041323,0.192,0.15642838280001242,0.0,0.0,False
4,Create a Word document,1,create,a Word document,Create a Word document,73,sharepoint_tools_get_sharepoint_sites,0.3515625,0.5950413223140496,0.192,0.15058452510425585,0.001953125,0.2617801047120419,False
4,Create a Word document,1,create,a Word document,Create a Word document,74,railway_tools_service_info,0.349609375,0.6033057851239669,0.188,0.1475690945332455,0.001953125,0.2617801047120419,False
4,Create a Word document,1,create,a Word document,Create a Word document,75,supabase_mcp_update_database_table_data,0.34765625,0.6115702479338843,0.184,0.1445536639622351,0.0,0.0,False
4,Create a Word document,1,create,a Word document,Create a Word document,76,carrot_mcp_server_api_get_employee,0.34765625,0.6198347107438017,0.184,0.13870980626647836,0.00390625,0.5235602094240838,False
4,Create a Word document,1,create,a Word document,Create a Word document,77,github_mcp_server_get_file_contents,0.34375,0.628099173553719,0.176,0.13852280282021417,0.0,0.0,False
4,Create a Word document,1,create,a Word document,Create a Word document,78,railway_tools_volume_update,0.34375,0.6363636363636364,0.176,0.1326789451244576,0.0,0.0,False
4,Create a Word document,1,create,a Word document,Create a Word document,79,railway_tools_volume_list,0.34375,0.6446280991735537,0.176,0.12683508742870103,0.001953125,0.2617801047120419,False
4,Create a Word document,1,create,a Word document,Create a Word document,80,carrot_mcp_server_api_list_leave_application,0.341796875,0.6528925619834711,0.172,0.12381965685769065,0.001953125,0.2617801047120419,False
4,Create a Word document,1,create,a Word document,Create a Word document,81,project_management_tools_delete_work_item,0.33984375,0.6611570247933884,0.168,0.12080422628668021,0.0,0.0,False
4,Create a Word document,1,create,a Word document,Create a Word document,82,web_search_tools_web_search,0.33984375,0.6694214876033058,0.168,0.11496036859092364,0.0,0.0,False
4,Create a Word document,1,create,a Word document,Create a Word document,83,project_management_tools_view_board,0.33984375,0.6776859504132231,0.168,0.10911651089516707,0.001953125,0.2617801047120419,False
4,Create a Word document,1,create,a Word document,Create a Word document,84,supabase_mcp_select_database_table_data,0.337890625,0.6859504132231405,0.164,0.1061010803241566,0.0,0.0,False
4,Create a Word document,1,create,a Word document,Create a Word document,85,railway_tools_service_restart,0.337890625,0.6942148760330579,0.164,0.10025722262840003,0.001953125,0.2617801047120419,False
4,Create a Word document,1,create,a Word document,Create a Word document,86,github_mcp_server_merge_pull_request,0.3359375,0.7024793388429752,0.16,0.09724179205738966,0.001953125,0.2617801047120419,False
4,Create a Word document,1,create,a Word document,Create a Word document,87,project_management_tools_get_work_item_comments,0.333984375,0.7107438016528925,0.156,0.09422636148637928,0.0,0.0,False
4,Create a Word document,1,create,a Word document,Create a Word document,88,railway_tools_service_delete,0.333984375,0.71900826446281,0.156,0.08838250379062262,0.0,0.0,False
4,Create a Word document,1,create,a Word document,Create a Word document,89,railway_tools_volume_delete,0.333984375,0.7272727272727273,0.156,0.08253864609486605,0.001953125,0.2617801047120419,False
4,Create a Word document,1,create,a Word document,Create a Word document,90,supabase_mcp_get_all_supabase_projects,0.33203125,0.7355371900826446,0.152,0.07952321552385568,0.0078125,1.0471204188481675,False
4,Create a Word document,1,create,a Word document,Create a Word document,91,supabase_mcp_get_table_schema,0.32421875,0.743801652892562,0.136,0.08499306632708388,0.0,0.0,False
4,Create a Word document,1,create,a Word document,Create a Word document,92,railway_tools_service_update,0.32421875,0.7520661157024794,0.136,0.07914920863132723,0.0,0.0,False
4,Create a Word document,1,create,a Word document,Create a Word document,93,supabase_mcp_get_database_tables,0.32421875,0.7603305785123967,0.136,0.07330535093557065,0.001953125,0.2617801047120419,False
4,Create a Word document,1,create,a Word document,Create a Word document,94,outlook_mail_management_find_email_address,0.322265625,0.768595041322314,0.132,0.07028992036456028,0.0,0.0,False
4,Create a Word document,1,create,a Word document,Create a Word document,95,project_management_tools_get_user_capacity,0.322265625,0.7768595041322314,0.132,0.0644460626688037,0.001953125,0.2617801047120419,False
4,Create a Word document,1,create,a Word document,Create a Word document,96,project_management_tools_update_work_item,0.3203125,0.7851239669421488,0.128,0.061430632097793245,0.0,0.0,False
4,Create a Word document,1,create,a Word document,Create a Word document,97,github_mcp_server_delete_file,0.3203125,0.7933884297520661,0.128,0.05558677440203667,0.001953125,0.2617801047120419,False
4,Create a Word document,1,create,a Word document,Create a Word document,98,project_management_tools_assign_work_item,0.318359375,0.8016528925619835,0.124,0.052571343831026296,0.001953125,0.2617801047120419,False
4,Create a Word document,1,create,a Word document,Create a Word document,99,project_management_tools_update_user_capacity,0.31640625,0.8099173553719008,0.12,0.04955591326001592,0.00390625,0.5235602094240838,False
4,Create a Word document,1,create,a Word document,Create a Word document,100,project_management_tools_update_task_status,0.3125,0.8181818181818182,0.112,0.04936890981375165,0.001953125,0.2617801047120419,False
4,Create a Word document,1,create,a Word document,Create a Word document,101,github_mcp_server_pull_request_read,0.310546875,0.8264462809917356,0.108,0.046353479242741275,0.00390625,0.5235602094240838,False
4,Create a Word document,1,create,a Word document,Create a Word document,102,github_mcp_server_update_pull_request,0.306640625,0.8347107438016529,0.1,0.046166475796477084,0.0,0.0,False
4,Create a Word document,1,create,a Word document,Create a Word document,103,github_mcp_server_get_commit,0.306640625,0.8429752066115702,0.1,0.04032261810072051,0.001953125,0.2617801047120419,False
4,Create a Word document,1,create,a Word document,Create a Word document,104,project_management_tools_list_sprints,0.3046875,0.8512396694214877,0.096,0.03730718752971006,0.001953125,0.2617801047120419,False
4,Create a Word document,1,create,a Word document,Create a Word document,105,project_management_tools_list_projects,0.302734375,0.859504132231405,0.092,0.034291756958699675,0.001953125,0.2617801047120419,False
4,Create a Word document,1,create,a Word document,Create a Word document,106,outlook_mail_management_get_email_messages,0.30078125,0.8677685950413223,0.088,0.0312763263876893,0.001953125,0.2617801047120419,False
4,Create a Word document,1,create,a Word document,Create a Word document,107,github_mcp_server_search_repositories,0.298828125,0.8760330578512396,0.084,0.02826089581667892,0.0078125,1.0471204188481675,False
4,Create a Word document,1,create,a Word document,Create a Word document,108,project_management_tools_list_users,0.291015625,0.8842975206611571,0.068,0.03373074661990704,0.001953125,0.2617801047120419,False
4,Create a Word document,1,create,a Word document,Create a Word document,109,github_mcp_server_list_commits,0.2890625,0.8925619834710744,0.064,0.03071531604889666,0.001953125,0.2617801047120419,False
4,Create a Word document,1,create,a Word document,Create a Word document,110,project_management_tools_get_sprint,0.287109375,0.9008264462809917,0.06,0.027699885477886283,0.005859375,0.7853403141361256,False
4,Create a Word document,1,create,a Word document,Create a Word document,111,project_management_tools_get_project,0.28125,0.9090909090909091,0.048,0.03034130915636821,0.001953125,0.2617801047120419,False
4,Create a Word document,1,create,a Word document,Create a Word document,112,project_management_tools_list_teams,0.279296875,0.9173553719008265,0.044,0.027325878585357753,0.0,0.0,False
4,Create a Word document,1,create,a Word document,Create a Word document,113,project_management_tools_get_team,0.279296875,0.9256198347107438,0.044,0.021482020889601182,0.00390625,0.5235602094240838,False
4,Create a Word document,1,create,a Word document,Create a Word document,114,github_mcp_server_list_pull_requests,0.275390625,0.9338842975206612,0.036,0.021295017443336995,0.001953125,0.2617801047120419,False
4,Create a Word document,1,create,a Word document,Create a Word document,115,project_management_tools_list_team_members,0.2734375,0.9421487603305785,0.032,0.018279586872326618,0.0,0.0,False
4,Create a Word document,1,create,a Word document,Create a Word document,116,github_mcp_server_list_branches,0.2734375,0.9504132231404959,0.032,0.012435729176569967,0.001953125,0.2617801047120419,False
4,Create a Word document,1,create,a Word document,Create a Word document,117,project_management_tools_delete_sprint,0.271484375,0.9586776859504132,0.028,0.009420298605559587,0.0078125,1.0471204188481675,False
4,Create a Word document,1,create,a Word document,Create a Word document,118,project_management_tools_update_project,0.263671875,0.9669421487603306,0.012,0.014890149408787787,0.001953125,0.2617801047120419,False
4,Create a Word document,1,create,a Word document,Create a Word document,119,project_management_tools_delete_team,0.26171875,0.9752066115702479,0.008,0.011874718837777408,0.001953125,0.2617801047120419,False
4,Create a Word document,1,create,a Word document,Create a Word document,120,github_mcp_server_get_me,0.259765625,0.9834710743801653,0.004,0.00885928826676695,0.0,0.0,False
4,Create a Word document,1,create,a Word document,Create a Word document,121,project_management_tools_delete_project,0.259765625,0.9917355371900827,0.004,0.0030154305710103787,0.001953125,0.2617801047120419,False
4,Create a Word document,1,create,a Word document,Create a Word document,122,outlook_mail_management_delete_email_message,0.2578125,1.0,0.0,0.0,,,False
5,Get the current sprint work items,1,get,the current sprint work items,Get the current sprint work items,1,project_management_tools_list_work_items,0.73828125,0.0,1.0,0.0,0.0234375,3.1746031746031744,False
5,Get the current sprint work items,1,get,the current sprint work items,Get the current sprint work items,2,project_management_tools_list_sprints,0.71484375,0.008264462809917356,0.9520958083832335,0.028029521043718787,0.0078125,1.0582010582010581,False
5,Get the current sprint work items,1,get,the current sprint work items,Get the current sprint work items,3,project_management_tools_get_sprint,0.70703125,0.01652892561983471,0.936127744510978,0.033476789594453896,0.015625,2.1164021164021163,False
5,Get the current sprint work items,1,get,the current sprint work items,Get the current sprint work items,4,project_management_tools_get_work_item,0.69140625,0.024793388429752067,0.9041916167664671,0.05021518439168085,0.01171875,1.5873015873015872,False
5,Get the current sprint work items,1,get,the current sprint work items,Get the current sprint work items,5,project_management_tools_export_sprint_to_sharepoint,0.6796875,0.03305785123966942,0.8802395209580839,0.06130801606566192,0.015625,2.1164021164021163,False
5,Get the current sprint work items,1,get,the current sprint work items,Get the current sprint work items,6,project_management_tools_create_work_item,0.6640625,0.04132231404958678,0.8483033932135728,0.07804641086288895,0.01171875,1.5873015873015872,False
5,Get the current sprint work items,1,get,the current sprint work items,Get the current sprint work items,7,project_management_tools_update_work_item,0.65234375,0.049586776859504134,0.8243512974051896,0.08913924253686993,0.0,0.0,False
5,Get the current sprint work items,1,get,the current sprint work items,Get the current sprint work items,8,project_management_tools_get_user_capacity,0.65234375,0.05785123966942149,0.8243512974051896,0.08329538484111336,0.015625,2.1164021164021163,False
5,Get the current sprint work items,1,get,the current sprint work items,Get the current sprint work items,9,project_management_tools_create_sprint,0.63671875,0.06611570247933884,0.7924151696606786,0.1000337796383404,0.01171875,1.5873015873015872,False
5,Get the current sprint work items,1,get,the current sprint work items,Get the current sprint work items,10,project_management_tools_get_work_item_comments,0.625,0.0743801652892562,0.7684630738522954,0.11112661131232146,0.00390625,0.5291005291005291,False
5,Get the current sprint work items,1,get,the current sprint work items,Get the current sprint work items,11,project_management_tools_delete_sprint,0.62109375,0.08264462809917356,0.7604790419161677,0.1109283167398107,0.0,0.0,False
5,Get the current sprint work items,1,get,the current sprint work items,Get the current sprint work items,12,project_management_tools_delete_work_item,0.62109375,0.09090909090909091,0.7604790419161677,0.10508445904405413,0.02734375,3.7037037037037033,False
5,Get the current sprint work items,1,get,the current sprint work items,Get the current sprint work items,13,project_management_tools_assign_work_item,0.59375,0.09917355371900827,0.7045908183632734,0.1387595432110188,0.01171875,1.5873015873015872,False
5,Get the current sprint work items,1,get,the current sprint work items,Get the current sprint work items,14,project_management_tools_update_user_capacity,0.58203125,0.10743801652892562,0.6806387225548902,0.14985237488499986,0.0078125,1.0582010582010581,False
5,Get the current sprint work items,1,get,the current sprint work items,Get the current sprint work items,15,carrot_mcp_server_api_work_hours_summary,0.57421875,0.11570247933884298,0.6646706586826348,0.15529964343573496,0.0078125,1.0582010582010581,False
5,Get the current sprint work items,1,get,the current sprint work items,Get the current sprint work items,16,project_management_tools_list_team_members,0.56640625,0.12396694214876033,0.6487025948103793,0.16074691198647015,0.0078125,1.0582010582010581,False
5,Get the current sprint work items,1,get,the current sprint work items,Get the current sprint work items,17,project_management_tools_update_task_status,0.55859375,0.1322314049586777,0.6327345309381237,0.16619418053720542,0.015625,2.1164021164021163,False
5,Get the current sprint work items,1,get,the current sprint work items,Get the current sprint work items,18,project_management_tools_list_teams,0.54296875,0.14049586776859505,0.6007984031936128,0.18293257533443238,0.0,0.0,True
5,Get the current sprint work items,1,get,the current sprint work items,Get the current sprint work items,19,project_management_tools_view_board,0.54296875,0.1487603305785124,0.6007984031936128,0.17708871763867573,0.00390625,0.5291005291005291,False
5,Get the current sprint work items,1,get,the current sprint work items,Get the current sprint work items,20,railway_tools_project_info,0.5390625,0.15702479338842976,0.592814371257485,0.17689042306616504,0.0,0.0,False
5,Get the current sprint work items,1,get,the current sprint work items,Get the current sprint work items,21,railway_tools_project_environments,0.5390625,0.1652892561983471,0.592814371257485,0.17104656537040847,0.01171875,1.5873015873015872,False
5,Get the current sprint work items,1,get,the current sprint work items,Get the current sprint work items,22,railway_tools_service_list,0.52734375,0.17355371900826447,0.5688622754491018,0.18213939704438953,0.0,0.0,False
5,Get the current sprint work items,1,get,the current sprint work items,Get the current sprint work items,23,carrot_mcp_server_api_list_employees,0.52734375,0.18181818181818182,0.5688622754491018,0.17629553934863296,0.0,0.0,False
5,Get the current sprint work items,1,get,the current sprint work items,Get the current sprint work items,24,project_management_tools_get_team,0.52734375,0.19008264462809918,0.5688622754491018,0.1704516816528763,0.00390625,0.5291005291005291,False
5,Get the current sprint work items,1,get,the current sprint work items,Get the current sprint work items,25,project_management_tools_list_projects,0.5234375,0.19834710743801653,0.5608782435129741,0.1702533870803656,0.00390625,0.5291005291005291,False
5,Get the current sprint work items,1,get,the current sprint work items,Get the current sprint work items,26,railway_tools_project_list,0.51953125,0.2066115702479339,0.5528942115768463,0.170055092507855,0.0,0.0,False
5,Get the current sprint work items,1,get,the current sprint work items,Get the current sprint work items,27,carrot_mcp_server_api_log_hours_entry,0.51953125,0.21487603305785125,0.5528942115768463,0.16421123481209843,0.00390625,0.5291005291005291,False
5,Get the current sprint work items,1,get,the current sprint work items,Get the current sprint work items,28,project_management_tools_add_work_item_comment,0.515625,0.2231404958677686,0.5449101796407185,0.16401294023958768,0.01171875,1.5873015873015872,False
5,Get the current sprint work items,1,get,the current sprint work items,Get the current sprint work items,29,railway_tools_service_info,0.50390625,0.23140495867768596,0.5209580838323353,0.17510577191356874,0.0,0.0,False
5,Get the current sprint work items,1,get,the current sprint work items,Get the current sprint work items,30,project_management_tools_list_users,0.50390625,0.2396694214876033,0.5209580838323353,0.16926191421781217,0.00390625,0.5291005291005291,False
5,Get the current sprint work items,1,get,the current sprint work items,Get the current sprint work items,31,carrot_mcp_server_api_get_employee,0.5,0.24793388429752067,0.5129740518962076,0.1690636196453014,0.0,0.0,False
5,Get the current sprint work items,1,get,the current sprint work items,Get the current sprint work items,32,supabase_mcp_select_database_table_data,0.5,0.256198347107438,0.5129740518962076,0.16321976194954482,0.00390625,0.5291005291005291,False
5,Get the current sprint work items,1,get,the current sprint work items,Get the current sprint work items,33,carrot_mcp_server_api_hr_dashboard_summary,0.49609375,0.2644628099173554,0.5049900199600799,0.16302146737703413,0.0,0.0,False
5,Get the current sprint work items,1,get,the current sprint work items,Get the current sprint work items,34,sharepoint_tools_get_sharepoint_sites,0.49609375,0.2727272727272727,0.5049900199600799,0.15717760968127756,0.001953125,0.26455026455026454,False
5,Get the current sprint work items,1,get,the current sprint work items,Get the current sprint work items,35,supabase_mcp_get_all_supabase_projects,0.494140625,0.2809917355371901,0.500998003992016,0.15415653354714384,0.001953125,0.26455026455026454,False
5,Get the current sprint work items,1,get,the current sprint work items,Get the current sprint work items,36,office_word_mcp_server_api_list_files,0.4921875,0.2892561983471074,0.49700598802395207,0.1511354574130103,0.001953125,0.26455026455026454,False
5,Get the current sprint work items,1,get,the current sprint work items,Get the current sprint work items,37,sharepoint_tools_get_sharepoint_documents,0.490234375,0.2975206611570248,0.4930139720558882,0.1481143812788766,0.0,0.0,False
5,Get the current sprint work items,1,get,the current sprint work items,Get the current sprint work items,38,project_management_tools_get_project,0.490234375,0.30578512396694213,0.4930139720558882,0.14227052358312003,0.009765625,1.3227513227513228,False
5,Get the current sprint work items,1,get,the current sprint work items,Get the current sprint work items,39,github_mcp_server_list_commits,0.48046875,0.3140495867768595,0.47305389221556887,0.15054057369547816,0.001953125,0.26455026455026454,False
5,Get the current sprint work items,1,get,the current sprint work items,Get the current sprint work items,40,railway_tools_project_create,0.478515625,0.32231404958677684,0.469061876247505,0.14751949756134453,0.0,0.0,False
5,Get the current sprint work items,1,get,the current sprint work items,Get the current sprint work items,41,github_mcp_server_pull_request_read,0.478515625,0.3305785123966942,0.469061876247505,0.14167563986558795,0.001953125,0.26455026455026454,False
5,Get the current sprint work items,1,get,the current sprint work items,Get the current sprint work items,42,github_mcp_server_list_branches,0.4765625,0.33884297520661155,0.46506986027944114,0.13865456373145424,0.001953125,0.26455026455026454,False
5,Get the current sprint work items,1,get,the current sprint work items,Get the current sprint work items,43,railway_tools_project_delete,0.474609375,0.34710743801652894,0.46107784431137727,0.1356334875973206,0.001953125,0.26455026455026454,False
5,Get the current sprint work items,1,get,the current sprint work items,Get the current sprint work items,44,supabase_mcp_get_database_tables,0.47265625,0.35537190082644626,0.45708582834331335,0.13261241146318697,0.0,0.0,False
5,Get the current sprint work items,1,get,the current sprint work items,Get the current sprint work items,45,quest_studio_file_storage_get_files,0.47265625,0.36363636363636365,0.45708582834331335,0.1267685537674304,0.0,0.0,False
5,Get the current sprint work items,1,get,the current sprint work items,Get the current sprint work items,46,github_mcp_server_list_pull_requests,0.47265625,0.371900826446281,0.45708582834331335,0.12092469607167383,0.001953125,0.26455026455026454,False
5,Get the current sprint work items,1,get,the current sprint work items,Get the current sprint work items,47,supabase_mcp_get_table_schema,0.470703125,0.38016528925619836,0.4530938123752495,0.11790361993754013,0.00390625,0.5291005291005291,False
5,Get the current sprint work items,1,get,the current sprint work items,Get the current sprint work items,48,railway_tools_volume_list,0.466796875,0.3884297520661157,0.44510978043912175,0.11770532536502944,0.001953125,0.26455026455026454,False
5,Get the current sprint work items,1,get,the current sprint work items,Get the current sprint work items,49,railway_tools_service_delete,0.46484375,0.39669421487603307,0.4411177644710579,0.1146842492308958,0.005859375,0.7936507936507936,False
5,Get the current sprint work items,1,get,the current sprint work items,Get the current sprint work items,50,carrot_mcp_server_api_create_employee,0.458984375,0.4049586776859504,0.4291417165668663,0.11730873622000805,0.001953125,0.26455026455026454,False
5,Get the current sprint work items,1,get,the current sprint work items,Get the current sprint work items,51,office_word_mcp_server_api_get_document_info,0.45703125,0.4132231404958678,0.4251497005988024,0.11428766008587433,0.00390625,0.5291005291005291,False
5,Get the current sprint work items,1,get,the current sprint work items,Get the current sprint work items,52,project_management_tools_delete_team,0.453125,0.4214876033057851,0.4171656686626746,0.11408936551336372,0.0,0.0,False
5,Get the current sprint work items,1,get,the current sprint work items,Get the current sprint work items,53,supabase_mcp_check_database_health,0.453125,0.4297520661157025,0.4171656686626746,0.10824550781760708,0.0,0.0,False
5,Get the current sprint work items,1,get,the current sprint work items,Get the current sprint work items,54,carrot_mcp_server_api_update_employee,0.453125,0.4380165289256198,0.4171656686626746,0.10240165012185051,0.001953125,0.26455026455026454,False
5,Get the current sprint work items,1,get,the current sprint work items,Get the current sprint work items,55,office_word_mcp_server_api_get_document_xml,0.451171875,0.4462809917355372,0.41317365269461076,0.09938057398771688,0.0,0.0,False
5,Get the current sprint work items,1,get,the current sprint work items,Get the current sprint work items,56,office_word_mcp_server_api_get_document_outline,0.451171875,0.45454545454545453,0.41317365269461076,0.09353671629196031,0.001953125,0.26455026455026454,False
5,Get the current sprint work items,1,get,the current sprint work items,Get the current sprint work items,57,github_mcp_server_get_me,0.44921875,0.4628099173553719,0.4091816367265469,0.09051564015782668,0.001953125,0.26455026455026454,False
5,Get the current sprint work items,1,get,the current sprint work items,Get the current sprint work items,58,office_word_mcp_server_api_copy_document,0.447265625,0.47107438016528924,0.405189620758483,0.08749456402369296,0.0,0.0,False
5,Get the current sprint work items,1,get,the current sprint work items,Get the current sprint work items,59,railway_tools_database_list_types,0.447265625,0.4793388429752066,0.405189620758483,0.08165070632793639,0.001953125,0.26455026455026454,False
5,Get the current sprint work items,1,get,the current sprint work items,Get the current sprint work items,60,supabase_mcp_update_database_table_data,0.4453125,0.48760330578512395,0.40119760479041916,0.07862963019380276,0.00390625,0.5291005291005291,False
5,Get the current sprint work items,1,get,the current sprint work items,Get the current sprint work items,61,quest_studio_file_storage_get_storage_usage,0.44140625,0.49586776859504134,0.3932135728542914,0.078431335621292,0.0,0.0,False
5,Get the current sprint work items,1,get,the current sprint work items,Get the current sprint work items,62,railway_tools_service_create_from_repo,0.44140625,0.5041322314049587,0.3932135728542914,0.07258747792553542,0.001953125,0.26455026455026454,False
5,Get the current sprint work items,1,get,the current sprint work items,Get the current sprint work items,63,github_mcp_server_get_commit,0.439453125,0.512396694214876,0.38922155688622756,0.06956640179140187,0.001953125,0.26455026455026454,False
5,Get the current sprint work items,1,get,the current sprint work items,Get the current sprint work items,64,quest_studio_file_storage_query_files,0.4375,0.5206611570247934,0.3852295409181637,0.06654532565726816,0.0,0.0,False
5,Get the current sprint work items,1,get,the current sprint work items,Get the current sprint work items,65,github_mcp_server_create_or_update_file,0.4375,0.5289256198347108,0.3852295409181637,0.06070146796151159,0.00390625,0.5291005291005291,False
5,Get the current sprint work items,1,get,the current sprint work items,Get the current sprint work items,66,project_management_tools_create_team,0.43359375,0.5371900826446281,0.3772455089820359,0.060503173389000894,0.005859375,0.7936507936507936,False
5,Get the current sprint work items,1,get,the current sprint work items,Get the current sprint work items,67,github_mcp_server_search_repositories,0.427734375,0.5454545454545454,0.3652694610778443,0.06312766037811314,0.0,0.0,False
5,Get the current sprint work items,1,get,the current sprint work items,Get the current sprint work items,68,office_word_mcp_server_api_get_document_text,0.427734375,0.5537190082644629,0.3652694610778443,0.05728380268235649,0.001953125,0.26455026455026454,False
5,Get the current sprint work items,1,get,the current sprint work items,Get the current sprint work items,69,supabase_mcp_insert_table_data,0.42578125,0.5619834710743802,0.36127744510978044,0.05426272654822287,0.001953125,0.26455026455026454,False
5,Get the current sprint work items,1,get,the current sprint work items,Get the current sprint work items,70,github_mcp_server_get_file_contents,0.423828125,0.5702479338842975,0.35728542914171657,0.051241650414089235,0.001953125,0.26455026455026454,False
5,Get the current sprint work items,1,get,the current sprint work items,Get the current sprint work items,71,quest_studio_file_storage_get_file,0.421875,0.5785123966942148,0.3532934131736527,0.0482205742799556,0.0,0.0,False
5,Get the current sprint work items,1,get,the current sprint work items,Get the current sprint work items,72,office_word_mcp_server_api_create_word_document,0.421875,0.5867768595041323,0.3532934131736527,0.042376716584198955,0.001953125,0.26455026455026454,False
5,Get the current sprint work items,1,get,the current sprint work items,Get the current sprint work items,73,carrot_mcp_server_api_list_leave_application,0.419921875,0.5950413223140496,0.34930139720558884,0.03935564045006532,0.0,0.0,False
5,Get the current sprint work items,1,get,the current sprint work items,Get the current sprint work items,74,sharepoint_tools_create_txt_file_in_sharepoint,0.419921875,0.6033057851239669,0.34930139720558884,0.03351178275430875,0.0,0.0,False
5,Get the current sprint work items,1,get,the current sprint work items,Get the current sprint work items,75,gmail_tools_get_google_emails,0.419921875,0.6115702479338843,0.34930139720558884,0.02766792505855218,0.00390625,0.5291005291005291,False
5,Get the current sprint work items,1,get,the current sprint work items,Get the current sprint work items,76,railway_tools_service_restart,0.416015625,0.6198347107438017,0.3413173652694611,0.02746963048604141,0.001953125,0.26455026455026454,False
5,Get the current sprint work items,1,get,the current sprint work items,Get the current sprint work items,77,railway_tools_service_update,0.4140625,0.628099173553719,0.3373253493013972,0.024448554351907858,0.001953125,0.26455026455026454,False
5,Get the current sprint work items,1,get,the current sprint work items,Get the current sprint work items,78,quest_studio_file_storage_get_file_content,0.412109375,0.6363636363636364,0.3333333333333333,0.021427478217774146,0.001953125,0.26455026455026454,False
5,Get the current sprint work items,1,get,the current sprint work items,Get the current sprint work items,79,office_word_mcp_server_api_find_text_in_document,0.41015625,0.6446280991735537,0.32934131736526945,0.018406402083640593,0.0,0.0,False
5,Get the current sprint work items,1,get,the current sprint work items,Get the current sprint work items,80,office_word_mcp_server_api_merge_doucments,0.41015625,0.6528925619834711,0.32934131736526945,0.012562544387883866,0.00390625,0.5291005291005291,False
5,Get the current sprint work items,1,get,the current sprint work items,Get the current sprint work items,81,github_mcp_server_merge_pull_request,0.40625,0.6611570247933884,0.3213572854291417,0.012364249815373174,0.001953125,0.26455026455026454,False
5,Get the current sprint work items,1,get,the current sprint work items,Get the current sprint work items,82,github_mcp_server_update_pull_request,0.404296875,0.6694214876033058,0.31736526946107785,0.009343173681239622,0.001953125,0.26455026455026454,False
5,Get the current sprint work items,1,get,the current sprint work items,Get the current sprint work items,83,project_management_tools_create_project,0.40234375,0.6776859504132231,0.313373253493014,0.006322097547105912,0.001953125,0.26455026455026454,False
5,Get the current sprint work items,1,get,the current sprint work items,Get the current sprint work items,84,office_word_mcp_server_api_search_replace,0.400390625,0.6859504132231405,0.3093812375249501,0.003301021412972203,0.0,0.0,False
5,Get the current sprint work items,1,get,the current sprint work items,Get the current sprint work items,85,office_word_mcp_server_api_delete_document,0.400390625,0.6942148760330579,0.3093812375249501,0.002542836282784368,0.001953125,0.26455026455026454,False
5,Get the current sprint work items,1,get,the current sprint work items,Get the current sprint work items,86,railway_tools_service_create_from_image,0.3984375,0.7024793388429752,0.30538922155688625,0.005563912416917921,0.0,0.0,False
5,Get the current sprint work items,1,get,the current sprint work items,Get the current sprint work items,87,office_word_mcp_server_api_add_table,0.3984375,0.7107438016528925,0.30538922155688625,0.011407770112674492,0.00390625,0.5291005291005291,False
5,Get the current sprint work items,1,get,the current sprint work items,Get the current sprint work items,88,project_management_tools_update_project,0.39453125,0.71900826446281,0.29740518962075846,0.01160606468518534,0.0,0.0,False
5,Get the current sprint work items,1,get,the current sprint work items,Get the current sprint work items,89,office_word_mcp_server_api_convert_to_pdf,0.39453125,0.7272727272727273,0.29740518962075846,0.017449922380941753,0.001953125,0.26455026455026454,False
5,Get the current sprint work items,1,get,the current sprint work items,Get the current sprint work items,90,outlook_mail_management_search_outlook_mail,0.392578125,0.7355371900826446,0.2934131736526946,0.020470998515075466,0.0,0.0,False
5,Get the current sprint work items,1,get,the current sprint work items,Get the current sprint work items,91,github_mcp_server_create_pull_request,0.392578125,0.743801652892562,0.2934131736526946,0.026314856210832037,0.00390625,0.5291005291005291,False
5,Get the current sprint work items,1,get,the current sprint work items,Get the current sprint work items,92,office_word_mcp_server_api_get_paragraph_text_from_document,0.388671875,0.7520661157024794,0.28542914171656686,0.026513150783342883,0.0,0.0,False
5,Get the current sprint work items,1,get,the current sprint work items,Get the current sprint work items,93,railway_tools_volume_delete,0.388671875,0.7603305785123967,0.28542914171656686,0.032357008479099295,0.00390625,0.5291005291005291,False
5,Get the current sprint work items,1,get,the current sprint work items,Get the current sprint work items,94,outlook_mail_management_get_email_messages,0.384765625,0.768595041322314,0.2774451097804391,0.03255530305160999,0.001953125,0.26455026455026454,False
5,Get the current sprint work items,1,get,the current sprint work items,Get the current sprint work items,95,office_word_mcp_server_api_add_picture,0.3828125,0.7768595041322314,0.27345309381237526,0.035576379185743696,0.005859375,0.7936507936507936,False
5,Get the current sprint work items,1,get,the current sprint work items,Get the current sprint work items,96,carrot_mcp_server_api_update_leave_application,0.376953125,0.7851239669421488,0.26147704590818366,0.03295189219663153,0.0,0.0,False
5,Get the current sprint work items,1,get,the current sprint work items,Get the current sprint work items,97,project_management_tools_delete_project,0.376953125,0.7933884297520661,0.26147704590818366,0.0387957498923881,0.0,0.0,False
5,Get the current sprint work items,1,get,the current sprint work items,Get the current sprint work items,98,carrot_mcp_server_api_create_leave_application,0.376953125,0.8016528925619835,0.26147704590818366,0.04463960758814467,0.001953125,0.26455026455026454,False
5,Get the current sprint work items,1,get,the current sprint work items,Get the current sprint work items,99,office_word_mcp_server_api_add_page_break,0.375,0.8099173553719008,0.25748502994011974,0.047660683722278226,0.005859375,0.7936507936507936,False
5,Get the current sprint work items,1,get,the current sprint work items,Get the current sprint work items,100,web_search_tools_web_search,0.369140625,0.8181818181818182,0.24550898203592814,0.04503619673316605,0.001953125,0.26455026455026454,False
5,Get the current sprint work items,1,get,the current sprint work items,Get the current sprint work items,101,office_word_mcp_server_api_add_paragraph,0.3671875,0.8264462809917356,0.24151696606786427,0.048057272867299765,0.0,0.0,False
5,Get the current sprint work items,1,get,the current sprint work items,Get the current sprint work items,102,office_word_mcp_server_api_add_heading,0.3671875,0.8347107438016529,0.24151696606786427,0.053901130563056336,0.00390625,0.5291005291005291,False
5,Get the current sprint work items,1,get,the current sprint work items,Get the current sprint work items,103,gmail_tools_reply_google_email,0.36328125,0.8429752066115702,0.23353293413173654,0.05409942513556702,0.001953125,0.26455026455026454,False
5,Get the current sprint work items,1,get,the current sprint work items,Get the current sprint work items,104,gmail_tools_forward_google_email,0.361328125,0.8512396694214877,0.22954091816367264,0.05712050126970073,0.0,0.0,False
5,Get the current sprint work items,1,get,the current sprint work items,Get the current sprint work items,105,github_mcp_server_create_branch,0.361328125,0.859504132231405,0.22954091816367264,0.06296435896545731,0.001953125,0.26455026455026454,False
5,Get the current sprint work items,1,get,the current sprint work items,Get the current sprint work items,106,office_word_mcp_server_api_delete_paragraph,0.359375,0.8677685950413223,0.22554890219560877,0.06598543509959086,0.0,0.0,False
5,Get the current sprint work items,1,get,the current sprint work items,Get the current sprint work items,107,carrot_mcp_server_api_submit_leave_application,0.359375,0.8760330578512396,0.22554890219560877,0.07182929279534743,0.0078125,1.0582010582010581,False
5,Get the current sprint work items,1,get,the current sprint work items,Get the current sprint work items,108,github_mcp_server_create_repository,0.3515625,0.8842975206611571,0.20958083832335328,0.06638202424461224,0.001953125,0.26455026455026454,False
5,Get the current sprint work items,1,get,the current sprint work items,Get the current sprint work items,109,outlook_mail_management_find_email_address,0.349609375,0.8925619834710744,0.2055888223552894,0.06940310037874595,0.009765625,1.3227513227513228,False
5,Get the current sprint work items,1,get,the current sprint work items,Get the current sprint work items,110,github_mcp_server_push_files,0.33984375,0.9008264462809917,0.18562874251497005,0.06113305026638774,0.001953125,0.26455026455026454,False
5,Get the current sprint work items,1,get,the current sprint work items,Get the current sprint work items,111,gmail_tools_send_google_email,0.337890625,0.9090909090909091,0.18163672654690619,0.06415412640052146,0.001953125,0.26455026455026454,False
5,Get the current sprint work items,1,get,the current sprint work items,Get the current sprint work items,112,railway_tools_volume_create,0.3359375,0.9173553719008265,0.17764471057884232,0.06717520253465516,0.00390625,0.5291005291005291,False
5,Get the current sprint work items,1,get,the current sprint work items,Get the current sprint work items,113,quest_studio_file_storage_delete_file,0.33203125,0.9256198347107438,0.16966067864271456,0.06737349710716585,0.00390625,0.5291005291005291,False
5,Get the current sprint work items,1,get,the current sprint work items,Get the current sprint work items,114,outlook_mail_management_forward_email,0.328125,0.9338842975206612,0.16167664670658682,0.06757179167967654,0.00390625,0.5291005291005291,False
5,Get the current sprint work items,1,get,the current sprint work items,Get the current sprint work items,115,outlook_mail_management_reply_to_email,0.32421875,0.9421487603305785,0.1536926147704591,0.06777008625218724,0.001953125,0.26455026455026454,False
5,Get the current sprint work items,1,get,the current sprint work items,Get the current sprint work items,116,railway_tools_volume_update,0.322265625,0.9504132231404959,0.1497005988023952,0.07079116238632094,0.009765625,1.3227513227513228,False
5,Get the current sprint work items,1,get,the current sprint work items,Get the current sprint work items,117,quest_studio_file_storage_update_file,0.3125,0.9586776859504132,0.12974051896207583,0.06252111227396273,0.001953125,0.26455026455026454,False
5,Get the current sprint work items,1,get,the current sprint work items,Get the current sprint work items,118,gmail_tools_delete_google_email,0.310546875,0.9669421487603306,0.12574850299401197,0.06554218840809645,0.009765625,1.3227513227513228,False
5,Get the current sprint work items,1,get,the current sprint work items,Get the current sprint work items,119,github_mcp_server_delete_file,0.30078125,0.9752066115702479,0.10578842315369262,0.05727213829573824,0.0078125,1.0582010582010581,False
5,Get the current sprint work items,1,get,the current sprint work items,Get the current sprint work items,120,outlook_mail_management_compose_email,0.29296875,0.9834710743801653,0.08982035928143713,0.05182486974500305,0.01171875,1.5873015873015872,False
5,Get the current sprint work items,1,get,the current sprint work items,Get the current sprint work items,121,outlook_mail_management_delete_email_message,0.28125,0.9917355371900827,0.0658682634730539,0.04073203807102198,0.0322265625,4.365079365079365,False
5,Get the current sprint work items,1,get,the current sprint work items,Get the current sprint work items,122,outlook_mail_management_send_email,0.2490234375,1.0,0.0,0.0,,,False
6,Find the latest Nvidia news and email a summary to Tom,1,find,the latest Nvidia news,Find the latest Nvidia news,1,github_mcp_server_search_repositories,0.5625,0.0,1.0,0.0,0.00390625,0.6944444444444444,False
6,Find the latest Nvidia news and email a summary to Tom,1,find,the latest Nvidia news,Find the latest Nvidia news,2,web_search_tools_web_search,0.55859375,0.008264462809917356,0.9877675840978594,0.0028057665389412314,0.02734375,4.861111111111112,False
6,Find the latest Nvidia news and email a summary to Tom,1,find,the latest Nvidia news,Find the latest Nvidia news,3,railway_tools_service_info,0.53125,0.01652892561983471,0.9021406727828746,0.05750927848606944,0.0078125,1.3888888888888888,False
6,Find the latest Nvidia news and email a summary to Tom,1,find,the latest Nvidia news,Find the latest Nvidia news,4,github_mcp_server_pull_request_read,0.5234375,0.024793388429752067,0.8776758409785933,0.06896466925970847,0.0078125,1.3888888888888888,False
6,Find the latest Nvidia news and email a summary to Tom,1,find,the latest Nvidia news,Find the latest Nvidia news,5,railway_tools_project_info,0.515625,0.03305785123966942,0.8532110091743119,0.08042006003334759,0.01953125,3.4722222222222223,False
6,Find the latest Nvidia news and email a summary to Tom,1,find,the latest Nvidia news,Find the latest Nvidia news,6,github_mcp_server_get_commit,0.49609375,0.04132231404958678,0.7920489296636085,0.11782432351108019,0.00390625,0.6944444444444444,False
6,Find the latest Nvidia news and email a summary to Tom,1,find,the latest Nvidia news,Find the latest Nvidia news,7,railway_tools_service_create_from_repo,0.4921875,0.049586776859504134,0.7798165137614679,0.12063009005002133,0.0,0.0,False
6,Find the latest Nvidia news and email a summary to Tom,1,find,the latest Nvidia news,Find the latest Nvidia news,8,carrot_mcp_server_api_hr_dashboard_summary,0.4921875,0.05785123966942149,0.7798165137614679,0.11478623235426476,0.0,0.0,False
6,Find the latest Nvidia news and email a summary to Tom,1,find,the latest Nvidia news,Find the latest Nvidia news,9,github_mcp_server_list_commits,0.4921875,0.06611570247933884,0.7798165137614679,0.10894237465850819,0.00390625,0.6944444444444444,False
6,Find the latest Nvidia news and email a summary to Tom,1,find,the latest Nvidia news,Find the latest Nvidia news,10,railway_tools_service_update,0.48828125,0.0743801652892562,0.7675840978593272,0.11174814119744943,0.0,0.0,False
6,Find the latest Nvidia news and email a summary to Tom,1,find,the latest Nvidia news,Find the latest Nvidia news,11,github_mcp_server_get_me,0.48828125,0.08264462809917356,0.7675840978593272,0.10590428350169277,0.001953125,0.3472222222222222,False
6,Find the latest Nvidia news and email a summary to Tom,1,find,the latest Nvidia news,Find the latest Nvidia news,12,railway_tools_service_list,0.486328125,0.09090909090909091,0.7614678899082569,0.10438523792328515,0.00390625,0.6944444444444444,False
6,Find the latest Nvidia news and email a summary to Tom,1,find,the latest Nvidia news,Find the latest Nvidia news,13,railway_tools_project_environments,0.482421875,0.09917355371900827,0.7492354740061162,0.10719100446222637,0.0,0.0,False
6,Find the latest Nvidia news and email a summary to Tom,1,find,the latest Nvidia news,Find the latest Nvidia news,14,github_mcp_server_list_pull_requests,0.482421875,0.10743801652892562,0.7492354740061162,0.1013471467664698,0.0,0.0,False
6,Find the latest Nvidia news and email a summary to Tom,1,find,the latest Nvidia news,Find the latest Nvidia news,15,office_word_mcp_server_api_search_replace,0.482421875,0.11570247933884298,0.7492354740061162,0.09550328907071315,0.00390625,0.6944444444444444,False
6,Find the latest Nvidia news and email a summary to Tom,1,find,the latest Nvidia news,Find the latest Nvidia news,16,quest_studio_file_storage_get_storage_usage,0.478515625,0.12396694214876033,0.7370030581039755,0.09830905560965447,0.001953125,0.3472222222222222,False
6,Find the latest Nvidia news and email a summary to Tom,1,find,the latest Nvidia news,Find the latest Nvidia news,17,railway_tools_project_list,0.4765625,0.1322314049586777,0.7308868501529052,0.09679001003124675,0.0,0.0,False
6,Find the latest Nvidia news and email a summary to Tom,1,find,the latest Nvidia news,Find the latest Nvidia news,18,gmail_tools_reply_google_email,0.4765625,0.14049586776859505,0.7308868501529052,0.09094615233549018,0.001953125,0.3472222222222222,False
6,Find the latest Nvidia news and email a summary to Tom,1,find,the latest Nvidia news,Find the latest Nvidia news,19,office_word_mcp_server_api_get_paragraph_text_from_document,0.474609375,0.1487603305785124,0.7247706422018348,0.08942710675708247,0.0,0.0,False
6,Find the latest Nvidia news and email a summary to Tom,1,find,the latest Nvidia news,Find the latest Nvidia news,20,office_word_mcp_server_api_find_text_in_document,0.474609375,0.15702479338842976,0.7247706422018348,0.0835832490613259,0.001953125,0.3472222222222222,False
6,Find the latest Nvidia news and email a summary to Tom,1,find,the latest Nvidia news,Find the latest Nvidia news,21,gmail_tools_get_google_emails,0.47265625,0.1652892561983471,0.7186544342507645,0.08206420348291828,0.00390625,0.6944444444444444,False
6,Find the latest Nvidia news and email a summary to Tom,1,find,the latest Nvidia news,Find the latest Nvidia news,22,github_mcp_server_list_branches,0.46875,0.17355371900826447,0.7064220183486238,0.0848699700218595,0.001953125,0.3472222222222222,False
6,Find the latest Nvidia news and email a summary to Tom,1,find,the latest Nvidia news,Find the latest Nvidia news,23,office_word_mcp_server_api_get_document_info,0.466796875,0.18181818181818182,0.7003058103975535,0.0833509244434518,0.0,0.0,False
6,Find the latest Nvidia news and email a summary to Tom,1,find,the latest Nvidia news,Find the latest Nvidia news,24,railway_tools_service_restart,0.466796875,0.19008264462809918,0.7003058103975535,0.07750706674769522,0.001953125,0.3472222222222222,False
6,Find the latest Nvidia news and email a summary to Tom,1,find,the latest Nvidia news,Find the latest Nvidia news,25,office_word_mcp_server_api_add_heading,0.46484375,0.19834710743801653,0.6941896024464832,0.07598802116928752,0.0,0.0,False
6,Find the latest Nvidia news and email a summary to Tom,1,find,the latest Nvidia news,Find the latest Nvidia news,26,railway_tools_volume_list,0.46484375,0.2066115702479339,0.6941896024464832,0.07014416347353095,0.0,0.0,False
6,Find the latest Nvidia news and email a summary to Tom,1,find,the latest Nvidia news,Find the latest Nvidia news,27,railway_tools_database_list_types,0.46484375,0.21487603305785125,0.6941896024464832,0.06430030577777429,0.005859375,1.0416666666666665,False
6,Find the latest Nvidia news and email a summary to Tom,1,find,the latest Nvidia news,Find the latest Nvidia news,28,railway_tools_service_create_from_image,0.458984375,0.2231404958677686,0.6758409785932722,0.07143088443406446,0.0,0.0,False
6,Find the latest Nvidia news and email a summary to Tom,1,find,the latest Nvidia news,Find the latest Nvidia news,29,office_word_mcp_server_api_get_document_outline,0.458984375,0.23140495867768596,0.6758409785932722,0.0655870267383079,0.001953125,0.3472222222222222,False
6,Find the latest Nvidia news and email a summary to Tom,1,find,the latest Nvidia news,Find the latest Nvidia news,30,gmail_tools_send_google_email,0.45703125,0.2396694214876033,0.6697247706422018,0.06406798115990027,0.001953125,0.3472222222222222,False
6,Find the latest Nvidia news and email a summary to Tom,1,find,the latest Nvidia news,Find the latest Nvidia news,31,project_management_tools_get_team,0.455078125,0.24793388429752067,0.6636085626911316,0.06254893558149256,0.0,0.0,False
6,Find the latest Nvidia news and email a summary to Tom,1,find,the latest Nvidia news,Find the latest Nvidia news,32,office_word_mcp_server_api_get_document_text,0.455078125,0.256198347107438,0.6636085626911316,0.056705077885735984,0.001953125,0.3472222222222222,False
6,Find the latest Nvidia news and email a summary to Tom,1,find,the latest Nvidia news,Find the latest Nvidia news,33,railway_tools_project_create,0.453125,0.2644628099173554,0.6574923547400612,0.05518603230732828,0.001953125,0.3472222222222222,False
6,Find the latest Nvidia news and email a summary to Tom,1,find,the latest Nvidia news,Find the latest Nvidia news,34,gmail_tools_forward_google_email,0.451171875,0.2727272727272727,0.6513761467889908,0.053666986728920646,0.0,0.0,False
6,Find the latest Nvidia news and email a summary to Tom,1,find,the latest Nvidia news,Find the latest Nvidia news,35,github_mcp_server_create_pull_request,0.451171875,0.2809917355371901,0.6513761467889908,0.047823129033164,0.00390625,0.6944444444444444,False
6,Find the latest Nvidia news and email a summary to Tom,1,find,the latest Nvidia news,Find the latest Nvidia news,36,supabase_mcp_get_all_supabase_projects,0.447265625,0.2892561983471074,0.6391437308868502,0.05062889557210531,0.001953125,0.3472222222222222,False
6,Find the latest Nvidia news and email a summary to Tom,1,find,the latest Nvidia news,Find the latest Nvidia news,37,project_management_tools_view_board,0.4453125,0.2975206611570248,0.6330275229357798,0.049109849993697594,0.0,0.0,False
6,Find the latest Nvidia news and email a summary to Tom,1,find,the latest Nvidia news,Find the latest Nvidia news,38,carrot_mcp_server_api_list_employees,0.4453125,0.30578512396694213,0.6330275229357798,0.04326599229794102,0.0,0.0,False
6,Find the latest Nvidia news and email a summary to Tom,1,find,the latest Nvidia news,Find the latest Nvidia news,39,office_word_mcp_server_api_add_page_break,0.4453125,0.3140495867768595,0.6330275229357798,0.037422134602184375,0.001953125,0.3472222222222222,False
6,Find the latest Nvidia news and email a summary to Tom,1,find,the latest Nvidia news,Find the latest Nvidia news,40,railway_tools_volume_delete,0.443359375,0.32231404958677684,0.6269113149847095,0.035903089023776744,0.0,0.0,False
6,Find the latest Nvidia news and email a summary to Tom,1,find,the latest Nvidia news,Find the latest Nvidia news,41,github_mcp_server_create_or_update_file,0.443359375,0.3305785123966942,0.6269113149847095,0.030059231328020096,0.005859375,1.0416666666666665,False
6,Find the latest Nvidia news and email a summary to Tom,1,find,the latest Nvidia news,Find the latest Nvidia news,42,railway_tools_project_delete,0.4375,0.33884297520661155,0.6085626911314985,0.03718980998431027,0.0,0.0,False
6,Find the latest Nvidia news and email a summary to Tom,1,find,the latest Nvidia news,Find the latest Nvidia news,43,supabase_mcp_check_database_health,0.4375,0.34710743801652894,0.6085626911314985,0.0313459522885537,0.0,0.0,False
6,Find the latest Nvidia news and email a summary to Tom,1,find,the latest Nvidia news,Find the latest Nvidia news,44,github_mcp_server_update_pull_request,0.4375,0.35537190082644626,0.6085626911314985,0.025502094592797123,0.0,0.0,False
6,Find the latest Nvidia news and email a summary to Tom,1,find,the latest Nvidia news,Find the latest Nvidia news,45,railway_tools_volume_update,0.4375,0.36363636363636365,0.6085626911314985,0.019658236897040476,0.0,0.0,False
6,Find the latest Nvidia news and email a summary to Tom,1,find,the latest Nvidia news,Find the latest Nvidia news,46,supabase_mcp_get_table_schema,0.4375,0.371900826446281,0.6085626911314985,0.013814379201283904,0.0,0.0,False
6,Find the latest Nvidia news and email a summary to Tom,1,find,the latest Nvidia news,Find the latest Nvidia news,47,carrot_mcp_server_api_get_employee,0.4375,0.38016528925619836,0.6085626911314985,0.007970521505527253,0.001953125,0.3472222222222222,False
6,Find the latest Nvidia news and email a summary to Tom,1,find,the latest Nvidia news,Find the latest Nvidia news,48,carrot_mcp_server_api_log_hours_entry,0.435546875,0.3884297520661157,0.6024464831804281,0.006451475927119623,0.0,0.0,False
6,Find the latest Nvidia news and email a summary to Tom,1,find,the latest Nvidia news,Find the latest Nvidia news,49,github_mcp_server_merge_pull_request,0.435546875,0.39669421487603307,0.6024464831804281,0.0006076182313630523,0.001953125,0.3472222222222222,False
6,Find the latest Nvidia news and email a summary to Tom,1,find,the latest Nvidia news,Find the latest Nvidia news,50,project_management_tools_list_teams,0.43359375,0.4049586776859504,0.5963302752293578,0.0009114273470445783,0.0,0.0,False
6,Find the latest Nvidia news and email a summary to Tom,1,find,the latest Nvidia news,Find the latest Nvidia news,51,carrot_mcp_server_api_work_hours_summary,0.43359375,0.4132231404958678,0.5963302752293578,0.0067552850428011495,0.0,0.0,False
6,Find the latest Nvidia news and email a summary to Tom,1,find,the latest Nvidia news,Find the latest Nvidia news,52,office_word_mcp_server_api_copy_document,0.43359375,0.4214876033057851,0.5963302752293578,0.01259914273855772,0.0,0.0,False
6,Find the latest Nvidia news and email a summary to Tom,1,find,the latest Nvidia news,Find the latest Nvidia news,53,project_management_tools_list_projects,0.43359375,0.4297520661157025,0.5963302752293578,0.01844300043431445,0.001953125,0.3472222222222222,False
6,Find the latest Nvidia news and email a summary to Tom,1,find,the latest Nvidia news,Find the latest Nvidia news,54,carrot_mcp_server_api_update_employee,0.431640625,0.4380165289256198,0.5902140672782875,0.01996204601272208,0.0,0.0,False
6,Find the latest Nvidia news and email a summary to Tom,1,find,the latest Nvidia news,Find the latest Nvidia news,55,carrot_mcp_server_api_submit_leave_application,0.431640625,0.4462809917355372,0.5902140672782875,0.025805903708478652,0.0,0.0,False
6,Find the latest Nvidia news and email a summary to Tom,1,find,the latest Nvidia news,Find the latest Nvidia news,56,quest_studio_file_storage_get_file_content,0.431640625,0.45454545454545453,0.5902140672782875,0.03164976140423522,0.0,0.0,False
6,Find the latest Nvidia news and email a summary to Tom,1,find,the latest Nvidia news,Find the latest Nvidia news,57,office_word_mcp_server_api_add_paragraph,0.431640625,0.4628099173553719,0.5902140672782875,0.03749361909999195,0.001953125,0.3472222222222222,False
6,Find the latest Nvidia news and email a summary to Tom,1,find,the latest Nvidia news,Find the latest Nvidia news,58,office_word_mcp_server_api_get_document_xml,0.4296875,0.47107438016528924,0.5840978593272171,0.03901266467839958,0.001953125,0.3472222222222222,False
6,Find the latest Nvidia news and email a summary to Tom,1,find,the latest Nvidia news,Find the latest Nvidia news,59,github_mcp_server_create_branch,0.427734375,0.4793388429752066,0.5779816513761468,0.04053171025680721,0.001953125,0.3472222222222222,False
6,Find the latest Nvidia news and email a summary to Tom,1,find,the latest Nvidia news,Find the latest Nvidia news,60,railway_tools_service_delete,0.42578125,0.48760330578512395,0.5718654434250765,0.042050755835214844,0.001953125,0.3472222222222222,False
6,Find the latest Nvidia news and email a summary to Tom,1,find,the latest Nvidia news,Find the latest Nvidia news,61,github_mcp_server_get_file_contents,0.423828125,0.49586776859504134,0.5657492354740061,0.043569801413622475,0.00390625,0.6944444444444444,False
6,Find the latest Nvidia news and email a summary to Tom,1,find,the latest Nvidia news,Find the latest Nvidia news,62,project_management_tools_get_project,0.419921875,0.5041322314049587,0.5535168195718655,0.04076403487468132,0.001953125,0.3472222222222222,False
6,Find the latest Nvidia news and email a summary to Tom,1,find,the latest Nvidia news,Find the latest Nvidia news,63,railway_tools_volume_create,0.41796875,0.512396694214876,0.5474006116207951,0.04228308045308895,0.0,0.0,False
6,Find the latest Nvidia news and email a summary to Tom,1,find,the latest Nvidia news,Find the latest Nvidia news,64,office_word_mcp_server_api_convert_to_pdf,0.41796875,0.5206611570247934,0.5474006116207951,0.04812693814884568,0.001953125,0.3472222222222222,False
6,Find the latest Nvidia news and email a summary to Tom,1,find,the latest Nvidia news,Find the latest Nvidia news,65,carrot_mcp_server_api_create_leave_application,0.416015625,0.5289256198347108,0.5412844036697247,0.04964598372725331,0.0,0.0,False
6,Find the latest Nvidia news and email a summary to Tom,1,find,the latest Nvidia news,Find the latest Nvidia news,66,quest_studio_file_storage_query_files,0.416015625,0.5371900826446281,0.5412844036697247,0.05548984142300972,0.0,0.0,False
6,Find the latest Nvidia news and email a summary to Tom,1,find,the latest Nvidia news,Find the latest Nvidia news,67,project_management_tools_get_user_capacity,0.416015625,0.5454545454545454,0.5412844036697247,0.061333699118766453,0.001953125,0.3472222222222222,False
6,Find the latest Nvidia news and email a summary to Tom,1,find,the latest Nvidia news,Find the latest Nvidia news,68,outlook_mail_management_find_email_address,0.4140625,0.5537190082644629,0.5351681957186545,0.06285274469717408,0.0,0.0,False
6,Find the latest Nvidia news and email a summary to Tom,1,find,the latest Nvidia news,Find the latest Nvidia news,69,project_management_tools_list_work_items,0.4140625,0.5619834710743802,0.5351681957186545,0.06869660239293081,0.0,0.0,False
6,Find the latest Nvidia news and email a summary to Tom,1,find,the latest Nvidia news,Find the latest Nvidia news,70,supabase_mcp_get_database_tables,0.4140625,0.5702479338842975,0.5351681957186545,0.07454046008868723,0.001953125,0.3472222222222222,False
6,Find the latest Nvidia news and email a summary to Tom,1,find,the latest Nvidia news,Find the latest Nvidia news,71,github_mcp_server_create_repository,0.412109375,0.5785123966942148,0.5290519877675841,0.07605950566709485,0.0,0.0,False
6,Find the latest Nvidia news and email a summary to Tom,1,find,the latest Nvidia news,Find the latest Nvidia news,72,office_word_mcp_server_api_create_word_document,0.412109375,0.5867768595041323,0.5290519877675841,0.08190336336285159,0.001953125,0.3472222222222222,False
6,Find the latest Nvidia news and email a summary to Tom,1,find,the latest Nvidia news,Find the latest Nvidia news,73,project_management_tools_create_team,0.41015625,0.5950413223140496,0.5229357798165137,0.08342240894125921,0.001953125,0.3472222222222222,False
6,Find the latest Nvidia news and email a summary to Tom,1,find,the latest Nvidia news,Find the latest Nvidia news,74,project_management_tools_get_sprint,0.408203125,0.6033057851239669,0.5168195718654435,0.08494145451966685,0.0,0.0,False
6,Find the latest Nvidia news and email a summary to Tom,1,find,the latest Nvidia news,Find the latest Nvidia news,75,project_management_tools_list_team_members,0.408203125,0.6115702479338843,0.5168195718654435,0.09078531221542357,0.001953125,0.3472222222222222,False
6,Find the latest Nvidia news and email a summary to Tom,1,find,the latest Nvidia news,Find the latest Nvidia news,76,project_management_tools_create_work_item,0.40625,0.6198347107438017,0.5107033639143731,0.0923043577938312,0.0,0.0,False
6,Find the latest Nvidia news and email a summary to Tom,1,find,the latest Nvidia news,Find the latest Nvidia news,77,supabase_mcp_select_database_table_data,0.40625,0.628099173553719,0.5107033639143731,0.09814821548958777,0.001953125,0.3472222222222222,False
6,Find the latest Nvidia news and email a summary to Tom,1,find,the latest Nvidia news,Find the latest Nvidia news,78,sharepoint_tools_get_sharepoint_documents,0.404296875,0.6363636363636364,0.5045871559633027,0.09966726106799541,0.001953125,0.3472222222222222,False
6,Find the latest Nvidia news and email a summary to Tom,1,find,the latest Nvidia news,Find the latest Nvidia news,79,carrot_mcp_server_api_update_leave_application,0.40234375,0.6446280991735537,0.4984709480122324,0.10118630664640303,0.0,0.0,False
6,Find the latest Nvidia news and email a summary to Tom,1,find,the latest Nvidia news,Find the latest Nvidia news,80,office_word_mcp_server_api_add_picture,0.40234375,0.6528925619834711,0.4984709480122324,0.10703016434215977,0.0,0.0,False
6,Find the latest Nvidia news and email a summary to Tom,1,find,the latest Nvidia news,Find the latest Nvidia news,81,outlook_mail_management_search_outlook_mail,0.40234375,0.6611570247933884,0.4984709480122324,0.11287402203791634,0.0,0.0,False
6,Find the latest Nvidia news and email a summary to Tom,1,find,the latest Nvidia news,Find the latest Nvidia news,82,project_management_tools_get_work_item_comments,0.40234375,0.6694214876033058,0.4984709480122324,0.11871787973367291,0.0,0.0,False
6,Find the latest Nvidia news and email a summary to Tom,1,find,the latest Nvidia news,Find the latest Nvidia news,83,project_management_tools_create_project,0.40234375,0.6776859504132231,0.4984709480122324,0.12456173742942948,0.0,0.0,False
6,Find the latest Nvidia news and email a summary to Tom,1,find,the latest Nvidia news,Find the latest Nvidia news,84,project_management_tools_list_sprints,0.40234375,0.6859504132231405,0.4984709480122324,0.13040559512518604,0.001953125,0.3472222222222222,False
6,Find the latest Nvidia news and email a summary to Tom,1,find,the latest Nvidia news,Find the latest Nvidia news,85,sharepoint_tools_get_sharepoint_sites,0.400390625,0.6942148760330579,0.4923547400611621,0.13192464070359383,0.001953125,0.3472222222222222,False
6,Find the latest Nvidia news and email a summary to Tom,1,find,the latest Nvidia news,Find the latest Nvidia news,86,carrot_mcp_server_api_create_employee,0.3984375,0.7024793388429752,0.48623853211009177,0.13344368628200146,0.001953125,0.3472222222222222,False
6,Find the latest Nvidia news and email a summary to Tom,1,find,the latest Nvidia news,Find the latest Nvidia news,87,office_word_mcp_server_api_delete_paragraph,0.396484375,0.7107438016528925,0.4801223241590214,0.1349627318604091,0.001953125,0.3472222222222222,False
6,Find the latest Nvidia news and email a summary to Tom,1,find,the latest Nvidia news,Find the latest Nvidia news,88,office_word_mcp_server_api_list_files,0.39453125,0.71900826446281,0.4740061162079511,0.13648177743881673,0.0,0.0,False
6,Find the latest Nvidia news and email a summary to Tom,1,find,the latest Nvidia news,Find the latest Nvidia news,89,office_word_mcp_server_api_merge_doucments,0.39453125,0.7272727272727273,0.4740061162079511,0.14232563513457347,0.0,0.0,False
6,Find the latest Nvidia news and email a summary to Tom,1,find,the latest Nvidia news,Find the latest Nvidia news,90,office_word_mcp_server_api_add_table,0.39453125,0.7355371900826446,0.4740061162079511,0.14816949283032987,0.0,0.0,False
6,Find the latest Nvidia news and email a summary to Tom,1,find,the latest Nvidia news,Find the latest Nvidia news,91,gmail_tools_delete_google_email,0.39453125,0.743801652892562,0.4740061162079511,0.1540133505260866,0.0,0.0,False
6,Find the latest Nvidia news and email a summary to Tom,1,find,the latest Nvidia news,Find the latest Nvidia news,92,supabase_mcp_update_database_table_data,0.39453125,0.7520661157024794,0.4740061162079511,0.15985720822184318,0.001953125,0.3472222222222222,False
6,Find the latest Nvidia news and email a summary to Tom,1,find,the latest Nvidia news,Find the latest Nvidia news,93,quest_studio_file_storage_get_files,0.392578125,0.7603305785123967,0.46788990825688076,0.1613762538002508,0.001953125,0.3472222222222222,False
6,Find the latest Nvidia news and email a summary to Tom,1,find,the latest Nvidia news,Find the latest Nvidia news,94,supabase_mcp_insert_table_data,0.390625,0.768595041322314,0.4617737003058104,0.16289529937865843,0.005859375,1.0416666666666665,False
6,Find the latest Nvidia news and email a summary to Tom,1,find,the latest Nvidia news,Find the latest Nvidia news,95,outlook_mail_management_compose_email,0.384765625,0.7768595041322314,0.4434250764525994,0.15576472072236833,0.0,0.0,False
6,Find the latest Nvidia news and email a summary to Tom,1,find,the latest Nvidia news,Find the latest Nvidia news,96,project_management_tools_get_work_item,0.384765625,0.7851239669421488,0.4434250764525994,0.1616085784181249,0.001953125,0.3472222222222222,False
6,Find the latest Nvidia news and email a summary to Tom,1,find,the latest Nvidia news,Find the latest Nvidia news,97,outlook_mail_management_reply_to_email,0.3828125,0.7933884297520661,0.43730886850152906,0.1631276239965327,0.0,0.0,False
6,Find the latest Nvidia news and email a summary to Tom,1,find,the latest Nvidia news,Find the latest Nvidia news,98,carrot_mcp_server_api_list_leave_application,0.3828125,0.8016528925619835,0.43730886850152906,0.16897148169228912,0.0,0.0,False
6,Find the latest Nvidia news and email a summary to Tom,1,find,the latest Nvidia news,Find the latest Nvidia news,99,sharepoint_tools_create_txt_file_in_sharepoint,0.3828125,0.8099173553719008,0.43730886850152906,0.17481533938804583,0.00390625,0.6944444444444444,False
6,Find the latest Nvidia news and email a summary to Tom,1,find,the latest Nvidia news,Find the latest Nvidia news,100,quest_studio_file_storage_get_file,0.37890625,0.8181818181818182,0.42507645259938837,0.17200957284910454,0.0,0.0,False
6,Find the latest Nvidia news and email a summary to Tom,1,find,the latest Nvidia news,Find the latest Nvidia news,101,project_management_tools_list_users,0.37890625,0.8264462809917356,0.42507645259938837,0.1778534305448611,0.001953125,0.3472222222222222,False
6,Find the latest Nvidia news and email a summary to Tom,1,find,the latest Nvidia news,Find the latest Nvidia news,102,office_word_mcp_server_api_delete_document,0.376953125,0.8347107438016529,0.41896024464831805,0.17937247612326873,0.00390625,0.6944444444444444,True
6,Find the latest Nvidia news and email a summary to Tom,1,find,the latest Nvidia news,Find the latest Nvidia news,103,project_management_tools_create_sprint,0.373046875,0.8429752066115702,0.40672782874617736,0.17656670958432757,0.001953125,0.3472222222222222,False
6,Find the latest Nvidia news and email a summary to Tom,1,find,the latest Nvidia news,Find the latest Nvidia news,104,project_management_tools_delete_team,0.37109375,0.8512396694214877,0.40061162079510704,0.1780857551627352,0.00390625,0.6944444444444444,False
6,Find the latest Nvidia news and email a summary to Tom,1,find,the latest Nvidia news,Find the latest Nvidia news,105,project_management_tools_update_user_capacity,0.3671875,0.859504132231405,0.38837920489296635,0.17527998862379407,0.00390625,0.6944444444444444,False
6,Find the latest Nvidia news and email a summary to Tom,1,find,the latest Nvidia news,Find the latest Nvidia news,106,project_management_tools_update_project,0.36328125,0.8677685950413223,0.3761467889908257,0.17247422208485275,0.0078125,1.3888888888888888,False
6,Find the latest Nvidia news and email a summary to Tom,1,find,the latest Nvidia news,Find the latest Nvidia news,107,project_management_tools_update_task_status,0.35546875,0.8760330578512396,0.3516819571865443,0.16101883131121372,0.005859375,1.0416666666666665,False
6,Find the latest Nvidia news and email a summary to Tom,1,find,the latest Nvidia news,Find the latest Nvidia news,108,project_management_tools_add_work_item_comment,0.349609375,0.8842975206611571,0.3333333333333333,0.15388825265492362,0.005859375,1.0416666666666665,False
6,Find the latest Nvidia news and email a summary to Tom,1,find,the latest Nvidia news,Find the latest Nvidia news,109,quest_studio_file_storage_update_file,0.34375,0.8925619834710744,0.3149847094801223,0.14675767399863338,0.001953125,0.3472222222222222,False
6,Find the latest Nvidia news and email a summary to Tom,1,find,the latest Nvidia news,Find the latest Nvidia news,110,outlook_mail_management_get_email_messages,0.341796875,0.9008264462809917,0.308868501529052,0.148276719577041,0.00390625,0.6944444444444444,False
6,Find the latest Nvidia news and email a summary to Tom,1,find,the latest Nvidia news,Find the latest Nvidia news,111,project_management_tools_export_sprint_to_sharepoint,0.337890625,0.9090909090909091,0.2966360856269113,0.14547095303809984,0.0,0.0,False
6,Find the latest Nvidia news and email a summary to Tom,1,find,the latest Nvidia news,Find the latest Nvidia news,112,project_management_tools_update_work_item,0.337890625,0.9173553719008265,0.2966360856269113,0.15131481073385641,0.001953125,0.3472222222222222,False
6,Find the latest Nvidia news and email a summary to Tom,1,find,the latest Nvidia news,Find the latest Nvidia news,113,github_mcp_server_push_files,0.3359375,0.9256198347107438,0.290519877675841,0.1528338563122642,0.005859375,1.0416666666666665,False
6,Find the latest Nvidia news and email a summary to Tom,1,find,the latest Nvidia news,Find the latest Nvidia news,114,outlook_mail_management_forward_email,0.330078125,0.9338842975206612,0.27217125382262997,0.14570327765597396,0.00390625,0.6944444444444444,False
6,Find the latest Nvidia news and email a summary to Tom,1,find,the latest Nvidia news,Find the latest Nvidia news,115,outlook_mail_management_send_email,0.326171875,0.9421487603305785,0.2599388379204893,0.14289751111703264,0.0,0.0,False
6,Find the latest Nvidia news and email a summary to Tom,1,find,the latest Nvidia news,Find the latest Nvidia news,116,quest_studio_file_storage_delete_file,0.326171875,0.9504132231404959,0.2599388379204893,0.14874136881278938,0.0,0.0,False
6,Find the latest Nvidia news and email a summary to Tom,1,find,the latest Nvidia news,Find the latest Nvidia news,117,project_management_tools_assign_work_item,0.326171875,0.9586776859504132,0.2599388379204893,0.15458522650854595,0.005859375,1.0416666666666665,False
6,Find the latest Nvidia news and email a summary to Tom,1,find,the latest Nvidia news,Find the latest Nvidia news,118,project_management_tools_delete_work_item,0.3203125,0.9669421487603306,0.2415902140672783,0.1474546478522557,0.001953125,0.3472222222222222,False
6,Find the latest Nvidia news and email a summary to Tom,1,find,the latest Nvidia news,Find the latest Nvidia news,119,project_management_tools_delete_project,0.318359375,0.9752066115702479,0.23547400611620795,0.14897369343066333,0.001953125,0.3472222222222222,False
6,Find the latest Nvidia news and email a summary to Tom,1,find,the latest Nvidia news,Find the latest Nvidia news,120,project_management_tools_delete_sprint,0.31640625,0.9834710743801653,0.22935779816513763,0.15049273900907112,0.0078125,1.3888888888888888,False
6,Find the latest Nvidia news and email a summary to Tom,1,find,the latest Nvidia news,Find the latest Nvidia news,121,github_mcp_server_delete_file,0.30859375,0.9917355371900827,0.20489296636085627,0.13903734823543207,0.0654296875,11.631944444444445,False
6,Find the latest Nvidia news and email a summary to Tom,1,find,the latest Nvidia news,Find the latest Nvidia news,122,outlook_mail_management_delete_email_message,0.2431640625,1.0,0.0,0.0,,,False
6,Find the latest Nvidia news and email a summary to Tom,2,email,a summary,email a summary to Tom,1,outlook_mail_management_compose_email,0.69921875,0.0,1.0,0.0,0.02734375,3.910614525139665,False
6,Find the latest Nvidia news and email a summary to Tom,2,email,a summary,email a summary to Tom,2,gmail_tools_reply_google_email,0.671875,0.008264462809917356,0.9239130434782609,0.04795774522061118,0.00390625,0.5586592178770949,False
6,Find the latest Nvidia news and email a summary to Tom,2,email,a summary,email a summary to Tom,3,gmail_tools_send_google_email,0.66796875,0.01652892561983471,0.9130434782608695,0.04979983079862138,0.00390625,0.5586592178770949,False
6,Find the latest Nvidia news and email a summary to Tom,2,email,a summary,email a summary to Tom,4,outlook_mail_management_reply_to_email,0.6640625,0.024793388429752067,0.9021739130434783,0.05164191637663158,0.0078125,1.1173184357541899,False
6,Find the latest Nvidia news and email a summary to Tom,2,email,a summary,email a summary to Tom,5,outlook_mail_management_send_email,0.65625,0.03305785123966942,0.8804347826086957,0.06116994522840864,0.0078125,1.1173184357541899,False
6,Find the latest Nvidia news and email a summary to Tom,2,email,a summary,email a summary to Tom,6,gmail_tools_get_google_emails,0.6484375,0.04132231404958678,0.8586956521739131,0.0706979740801857,0.0078125,1.1173184357541899,False
6,Find the latest Nvidia news and email a summary to Tom,2,email,a summary,email a summary to Tom,7,gmail_tools_forward_google_email,0.640625,0.049586776859504134,0.8369565217391305,0.08022600293196276,0.01953125,2.793296089385475,False
6,Find the latest Nvidia news and email a summary to Tom,2,email,a summary,email a summary to Tom,8,outlook_mail_management_find_email_address,0.62109375,0.05785123966942149,0.782608695652174,0.11281186160504023,0.00390625,0.5586592178770949,False
6,Find the latest Nvidia news and email a summary to Tom,2,email,a summary,email a summary to Tom,9,gmail_tools_delete_google_email,0.6171875,0.06611570247933884,0.7717391304347826,0.11465394718305051,0.01171875,1.675977653631285,False
6,Find the latest Nvidia news and email a summary to Tom,2,email,a summary,email a summary to Tom,10,outlook_mail_management_forward_email,0.60546875,0.0743801652892562,0.7391304347826086,0.13186791930859443,0.00390625,0.5586592178770949,False
6,Find the latest Nvidia news and email a summary to Tom,2,email,a summary,email a summary to Tom,11,outlook_mail_management_search_outlook_mail,0.6015625,0.08264462809917356,0.7282608695652174,0.13371000488660456,0.03125,4.4692737430167595,False
6,Find the latest Nvidia news and email a summary to Tom,2,email,a summary,email a summary to Tom,12,carrot_mcp_server_api_hr_dashboard_summary,0.5703125,0.09090909090909091,0.6413043478260869,0.18935369338098257,0.0078125,1.1173184357541899,False
6,Find the latest Nvidia news and email a summary to Tom,2,email,a summary,email a summary to Tom,13,office_word_mcp_server_api_add_paragraph,0.5625,0.09917355371900827,0.6195652173913043,0.19888172223275963,0.0,0.0,True
6,Find the latest Nvidia news and email a summary to Tom,2,email,a summary,email a summary to Tom,14,office_word_mcp_server_api_add_heading,0.5625,0.10743801652892562,0.6195652173913043,0.19303786453700306,0.00390625,0.5586592178770949,False
6,Find the latest Nvidia news and email a summary to Tom,2,email,a summary,email a summary to Tom,15,office_word_mcp_server_api_get_document_outline,0.55859375,0.11570247933884298,0.6086956521739131,0.1948799501150132,0.00390625,0.5586592178770949,False
6,Find the latest Nvidia news and email a summary to Tom,2,email,a summary,email a summary to Tom,16,office_word_mcp_server_api_add_table,0.5546875,0.12396694214876033,0.5978260869565217,0.1967220356930235,0.00390625,0.5586592178770949,False
6,Find the latest Nvidia news and email a summary to Tom,2,email,a summary,email a summary to Tom,17,office_word_mcp_server_api_convert_to_pdf,0.55078125,0.1322314049586777,0.5869565217391305,0.19856412127103368,0.0,0.0,False
6,Find the latest Nvidia news and email a summary to Tom,2,email,a summary,email a summary to Tom,18,office_word_mcp_server_api_add_picture,0.55078125,0.14049586776859505,0.5869565217391305,0.1927202635752771,0.0,0.0,False
6,Find the latest Nvidia news and email a summary to Tom,2,email,a summary,email a summary to Tom,19,office_word_mcp_server_api_get_paragraph_text_from_document,0.55078125,0.1487603305785124,0.5869565217391305,0.18687640587952045,0.0,0.0,False
6,Find the latest Nvidia news and email a summary to Tom,2,email,a summary,email a summary to Tom,20,outlook_mail_management_get_email_messages,0.55078125,0.15702479338842976,0.5869565217391305,0.18103254818376388,0.0078125,1.1173184357541899,False
6,Find the latest Nvidia news and email a summary to Tom,2,email,a summary,email a summary to Tom,21,sharepoint_tools_create_txt_file_in_sharepoint,0.54296875,0.1652892561983471,0.5652173913043478,0.19056057703554102,0.00390625,0.5586592178770949,False
6,Find the latest Nvidia news and email a summary to Tom,2,email,a summary,email a summary to Tom,22,office_word_mcp_server_api_create_word_document,0.5390625,0.17355371900826447,0.5543478260869565,0.19240266261355124,0.0,0.0,False
6,Find the latest Nvidia news and email a summary to Tom,2,email,a summary,email a summary to Tom,23,office_word_mcp_server_api_copy_document,0.5390625,0.18181818181818182,0.5543478260869565,0.18655880491779459,0.0,0.0,False
6,Find the latest Nvidia news and email a summary to Tom,2,email,a summary,email a summary to Tom,24,office_word_mcp_server_api_get_document_text,0.5390625,0.19008264462809918,0.5543478260869565,0.180714947222038,0.00390625,0.5586592178770949,False
6,Find the latest Nvidia news and email a summary to Tom,2,email,a summary,email a summary to Tom,25,office_word_mcp_server_api_find_text_in_document,0.53515625,0.19834710743801653,0.5434782608695652,0.18255703280004829,0.0,0.0,False
6,Find the latest Nvidia news and email a summary to Tom,2,email,a summary,email a summary to Tom,26,carrot_mcp_server_api_work_hours_summary,0.53515625,0.2066115702479339,0.5434782608695652,0.17671317510429171,0.0,0.0,False
6,Find the latest Nvidia news and email a summary to Tom,2,email,a summary,email a summary to Tom,27,project_management_tools_export_sprint_to_sharepoint,0.53515625,0.21487603305785125,0.5434782608695652,0.17086931740853514,0.0,0.0,False
6,Find the latest Nvidia news and email a summary to Tom,2,email,a summary,email a summary to Tom,28,carrot_mcp_server_api_update_employee,0.53515625,0.2231404958677686,0.5434782608695652,0.16502545971277852,0.0078125,1.1173184357541899,False
6,Find the latest Nvidia news and email a summary to Tom,2,email,a summary,email a summary to Tom,29,carrot_mcp_server_api_create_employee,0.52734375,0.23140495867768596,0.5217391304347826,0.17455348856455558,0.0,0.0,False
6,Find the latest Nvidia news and email a summary to Tom,2,email,a summary,email a summary to Tom,30,office_word_mcp_server_api_get_document_info,0.52734375,0.2396694214876033,0.5217391304347826,0.168709630868799,0.00390625,0.5586592178770949,False
6,Find the latest Nvidia news and email a summary to Tom,2,email,a summary,email a summary to Tom,31,office_word_mcp_server_api_add_page_break,0.5234375,0.24793388429752067,0.5108695652173914,0.1705517164468091,0.00390625,0.5586592178770949,False
6,Find the latest Nvidia news and email a summary to Tom,2,email,a summary,email a summary to Tom,32,office_word_mcp_server_api_search_replace,0.51953125,0.256198347107438,0.5,0.1723938020248194,0.0,0.0,False
6,Find the latest Nvidia news and email a summary to Tom,2,email,a summary,email a summary to Tom,33,office_word_mcp_server_api_delete_paragraph,0.51953125,0.2644628099173554,0.5,0.16654994432906284,0.0,0.0,False
6,Find the latest Nvidia news and email a summary to Tom,2,email,a summary,email a summary to Tom,34,office_word_mcp_server_api_merge_doucments,0.51953125,0.2727272727272727,0.5,0.16070608663330627,0.0,0.0,False
6,Find the latest Nvidia news and email a summary to Tom,2,email,a summary,email a summary to Tom,35,office_word_mcp_server_api_get_document_xml,0.51953125,0.2809917355371901,0.5,0.1548622289375497,0.00390625,0.5586592178770949,False
6,Find the latest Nvidia news and email a summary to Tom,2,email,a summary,email a summary to Tom,36,carrot_mcp_server_api_submit_leave_application,0.515625,0.2892561983471074,0.4891304347826087,0.15670431451555988,0.0,0.0,False
6,Find the latest Nvidia news and email a summary to Tom,2,email,a summary,email a summary to Tom,37,quest_studio_file_storage_get_storage_usage,0.515625,0.2975206611570248,0.4891304347826087,0.15086045681980323,0.00390625,0.5586592178770949,False
6,Find the latest Nvidia news and email a summary to Tom,2,email,a summary,email a summary to Tom,38,carrot_mcp_server_api_create_leave_application,0.51171875,0.30578512396694213,0.4782608695652174,0.15270254239781353,0.0078125,1.1173184357541899,False
6,Find the latest Nvidia news and email a summary to Tom,2,email,a summary,email a summary to Tom,39,carrot_mcp_server_api_get_employee,0.50390625,0.3140495867768595,0.45652173913043476,0.1622305712495906,0.0,0.0,False
6,Find the latest Nvidia news and email a summary to Tom,2,email,a summary,email a summary to Tom,40,github_mcp_server_pull_request_read,0.50390625,0.32231404958677684,0.45652173913043476,0.15638671355383402,0.0,0.0,False
6,Find the latest Nvidia news and email a summary to Tom,2,email,a summary,email a summary to Tom,41,railway_tools_project_info,0.50390625,0.3305785123966942,0.45652173913043476,0.15054285585807736,0.00390625,0.5586592178770949,False
6,Find the latest Nvidia news and email a summary to Tom,2,email,a summary,email a summary to Tom,42,carrot_mcp_server_api_update_leave_application,0.5,0.33884297520661155,0.44565217391304346,0.15238494143608763,0.0,0.0,False
6,Find the latest Nvidia news and email a summary to Tom,2,email,a summary,email a summary to Tom,43,office_word_mcp_server_api_list_files,0.5,0.34710743801652894,0.44565217391304346,0.14654108374033106,0.00390625,0.5586592178770949,False
6,Find the latest Nvidia news and email a summary to Tom,2,email,a summary,email a summary to Tom,44,carrot_mcp_server_api_list_employees,0.49609375,0.35537190082644626,0.43478260869565216,0.14838316931834128,0.001953125,0.27932960893854747,False
6,Find the latest Nvidia news and email a summary to Tom,2,email,a summary,email a summary to Tom,45,outlook_mail_management_delete_email_message,0.494140625,0.36363636363636365,0.42934782608695654,0.14638228325946806,0.0,0.0,False
6,Find the latest Nvidia news and email a summary to Tom,2,email,a summary,email a summary to Tom,46,github_mcp_server_create_or_update_file,0.494140625,0.371900826446281,0.42934782608695654,0.1405384255637115,0.0,0.0,False
6,Find the latest Nvidia news and email a summary to Tom,2,email,a summary,email a summary to Tom,47,office_word_mcp_server_api_delete_document,0.494140625,0.38016528925619836,0.42934782608695654,0.13469456786795483,0.005859375,0.8379888268156425,False
6,Find the latest Nvidia news and email a summary to Tom,2,email,a summary,email a summary to Tom,48,github_mcp_server_get_commit,0.48828125,0.3884297520661157,0.41304347826086957,0.14037962508284854,0.0,0.0,False
6,Find the latest Nvidia news and email a summary to Tom,2,email,a summary,email a summary to Tom,49,railway_tools_service_info,0.48828125,0.39669421487603307,0.41304347826086957,0.1345357673870919,0.0,0.0,False
6,Find the latest Nvidia news and email a summary to Tom,2,email,a summary,email a summary to Tom,50,railway_tools_project_environments,0.48828125,0.4049586776859504,0.41304347826086957,0.12869190969133532,0.001953125,0.27932960893854747,False
6,Find the latest Nvidia news and email a summary to Tom,2,email,a summary,email a summary to Tom,51,github_mcp_server_search_repositories,0.486328125,0.4132231404958678,0.4076086956521739,0.12669102363246218,0.001953125,0.27932960893854747,False
6,Find the latest Nvidia news and email a summary to Tom,2,email,a summary,email a summary to Tom,52,carrot_mcp_server_api_log_hours_entry,0.484375,0.4214876033057851,0.40217391304347827,0.12469013757358904,0.005859375,0.8379888268156425,False
6,Find the latest Nvidia news and email a summary to Tom,2,email,a summary,email a summary to Tom,53,railway_tools_service_list,0.478515625,0.4297520661157025,0.3858695652173913,0.13037519478848267,0.001953125,0.27932960893854747,False
6,Find the latest Nvidia news and email a summary to Tom,2,email,a summary,email a summary to Tom,54,railway_tools_service_create_from_repo,0.4765625,0.4380165289256198,0.3804347826086957,0.12837430872960945,0.0,0.0,False
6,Find the latest Nvidia news and email a summary to Tom,2,email,a summary,email a summary to Tom,55,railway_tools_project_list,0.4765625,0.4462809917355372,0.3804347826086957,0.12253045103385288,0.001953125,0.27932960893854747,False
6,Find the latest Nvidia news and email a summary to Tom,2,email,a summary,email a summary to Tom,56,project_management_tools_create_team,0.474609375,0.45454545454545453,0.375,0.12052956497497966,0.001953125,0.27932960893854747,False
6,Find the latest Nvidia news and email a summary to Tom,2,email,a summary,email a summary to Tom,57,project_management_tools_list_work_items,0.47265625,0.4628099173553719,0.3695652173913043,0.11852867891610651,0.0,0.0,False
6,Find the latest Nvidia news and email a summary to Tom,2,email,a summary,email a summary to Tom,58,quest_studio_file_storage_get_file_content,0.47265625,0.47107438016528924,0.3695652173913043,0.11268482122034994,0.001953125,0.27932960893854747,False
6,Find the latest Nvidia news and email a summary to Tom,2,email,a summary,email a summary to Tom,59,github_mcp_server_list_commits,0.470703125,0.4793388429752066,0.3641304347826087,0.11068393516147672,0.001953125,0.27932960893854747,False
6,Find the latest Nvidia news and email a summary to Tom,2,email,a summary,email a summary to Tom,60,github_mcp_server_get_me,0.46875,0.48760330578512395,0.358695652173913,0.10868304910260357,0.0,0.0,False
6,Find the latest Nvidia news and email a summary to Tom,2,email,a summary,email a summary to Tom,61,project_management_tools_list_sprints,0.46875,0.49586776859504134,0.358695652173913,0.102839191406847,0.0,0.0,False
6,Find the latest Nvidia news and email a summary to Tom,2,email,a summary,email a summary to Tom,62,project_management_tools_get_team,0.46875,0.5041322314049587,0.358695652173913,0.09699533371109043,0.001953125,0.27932960893854747,False
6,Find the latest Nvidia news and email a summary to Tom,2,email,a summary,email a summary to Tom,63,project_management_tools_view_board,0.466796875,0.512396694214876,0.3532608695652174,0.0949944476522172,0.0,0.0,False
6,Find the latest Nvidia news and email a summary to Tom,2,email,a summary,email a summary to Tom,64,railway_tools_project_delete,0.466796875,0.5206611570247934,0.3532608695652174,0.08915058995646055,0.00390625,0.5586592178770949,False
6,Find the latest Nvidia news and email a summary to Tom,2,email,a summary,email a summary to Tom,65,railway_tools_service_restart,0.462890625,0.5289256198347108,0.3423913043478261,0.09099267553447077,0.0,0.0,False
6,Find the latest Nvidia news and email a summary to Tom,2,email,a summary,email a summary to Tom,66,github_mcp_server_list_pull_requests,0.462890625,0.5371900826446281,0.3423913043478261,0.0851488178387142,0.001953125,0.27932960893854747,False
6,Find the latest Nvidia news and email a summary to Tom,2,email,a summary,email a summary to Tom,67,railway_tools_service_update,0.4609375,0.5454545454545454,0.33695652173913043,0.08314793177984113,0.0,0.0,False
6,Find the latest Nvidia news and email a summary to Tom,2,email,a summary,email a summary to Tom,68,sharepoint_tools_get_sharepoint_documents,0.4609375,0.5537190082644629,0.33695652173913043,0.07730407408408439,0.0,0.0,False
6,Find the latest Nvidia news and email a summary to Tom,2,email,a summary,email a summary to Tom,69,carrot_mcp_server_api_list_leave_application,0.4609375,0.5619834710743802,0.33695652173913043,0.07146021638832782,0.001953125,0.27932960893854747,False
6,Find the latest Nvidia news and email a summary to Tom,2,email,a summary,email a summary to Tom,70,supabase_mcp_get_table_schema,0.458984375,0.5702479338842975,0.33152173913043476,0.06945933032945475,0.001953125,0.27932960893854747,False
6,Find the latest Nvidia news and email a summary to Tom,2,email,a summary,email a summary to Tom,71,railway_tools_project_create,0.45703125,0.5785123966942148,0.32608695652173914,0.06745844427058154,0.0,0.0,False
6,Find the latest Nvidia news and email a summary to Tom,2,email,a summary,email a summary to Tom,72,quest_studio_file_storage_delete_file,0.45703125,0.5867768595041323,0.32608695652173914,0.06161458657482489,0.0,0.0,False
6,Find the latest Nvidia news and email a summary to Tom,2,email,a summary,email a summary to Tom,73,project_management_tools_get_user_capacity,0.45703125,0.5950413223140496,0.32608695652173914,0.05577072887906832,0.0,0.0,False
6,Find the latest Nvidia news and email a summary to Tom,2,email,a summary,email a summary to Tom,74,github_mcp_server_merge_pull_request,0.45703125,0.6033057851239669,0.32608695652173914,0.049926871183311745,0.0,0.0,False
6,Find the latest Nvidia news and email a summary to Tom,2,email,a summary,email a summary to Tom,75,project_management_tools_get_sprint,0.45703125,0.6115702479338843,0.32608695652173914,0.044083013487555174,0.001953125,0.27932960893854747,False
6,Find the latest Nvidia news and email a summary to Tom,2,email,a summary,email a summary to Tom,76,project_management_tools_create_sprint,0.455078125,0.6198347107438017,0.32065217391304346,0.042082127428681955,0.0,0.0,False
6,Find the latest Nvidia news and email a summary to Tom,2,email,a summary,email a summary to Tom,77,github_mcp_server_create_pull_request,0.455078125,0.628099173553719,0.32065217391304346,0.036238269732925384,0.0,0.0,False
6,Find the latest Nvidia news and email a summary to Tom,2,email,a summary,email a summary to Tom,78,supabase_mcp_update_database_table_data,0.455078125,0.6363636363636364,0.32065217391304346,0.03039441203716881,0.001953125,0.27932960893854747,False
6,Find the latest Nvidia news and email a summary to Tom,2,email,a summary,email a summary to Tom,79,railway_tools_database_list_types,0.453125,0.6446280991735537,0.31521739130434784,0.028393525978295666,0.0,0.0,False
6,Find the latest Nvidia news and email a summary to Tom,2,email,a summary,email a summary to Tom,80,quest_studio_file_storage_get_file,0.453125,0.6528925619834711,0.31521739130434784,0.02254966828253894,0.001953125,0.27932960893854747,False
6,Find the latest Nvidia news and email a summary to Tom,2,email,a summary,email a summary to Tom,81,project_management_tools_list_team_members,0.451171875,0.6611570247933884,0.30978260869565216,0.020548782223665872,0.001953125,0.27932960893854747,False
6,Find the latest Nvidia news and email a summary to Tom,2,email,a summary,email a summary to Tom,82,project_management_tools_list_teams,0.44921875,0.6694214876033058,0.30434782608695654,0.01854789616479265,0.0,0.0,False
6,Find the latest Nvidia news and email a summary to Tom,2,email,a summary,email a summary to Tom,83,railway_tools_volume_delete,0.44921875,0.6776859504132231,0.30434782608695654,0.01270403846903608,0.001953125,0.27932960893854747,False
6,Find the latest Nvidia news and email a summary to Tom,2,email,a summary,email a summary to Tom,84,railway_tools_service_delete,0.447265625,0.6859504132231405,0.29891304347826086,0.010703152410162857,0.0,0.0,False
6,Find the latest Nvidia news and email a summary to Tom,2,email,a summary,email a summary to Tom,85,supabase_mcp_check_database_health,0.447265625,0.6942148760330579,0.29891304347826086,0.004859294714406285,0.0,0.0,False
6,Find the latest Nvidia news and email a summary to Tom,2,email,a summary,email a summary to Tom,86,project_management_tools_create_work_item,0.447265625,0.7024793388429752,0.29891304347826086,0.000984562981350286,0.001953125,0.27932960893854747,False
6,Find the latest Nvidia news and email a summary to Tom,2,email,a summary,email a summary to Tom,87,project_management_tools_update_user_capacity,0.4453125,0.7107438016528925,0.29347826086956524,0.0029854490402235084,0.0,0.0,False
6,Find the latest Nvidia news and email a summary to Tom,2,email,a summary,email a summary to Tom,88,quest_studio_file_storage_update_file,0.4453125,0.71900826446281,0.29347826086956524,0.00882930673598008,0.0,0.0,False
6,Find the latest Nvidia news and email a summary to Tom,2,email,a summary,email a summary to Tom,89,project_management_tools_add_work_item_comment,0.4453125,0.7272727272727273,0.29347826086956524,0.01467316443173665,0.0,0.0,False
6,Find the latest Nvidia news and email a summary to Tom,2,email,a summary,email a summary to Tom,90,github_mcp_server_get_file_contents,0.4453125,0.7355371900826446,0.29347826086956524,0.020517022127493224,0.001953125,0.27932960893854747,False
6,Find the latest Nvidia news and email a summary to Tom,2,email,a summary,email a summary to Tom,91,project_management_tools_get_work_item_comments,0.443359375,0.743801652892562,0.28804347826086957,0.022517908186366446,0.0,0.0,False
6,Find the latest Nvidia news and email a summary to Tom,2,email,a summary,email a summary to Tom,92,github_mcp_server_create_repository,0.443359375,0.7520661157024794,0.28804347826086957,0.028361765882123018,0.0,0.0,False
6,Find the latest Nvidia news and email a summary to Tom,2,email,a summary,email a summary to Tom,93,supabase_mcp_insert_table_data,0.443359375,0.7603305785123967,0.28804347826086957,0.03420562357787959,0.001953125,0.27932960893854747,False
6,Find the latest Nvidia news and email a summary to Tom,2,email,a summary,email a summary to Tom,94,project_management_tools_delete_team,0.44140625,0.768595041322314,0.2826086956521739,0.03620650963675281,0.0,0.0,False
6,Find the latest Nvidia news and email a summary to Tom,2,email,a summary,email a summary to Tom,95,quest_studio_file_storage_get_files,0.44140625,0.7768595041322314,0.2826086956521739,0.04205036733250938,0.001953125,0.27932960893854747,False
6,Find the latest Nvidia news and email a summary to Tom,2,email,a summary,email a summary to Tom,96,github_mcp_server_update_pull_request,0.439453125,0.7851239669421488,0.27717391304347827,0.044051253391382605,0.001953125,0.27932960893854747,False
6,Find the latest Nvidia news and email a summary to Tom,2,email,a summary,email a summary to Tom,97,github_mcp_server_list_branches,0.4375,0.7933884297520661,0.2717391304347826,0.046052139450255825,0.001953125,0.27932960893854747,False
6,Find the latest Nvidia news and email a summary to Tom,2,email,a summary,email a summary to Tom,98,supabase_mcp_get_all_supabase_projects,0.435546875,0.8016528925619835,0.266304347826087,0.04805302550912889,0.001953125,0.27932960893854747,False
6,Find the latest Nvidia news and email a summary to Tom,2,email,a summary,email a summary to Tom,99,sharepoint_tools_get_sharepoint_sites,0.43359375,0.8099173553719008,0.2608695652173913,0.05005391156800212,0.001953125,0.27932960893854747,False
6,Find the latest Nvidia news and email a summary to Tom,2,email,a summary,email a summary to Tom,100,project_management_tools_assign_work_item,0.431640625,0.8181818181818182,0.2554347826086957,0.052054797626875336,0.001953125,0.27932960893854747,False
6,Find the latest Nvidia news and email a summary to Tom,2,email,a summary,email a summary to Tom,101,project_management_tools_delete_sprint,0.4296875,0.8264462809917356,0.25,0.0540556836857484,0.0,0.0,False
6,Find the latest Nvidia news and email a summary to Tom,2,email,a summary,email a summary to Tom,102,supabase_mcp_get_database_tables,0.4296875,0.8347107438016529,0.25,0.05989954138150513,0.001953125,0.27932960893854747,False
6,Find the latest Nvidia news and email a summary to Tom,2,email,a summary,email a summary to Tom,103,railway_tools_service_create_from_image,0.427734375,0.8429752066115702,0.24456521739130435,0.06190042744037819,0.00390625,0.5586592178770949,False
6,Find the latest Nvidia news and email a summary to Tom,2,email,a summary,email a summary to Tom,104,project_management_tools_update_task_status,0.423828125,0.8512396694214877,0.23369565217391305,0.06005834186236807,0.0,0.0,False
6,Find the latest Nvidia news and email a summary to Tom,2,email,a summary,email a summary to Tom,105,github_mcp_server_create_branch,0.423828125,0.859504132231405,0.23369565217391305,0.06590219955812464,0.001953125,0.27932960893854747,False
6,Find the latest Nvidia news and email a summary to Tom,2,email,a summary,email a summary to Tom,106,web_search_tools_web_search,0.421875,0.8677685950413223,0.22826086956521738,0.0679030856169977,0.001953125,0.27932960893854747,False
6,Find the latest Nvidia news and email a summary to Tom,2,email,a summary,email a summary to Tom,107,project_management_tools_update_work_item,0.419921875,0.8760330578512396,0.22282608695652173,0.06990397167587092,0.0,0.0,False
6,Find the latest Nvidia news and email a summary to Tom,2,email,a summary,email a summary to Tom,108,supabase_mcp_select_database_table_data,0.419921875,0.8842975206611571,0.22282608695652173,0.07574782937162766,0.005859375,0.8379888268156425,False
6,Find the latest Nvidia news and email a summary to Tom,2,email,a summary,email a summary to Tom,109,project_management_tools_get_work_item,0.4140625,0.8925619834710744,0.20652173913043478,0.07006277215673387,0.001953125,0.27932960893854747,False
6,Find the latest Nvidia news and email a summary to Tom,2,email,a summary,email a summary to Tom,110,railway_tools_volume_list,0.412109375,0.9008264462809917,0.20108695652173914,0.07206365821560709,0.0,0.0,False
6,Find the latest Nvidia news and email a summary to Tom,2,email,a summary,email a summary to Tom,111,railway_tools_volume_update,0.412109375,0.9090909090909091,0.20108695652173914,0.07790751591136366,0.001953125,0.27932960893854747,False
6,Find the latest Nvidia news and email a summary to Tom,2,email,a summary,email a summary to Tom,112,github_mcp_server_push_files,0.41015625,0.9173553719008265,0.1956521739130435,0.07990840197023688,0.0078125,1.1173184357541899,False
6,Find the latest Nvidia news and email a summary to Tom,2,email,a summary,email a summary to Tom,113,project_management_tools_create_project,0.40234375,0.9256198347107438,0.17391304347826086,0.07038037311845975,0.0,0.0,False
6,Find the latest Nvidia news and email a summary to Tom,2,email,a summary,email a summary to Tom,114,project_management_tools_delete_work_item,0.40234375,0.9338842975206612,0.17391304347826086,0.07622423081421648,0.005859375,0.8379888268156425,False
6,Find the latest Nvidia news and email a summary to Tom,2,email,a summary,email a summary to Tom,115,project_management_tools_list_users,0.396484375,0.9421487603305785,0.15760869565217392,0.07053917359932269,0.005859375,0.8379888268156425,False
6,Find the latest Nvidia news and email a summary to Tom,2,email,a summary,email a summary to Tom,116,github_mcp_server_delete_file,0.390625,0.9504132231404959,0.14130434782608695,0.06485411638442921,0.00390625,0.5586592178770949,False
6,Find the latest Nvidia news and email a summary to Tom,2,email,a summary,email a summary to Tom,117,quest_studio_file_storage_query_files,0.38671875,0.9586776859504132,0.13043478260869565,0.06301203080641893,0.0,0.0,False
6,Find the latest Nvidia news and email a summary to Tom,2,email,a summary,email a summary to Tom,118,railway_tools_volume_create,0.38671875,0.9669421487603306,0.13043478260869565,0.0688558885021755,0.0078125,1.1173184357541899,False
6,Find the latest Nvidia news and email a summary to Tom,2,email,a summary,email a summary to Tom,119,project_management_tools_list_projects,0.37890625,0.9752066115702479,0.10869565217391304,0.059327859650398364,0.005859375,0.8379888268156425,False
6,Find the latest Nvidia news and email a summary to Tom,2,email,a summary,email a summary to Tom,120,project_management_tools_get_project,0.373046875,0.9834710743801653,0.09239130434782608,0.053642802435504885,0.01171875,1.675977653631285,False
6,Find the latest Nvidia news and email a summary to Tom,2,email,a summary,email a summary to Tom,121,project_management_tools_update_project,0.361328125,0.9917355371900827,0.059782608695652176,0.03642883030996089,0.021484375,3.072625698324022,False
6,Find the latest Nvidia news and email a summary to Tom,2,email,a summary,email a summary to Tom,122,project_management_tools_delete_project,0.33984375,1.0,0.0,0.0,,,False
7,Get the current sprint work items and create a Word report,1,get,the current sprint work items,Get the current sprint work items,1,project_management_tools_list_work_items,0.73828125,0.0,1.0,0.0,0.0234375,3.1746031746031744,False
7,Get the current sprint work items and create a Word report,1,get,the current sprint work items,Get the current sprint work items,2,project_management_tools_list_sprints,0.71484375,0.008264462809917356,0.9520958083832335,0.028029521043718787,0.0078125,1.0582010582010581,False
7,Get the current sprint work items and create a Word report,1,get,the current sprint work items,Get the current sprint work items,3,project_management_tools_get_sprint,0.70703125,0.01652892561983471,0.936127744510978,0.033476789594453896,0.015625,2.1164021164021163,False
7,Get the current sprint work items and create a Word report,1,get,the current sprint work items,Get the current sprint work items,4,project_management_tools_get_work_item,0.69140625,0.024793388429752067,0.9041916167664671,0.05021518439168085,0.01171875,1.5873015873015872,False
7,Get the current sprint work items and create a Word report,1,get,the current sprint work items,Get the current sprint work items,5,project_management_tools_export_sprint_to_sharepoint,0.6796875,0.03305785123966942,0.8802395209580839,0.06130801606566192,0.015625,2.1164021164021163,False
7,Get the current sprint work items and create a Word report,1,get,the current sprint work items,Get the current sprint work items,6,project_management_tools_create_work_item,0.6640625,0.04132231404958678,0.8483033932135728,0.07804641086288895,0.01171875,1.5873015873015872,False
7,Get the current sprint work items and create a Word report,1,get,the current sprint work items,Get the current sprint work items,7,project_management_tools_update_work_item,0.65234375,0.049586776859504134,0.8243512974051896,0.08913924253686993,0.0,0.0,False
7,Get the current sprint work items and create a Word report,1,get,the current sprint work items,Get the current sprint work items,8,project_management_tools_get_user_capacity,0.65234375,0.05785123966942149,0.8243512974051896,0.08329538484111336,0.015625,2.1164021164021163,False
7,Get the current sprint work items and create a Word report,1,get,the current sprint work items,Get the current sprint work items,9,project_management_tools_create_sprint,0.63671875,0.06611570247933884,0.7924151696606786,0.1000337796383404,0.01171875,1.5873015873015872,False
7,Get the current sprint work items and create a Word report,1,get,the current sprint work items,Get the current sprint work items,10,project_management_tools_get_work_item_comments,0.625,0.0743801652892562,0.7684630738522954,0.11112661131232146,0.00390625,0.5291005291005291,False
7,Get the current sprint work items and create a Word report,1,get,the current sprint work items,Get the current sprint work items,11,project_management_tools_delete_sprint,0.62109375,0.08264462809917356,0.7604790419161677,0.1109283167398107,0.0,0.0,False
7,Get the current sprint work items and create a Word report,1,get,the current sprint work items,Get the current sprint work items,12,project_management_tools_delete_work_item,0.62109375,0.09090909090909091,0.7604790419161677,0.10508445904405413,0.02734375,3.7037037037037033,False
7,Get the current sprint work items and create a Word report,1,get,the current sprint work items,Get the current sprint work items,13,project_management_tools_assign_work_item,0.59375,0.09917355371900827,0.7045908183632734,0.1387595432110188,0.01171875,1.5873015873015872,False
7,Get the current sprint work items and create a Word report,1,get,the current sprint work items,Get the current sprint work items,14,project_management_tools_update_user_capacity,0.58203125,0.10743801652892562,0.6806387225548902,0.14985237488499986,0.0078125,1.0582010582010581,False
7,Get the current sprint work items and create a Word report,1,get,the current sprint work items,Get the current sprint work items,15,carrot_mcp_server_api_work_hours_summary,0.57421875,0.11570247933884298,0.6646706586826348,0.15529964343573496,0.0078125,1.0582010582010581,False
7,Get the current sprint work items and create a Word report,1,get,the current sprint work items,Get the current sprint work items,16,project_management_tools_list_team_members,0.56640625,0.12396694214876033,0.6487025948103793,0.16074691198647015,0.0078125,1.0582010582010581,False
7,Get the current sprint work items and create a Word report,1,get,the current sprint work items,Get the current sprint work items,17,project_management_tools_update_task_status,0.55859375,0.1322314049586777,0.6327345309381237,0.16619418053720542,0.015625,2.1164021164021163,False
7,Get the current sprint work items and create a Word report,1,get,the current sprint work items,Get the current sprint work items,18,project_management_tools_list_teams,0.54296875,0.14049586776859505,0.6007984031936128,0.18293257533443238,0.0,0.0,True
7,Get the current sprint work items and create a Word report,1,get,the current sprint work items,Get the current sprint work items,19,project_management_tools_view_board,0.54296875,0.1487603305785124,0.6007984031936128,0.17708871763867573,0.00390625,0.5291005291005291,False
7,Get the current sprint work items and create a Word report,1,get,the current sprint work items,Get the current sprint work items,20,railway_tools_project_info,0.5390625,0.15702479338842976,0.592814371257485,0.17689042306616504,0.0,0.0,False
7,Get the current sprint work items and create a Word report,1,get,the current sprint work items,Get the current sprint work items,21,railway_tools_project_environments,0.5390625,0.1652892561983471,0.592814371257485,0.17104656537040847,0.01171875,1.5873015873015872,False
7,Get the current sprint work items and create a Word report,1,get,the current sprint work items,Get the current sprint work items,22,railway_tools_service_list,0.52734375,0.17355371900826447,0.5688622754491018,0.18213939704438953,0.0,0.0,False
7,Get the current sprint work items and create a Word report,1,get,the current sprint work items,Get the current sprint work items,23,carrot_mcp_server_api_list_employees,0.52734375,0.18181818181818182,0.5688622754491018,0.17629553934863296,0.0,0.0,False
7,Get the current sprint work items and create a Word report,1,get,the current sprint work items,Get the current sprint work items,24,project_management_tools_get_team,0.52734375,0.19008264462809918,0.5688622754491018,0.1704516816528763,0.00390625,0.5291005291005291,False
7,Get the current sprint work items and create a Word report,1,get,the current sprint work items,Get the current sprint work items,25,project_management_tools_list_projects,0.5234375,0.19834710743801653,0.5608782435129741,0.1702533870803656,0.00390625,0.5291005291005291,False
7,Get the current sprint work items and create a Word report,1,get,the current sprint work items,Get the current sprint work items,26,railway_tools_project_list,0.51953125,0.2066115702479339,0.5528942115768463,0.170055092507855,0.0,0.0,False
7,Get the current sprint work items and create a Word report,1,get,the current sprint work items,Get the current sprint work items,27,carrot_mcp_server_api_log_hours_entry,0.51953125,0.21487603305785125,0.5528942115768463,0.16421123481209843,0.00390625,0.5291005291005291,False
7,Get the current sprint work items and create a Word report,1,get,the current sprint work items,Get the current sprint work items,28,project_management_tools_add_work_item_comment,0.515625,0.2231404958677686,0.5449101796407185,0.16401294023958768,0.01171875,1.5873015873015872,False
7,Get the current sprint work items and create a Word report,1,get,the current sprint work items,Get the current sprint work items,29,railway_tools_service_info,0.50390625,0.23140495867768596,0.5209580838323353,0.17510577191356874,0.0,0.0,False
7,Get the current sprint work items and create a Word report,1,get,the current sprint work items,Get the current sprint work items,30,project_management_tools_list_users,0.50390625,0.2396694214876033,0.5209580838323353,0.16926191421781217,0.00390625,0.5291005291005291,False
7,Get the current sprint work items and create a Word report,1,get,the current sprint work items,Get the current sprint work items,31,carrot_mcp_server_api_get_employee,0.5,0.24793388429752067,0.5129740518962076,0.1690636196453014,0.0,0.0,False
7,Get the current sprint work items and create a Word report,1,get,the current sprint work items,Get the current sprint work items,32,supabase_mcp_select_database_table_data,0.5,0.256198347107438,0.5129740518962076,0.16321976194954482,0.00390625,0.5291005291005291,False
7,Get the current sprint work items and create a Word report,1,get,the current sprint work items,Get the current sprint work items,33,carrot_mcp_server_api_hr_dashboard_summary,0.49609375,0.2644628099173554,0.5049900199600799,0.16302146737703413,0.0,0.0,False
7,Get the current sprint work items and create a Word report,1,get,the current sprint work items,Get the current sprint work items,34,sharepoint_tools_get_sharepoint_sites,0.49609375,0.2727272727272727,0.5049900199600799,0.15717760968127756,0.001953125,0.26455026455026454,False
7,Get the current sprint work items and create a Word report,1,get,the current sprint work items,Get the current sprint work items,35,supabase_mcp_get_all_supabase_projects,0.494140625,0.2809917355371901,0.500998003992016,0.15415653354714384,0.001953125,0.26455026455026454,False
7,Get the current sprint work items and create a Word report,1,get,the current sprint work items,Get the current sprint work items,36,office_word_mcp_server_api_list_files,0.4921875,0.2892561983471074,0.49700598802395207,0.1511354574130103,0.001953125,0.26455026455026454,False
7,Get the current sprint work items and create a Word report,1,get,the current sprint work items,Get the current sprint work items,37,sharepoint_tools_get_sharepoint_documents,0.490234375,0.2975206611570248,0.4930139720558882,0.1481143812788766,0.0,0.0,False
7,Get the current sprint work items and create a Word report,1,get,the current sprint work items,Get the current sprint work items,38,project_management_tools_get_project,0.490234375,0.30578512396694213,0.4930139720558882,0.14227052358312003,0.009765625,1.3227513227513228,False
7,Get the current sprint work items and create a Word report,1,get,the current sprint work items,Get the current sprint work items,39,github_mcp_server_list_commits,0.48046875,0.3140495867768595,0.47305389221556887,0.15054057369547816,0.001953125,0.26455026455026454,False
7,Get the current sprint work items and create a Word report,1,get,the current sprint work items,Get the current sprint work items,40,railway_tools_project_create,0.478515625,0.32231404958677684,0.469061876247505,0.14751949756134453,0.0,0.0,False
7,Get the current sprint work items and create a Word report,1,get,the current sprint work items,Get the current sprint work items,41,github_mcp_server_pull_request_read,0.478515625,0.3305785123966942,0.469061876247505,0.14167563986558795,0.001953125,0.26455026455026454,False
7,Get the current sprint work items and create a Word report,1,get,the current sprint work items,Get the current sprint work items,42,github_mcp_server_list_branches,0.4765625,0.33884297520661155,0.46506986027944114,0.13865456373145424,0.001953125,0.26455026455026454,False
7,Get the current sprint work items and create a Word report,1,get,the current sprint work items,Get the current sprint work items,43,railway_tools_project_delete,0.474609375,0.34710743801652894,0.46107784431137727,0.1356334875973206,0.001953125,0.26455026455026454,False
7,Get the current sprint work items and create a Word report,1,get,the current sprint work items,Get the current sprint work items,44,supabase_mcp_get_database_tables,0.47265625,0.35537190082644626,0.45708582834331335,0.13261241146318697,0.0,0.0,False
7,Get the current sprint work items and create a Word report,1,get,the current sprint work items,Get the current sprint work items,45,quest_studio_file_storage_get_files,0.47265625,0.36363636363636365,0.45708582834331335,0.1267685537674304,0.0,0.0,False
7,Get the current sprint work items and create a Word report,1,get,the current sprint work items,Get the current sprint work items,46,github_mcp_server_list_pull_requests,0.47265625,0.371900826446281,0.45708582834331335,0.12092469607167383,0.001953125,0.26455026455026454,False
7,Get the current sprint work items and create a Word report,1,get,the current sprint work items,Get the current sprint work items,47,supabase_mcp_get_table_schema,0.470703125,0.38016528925619836,0.4530938123752495,0.11790361993754013,0.00390625,0.5291005291005291,False
7,Get the current sprint work items and create a Word report,1,get,the current sprint work items,Get the current sprint work items,48,railway_tools_volume_list,0.466796875,0.3884297520661157,0.44510978043912175,0.11770532536502944,0.001953125,0.26455026455026454,False
7,Get the current sprint work items and create a Word report,1,get,the current sprint work items,Get the current sprint work items,49,railway_tools_service_delete,0.46484375,0.39669421487603307,0.4411177644710579,0.1146842492308958,0.005859375,0.7936507936507936,False
7,Get the current sprint work items and create a Word report,1,get,the current sprint work items,Get the current sprint work items,50,carrot_mcp_server_api_create_employee,0.458984375,0.4049586776859504,0.4291417165668663,0.11730873622000805,0.001953125,0.26455026455026454,False
7,Get the current sprint work items and create a Word report,1,get,the current sprint work items,Get the current sprint work items,51,office_word_mcp_server_api_get_document_info,0.45703125,0.4132231404958678,0.4251497005988024,0.11428766008587433,0.00390625,0.5291005291005291,False
7,Get the current sprint work items and create a Word report,1,get,the current sprint work items,Get the current sprint work items,52,project_management_tools_delete_team,0.453125,0.4214876033057851,0.4171656686626746,0.11408936551336372,0.0,0.0,False
7,Get the current sprint work items and create a Word report,1,get,the current sprint work items,Get the current sprint work items,53,supabase_mcp_check_database_health,0.453125,0.4297520661157025,0.4171656686626746,0.10824550781760708,0.0,0.0,False
7,Get the current sprint work items and create a Word report,1,get,the current sprint work items,Get the current sprint work items,54,carrot_mcp_server_api_update_employee,0.453125,0.4380165289256198,0.4171656686626746,0.10240165012185051,0.001953125,0.26455026455026454,False
7,Get the current sprint work items and create a Word report,1,get,the current sprint work items,Get the current sprint work items,55,office_word_mcp_server_api_get_document_xml,0.451171875,0.4462809917355372,0.41317365269461076,0.09938057398771688,0.0,0.0,False
7,Get the current sprint work items and create a Word report,1,get,the current sprint work items,Get the current sprint work items,56,office_word_mcp_server_api_get_document_outline,0.451171875,0.45454545454545453,0.41317365269461076,0.09353671629196031,0.001953125,0.26455026455026454,False
7,Get the current sprint work items and create a Word report,1,get,the current sprint work items,Get the current sprint work items,57,github_mcp_server_get_me,0.44921875,0.4628099173553719,0.4091816367265469,0.09051564015782668,0.001953125,0.26455026455026454,False
7,Get the current sprint work items and create a Word report,1,get,the current sprint work items,Get the current sprint work items,58,office_word_mcp_server_api_copy_document,0.447265625,0.47107438016528924,0.405189620758483,0.08749456402369296,0.0,0.0,False
7,Get the current sprint work items and create a Word report,1,get,the current sprint work items,Get the current sprint work items,59,railway_tools_database_list_types,0.447265625,0.4793388429752066,0.405189620758483,0.08165070632793639,0.001953125,0.26455026455026454,False
7,Get the current sprint work items and create a Word report,1,get,the current sprint work items,Get the current sprint work items,60,supabase_mcp_update_database_table_data,0.4453125,0.48760330578512395,0.40119760479041916,0.07862963019380276,0.00390625,0.5291005291005291,False
7,Get the current sprint work items and create a Word report,1,get,the current sprint work items,Get the current sprint work items,61,quest_studio_file_storage_get_storage_usage,0.44140625,0.49586776859504134,0.3932135728542914,0.078431335621292,0.0,0.0,False
7,Get the current sprint work items and create a Word report,1,get,the current sprint work items,Get the current sprint work items,62,railway_tools_service_create_from_repo,0.44140625,0.5041322314049587,0.3932135728542914,0.07258747792553542,0.001953125,0.26455026455026454,False
7,Get the current sprint work items and create a Word report,1,get,the current sprint work items,Get the current sprint work items,63,github_mcp_server_get_commit,0.439453125,0.512396694214876,0.38922155688622756,0.06956640179140187,0.001953125,0.26455026455026454,False
7,Get the current sprint work items and create a Word report,1,get,the current sprint work items,Get the current sprint work items,64,quest_studio_file_storage_query_files,0.4375,0.5206611570247934,0.3852295409181637,0.06654532565726816,0.0,0.0,False
7,Get the current sprint work items and create a Word report,1,get,the current sprint work items,Get the current sprint work items,65,github_mcp_server_create_or_update_file,0.4375,0.5289256198347108,0.3852295409181637,0.06070146796151159,0.00390625,0.5291005291005291,False
7,Get the current sprint work items and create a Word report,1,get,the current sprint work items,Get the current sprint work items,66,project_management_tools_create_team,0.43359375,0.5371900826446281,0.3772455089820359,0.060503173389000894,0.005859375,0.7936507936507936,False
7,Get the current sprint work items and create a Word report,1,get,the current sprint work items,Get the current sprint work items,67,github_mcp_server_search_repositories,0.427734375,0.5454545454545454,0.3652694610778443,0.06312766037811314,0.0,0.0,False
7,Get the current sprint work items and create a Word report,1,get,the current sprint work items,Get the current sprint work items,68,office_word_mcp_server_api_get_document_text,0.427734375,0.5537190082644629,0.3652694610778443,0.05728380268235649,0.001953125,0.26455026455026454,False
7,Get the current sprint work items and create a Word report,1,get,the current sprint work items,Get the current sprint work items,69,supabase_mcp_insert_table_data,0.42578125,0.5619834710743802,0.36127744510978044,0.05426272654822287,0.001953125,0.26455026455026454,False
7,Get the current sprint work items and create a Word report,1,get,the current sprint work items,Get the current sprint work items,70,github_mcp_server_get_file_contents,0.423828125,0.5702479338842975,0.35728542914171657,0.051241650414089235,0.001953125,0.26455026455026454,False
7,Get the current sprint work items and create a Word report,1,get,the current sprint work items,Get the current sprint work items,71,quest_studio_file_storage_get_file,0.421875,0.5785123966942148,0.3532934131736527,0.0482205742799556,0.0,0.0,False
7,Get the current sprint work items and create a Word report,1,get,the current sprint work items,Get the current sprint work items,72,office_word_mcp_server_api_create_word_document,0.421875,0.5867768595041323,0.3532934131736527,0.042376716584198955,0.001953125,0.26455026455026454,False
7,Get the current sprint work items and create a Word report,1,get,the current sprint work items,Get the current sprint work items,73,carrot_mcp_server_api_list_leave_application,0.419921875,0.5950413223140496,0.34930139720558884,0.03935564045006532,0.0,0.0,False
7,Get the current sprint work items and create a Word report,1,get,the current sprint work items,Get the current sprint work items,74,sharepoint_tools_create_txt_file_in_sharepoint,0.419921875,0.6033057851239669,0.34930139720558884,0.03351178275430875,0.0,0.0,False
7,Get the current sprint work items and create a Word report,1,get,the current sprint work items,Get the current sprint work items,75,gmail_tools_get_google_emails,0.419921875,0.6115702479338843,0.34930139720558884,0.02766792505855218,0.00390625,0.5291005291005291,False
7,Get the current sprint work items and create a Word report,1,get,the current sprint work items,Get the current sprint work items,76,railway_tools_service_restart,0.416015625,0.6198347107438017,0.3413173652694611,0.02746963048604141,0.001953125,0.26455026455026454,False
7,Get the current sprint work items and create a Word report,1,get,the current sprint work items,Get the current sprint work items,77,railway_tools_service_update,0.4140625,0.628099173553719,0.3373253493013972,0.024448554351907858,0.001953125,0.26455026455026454,False
7,Get the current sprint work items and create a Word report,1,get,the current sprint work items,Get the current sprint work items,78,quest_studio_file_storage_get_file_content,0.412109375,0.6363636363636364,0.3333333333333333,0.021427478217774146,0.001953125,0.26455026455026454,False
7,Get the current sprint work items and create a Word report,1,get,the current sprint work items,Get the current sprint work items,79,office_word_mcp_server_api_find_text_in_document,0.41015625,0.6446280991735537,0.32934131736526945,0.018406402083640593,0.0,0.0,False
7,Get the current sprint work items and create a Word report,1,get,the current sprint work items,Get the current sprint work items,80,office_word_mcp_server_api_merge_doucments,0.41015625,0.6528925619834711,0.32934131736526945,0.012562544387883866,0.00390625,0.5291005291005291,False
7,Get the current sprint work items and create a Word report,1,get,the current sprint work items,Get the current sprint work items,81,github_mcp_server_merge_pull_request,0.40625,0.6611570247933884,0.3213572854291417,0.012364249815373174,0.001953125,0.26455026455026454,False
7,Get the current sprint work items and create a Word report,1,get,the current sprint work items,Get the current sprint work items,82,github_mcp_server_update_pull_request,0.404296875,0.6694214876033058,0.31736526946107785,0.009343173681239622,0.001953125,0.26455026455026454,False
7,Get the current sprint work items and create a Word report,1,get,the current sprint work items,Get the current sprint work items,83,project_management_tools_create_project,0.40234375,0.6776859504132231,0.313373253493014,0.006322097547105912,0.001953125,0.26455026455026454,False
7,Get the current sprint work items and create a Word report,1,get,the current sprint work items,Get the current sprint work items,84,office_word_mcp_server_api_search_replace,0.400390625,0.6859504132231405,0.3093812375249501,0.003301021412972203,0.0,0.0,False
7,Get the current sprint work items and create a Word report,1,get,the current sprint work items,Get the current sprint work items,85,office_word_mcp_server_api_delete_document,0.400390625,0.6942148760330579,0.3093812375249501,0.002542836282784368,0.001953125,0.26455026455026454,False
7,Get the current sprint work items and create a Word report,1,get,the current sprint work items,Get the current sprint work items,86,railway_tools_service_create_from_image,0.3984375,0.7024793388429752,0.30538922155688625,0.005563912416917921,0.0,0.0,False
7,Get the current sprint work items and create a Word report,1,get,the current sprint work items,Get the current sprint work items,87,office_word_mcp_server_api_add_table,0.3984375,0.7107438016528925,0.30538922155688625,0.011407770112674492,0.00390625,0.5291005291005291,False
7,Get the current sprint work items and create a Word report,1,get,the current sprint work items,Get the current sprint work items,88,project_management_tools_update_project,0.39453125,0.71900826446281,0.29740518962075846,0.01160606468518534,0.0,0.0,False
7,Get the current sprint work items and create a Word report,1,get,the current sprint work items,Get the current sprint work items,89,office_word_mcp_server_api_convert_to_pdf,0.39453125,0.7272727272727273,0.29740518962075846,0.017449922380941753,0.001953125,0.26455026455026454,False
7,Get the current sprint work items and create a Word report,1,get,the current sprint work items,Get the current sprint work items,90,outlook_mail_management_search_outlook_mail,0.392578125,0.7355371900826446,0.2934131736526946,0.020470998515075466,0.0,0.0,False
7,Get the current sprint work items and create a Word report,1,get,the current sprint work items,Get the current sprint work items,91,github_mcp_server_create_pull_request,0.392578125,0.743801652892562,0.2934131736526946,0.026314856210832037,0.00390625,0.5291005291005291,False
7,Get the current sprint work items and create a Word report,1,get,the current sprint work items,Get the current sprint work items,92,office_word_mcp_server_api_get_paragraph_text_from_document,0.388671875,0.7520661157024794,0.28542914171656686,0.026513150783342883,0.0,0.0,False
7,Get the current sprint work items and create a Word report,1,get,the current sprint work items,Get the current sprint work items,93,railway_tools_volume_delete,0.388671875,0.7603305785123967,0.28542914171656686,0.032357008479099295,0.00390625,0.5291005291005291,False
7,Get the current sprint work items and create a Word report,1,get,the current sprint work items,Get the current sprint work items,94,outlook_mail_management_get_email_messages,0.384765625,0.768595041322314,0.2774451097804391,0.03255530305160999,0.001953125,0.26455026455026454,False
7,Get the current sprint work items and create a Word report,1,get,the current sprint work items,Get the current sprint work items,95,office_word_mcp_server_api_add_picture,0.3828125,0.7768595041322314,0.27345309381237526,0.035576379185743696,0.005859375,0.7936507936507936,False
7,Get the current sprint work items and create a Word report,1,get,the current sprint work items,Get the current sprint work items,96,carrot_mcp_server_api_update_leave_application,0.376953125,0.7851239669421488,0.26147704590818366,0.03295189219663153,0.0,0.0,False
7,Get the current sprint work items and create a Word report,1,get,the current sprint work items,Get the current sprint work items,97,project_management_tools_delete_project,0.376953125,0.7933884297520661,0.26147704590818366,0.0387957498923881,0.0,0.0,False
7,Get the current sprint work items and create a Word report,1,get,the current sprint work items,Get the current sprint work items,98,carrot_mcp_server_api_create_leave_application,0.376953125,0.8016528925619835,0.26147704590818366,0.04463960758814467,0.001953125,0.26455026455026454,False
7,Get the current sprint work items and create a Word report,1,get,the current sprint work items,Get the current sprint work items,99,office_word_mcp_server_api_add_page_break,0.375,0.8099173553719008,0.25748502994011974,0.047660683722278226,0.005859375,0.7936507936507936,False
7,Get the current sprint work items and create a Word report,1,get,the current sprint work items,Get the current sprint work items,100,web_search_tools_web_search,0.369140625,0.8181818181818182,0.24550898203592814,0.04503619673316605,0.001953125,0.26455026455026454,False
7,Get the current sprint work items and create a Word report,1,get,the current sprint work items,Get the current sprint work items,101,office_word_mcp_server_api_add_paragraph,0.3671875,0.8264462809917356,0.24151696606786427,0.048057272867299765,0.0,0.0,False
7,Get the current sprint work items and create a Word report,1,get,the current sprint work items,Get the current sprint work items,102,office_word_mcp_server_api_add_heading,0.3671875,0.8347107438016529,0.24151696606786427,0.053901130563056336,0.00390625,0.5291005291005291,False
7,Get the current sprint work items and create a Word report,1,get,the current sprint work items,Get the current sprint work items,103,gmail_tools_reply_google_email,0.36328125,0.8429752066115702,0.23353293413173654,0.05409942513556702,0.001953125,0.26455026455026454,False
7,Get the current sprint work items and create a Word report,1,get,the current sprint work items,Get the current sprint work items,104,gmail_tools_forward_google_email,0.361328125,0.8512396694214877,0.22954091816367264,0.05712050126970073,0.0,0.0,False
7,Get the current sprint work items and create a Word report,1,get,the current sprint work items,Get the current sprint work items,105,github_mcp_server_create_branch,0.361328125,0.859504132231405,0.22954091816367264,0.06296435896545731,0.001953125,0.26455026455026454,False
7,Get the current sprint work items and create a Word report,1,get,the current sprint work items,Get the current sprint work items,106,office_word_mcp_server_api_delete_paragraph,0.359375,0.8677685950413223,0.22554890219560877,0.06598543509959086,0.0,0.0,False
7,Get the current sprint work items and create a Word report,1,get,the current sprint work items,Get the current sprint work items,107,carrot_mcp_server_api_submit_leave_application,0.359375,0.8760330578512396,0.22554890219560877,0.07182929279534743,0.0078125,1.0582010582010581,False
7,Get the current sprint work items and create a Word report,1,get,the current sprint work items,Get the current sprint work items,108,github_mcp_server_create_repository,0.3515625,0.8842975206611571,0.20958083832335328,0.06638202424461224,0.001953125,0.26455026455026454,False
7,Get the current sprint work items and create a Word report,1,get,the current sprint work items,Get the current sprint work items,109,outlook_mail_management_find_email_address,0.349609375,0.8925619834710744,0.2055888223552894,0.06940310037874595,0.009765625,1.3227513227513228,False
7,Get the current sprint work items and create a Word report,1,get,the current sprint work items,Get the current sprint work items,110,github_mcp_server_push_files,0.33984375,0.9008264462809917,0.18562874251497005,0.06113305026638774,0.001953125,0.26455026455026454,False
7,Get the current sprint work items and create a Word report,1,get,the current sprint work items,Get the current sprint work items,111,gmail_tools_send_google_email,0.337890625,0.9090909090909091,0.18163672654690619,0.06415412640052146,0.001953125,0.26455026455026454,False
7,Get the current sprint work items and create a Word report,1,get,the current sprint work items,Get the current sprint work items,112,railway_tools_volume_create,0.3359375,0.9173553719008265,0.17764471057884232,0.06717520253465516,0.00390625,0.5291005291005291,False
7,Get the current sprint work items and create a Word report,1,get,the current sprint work items,Get the current sprint work items,113,quest_studio_file_storage_delete_file,0.33203125,0.9256198347107438,0.16966067864271456,0.06737349710716585,0.00390625,0.5291005291005291,False
7,Get the current sprint work items and create a Word report,1,get,the current sprint work items,Get the current sprint work items,114,outlook_mail_management_forward_email,0.328125,0.9338842975206612,0.16167664670658682,0.06757179167967654,0.00390625,0.5291005291005291,False
7,Get the current sprint work items and create a Word report,1,get,the current sprint work items,Get the current sprint work items,115,outlook_mail_management_reply_to_email,0.32421875,0.9421487603305785,0.1536926147704591,0.06777008625218724,0.001953125,0.26455026455026454,False
7,Get the current sprint work items and create a Word report,1,get,the current sprint work items,Get the current sprint work items,116,railway_tools_volume_update,0.322265625,0.9504132231404959,0.1497005988023952,0.07079116238632094,0.009765625,1.3227513227513228,False
7,Get the current sprint work items and create a Word report,1,get,the current sprint work items,Get the current sprint work items,117,quest_studio_file_storage_update_file,0.3125,0.9586776859504132,0.12974051896207583,0.06252111227396273,0.001953125,0.26455026455026454,False
7,Get the current sprint work items and create a Word report,1,get,the current sprint work items,Get the current sprint work items,118,gmail_tools_delete_google_email,0.310546875,0.9669421487603306,0.12574850299401197,0.06554218840809645,0.009765625,1.3227513227513228,False
7,Get the current sprint work items and create a Word report,1,get,the current sprint work items,Get the current sprint work items,119,github_mcp_server_delete_file,0.30078125,0.9752066115702479,0.10578842315369262,0.05727213829573824,0.0078125,1.0582010582010581,False
7,Get the current sprint work items and create a Word report,1,get,the current sprint work items,Get the current sprint work items,120,outlook_mail_management_compose_email,0.29296875,0.9834710743801653,0.08982035928143713,0.05182486974500305,0.01171875,1.5873015873015872,False
7,Get the current sprint work items and create a Word report,1,get,the current sprint work items,Get the current sprint work items,121,outlook_mail_management_delete_email_message,0.28125,0.9917355371900827,0.0658682634730539,0.04073203807102198,0.0322265625,4.365079365079365,False
7,Get the current sprint work items and create a Word report,1,get,the current sprint work items,Get the current sprint work items,122,outlook_mail_management_send_email,0.2490234375,1.0,0.0,0.0,,,False
7,Get the current sprint work items and create a Word report,2,create,a Word report,create a Word report,1,office_word_mcp_server_api_add_table,0.68359375,0.0,1.0,0.0,0.0,0.0,False
7,Get the current sprint work items and create a Word report,2,create,a Word report,create a Word report,2,office_word_mcp_server_api_create_word_document,0.68359375,0.008264462809917356,1.0,0.005843857695756571,0.01171875,1.7142857142857144,False
7,Get the current sprint work items and create a Word report,2,create,a Word report,create a Word report,3,office_word_mcp_server_api_add_heading,0.671875,0.01652892561983471,0.9732142857142857,0.007252644818840741,0.0,0.0,False
7,Get the current sprint work items and create a Word report,2,create,a Word report,create a Word report,4,office_word_mcp_server_api_add_paragraph,0.671875,0.024793388429752067,0.9732142857142857,0.0014087871230841693,0.03125,4.571428571428571,False
7,Get the current sprint work items and create a Word report,2,create,a Word report,create a Word report,5,office_word_mcp_server_api_add_picture,0.640625,0.03305785123966942,0.9017857142857143,0.04607255665493811,0.0,0.0,False
7,Get the current sprint work items and create a Word report,2,create,a Word report,create a Word report,6,office_word_mcp_server_api_add_page_break,0.640625,0.04132231404958678,0.9017857142857143,0.04022869895918154,0.01953125,2.857142857142857,False
7,Get the current sprint work items and create a Word report,2,create,a Word report,create a Word report,7,office_word_mcp_server_api_convert_to_pdf,0.62109375,0.049586776859504134,0.8571428571428571,0.0659521082806816,0.01171875,1.7142857142857144,False
7,Get the current sprint work items and create a Word report,2,create,a Word report,create a Word report,8,office_word_mcp_server_api_get_document_outline,0.609375,0.05785123966942149,0.8303571428571429,0.07904861079527883,0.0078125,1.1428571428571428,False
7,Get the current sprint work items and create a Word report,2,create,a Word report,create a Word report,9,office_word_mcp_server_api_copy_document,0.6015625,0.06611570247933884,0.8125,0.08583165990642493,0.00390625,0.5714285714285714,False
7,Get the current sprint work items and create a Word report,2,create,a Word report,create a Word report,10,office_word_mcp_server_api_get_document_text,0.59765625,0.0743801652892562,0.8035714285714286,0.08630125561411965,0.00390625,0.5714285714285714,False
7,Get the current sprint work items and create a Word report,2,create,a Word report,create a Word report,11,office_word_mcp_server_api_get_document_xml,0.59375,0.08264462809917356,0.7946428571428571,0.08677085132181438,0.0,0.0,False
7,Get the current sprint work items and create a Word report,2,create,a Word report,create a Word report,12,office_word_mcp_server_api_get_document_info,0.59375,0.09090909090909091,0.7946428571428571,0.0809269936260578,0.01171875,1.7142857142857144,False
7,Get the current sprint work items and create a Word report,2,create,a Word report,create a Word report,13,office_word_mcp_server_api_merge_doucments,0.58203125,0.09917355371900827,0.7678571428571429,0.09402349614065511,0.0234375,3.428571428571429,False
7,Get the current sprint work items and create a Word report,2,create,a Word report,create a Word report,14,office_word_mcp_server_api_list_files,0.55859375,0.10743801652892562,0.7142857142857143,0.12606035886560646,0.00390625,0.5714285714285714,False
7,Get the current sprint work items and create a Word report,2,create,a Word report,create a Word report,15,office_word_mcp_server_api_find_text_in_document,0.5546875,0.11570247933884298,0.7053571428571429,0.12652995457330118,0.0,0.0,False
7,Get the current sprint work items and create a Word report,2,create,a Word report,create a Word report,16,sharepoint_tools_create_txt_file_in_sharepoint,0.5546875,0.12396694214876033,0.7053571428571429,0.12068609687754453,0.0078125,1.1428571428571428,False
7,Get the current sprint work items and create a Word report,2,create,a Word report,create a Word report,17,office_word_mcp_server_api_delete_document,0.546875,0.1322314049586777,0.6875,0.12746914598869064,0.01953125,2.857142857142857,False
7,Get the current sprint work items and create a Word report,2,create,a Word report,create a Word report,18,project_management_tools_create_work_item,0.52734375,0.14049586776859505,0.6428571428571429,0.1531925553101906,0.0078125,1.1428571428571428,False
7,Get the current sprint work items and create a Word report,2,create,a Word report,create a Word report,19,office_word_mcp_server_api_get_paragraph_text_from_document,0.51953125,0.1487603305785124,0.625,0.1599756044213367,0.0078125,1.1428571428571428,False
7,Get the current sprint work items and create a Word report,2,create,a Word report,create a Word report,20,office_word_mcp_server_api_delete_paragraph,0.51171875,0.15702479338842976,0.6071428571428571,0.16675865353248273,0.00390625,0.5714285714285714,False
7,Get the current sprint work items and create a Word report,2,create,a Word report,create a Word report,21,carrot_mcp_server_api_create_employee,0.5078125,0.1652892561983471,0.5982142857142857,0.16722824924017746,0.0,0.0,False
7,Get the current sprint work items and create a Word report,2,create,a Word report,create a Word report,22,carrot_mcp_server_api_hr_dashboard_summary,0.5078125,0.17355371900826447,0.5982142857142857,0.16138439154442089,0.009765625,1.4285714285714286,False
7,Get the current sprint work items and create a Word report,2,create,a Word report,create a Word report,23,project_management_tools_export_sprint_to_sharepoint,0.498046875,0.18181818181818182,0.5758928571428571,0.1713241673572926,0.005859375,0.8571428571428572,False
7,Get the current sprint work items and create a Word report,2,create,a Word report,create a Word report,24,carrot_mcp_server_api_log_hours_entry,0.4921875,0.19008264462809918,0.5625,0.1749504897667129,0.00390625,0.5714285714285714,False
7,Get the current sprint work items and create a Word report,2,create,a Word report,create a Word report,25,carrot_mcp_server_api_create_leave_application,0.48828125,0.19834710743801653,0.5535714285714286,0.17542008547440763,0.0,0.0,False
7,Get the current sprint work items and create a Word report,2,create,a Word report,create a Word report,26,carrot_mcp_server_api_work_hours_summary,0.48828125,0.2066115702479339,0.5535714285714286,0.16957622777865106,0.0,0.0,False
7,Get the current sprint work items and create a Word report,2,create,a Word report,create a Word report,27,gmail_tools_send_google_email,0.48828125,0.21487603305785125,0.5535714285714286,0.16373237008289449,0.005859375,0.8571428571428572,False
7,Get the current sprint work items and create a Word report,2,create,a Word report,create a Word report,28,project_management_tools_list_work_items,0.482421875,0.2231404958677686,0.5401785714285714,0.16735869249231486,0.00390625,0.5714285714285714,False
7,Get the current sprint work items and create a Word report,2,create,a Word report,create a Word report,29,outlook_mail_management_compose_email,0.478515625,0.23140495867768596,0.53125,0.16782828820000958,0.00390625,0.5714285714285714,False
7,Get the current sprint work items and create a Word report,2,create,a Word report,create a Word report,30,office_word_mcp_server_api_search_replace,0.474609375,0.2396694214876033,0.5223214285714286,0.1682978839077043,0.0078125,1.1428571428571428,False
7,Get the current sprint work items and create a Word report,2,create,a Word report,create a Word report,31,railway_tools_project_create,0.466796875,0.24793388429752067,0.5044642857142857,0.17508093301885042,0.01171875,1.7142857142857144,False
7,Get the current sprint work items and create a Word report,2,create,a Word report,create a Word report,32,github_mcp_server_create_repository,0.455078125,0.256198347107438,0.47767857142857145,0.1881774355334477,0.0,0.0,True
7,Get the current sprint work items and create a Word report,2,create,a Word report,create a Word report,33,carrot_mcp_server_api_list_employees,0.455078125,0.2644628099173554,0.47767857142857145,0.18233357783769114,0.0,0.0,False
7,Get the current sprint work items and create a Word report,2,create,a Word report,create a Word report,34,railway_tools_database_list_types,0.455078125,0.2727272727272727,0.47767857142857145,0.17648972014193456,0.001953125,0.2857142857142857,False
7,Get the current sprint work items and create a Word report,2,create,a Word report,create a Word report,35,carrot_mcp_server_api_submit_leave_application,0.453125,0.2809917355371901,0.4732142857142857,0.17380258914790356,0.0,0.0,False
7,Get the current sprint work items and create a Word report,2,create,a Word report,create a Word report,36,quest_studio_file_storage_get_file_content,0.453125,0.2892561983471074,0.4732142857142857,0.167958731452147,0.0,0.0,False
7,Get the current sprint work items and create a Word report,2,create,a Word report,create a Word report,37,supabase_mcp_insert_table_data,0.453125,0.2975206611570248,0.4732142857142857,0.16211487375639042,0.00390625,0.5714285714285714,False
7,Get the current sprint work items and create a Word report,2,create,a Word report,create a Word report,38,gmail_tools_reply_google_email,0.44921875,0.30578512396694213,0.4642857142857143,0.16258446946408514,0.0,0.0,False
7,Get the current sprint work items and create a Word report,2,create,a Word report,create a Word report,39,railway_tools_service_create_from_repo,0.44921875,0.3140495867768595,0.4642857142857143,0.15674061176832857,0.005859375,0.8571428571428572,False
7,Get the current sprint work items and create a Word report,2,create,a Word report,create a Word report,40,project_management_tools_create_project,0.443359375,0.32231404958677684,0.45089285714285715,0.16036693417774894,0.00390625,0.5714285714285714,False
7,Get the current sprint work items and create a Word report,2,create,a Word report,create a Word report,41,github_mcp_server_create_pull_request,0.439453125,0.3305785123966942,0.4419642857142857,0.16083652988544367,0.001953125,0.2857142857142857,False
7,Get the current sprint work items and create a Word report,2,create,a Word report,create a Word report,42,railway_tools_project_info,0.4375,0.33884297520661155,0.4375,0.15814939889141275,0.0,0.0,False
7,Get the current sprint work items and create a Word report,2,create,a Word report,create a Word report,43,railway_tools_project_environments,0.4375,0.34710743801652894,0.4375,0.15230554119565617,0.005859375,0.8571428571428572,False
7,Get the current sprint work items and create a Word report,2,create,a Word report,create a Word report,44,carrot_mcp_server_api_update_employee,0.431640625,0.35537190082644626,0.42410714285714285,0.15593186360507655,0.0,0.0,False
7,Get the current sprint work items and create a Word report,2,create,a Word report,create a Word report,45,github_mcp_server_create_branch,0.431640625,0.36363636363636365,0.42410714285714285,0.1500880059093199,0.001953125,0.2857142857142857,False
7,Get the current sprint work items and create a Word report,2,create,a Word report,create a Word report,46,sharepoint_tools_get_sharepoint_documents,0.4296875,0.371900826446281,0.41964285714285715,0.14740087491528905,0.001953125,0.2857142857142857,False
7,Get the current sprint work items and create a Word report,2,create,a Word report,create a Word report,47,carrot_mcp_server_api_get_employee,0.427734375,0.38016528925619836,0.41517857142857145,0.14471374392125805,0.001953125,0.2857142857142857,False
7,Get the current sprint work items and create a Word report,2,create,a Word report,create a Word report,48,gmail_tools_forward_google_email,0.42578125,0.3884297520661157,0.4107142857142857,0.1420266129272272,0.001953125,0.2857142857142857,False
7,Get the current sprint work items and create a Word report,2,create,a Word report,create a Word report,49,outlook_mail_management_send_email,0.423828125,0.39669421487603307,0.40625,0.1393394819331962,0.0,0.0,False
7,Get the current sprint work items and create a Word report,2,create,a Word report,create a Word report,50,github_mcp_server_create_or_update_file,0.423828125,0.4049586776859504,0.40625,0.13349562423743963,0.001953125,0.2857142857142857,False
7,Get the current sprint work items and create a Word report,2,create,a Word report,create a Word report,51,project_management_tools_create_sprint,0.421875,0.4132231404958678,0.4017857142857143,0.13080849324340862,0.001953125,0.2857142857142857,False
7,Get the current sprint work items and create a Word report,2,create,a Word report,create a Word report,52,outlook_mail_management_reply_to_email,0.419921875,0.4214876033057851,0.39732142857142855,0.12812136224937778,0.0,0.0,False
7,Get the current sprint work items and create a Word report,2,create,a Word report,create a Word report,53,supabase_mcp_check_database_health,0.419921875,0.4297520661157025,0.39732142857142855,0.12227750455362121,0.0,0.0,False
7,Get the current sprint work items and create a Word report,2,create,a Word report,create a Word report,54,project_management_tools_create_team,0.419921875,0.4380165289256198,0.39732142857142855,0.11643364685786464,0.001953125,0.2857142857142857,False
7,Get the current sprint work items and create a Word report,2,create,a Word report,create a Word report,55,railway_tools_service_create_from_image,0.41796875,0.4462809917355372,0.39285714285714285,0.11374651586383364,0.0,0.0,False
7,Get the current sprint work items and create a Word report,2,create,a Word report,create a Word report,56,quest_studio_file_storage_get_storage_usage,0.41796875,0.45454545454545453,0.39285714285714285,0.10790265816807706,0.0,0.0,False
7,Get the current sprint work items and create a Word report,2,create,a Word report,create a Word report,57,railway_tools_project_list,0.41796875,0.4628099173553719,0.39285714285714285,0.1020588004723205,0.001953125,0.2857142857142857,False
7,Get the current sprint work items and create a Word report,2,create,a Word report,create a Word report,58,carrot_mcp_server_api_update_leave_application,0.416015625,0.47107438016528924,0.38839285714285715,0.09937166947828949,0.0078125,1.1428571428571428,False
7,Get the current sprint work items and create a Word report,2,create,a Word report,create a Word report,59,carrot_mcp_server_api_list_leave_application,0.408203125,0.4793388429752066,0.3705357142857143,0.10615471858943551,0.00390625,0.5714285714285714,False
7,Get the current sprint work items and create a Word report,2,create,a Word report,create a Word report,60,project_management_tools_add_work_item_comment,0.404296875,0.48760330578512395,0.36160714285714285,0.10662431429713032,0.001953125,0.2857142857142857,False
7,Get the current sprint work items and create a Word report,2,create,a Word report,create a Word report,61,railway_tools_service_list,0.40234375,0.49586776859504134,0.35714285714285715,0.10393718330309938,0.0,0.0,False
7,Get the current sprint work items and create a Word report,2,create,a Word report,create a Word report,62,project_management_tools_view_board,0.40234375,0.5041322314049587,0.35714285714285715,0.09809332560734281,0.0,0.0,False
7,Get the current sprint work items and create a Word report,2,create,a Word report,create a Word report,63,gmail_tools_get_google_emails,0.40234375,0.512396694214876,0.35714285714285715,0.09224946791158624,0.0,0.0,False
7,Get the current sprint work items and create a Word report,2,create,a Word report,create a Word report,64,supabase_mcp_update_database_table_data,0.40234375,0.5206611570247934,0.35714285714285715,0.08640561021582951,0.001953125,0.2857142857142857,False
7,Get the current sprint work items and create a Word report,2,create,a Word report,create a Word report,65,railway_tools_service_info,0.400390625,0.5289256198347108,0.35267857142857145,0.08371847922179868,0.001953125,0.2857142857142857,False
7,Get the current sprint work items and create a Word report,2,create,a Word report,create a Word report,66,quest_studio_file_storage_get_files,0.3984375,0.5371900826446281,0.3482142857142857,0.08103134822776775,0.0,0.0,False
7,Get the current sprint work items and create a Word report,2,create,a Word report,create a Word report,67,supabase_mcp_get_all_supabase_projects,0.3984375,0.5454545454545454,0.3482142857142857,0.07518749053201118,0.001953125,0.2857142857142857,False
7,Get the current sprint work items and create a Word report,2,create,a Word report,create a Word report,68,outlook_mail_management_search_outlook_mail,0.396484375,0.5537190082644629,0.34375,0.07250035953798017,0.001953125,0.2857142857142857,False
7,Get the current sprint work items and create a Word report,2,create,a Word report,create a Word report,69,project_management_tools_get_work_item,0.39453125,0.5619834710743802,0.3392857142857143,0.06981322854394925,0.001953125,0.2857142857142857,False
7,Get the current sprint work items and create a Word report,2,create,a Word report,create a Word report,70,project_management_tools_get_user_capacity,0.392578125,0.5702479338842975,0.33482142857142855,0.0671260975499184,0.0,0.0,False
7,Get the current sprint work items and create a Word report,2,create,a Word report,create a Word report,71,railway_tools_project_delete,0.392578125,0.5785123966942148,0.33482142857142855,0.061282239854161834,0.0,0.0,False
7,Get the current sprint work items and create a Word report,2,create,a Word report,create a Word report,72,supabase_mcp_select_database_table_data,0.392578125,0.5867768595041323,0.33482142857142855,0.0554383821584051,0.0,0.0,False
7,Get the current sprint work items and create a Word report,2,create,a Word report,create a Word report,73,quest_studio_file_storage_query_files,0.392578125,0.5950413223140496,0.33482142857142855,0.04959452446264853,0.001953125,0.2857142857142857,False
7,Get the current sprint work items and create a Word report,2,create,a Word report,create a Word report,74,github_mcp_server_merge_pull_request,0.390625,0.6033057851239669,0.33035714285714285,0.046907393468617685,0.0,0.0,False
7,Get the current sprint work items and create a Word report,2,create,a Word report,create a Word report,75,quest_studio_file_storage_update_file,0.390625,0.6115702479338843,0.33035714285714285,0.041063535772861114,0.0,0.0,False
7,Get the current sprint work items and create a Word report,2,create,a Word report,create a Word report,76,project_management_tools_get_work_item_comments,0.390625,0.6198347107438017,0.33035714285714285,0.03521967807710439,0.001953125,0.2857142857142857,False
7,Get the current sprint work items and create a Word report,2,create,a Word report,create a Word report,77,github_mcp_server_push_files,0.388671875,0.628099173553719,0.32589285714285715,0.03253254708307354,0.001953125,0.2857142857142857,False
7,Get the current sprint work items and create a Word report,2,create,a Word report,create a Word report,78,railway_tools_volume_create,0.38671875,0.6363636363636364,0.32142857142857145,0.02984541608904254,0.0,0.0,False
7,Get the current sprint work items and create a Word report,2,create,a Word report,create a Word report,79,quest_studio_file_storage_get_file,0.38671875,0.6446280991735537,0.32142857142857145,0.02400155839328597,0.00390625,0.5714285714285714,False
7,Get the current sprint work items and create a Word report,2,create,a Word report,create a Word report,80,supabase_mcp_get_table_schema,0.3828125,0.6528925619834711,0.3125,0.02447115410098069,0.0,0.0,False
7,Get the current sprint work items and create a Word report,2,create,a Word report,create a Word report,81,github_mcp_server_pull_request_read,0.3828125,0.6611570247933884,0.3125,0.01862729640522412,0.001953125,0.2857142857142857,False
7,Get the current sprint work items and create a Word report,2,create,a Word report,create a Word report,82,web_search_tools_web_search,0.380859375,0.6694214876033058,0.3080357142857143,0.015940165411193197,0.0,0.0,False
7,Get the current sprint work items and create a Word report,2,create,a Word report,create a Word report,83,supabase_mcp_get_database_tables,0.380859375,0.6776859504132231,0.3080357142857143,0.010096307715436625,0.00390625,0.5714285714285714,False
7,Get the current sprint work items and create a Word report,2,create,a Word report,create a Word report,84,project_management_tools_update_user_capacity,0.376953125,0.6859504132231405,0.29910714285714285,0.01056590342313127,0.0,0.0,False
7,Get the current sprint work items and create a Word report,2,create,a Word report,create a Word report,85,github_mcp_server_search_repositories,0.376953125,0.6942148760330579,0.29910714285714285,0.004722045727374698,0.001953125,0.2857142857142857,False
7,Get the current sprint work items and create a Word report,2,create,a Word report,create a Word report,86,github_mcp_server_get_file_contents,0.375,0.7024793388429752,0.29464285714285715,0.0020349147333438523,0.001953125,0.2857142857142857,False
7,Get the current sprint work items and create a Word report,2,create,a Word report,create a Word report,87,github_mcp_server_get_commit,0.373046875,0.7107438016528925,0.29017857142857145,0.0006522162606871503,0.001953125,0.2857142857142857,False
7,Get the current sprint work items and create a Word report,2,create,a Word report,create a Word report,88,quest_studio_file_storage_delete_file,0.37109375,0.71900826446281,0.2857142857142857,0.0033393472547179957,0.0,0.0,False
7,Get the current sprint work items and create a Word report,2,create,a Word report,create a Word report,89,sharepoint_tools_get_sharepoint_sites,0.37109375,0.7272727272727273,0.2857142857142857,0.009183204950474724,0.0,0.0,False
7,Get the current sprint work items and create a Word report,2,create,a Word report,create a Word report,90,project_management_tools_list_sprints,0.37109375,0.7355371900826446,0.2857142857142857,0.015027062646231139,0.0,0.0,False
7,Get the current sprint work items and create a Word report,2,create,a Word report,create a Word report,91,railway_tools_volume_list,0.37109375,0.743801652892562,0.2857142857142857,0.020870920341987866,0.001953125,0.2857142857142857,False
7,Get the current sprint work items and create a Word report,2,create,a Word report,create a Word report,92,outlook_mail_management_forward_email,0.369140625,0.7520661157024794,0.28125,0.023558051336018713,0.001953125,0.2857142857142857,False
7,Get the current sprint work items and create a Word report,2,create,a Word report,create a Word report,93,project_management_tools_update_work_item,0.3671875,0.7603305785123967,0.2767857142857143,0.026245182330049716,0.0,0.0,False
7,Get the current sprint work items and create a Word report,2,create,a Word report,create a Word report,94,railway_tools_service_update,0.3671875,0.768595041322314,0.2767857142857143,0.03208904002580629,0.001953125,0.2857142857142857,False
7,Get the current sprint work items and create a Word report,2,create,a Word report,create a Word report,95,gmail_tools_delete_google_email,0.365234375,0.7768595041322314,0.27232142857142855,0.034776171019837133,0.001953125,0.2857142857142857,False
7,Get the current sprint work items and create a Word report,2,create,a Word report,create a Word report,96,project_management_tools_delete_work_item,0.36328125,0.7851239669421488,0.26785714285714285,0.03746330201386813,0.001953125,0.2857142857142857,False
7,Get the current sprint work items and create a Word report,2,create,a Word report,create a Word report,97,railway_tools_service_restart,0.361328125,0.7933884297520661,0.26339285714285715,0.04015043300789914,0.00390625,0.5714285714285714,False
7,Get the current sprint work items and create a Word report,2,create,a Word report,create a Word report,98,railway_tools_volume_update,0.357421875,0.8016528925619835,0.2544642857142857,0.03968083730020441,0.0,0.0,False
7,Get the current sprint work items and create a Word report,2,create,a Word report,create a Word report,99,github_mcp_server_update_pull_request,0.357421875,0.8099173553719008,0.2544642857142857,0.045524694995960825,0.001953125,0.2857142857142857,False
7,Get the current sprint work items and create a Word report,2,create,a Word report,create a Word report,100,railway_tools_service_delete,0.35546875,0.8181818181818182,0.25,0.04821182598999199,0.0,0.0,False
7,Get the current sprint work items and create a Word report,2,create,a Word report,create a Word report,101,project_management_tools_assign_work_item,0.35546875,0.8264462809917356,0.25,0.0540556836857484,0.001953125,0.2857142857142857,False
7,Get the current sprint work items and create a Word report,2,create,a Word report,create a Word report,102,project_management_tools_update_task_status,0.353515625,0.8347107438016529,0.24553571428571427,0.0567428146797794,0.0,0.0,False
7,Get the current sprint work items and create a Word report,2,create,a Word report,create a Word report,103,github_mcp_server_list_commits,0.353515625,0.8429752066115702,0.24553571428571427,0.06258667237553597,0.0,0.0,False
7,Get the current sprint work items and create a Word report,2,create,a Word report,create a Word report,104,project_management_tools_get_sprint,0.353515625,0.8512396694214877,0.24553571428571427,0.06843053007129254,0.0,0.0,False
7,Get the current sprint work items and create a Word report,2,create,a Word report,create a Word report,105,outlook_mail_management_find_email_address,0.353515625,0.859504132231405,0.24553571428571427,0.07427438776704912,0.005859375,0.8571428571428572,False
7,Get the current sprint work items and create a Word report,2,create,a Word report,create a Word report,106,github_mcp_server_list_branches,0.34765625,0.8677685950413223,0.23214285714285715,0.07064806535762883,0.001953125,0.2857142857142857,False
7,Get the current sprint work items and create a Word report,2,create,a Word report,create a Word report,107,project_management_tools_list_projects,0.345703125,0.8760330578512396,0.22767857142857142,0.07333519635165968,0.00390625,0.5714285714285714,False
7,Get the current sprint work items and create a Word report,2,create,a Word report,create a Word report,108,project_management_tools_list_teams,0.341796875,0.8842975206611571,0.21875,0.07286560064396495,0.001953125,0.2857142857142857,False
7,Get the current sprint work items and create a Word report,2,create,a Word report,create a Word report,109,project_management_tools_get_team,0.33984375,0.8925619834710744,0.21428571428571427,0.07555273163799595,0.0,0.0,False
7,Get the current sprint work items and create a Word report,2,create,a Word report,create a Word report,110,github_mcp_server_list_pull_requests,0.33984375,0.9008264462809917,0.21428571428571427,0.08139658933375252,0.00390625,0.5714285714285714,False
7,Get the current sprint work items and create a Word report,2,create,a Word report,create a Word report,111,project_management_tools_list_users,0.3359375,0.9090909090909091,0.20535714285714285,0.0809269936260578,0.0,0.0,False
7,Get the current sprint work items and create a Word report,2,create,a Word report,create a Word report,112,github_mcp_server_delete_file,0.3359375,0.9173553719008265,0.20535714285714285,0.08677085132181438,0.001953125,0.2857142857142857,False
7,Get the current sprint work items and create a Word report,2,create,a Word report,create a Word report,113,project_management_tools_list_team_members,0.333984375,0.9256198347107438,0.20089285714285715,0.08945798231584537,0.0,0.0,False
7,Get the current sprint work items and create a Word report,2,create,a Word report,create a Word report,114,github_mcp_server_get_me,0.333984375,0.9338842975206612,0.20089285714285715,0.09530184001160194,0.001953125,0.2857142857142857,False
7,Get the current sprint work items and create a Word report,2,create,a Word report,create a Word report,115,railway_tools_volume_delete,0.33203125,0.9421487603305785,0.19642857142857142,0.0979889710056328,0.0078125,1.1428571428571428,False
7,Get the current sprint work items and create a Word report,2,create,a Word report,create a Word report,116,project_management_tools_get_project,0.32421875,0.9504132231404959,0.17857142857142858,0.09120592189448677,0.005859375,0.8571428571428572,False
7,Get the current sprint work items and create a Word report,2,create,a Word report,create a Word report,117,outlook_mail_management_get_email_messages,0.318359375,0.9586776859504132,0.16517857142857142,0.08757959948506648,0.013671875,2.0,False
7,Get the current sprint work items and create a Word report,2,create,a Word report,create a Word report,118,project_management_tools_delete_sprint,0.3046875,0.9669421487603306,0.13392857142857142,0.07132637026874344,0.0,0.0,False
7,Get the current sprint work items and create a Word report,2,create,a Word report,create a Word report,119,project_management_tools_update_project,0.3046875,0.9752066115702479,0.13392857142857142,0.07717022796450002,0.009765625,1.4285714285714286,False
7,Get the current sprint work items and create a Word report,2,create,a Word report,create a Word report,120,project_management_tools_delete_team,0.294921875,0.9834710743801653,0.11160714285714286,0.06723045215162828,0.017578125,2.571428571428571,False
7,Get the current sprint work items and create a Word report,2,create,a Word report,create a Word report,121,project_management_tools_delete_project,0.27734375,0.9917355371900827,0.07142857142857142,0.04466376953185394,0.03125,4.571428571428571,False
7,Get the current sprint work items and create a Word report,2,create,a Word report,create a Word report,122,outlook_mail_management_delete_email_message,0.24609375,1.0,0.0,0.0,,,False
8,"Search for Nvidia news, create a report, and email it to Tom",1,search,Nvidia news,Search for Nvidia news,1,github_mcp_server_search_repositories,0.58203125,0.0,1.0,0.0,0.0078125,1.342281879194631,False
8,"Search for Nvidia news, create a report, and email it to Tom",1,search,Nvidia news,Search for Nvidia news,2,web_search_tools_web_search,0.57421875,0.008264462809917356,0.9768115942028985,0.010552821288279323,0.0546875,9.395973154362416,False
8,"Search for Nvidia news, create a report, and email it to Tom",1,search,Nvidia news,Search for Nvidia news,3,github_mcp_server_pull_request_read,0.51953125,0.01652892561983471,0.8144927536231884,0.11948571648077384,0.0078125,1.342281879194631,False
8,"Search for Nvidia news, create a report, and email it to Tom",1,search,Nvidia news,Search for Nvidia news,4,railway_tools_service_info,0.51171875,0.024793388429752067,0.7913043478260869,0.13003853776905316,0.00390625,0.6711409395973155,False
8,"Search for Nvidia news, create a report, and email it to Tom",1,search,Nvidia news,Search for Nvidia news,5,office_word_mcp_server_api_search_replace,0.5078125,0.03305785123966942,0.7797101449275362,0.13239301956531455,0.009765625,1.6778523489932886,False
8,"Search for Nvidia news, create a report, and email it to Tom",1,search,Nvidia news,Search for Nvidia news,6,railway_tools_project_info,0.498046875,0.04132231404958678,0.7507246376811594,0.14704501059960284,0.001953125,0.33557046979865773,False
8,"Search for Nvidia news, create a report, and email it to Tom",1,search,Nvidia news,Search for Nvidia news,7,office_word_mcp_server_api_find_text_in_document,0.49609375,0.049586776859504134,0.744927536231884,0.14530032264985523,0.01171875,2.013422818791946,False
8,"Search for Nvidia news, create a report, and email it to Tom",1,search,Nvidia news,Search for Nvidia news,8,github_mcp_server_list_pull_requests,0.484375,0.05785123966942149,0.7101449275362319,0.16405148343015236,0.005859375,1.006711409395973,False
8,"Search for Nvidia news, create a report, and email it to Tom",1,search,Nvidia news,Search for Nvidia news,9,github_mcp_server_get_commit,0.478515625,0.06611570247933884,0.6927536231884058,0.1705051349724227,0.0,0.0,True
8,"Search for Nvidia news, create a report, and email it to Tom",1,search,Nvidia news,Search for Nvidia news,10,github_mcp_server_list_commits,0.478515625,0.0743801652892562,0.6927536231884058,0.16466127727666613,0.0,0.0,False
8,"Search for Nvidia news, create a report, and email it to Tom",1,search,Nvidia news,Search for Nvidia news,11,gmail_tools_reply_google_email,0.478515625,0.08264462809917356,0.6927536231884058,0.15881741958090947,0.001953125,0.33557046979865773,False
8,"Search for Nvidia news, create a report, and email it to Tom",1,search,Nvidia news,Search for Nvidia news,12,railway_tools_service_create_from_repo,0.4765625,0.09090909090909091,0.6869565217391305,0.1570727316311619,0.0,0.0,False
8,"Search for Nvidia news, create a report, and email it to Tom",1,search,Nvidia news,Search for Nvidia news,13,gmail_tools_get_google_emails,0.4765625,0.09917355371900827,0.6869565217391305,0.15122887393540532,0.001953125,0.33557046979865773,False
8,"Search for Nvidia news, create a report, and email it to Tom",1,search,Nvidia news,Search for Nvidia news,14,carrot_mcp_server_api_hr_dashboard_summary,0.474609375,0.10743801652892562,0.6811594202898551,0.1494841859856577,0.001953125,0.33557046979865773,False
8,"Search for Nvidia news, create a report, and email it to Tom",1,search,Nvidia news,Search for Nvidia news,15,github_mcp_server_get_me,0.47265625,0.11570247933884298,0.6753623188405797,0.14773949803591005,0.0,0.0,False
8,"Search for Nvidia news, create a report, and email it to Tom",1,search,Nvidia news,Search for Nvidia news,16,railway_tools_project_environments,0.47265625,0.12396694214876033,0.6753623188405797,0.14189564034015348,0.00390625,0.6711409395973155,False
8,"Search for Nvidia news, create a report, and email it to Tom",1,search,Nvidia news,Search for Nvidia news,17,railway_tools_service_list,0.46875,0.1322314049586777,0.663768115942029,0.14425012213641483,0.001953125,0.33557046979865773,False
8,"Search for Nvidia news, create a report, and email it to Tom",1,search,Nvidia news,Search for Nvidia news,18,railway_tools_project_list,0.466796875,0.14049586776859505,0.6579710144927536,0.14250543418666725,0.00390625,0.6711409395973155,False
8,"Search for Nvidia news, create a report, and email it to Tom",1,search,Nvidia news,Search for Nvidia news,19,railway_tools_service_update,0.462890625,0.1487603305785124,0.6463768115942029,0.14485991598292855,0.0,0.0,False
8,"Search for Nvidia news, create a report, and email it to Tom",1,search,Nvidia news,Search for Nvidia news,20,office_word_mcp_server_api_get_document_info,0.462890625,0.15702479338842976,0.6463768115942029,0.13901605828717198,0.001953125,0.33557046979865773,False
8,"Search for Nvidia news, create a report, and email it to Tom",1,search,Nvidia news,Search for Nvidia news,21,quest_studio_file_storage_get_storage_usage,0.4609375,0.1652892561983471,0.6405797101449275,0.13727137033742437,0.0,0.0,False
8,"Search for Nvidia news, create a report, and email it to Tom",1,search,Nvidia news,Search for Nvidia news,22,office_word_mcp_server_api_get_paragraph_text_from_document,0.4609375,0.17355371900826447,0.6405797101449275,0.1314275126416678,0.0,0.0,False
8,"Search for Nvidia news, create a report, and email it to Tom",1,search,Nvidia news,Search for Nvidia news,23,gmail_tools_send_google_email,0.4609375,0.18181818181818182,0.6405797101449275,0.12558365494591114,0.001953125,0.33557046979865773,False
8,"Search for Nvidia news, create a report, and email it to Tom",1,search,Nvidia news,Search for Nvidia news,24,railway_tools_database_list_types,0.458984375,0.19008264462809918,0.6347826086956522,0.12383896699616356,0.001953125,0.33557046979865773,False
8,"Search for Nvidia news, create a report, and email it to Tom",1,search,Nvidia news,Search for Nvidia news,25,railway_tools_volume_list,0.45703125,0.19834710743801653,0.6289855072463768,0.12209427904641595,0.0,0.0,False
8,"Search for Nvidia news, create a report, and email it to Tom",1,search,Nvidia news,Search for Nvidia news,26,github_mcp_server_list_branches,0.45703125,0.2066115702479339,0.6289855072463768,0.11625042135065938,0.00390625,0.6711409395973155,False
8,"Search for Nvidia news, create a report, and email it to Tom",1,search,Nvidia news,Search for Nvidia news,27,gmail_tools_forward_google_email,0.453125,0.21487603305785125,0.6173913043478261,0.11860490314692076,0.001953125,0.33557046979865773,False
8,"Search for Nvidia news, create a report, and email it to Tom",1,search,Nvidia news,Search for Nvidia news,28,office_word_mcp_server_api_add_heading,0.451171875,0.2231404958677686,0.6115942028985507,0.11686021519717309,0.001953125,0.33557046979865773,False
8,"Search for Nvidia news, create a report, and email it to Tom",1,search,Nvidia news,Search for Nvidia news,29,railway_tools_service_create_from_image,0.44921875,0.23140495867768596,0.6057971014492753,0.11511552724742549,0.001953125,0.33557046979865773,False
8,"Search for Nvidia news, create a report, and email it to Tom",1,search,Nvidia news,Search for Nvidia news,30,railway_tools_service_restart,0.447265625,0.2396694214876033,0.6,0.1133708392976779,0.0,0.0,False
8,"Search for Nvidia news, create a report, and email it to Tom",1,search,Nvidia news,Search for Nvidia news,31,github_mcp_server_create_pull_request,0.447265625,0.24793388429752067,0.6,0.10752698160192133,0.0,0.0,False
8,"Search for Nvidia news, create a report, and email it to Tom",1,search,Nvidia news,Search for Nvidia news,32,office_word_mcp_server_api_get_document_outline,0.447265625,0.256198347107438,0.6,0.10168312390616475,0.0,0.0,False
8,"Search for Nvidia news, create a report, and email it to Tom",1,search,Nvidia news,Search for Nvidia news,33,office_word_mcp_server_api_get_document_text,0.447265625,0.2644628099173554,0.6,0.0958392662104081,0.001953125,0.33557046979865773,False
8,"Search for Nvidia news, create a report, and email it to Tom",1,search,Nvidia news,Search for Nvidia news,34,project_management_tools_get_team,0.4453125,0.2727272727272727,0.5942028985507246,0.0940945782606605,0.001953125,0.33557046979865773,False
8,"Search for Nvidia news, create a report, and email it to Tom",1,search,Nvidia news,Search for Nvidia news,35,outlook_mail_management_find_email_address,0.443359375,0.2809917355371901,0.5884057971014492,0.09234989031091283,0.0,0.0,False
8,"Search for Nvidia news, create a report, and email it to Tom",1,search,Nvidia news,Search for Nvidia news,36,railway_tools_project_create,0.443359375,0.2892561983471074,0.5884057971014492,0.08650603261515626,0.001953125,0.33557046979865773,False
8,"Search for Nvidia news, create a report, and email it to Tom",1,search,Nvidia news,Search for Nvidia news,37,supabase_mcp_get_all_supabase_projects,0.44140625,0.2975206611570248,0.5826086956521739,0.08476134466540866,0.00390625,0.6711409395973155,False
8,"Search for Nvidia news, create a report, and email it to Tom",1,search,Nvidia news,Search for Nvidia news,38,outlook_mail_management_search_outlook_mail,0.4375,0.30578512396694213,0.5710144927536231,0.08711582646167003,0.001953125,0.33557046979865773,False
8,"Search for Nvidia news, create a report, and email it to Tom",1,search,Nvidia news,Search for Nvidia news,39,project_management_tools_view_board,0.435546875,0.3140495867768595,0.5652173913043478,0.08537113851192243,0.001953125,0.33557046979865773,False
8,"Search for Nvidia news, create a report, and email it to Tom",1,search,Nvidia news,Search for Nvidia news,40,carrot_mcp_server_api_list_employees,0.43359375,0.32231404958677684,0.5594202898550724,0.08362645056217476,0.001953125,0.33557046979865773,False
8,"Search for Nvidia news, create a report, and email it to Tom",1,search,Nvidia news,Search for Nvidia news,41,carrot_mcp_server_api_submit_leave_application,0.431640625,0.3305785123966942,0.553623188405797,0.08188176261242716,0.0,0.0,False
8,"Search for Nvidia news, create a report, and email it to Tom",1,search,Nvidia news,Search for Nvidia news,42,github_mcp_server_merge_pull_request,0.431640625,0.33884297520661155,0.553623188405797,0.07603790491667059,0.001953125,0.33557046979865773,False
8,"Search for Nvidia news, create a report, and email it to Tom",1,search,Nvidia news,Search for Nvidia news,43,railway_tools_volume_delete,0.4296875,0.34710743801652894,0.5478260869565217,0.074293216966923,0.0,0.0,False
8,"Search for Nvidia news, create a report, and email it to Tom",1,search,Nvidia news,Search for Nvidia news,44,github_mcp_server_create_or_update_file,0.4296875,0.35537190082644626,0.5478260869565217,0.06844935927116642,0.0,0.0,False
8,"Search for Nvidia news, create a report, and email it to Tom",1,search,Nvidia news,Search for Nvidia news,45,github_mcp_server_update_pull_request,0.4296875,0.36363636363636365,0.5478260869565217,0.06260550157540977,0.001953125,0.33557046979865773,False
8,"Search for Nvidia news, create a report, and email it to Tom",1,search,Nvidia news,Search for Nvidia news,46,carrot_mcp_server_api_get_employee,0.427734375,0.371900826446281,0.5420289855072464,0.06086081362566209,0.0,0.0,False
8,"Search for Nvidia news, create a report, and email it to Tom",1,search,Nvidia news,Search for Nvidia news,47,quest_studio_file_storage_query_files,0.427734375,0.38016528925619836,0.5420289855072464,0.055016955929905444,0.0,0.0,False
8,"Search for Nvidia news, create a report, and email it to Tom",1,search,Nvidia news,Search for Nvidia news,48,project_management_tools_list_teams,0.427734375,0.3884297520661157,0.5420289855072464,0.04917309823414887,0.0,0.0,False
8,"Search for Nvidia news, create a report, and email it to Tom",1,search,Nvidia news,Search for Nvidia news,49,office_word_mcp_server_api_copy_document,0.427734375,0.39669421487603307,0.5420289855072464,0.0433292405383923,0.001953125,0.33557046979865773,False
8,"Search for Nvidia news, create a report, and email it to Tom",1,search,Nvidia news,Search for Nvidia news,50,office_word_mcp_server_api_add_page_break,0.42578125,0.4049586776859504,0.5362318840579711,0.0415845525886447,0.00390625,0.6711409395973155,False
8,"Search for Nvidia news, create a report, and email it to Tom",1,search,Nvidia news,Search for Nvidia news,51,carrot_mcp_server_api_log_hours_entry,0.421875,0.4132231404958678,0.5246376811594203,0.043939034384906,0.0,0.0,False
8,"Search for Nvidia news, create a report, and email it to Tom",1,search,Nvidia news,Search for Nvidia news,52,github_mcp_server_create_branch,0.421875,0.4214876033057851,0.5246376811594203,0.038095176689149426,0.0,0.0,False
8,"Search for Nvidia news, create a report, and email it to Tom",1,search,Nvidia news,Search for Nvidia news,53,project_management_tools_list_projects,0.421875,0.4297520661157025,0.5246376811594203,0.032251318993392855,0.001953125,0.33557046979865773,False
8,"Search for Nvidia news, create a report, and email it to Tom",1,search,Nvidia news,Search for Nvidia news,54,railway_tools_project_delete,0.419921875,0.4380165289256198,0.518840579710145,0.030506631043645257,0.0,0.0,False
8,"Search for Nvidia news, create a report, and email it to Tom",1,search,Nvidia news,Search for Nvidia news,55,supabase_mcp_get_table_schema,0.419921875,0.4462809917355372,0.518840579710145,0.02466277334788861,0.0,0.0,False
8,"Search for Nvidia news, create a report, and email it to Tom",1,search,Nvidia news,Search for Nvidia news,56,supabase_mcp_check_database_health,0.419921875,0.45454545454545453,0.518840579710145,0.018818915652132038,0.001953125,0.33557046979865773,False
8,"Search for Nvidia news, create a report, and email it to Tom",1,search,Nvidia news,Search for Nvidia news,57,quest_studio_file_storage_get_file_content,0.41796875,0.4628099173553719,0.5130434782608696,0.01707422770238444,0.0,0.0,False
8,"Search for Nvidia news, create a report, and email it to Tom",1,search,Nvidia news,Search for Nvidia news,58,railway_tools_volume_update,0.41796875,0.47107438016528924,0.5130434782608696,0.011230370006627868,0.0,0.0,False
8,"Search for Nvidia news, create a report, and email it to Tom",1,search,Nvidia news,Search for Nvidia news,59,office_word_mcp_server_api_get_document_xml,0.41796875,0.4793388429752066,0.5130434782608696,0.005386512310871218,0.0,0.0,False
8,"Search for Nvidia news, create a report, and email it to Tom",1,search,Nvidia news,Search for Nvidia news,60,office_word_mcp_server_api_add_paragraph,0.41796875,0.48760330578512395,0.5130434782608696,0.00045734538488535287,0.001953125,0.33557046979865773,False
8,"Search for Nvidia news, create a report, and email it to Tom",1,search,Nvidia news,Search for Nvidia news,61,carrot_mcp_server_api_work_hours_summary,0.416015625,0.49586776859504134,0.5072463768115942,0.002202033334633029,0.001953125,0.33557046979865773,False
8,"Search for Nvidia news, create a report, and email it to Tom",1,search,Nvidia news,Search for Nvidia news,62,carrot_mcp_server_api_update_employee,0.4140625,0.5041322314049587,0.5014492753623189,0.003946721284380549,0.0,0.0,False
8,"Search for Nvidia news, create a report, and email it to Tom",1,search,Nvidia news,Search for Nvidia news,63,project_management_tools_create_team,0.4140625,0.512396694214876,0.5014492753623189,0.00979057898013712,0.0,0.0,False
8,"Search for Nvidia news, create a report, and email it to Tom",1,search,Nvidia news,Search for Nvidia news,64,github_mcp_server_get_file_contents,0.4140625,0.5206611570247934,0.5014492753623189,0.01563443667589385,0.0,0.0,False
8,"Search for Nvidia news, create a report, and email it to Tom",1,search,Nvidia news,Search for Nvidia news,65,office_word_mcp_server_api_create_word_document,0.4140625,0.5289256198347108,0.5014492753623189,0.02147829437165026,0.0,0.0,False
8,"Search for Nvidia news, create a report, and email it to Tom",1,search,Nvidia news,Search for Nvidia news,66,carrot_mcp_server_api_create_leave_application,0.4140625,0.5371900826446281,0.5014492753623189,0.027322152067406992,0.001953125,0.33557046979865773,False
8,"Search for Nvidia news, create a report, and email it to Tom",1,search,Nvidia news,Search for Nvidia news,67,railway_tools_service_delete,0.412109375,0.5454545454545454,0.4956521739130435,0.02906684001715451,0.0,0.0,False
8,"Search for Nvidia news, create a report, and email it to Tom",1,search,Nvidia news,Search for Nvidia news,68,project_management_tools_list_work_items,0.412109375,0.5537190082644629,0.4956521739130435,0.03491069771291108,0.0,0.0,False
8,"Search for Nvidia news, create a report, and email it to Tom",1,search,Nvidia news,Search for Nvidia news,69,github_mcp_server_create_repository,0.412109375,0.5619834710743802,0.4956521739130435,0.04075455540866781,0.0,0.0,False
8,"Search for Nvidia news, create a report, and email it to Tom",1,search,Nvidia news,Search for Nvidia news,70,office_word_mcp_server_api_convert_to_pdf,0.412109375,0.5702479338842975,0.4956521739130435,0.046598413104424224,0.001953125,0.33557046979865773,False
8,"Search for Nvidia news, create a report, and email it to Tom",1,search,Nvidia news,Search for Nvidia news,71,railway_tools_volume_create,0.41015625,0.5785123966942148,0.48985507246376814,0.0483431010541719,0.001953125,0.33557046979865773,False
8,"Search for Nvidia news, create a report, and email it to Tom",1,search,Nvidia news,Search for Nvidia news,72,sharepoint_tools_get_sharepoint_documents,0.408203125,0.5867768595041323,0.48405797101449277,0.050087789003919574,0.001953125,0.33557046979865773,False
8,"Search for Nvidia news, create a report, and email it to Tom",1,search,Nvidia news,Search for Nvidia news,73,project_management_tools_create_work_item,0.40625,0.5950413223140496,0.4782608695652174,0.05183247695366725,0.001953125,0.33557046979865773,False
8,"Search for Nvidia news, create a report, and email it to Tom",1,search,Nvidia news,Search for Nvidia news,74,quest_studio_file_storage_get_files,0.404296875,0.6033057851239669,0.47246376811594204,0.05357716490341477,0.001953125,0.33557046979865773,False
8,"Search for Nvidia news, create a report, and email it to Tom",1,search,Nvidia news,Search for Nvidia news,75,office_word_mcp_server_api_list_files,0.40234375,0.6115702479338843,0.4666666666666667,0.05532185285316229,0.0,0.0,False
8,"Search for Nvidia news, create a report, and email it to Tom",1,search,Nvidia news,Search for Nvidia news,76,project_management_tools_get_project,0.40234375,0.6198347107438017,0.4666666666666667,0.06116571054891902,0.0,0.0,False
8,"Search for Nvidia news, create a report, and email it to Tom",1,search,Nvidia news,Search for Nvidia news,77,supabase_mcp_get_database_tables,0.40234375,0.628099173553719,0.4666666666666667,0.06700956824467559,0.001953125,0.33557046979865773,False
8,"Search for Nvidia news, create a report, and email it to Tom",1,search,Nvidia news,Search for Nvidia news,78,sharepoint_tools_get_sharepoint_sites,0.400390625,0.6363636363636364,0.4608695652173913,0.06875425619442312,0.0,0.0,False
8,"Search for Nvidia news, create a report, and email it to Tom",1,search,Nvidia news,Search for Nvidia news,79,project_management_tools_list_team_members,0.400390625,0.6446280991735537,0.4608695652173913,0.07459811389017984,0.001953125,0.33557046979865773,False
8,"Search for Nvidia news, create a report, and email it to Tom",1,search,Nvidia news,Search for Nvidia news,80,project_management_tools_get_work_item_comments,0.3984375,0.6528925619834711,0.45507246376811594,0.07634280183992752,0.0,0.0,False
8,"Search for Nvidia news, create a report, and email it to Tom",1,search,Nvidia news,Search for Nvidia news,81,supabase_mcp_select_database_table_data,0.3984375,0.6611570247933884,0.45507246376811594,0.08218665953568392,0.001953125,0.33557046979865773,False
8,"Search for Nvidia news, create a report, and email it to Tom",1,search,Nvidia news,Search for Nvidia news,82,project_management_tools_get_sprint,0.396484375,0.6694214876033058,0.4492753623188406,0.0839313474854316,0.0,0.0,False
8,"Search for Nvidia news, create a report, and email it to Tom",1,search,Nvidia news,Search for Nvidia news,83,office_word_mcp_server_api_add_picture,0.396484375,0.6776859504132231,0.4492753623188406,0.08977520518118817,0.0,0.0,False
8,"Search for Nvidia news, create a report, and email it to Tom",1,search,Nvidia news,Search for Nvidia news,84,project_management_tools_get_user_capacity,0.396484375,0.6859504132231405,0.4492753623188406,0.09561906287694474,0.0,0.0,False
8,"Search for Nvidia news, create a report, and email it to Tom",1,search,Nvidia news,Search for Nvidia news,85,project_management_tools_list_sprints,0.396484375,0.6942148760330579,0.4492753623188406,0.10146292057270148,0.0,0.0,False
8,"Search for Nvidia news, create a report, and email it to Tom",1,search,Nvidia news,Search for Nvidia news,86,gmail_tools_delete_google_email,0.396484375,0.7024793388429752,0.4492753623188406,0.10730677826845789,0.001953125,0.33557046979865773,False
8,"Search for Nvidia news, create a report, and email it to Tom",1,search,Nvidia news,Search for Nvidia news,87,project_management_tools_create_project,0.39453125,0.7107438016528925,0.4434782608695652,0.10905146621820556,0.001953125,0.33557046979865773,False
8,"Search for Nvidia news, create a report, and email it to Tom",1,search,Nvidia news,Search for Nvidia news,88,office_word_mcp_server_api_merge_doucments,0.392578125,0.71900826446281,0.43768115942028984,0.11079615416795324,0.0,0.0,False
8,"Search for Nvidia news, create a report, and email it to Tom",1,search,Nvidia news,Search for Nvidia news,89,carrot_mcp_server_api_create_employee,0.392578125,0.7272727272727273,0.43768115942028984,0.11664001186370981,0.0,0.0,False
8,"Search for Nvidia news, create a report, and email it to Tom",1,search,Nvidia news,Search for Nvidia news,90,carrot_mcp_server_api_update_leave_application,0.392578125,0.7355371900826446,0.43768115942028984,0.12248386955946639,0.00390625,0.6711409395973155,False
8,"Search for Nvidia news, create a report, and email it to Tom",1,search,Nvidia news,Search for Nvidia news,91,office_word_mcp_server_api_add_table,0.388671875,0.743801652892562,0.4260869565217391,0.12012938776320502,0.0,0.0,False
8,"Search for Nvidia news, create a report, and email it to Tom",1,search,Nvidia news,Search for Nvidia news,92,outlook_mail_management_compose_email,0.388671875,0.7520661157024794,0.4260869565217391,0.12597324545896174,0.00390625,0.6711409395973155,False
8,"Search for Nvidia news, create a report, and email it to Tom",1,search,Nvidia news,Search for Nvidia news,93,quest_studio_file_storage_get_file,0.384765625,0.7603305785123967,0.4144927536231884,0.12361876366270036,0.0,0.0,False
8,"Search for Nvidia news, create a report, and email it to Tom",1,search,Nvidia news,Search for Nvidia news,94,carrot_mcp_server_api_list_leave_application,0.384765625,0.768595041322314,0.4144927536231884,0.12946262135845676,0.0,0.0,False
8,"Search for Nvidia news, create a report, and email it to Tom",1,search,Nvidia news,Search for Nvidia news,95,sharepoint_tools_create_txt_file_in_sharepoint,0.384765625,0.7768595041322314,0.4144927536231884,0.1353064790542135,0.001953125,0.33557046979865773,False
8,"Search for Nvidia news, create a report, and email it to Tom",1,search,Nvidia news,Search for Nvidia news,96,supabase_mcp_insert_table_data,0.3828125,0.7851239669421488,0.40869565217391307,0.1370511670039612,0.001953125,0.33557046979865773,False
8,"Search for Nvidia news, create a report, and email it to Tom",1,search,Nvidia news,Search for Nvidia news,97,office_word_mcp_server_api_delete_paragraph,0.380859375,0.7933884297520661,0.4028985507246377,0.1387958549537087,0.001953125,0.33557046979865773,False
8,"Search for Nvidia news, create a report, and email it to Tom",1,search,Nvidia news,Search for Nvidia news,98,office_word_mcp_server_api_delete_document,0.37890625,0.8016528925619835,0.39710144927536234,0.14054054290345638,0.001953125,0.33557046979865773,False
8,"Search for Nvidia news, create a report, and email it to Tom",1,search,Nvidia news,Search for Nvidia news,99,project_management_tools_list_users,0.376953125,0.8099173553719008,0.391304347826087,0.1422852308532039,0.0,0.0,False
8,"Search for Nvidia news, create a report, and email it to Tom",1,search,Nvidia news,Search for Nvidia news,100,supabase_mcp_update_database_table_data,0.376953125,0.8181818181818182,0.391304347826087,0.14812908854896062,0.001953125,0.33557046979865773,False
8,"Search for Nvidia news, create a report, and email it to Tom",1,search,Nvidia news,Search for Nvidia news,101,outlook_mail_management_reply_to_email,0.375,0.8264462809917356,0.3855072463768116,0.14987377649870814,0.0,0.0,False
8,"Search for Nvidia news, create a report, and email it to Tom",1,search,Nvidia news,Search for Nvidia news,102,project_management_tools_get_work_item,0.375,0.8347107438016529,0.3855072463768116,0.15571763419446472,0.009765625,1.6778523489932886,False
8,"Search for Nvidia news, create a report, and email it to Tom",1,search,Nvidia news,Search for Nvidia news,103,project_management_tools_delete_team,0.365234375,0.8429752066115702,0.3565217391304348,0.1410656431601765,0.00390625,0.6711409395973155,False
8,"Search for Nvidia news, create a report, and email it to Tom",1,search,Nvidia news,Search for Nvidia news,104,project_management_tools_create_sprint,0.361328125,0.8512396694214877,0.34492753623188405,0.13871116136391512,0.015625,2.684563758389262,False
8,"Search for Nvidia news, create a report, and email it to Tom",1,search,Nvidia news,Search for Nvidia news,105,project_management_tools_add_work_item_comment,0.345703125,0.859504132231405,0.2985507246376812,0.11176166109160006,0.0,0.0,False
8,"Search for Nvidia news, create a report, and email it to Tom",1,search,Nvidia news,Search for Nvidia news,106,project_management_tools_update_user_capacity,0.345703125,0.8677685950413223,0.2985507246376812,0.11760551878735648,0.001953125,0.33557046979865773,False
8,"Search for Nvidia news, create a report, and email it to Tom",1,search,Nvidia news,Search for Nvidia news,107,outlook_mail_management_get_email_messages,0.34375,0.8760330578512396,0.2927536231884058,0.11935020673710416,0.001953125,0.33557046979865773,False
8,"Search for Nvidia news, create a report, and email it to Tom",1,search,Nvidia news,Search for Nvidia news,108,project_management_tools_update_project,0.341796875,0.8842975206611571,0.28695652173913044,0.12109489468685183,0.00390625,0.6711409395973155,False
8,"Search for Nvidia news, create a report, and email it to Tom",1,search,Nvidia news,Search for Nvidia news,109,project_management_tools_update_task_status,0.337890625,0.8925619834710744,0.2753623188405797,0.11874041289059045,0.0,0.0,False
8,"Search for Nvidia news, create a report, and email it to Tom",1,search,Nvidia news,Search for Nvidia news,110,quest_studio_file_storage_update_file,0.337890625,0.9008264462809917,0.2753623188405797,0.12458427058634702,0.005859375,1.006711409395973,False
8,"Search for Nvidia news, create a report, and email it to Tom",1,search,Nvidia news,Search for Nvidia news,111,github_mcp_server_push_files,0.33203125,0.9090909090909091,0.2579710144927536,0.11813061904407676,0.001953125,0.33557046979865773,False
8,"Search for Nvidia news, create a report, and email it to Tom",1,search,Nvidia news,Search for Nvidia news,112,outlook_mail_management_send_email,0.330078125,0.9173553719008265,0.25217391304347825,0.11987530699382443,0.0,0.0,False
8,"Search for Nvidia news, create a report, and email it to Tom",1,search,Nvidia news,Search for Nvidia news,113,project_management_tools_export_sprint_to_sharepoint,0.330078125,0.9256198347107438,0.25217391304347825,0.12571916468958086,0.001953125,0.33557046979865773,False
8,"Search for Nvidia news, create a report, and email it to Tom",1,search,Nvidia news,Search for Nvidia news,114,outlook_mail_management_forward_email,0.328125,0.9338842975206612,0.2463768115942029,0.12746385263932852,0.001953125,0.33557046979865773,False
8,"Search for Nvidia news, create a report, and email it to Tom",1,search,Nvidia news,Search for Nvidia news,115,quest_studio_file_storage_delete_file,0.326171875,0.9421487603305785,0.24057971014492754,0.1292085405890762,0.001953125,0.33557046979865773,False
8,"Search for Nvidia news, create a report, and email it to Tom",1,search,Nvidia news,Search for Nvidia news,116,project_management_tools_update_work_item,0.32421875,0.9504132231404959,0.23478260869565218,0.13095322853882388,0.00390625,0.6711409395973155,False
8,"Search for Nvidia news, create a report, and email it to Tom",1,search,Nvidia news,Search for Nvidia news,117,project_management_tools_assign_work_item,0.3203125,0.9586776859504132,0.22318840579710145,0.1285987467425625,0.0078125,1.342281879194631,False
8,"Search for Nvidia news, create a report, and email it to Tom",1,search,Nvidia news,Search for Nvidia news,118,github_mcp_server_delete_file,0.3125,0.9669421487603306,0.2,0.11804592545428318,0.001953125,0.33557046979865773,False
8,"Search for Nvidia news, create a report, and email it to Tom",1,search,Nvidia news,Search for Nvidia news,119,project_management_tools_delete_work_item,0.310546875,0.9752066115702479,0.19420289855072465,0.1197906134040307,0.00390625,0.6711409395973155,False
8,"Search for Nvidia news, create a report, and email it to Tom",1,search,Nvidia news,Search for Nvidia news,120,project_management_tools_delete_project,0.306640625,0.9834710743801653,0.1826086956521739,0.11743613160776947,0.001953125,0.33557046979865773,False
8,"Search for Nvidia news, create a report, and email it to Tom",1,search,Nvidia news,Search for Nvidia news,121,project_management_tools_delete_sprint,0.3046875,0.9917355371900827,0.17681159420289855,0.119180819557517,0.0595703125,10.234899328859061,False
8,"Search for Nvidia news, create a report, and email it to Tom",1,search,Nvidia news,Search for Nvidia news,122,outlook_mail_management_delete_email_message,0.2451171875,1.0,0.0,0.0,,,False
8,"Search for Nvidia news, create a report, and email it to Tom",2,create,a report,create a report,1,carrot_mcp_server_api_hr_dashboard_summary,0.546875,0.0,1.0,0.0,0.0078125,1.4285714285714286,False
8,"Search for Nvidia news, create a report, and email it to Tom",2,create,a report,create a report,2,office_word_mcp_server_api_add_heading,0.5390625,0.008264462809917356,0.9731543624161074,0.013138874685090313,0.0,0.0,False
8,"Search for Nvidia news, create a report, and email it to Tom",2,create,a report,create a report,3,office_word_mcp_server_api_add_table,0.5390625,0.01652892561983471,0.9731543624161074,0.007295016989333742,0.00390625,0.7142857142857143,False
8,"Search for Nvidia news, create a report, and email it to Tom",2,create,a report,create a report,4,project_management_tools_create_work_item,0.53515625,0.024793388429752067,0.959731543624161,0.010942525484000614,0.0078125,1.4285714285714286,False
8,"Search for Nvidia news, create a report, and email it to Tom",2,create,a report,create a report,5,office_word_mcp_server_api_add_page_break,0.52734375,0.03305785123966942,0.9328859060402684,0.024081400169090928,0.0,0.0,False
8,"Search for Nvidia news, create a report, and email it to Tom",2,create,a report,create a report,6,office_word_mcp_server_api_create_word_document,0.52734375,0.04132231404958678,0.9328859060402684,0.018237542473334357,0.00390625,0.7142857142857143,False
8,"Search for Nvidia news, create a report, and email it to Tom",2,create,a report,create a report,7,carrot_mcp_server_api_create_leave_application,0.5234375,0.049586776859504134,0.9194630872483222,0.021885050968001227,0.0,0.0,False
8,"Search for Nvidia news, create a report, and email it to Tom",2,create,a report,create a report,8,carrot_mcp_server_api_log_hours_entry,0.5234375,0.05785123966942149,0.9194630872483222,0.016041193272244576,0.0078125,1.4285714285714286,False
8,"Search for Nvidia news, create a report, and email it to Tom",2,create,a report,create a report,9,office_word_mcp_server_api_add_paragraph,0.515625,0.06611570247933884,0.8926174496644296,0.02918006795733489,0.00390625,0.7142857142857143,False
8,"Search for Nvidia news, create a report, and email it to Tom",2,create,a report,create a report,10,carrot_mcp_server_api_work_hours_summary,0.51171875,0.0743801652892562,0.8791946308724832,0.03282757645200184,0.00390625,0.7142857142857143,False
8,"Search for Nvidia news, create a report, and email it to Tom",2,create,a report,create a report,11,supabase_mcp_insert_table_data,0.5078125,0.08264462809917356,0.8657718120805369,0.036475084946668714,0.0,0.0,False
8,"Search for Nvidia news, create a report, and email it to Tom",2,create,a report,create a report,12,carrot_mcp_server_api_create_employee,0.5078125,0.09090909090909091,0.8657718120805369,0.030631227250912062,0.00390625,0.7142857142857143,False
8,"Search for Nvidia news, create a report, and email it to Tom",2,create,a report,create a report,13,railway_tools_project_create,0.50390625,0.09917355371900827,0.8523489932885906,0.03427873574557893,0.009765625,1.7857142857142856,False
8,"Search for Nvidia news, create a report, and email it to Tom",2,create,a report,create a report,14,railway_tools_database_list_types,0.494140625,0.10743801652892562,0.8187919463087249,0.05216329352588097,0.001953125,0.35714285714285715,False
8,"Search for Nvidia news, create a report, and email it to Tom",2,create,a report,create a report,15,carrot_mcp_server_api_submit_leave_application,0.4921875,0.11570247933884298,0.8120805369127517,0.05106511892533604,0.0,0.0,False
8,"Search for Nvidia news, create a report, and email it to Tom",2,create,a report,create a report,16,office_word_mcp_server_api_convert_to_pdf,0.4921875,0.12396694214876033,0.8120805369127517,0.045221261229579465,0.001953125,0.35714285714285715,False
8,"Search for Nvidia news, create a report, and email it to Tom",2,create,a report,create a report,17,supabase_mcp_check_database_health,0.490234375,0.1322314049586777,0.8053691275167785,0.0441230866290347,0.00390625,0.7142857142857143,False
8,"Search for Nvidia news, create a report, and email it to Tom",2,create,a report,create a report,18,project_management_tools_list_work_items,0.486328125,0.14049586776859505,0.7919463087248322,0.04777059512370157,0.0,0.0,False
8,"Search for Nvidia news, create a report, and email it to Tom",2,create,a report,create a report,19,project_management_tools_create_project,0.486328125,0.1487603305785124,0.7919463087248322,0.041926737427945,0.00390625,0.7142857142857143,False
8,"Search for Nvidia news, create a report, and email it to Tom",2,create,a report,create a report,20,railway_tools_service_create_from_repo,0.482421875,0.15702479338842976,0.7785234899328859,0.045574245922611785,0.0,0.0,False
8,"Search for Nvidia news, create a report, and email it to Tom",2,create,a report,create a report,21,office_word_mcp_server_api_get_document_outline,0.482421875,0.1652892561983471,0.7785234899328859,0.039730388226855214,0.001953125,0.35714285714285715,False
8,"Search for Nvidia news, create a report, and email it to Tom",2,create,a report,create a report,22,office_word_mcp_server_api_add_picture,0.48046875,0.17355371900826447,0.7718120805369127,0.03863221362631037,0.0,0.0,False
8,"Search for Nvidia news, create a report, and email it to Tom",2,create,a report,create a report,23,sharepoint_tools_create_txt_file_in_sharepoint,0.48046875,0.18181818181818182,0.7718120805369127,0.0327883559305538,0.0,0.0,False
8,"Search for Nvidia news, create a report, and email it to Tom",2,create,a report,create a report,24,github_mcp_server_create_repository,0.48046875,0.19008264462809918,0.7718120805369127,0.026944498234797144,0.001953125,0.35714285714285715,False
8,"Search for Nvidia news, create a report, and email it to Tom",2,create,a report,create a report,25,github_mcp_server_create_pull_request,0.478515625,0.19834710743801653,0.7651006711409396,0.025846323634252297,0.005859375,1.0714285714285714,False
8,"Search for Nvidia news, create a report, and email it to Tom",2,create,a report,create a report,26,railway_tools_project_info,0.47265625,0.2066115702479339,0.7449664429530202,0.034239515224130886,0.001953125,0.35714285714285715,False
8,"Search for Nvidia news, create a report, and email it to Tom",2,create,a report,create a report,27,gmail_tools_send_google_email,0.470703125,0.21487603305785125,0.738255033557047,0.033141340623586035,0.0,0.0,False
8,"Search for Nvidia news, create a report, and email it to Tom",2,create,a report,create a report,28,office_word_mcp_server_api_copy_document,0.470703125,0.2231404958677686,0.738255033557047,0.027297482927829388,0.00390625,0.7142857142857143,False
8,"Search for Nvidia news, create a report, and email it to Tom",2,create,a report,create a report,29,github_mcp_server_create_branch,0.466796875,0.23140495867768596,0.7248322147651006,0.030944991422496338,0.00390625,0.7142857142857143,False
8,"Search for Nvidia news, create a report, and email it to Tom",2,create,a report,create a report,30,project_management_tools_create_sprint,0.462890625,0.2396694214876033,0.7114093959731543,0.03459249991716321,0.0,0.0,False
8,"Search for Nvidia news, create a report, and email it to Tom",2,create,a report,create a report,31,railway_tools_project_environments,0.462890625,0.24793388429752067,0.7114093959731543,0.028748642221406637,0.001953125,0.35714285714285715,False
8,"Search for Nvidia news, create a report, and email it to Tom",2,create,a report,create a report,32,office_word_mcp_server_api_get_document_info,0.4609375,0.256198347107438,0.7046979865771812,0.02765046762086171,0.001953125,0.35714285714285715,False
8,"Search for Nvidia news, create a report, and email it to Tom",2,create,a report,create a report,33,project_management_tools_export_sprint_to_sharepoint,0.458984375,0.2644628099173554,0.697986577181208,0.02655229302031686,0.001953125,0.35714285714285715,False
8,"Search for Nvidia news, create a report, and email it to Tom",2,create,a report,create a report,34,railway_tools_service_create_from_image,0.45703125,0.2727272727272727,0.6912751677852349,0.02545411841977201,0.001953125,0.35714285714285715,False
8,"Search for Nvidia news, create a report, and email it to Tom",2,create,a report,create a report,35,carrot_mcp_server_api_list_employees,0.455078125,0.2809917355371901,0.6845637583892618,0.02435594381922708,0.0,0.0,False
8,"Search for Nvidia news, create a report, and email it to Tom",2,create,a report,create a report,36,railway_tools_service_info,0.455078125,0.2892561983471074,0.6845637583892618,0.01851208612347051,0.001953125,0.35714285714285715,False
8,"Search for Nvidia news, create a report, and email it to Tom",2,create,a report,create a report,37,railway_tools_project_list,0.453125,0.2975206611570248,0.6778523489932886,0.01741391152292566,0.0,0.0,False
8,"Search for Nvidia news, create a report, and email it to Tom",2,create,a report,create a report,38,supabase_mcp_get_all_supabase_projects,0.453125,0.30578512396694213,0.6778523489932886,0.011570053827169089,0.001953125,0.35714285714285715,False
8,"Search for Nvidia news, create a report, and email it to Tom",2,create,a report,create a report,39,carrot_mcp_server_api_update_employee,0.451171875,0.3140495867768595,0.6711409395973155,0.010471879226624238,0.0,0.0,False
8,"Search for Nvidia news, create a report, and email it to Tom",2,create,a report,create a report,40,carrot_mcp_server_api_get_employee,0.451171875,0.32231404958677684,0.6711409395973155,0.004628021530867666,0.0,0.0,False
8,"Search for Nvidia news, create a report, and email it to Tom",2,create,a report,create a report,41,office_word_mcp_server_api_get_document_text,0.451171875,0.3305785123966942,0.6711409395973155,0.0012158361648890617,0.0,0.0,False
8,"Search for Nvidia news, create a report, and email it to Tom",2,create,a report,create a report,42,project_management_tools_create_team,0.451171875,0.33884297520661155,0.6711409395973155,0.007059693860645476,0.0,0.0,False
8,"Search for Nvidia news, create a report, and email it to Tom",2,create,a report,create a report,43,supabase_mcp_select_database_table_data,0.451171875,0.34710743801652894,0.6711409395973155,0.012903551556402205,0.00390625,0.7142857142857143,False
8,"Search for Nvidia news, create a report, and email it to Tom",2,create,a report,create a report,44,carrot_mcp_server_api_update_leave_application,0.447265625,0.35537190082644626,0.6577181208053692,0.009256043061735332,0.0,0.0,False
8,"Search for Nvidia news, create a report, and email it to Tom",2,create,a report,create a report,45,supabase_mcp_update_database_table_data,0.447265625,0.36363636363636365,0.6577181208053692,0.015099900757491904,0.001953125,0.35714285714285715,False
8,"Search for Nvidia news, create a report, and email it to Tom",2,create,a report,create a report,46,outlook_mail_management_compose_email,0.4453125,0.371900826446281,0.6510067114093959,0.016198075358036676,0.0,0.0,False
8,"Search for Nvidia news, create a report, and email it to Tom",2,create,a report,create a report,47,office_word_mcp_server_api_find_text_in_document,0.4453125,0.38016528925619836,0.6510067114093959,0.022041933053793247,0.00390625,0.7142857142857143,False
8,"Search for Nvidia news, create a report, and email it to Tom",2,create,a report,create a report,48,office_word_mcp_server_api_merge_doucments,0.44140625,0.3884297520661157,0.6375838926174496,0.018394424559126377,0.0,0.0,False
8,"Search for Nvidia news, create a report, and email it to Tom",2,create,a report,create a report,49,supabase_mcp_get_table_schema,0.44140625,0.39669421487603307,0.6375838926174496,0.024238282254882948,0.0,0.0,False
8,"Search for Nvidia news, create a report, and email it to Tom",2,create,a report,create a report,50,quest_studio_file_storage_get_storage_usage,0.44140625,0.4049586776859504,0.6375838926174496,0.030082139950639675,0.001953125,0.35714285714285715,False
8,"Search for Nvidia news, create a report, and email it to Tom",2,create,a report,create a report,51,railway_tools_service_list,0.439453125,0.4132231404958678,0.6308724832214765,0.031180314551184446,0.001953125,0.35714285714285715,False
8,"Search for Nvidia news, create a report, and email it to Tom",2,create,a report,create a report,52,railway_tools_project_delete,0.4375,0.4214876033057851,0.6241610738255033,0.03227848915172937,0.0,0.0,False
8,"Search for Nvidia news, create a report, and email it to Tom",2,create,a report,create a report,53,gmail_tools_reply_google_email,0.4375,0.4297520661157025,0.6241610738255033,0.038122346847485944,0.001953125,0.35714285714285715,False
8,"Search for Nvidia news, create a report, and email it to Tom",2,create,a report,create a report,54,office_word_mcp_server_api_get_document_xml,0.435546875,0.4380165289256198,0.6174496644295302,0.03922052144803088,0.001953125,0.35714285714285715,False
8,"Search for Nvidia news, create a report, and email it to Tom",2,create,a report,create a report,55,office_word_mcp_server_api_list_files,0.43359375,0.4462809917355372,0.610738255033557,0.040318696048575645,0.0,0.0,False
8,"Search for Nvidia news, create a report, and email it to Tom",2,create,a report,create a report,56,carrot_mcp_server_api_list_leave_application,0.43359375,0.45454545454545453,0.610738255033557,0.046162553744332216,0.001953125,0.35714285714285715,False
8,"Search for Nvidia news, create a report, and email it to Tom",2,create,a report,create a report,57,office_word_mcp_server_api_get_paragraph_text_from_document,0.431640625,0.4628099173553719,0.6040268456375839,0.04726072834487715,0.0,0.0,False
8,"Search for Nvidia news, create a report, and email it to Tom",2,create,a report,create a report,58,github_mcp_server_create_or_update_file,0.431640625,0.47107438016528924,0.6040268456375839,0.05310458604063372,0.0,0.0,False
8,"Search for Nvidia news, create a report, and email it to Tom",2,create,a report,create a report,59,quest_studio_file_storage_get_file_content,0.431640625,0.4793388429752066,0.6040268456375839,0.05894844373639029,0.001953125,0.35714285714285715,False
8,"Search for Nvidia news, create a report, and email it to Tom",2,create,a report,create a report,60,supabase_mcp_get_database_tables,0.4296875,0.48760330578512395,0.5973154362416108,0.06004661833693522,0.00390625,0.7142857142857143,False
8,"Search for Nvidia news, create a report, and email it to Tom",2,create,a report,create a report,61,github_mcp_server_pull_request_read,0.42578125,0.49586776859504134,0.5838926174496645,0.05639910984226835,0.001953125,0.35714285714285715,False
8,"Search for Nvidia news, create a report, and email it to Tom",2,create,a report,create a report,62,project_management_tools_view_board,0.423828125,0.5041322314049587,0.5771812080536913,0.057497284442813275,0.001953125,0.35714285714285715,False
8,"Search for Nvidia news, create a report, and email it to Tom",2,create,a report,create a report,63,project_management_tools_get_user_capacity,0.421875,0.512396694214876,0.5704697986577181,0.05859545904335789,0.001953125,0.35714285714285715,False
8,"Search for Nvidia news, create a report, and email it to Tom",2,create,a report,create a report,64,railway_tools_volume_create,0.419921875,0.5206611570247934,0.5637583892617449,0.059693633643902816,0.001953125,0.35714285714285715,False
8,"Search for Nvidia news, create a report, and email it to Tom",2,create,a report,create a report,65,railway_tools_service_update,0.41796875,0.5289256198347108,0.5570469798657718,0.06079180824444775,0.0,0.0,False
8,"Search for Nvidia news, create a report, and email it to Tom",2,create,a report,create a report,66,outlook_mail_management_reply_to_email,0.41796875,0.5371900826446281,0.5570469798657718,0.06663566594020431,0.001953125,0.35714285714285715,False
8,"Search for Nvidia news, create a report, and email it to Tom",2,create,a report,create a report,67,office_word_mcp_server_api_search_replace,0.416015625,0.5454545454545454,0.5503355704697986,0.06773384054074909,0.0,0.0,False
8,"Search for Nvidia news, create a report, and email it to Tom",2,create,a report,create a report,68,office_word_mcp_server_api_delete_document,0.416015625,0.5537190082644629,0.5503355704697986,0.07357769823650581,0.001953125,0.35714285714285715,False
8,"Search for Nvidia news, create a report, and email it to Tom",2,create,a report,create a report,69,github_mcp_server_search_repositories,0.4140625,0.5619834710743802,0.5436241610738255,0.07467587283705075,0.001953125,0.35714285714285715,False
8,"Search for Nvidia news, create a report, and email it to Tom",2,create,a report,create a report,70,github_mcp_server_merge_pull_request,0.412109375,0.5702479338842975,0.5369127516778524,0.07577404743759551,0.001953125,0.35714285714285715,False
8,"Search for Nvidia news, create a report, and email it to Tom",2,create,a report,create a report,71,office_word_mcp_server_api_delete_paragraph,0.41015625,0.5785123966942148,0.5302013422818792,0.07687222203814029,0.001953125,0.35714285714285715,False
8,"Search for Nvidia news, create a report, and email it to Tom",2,create,a report,create a report,72,project_management_tools_add_work_item_comment,0.408203125,0.5867768595041323,0.5234899328859061,0.07797039663868521,0.0,0.0,False
8,"Search for Nvidia news, create a report, and email it to Tom",2,create,a report,create a report,73,web_search_tools_web_search,0.408203125,0.5950413223140496,0.5234899328859061,0.08381425433444195,0.0,0.0,False
8,"Search for Nvidia news, create a report, and email it to Tom",2,create,a report,create a report,74,project_management_tools_list_sprints,0.408203125,0.6033057851239669,0.5234899328859061,0.08965811203019836,0.001953125,0.35714285714285715,False
8,"Search for Nvidia news, create a report, and email it to Tom",2,create,a report,create a report,75,railway_tools_volume_list,0.40625,0.6115702479338843,0.5167785234899329,0.0907562866307433,0.0,0.0,False
8,"Search for Nvidia news, create a report, and email it to Tom",2,create,a report,create a report,76,project_management_tools_update_user_capacity,0.40625,0.6198347107438017,0.5167785234899329,0.09660014432650002,0.001953125,0.35714285714285715,False
8,"Search for Nvidia news, create a report, and email it to Tom",2,create,a report,create a report,77,railway_tools_service_restart,0.404296875,0.628099173553719,0.5100671140939598,0.0976983189270448,0.0,0.0,False
8,"Search for Nvidia news, create a report, and email it to Tom",2,create,a report,create a report,78,quest_studio_file_storage_get_files,0.404296875,0.6363636363636364,0.5100671140939598,0.10354217662280137,0.001953125,0.35714285714285715,False
8,"Search for Nvidia news, create a report, and email it to Tom",2,create,a report,create a report,79,github_mcp_server_get_commit,0.40234375,0.6446280991735537,0.5033557046979866,0.10464035122334629,0.001953125,0.35714285714285715,False
8,"Search for Nvidia news, create a report, and email it to Tom",2,create,a report,create a report,80,project_management_tools_get_work_item,0.400390625,0.6528925619834711,0.4966442953020134,0.10573852582389107,0.0,0.0,False
8,"Search for Nvidia news, create a report, and email it to Tom",2,create,a report,create a report,81,gmail_tools_forward_google_email,0.400390625,0.6611570247933884,0.4966442953020134,0.11158238351964764,0.001953125,0.35714285714285715,False
8,"Search for Nvidia news, create a report, and email it to Tom",2,create,a report,create a report,82,railway_tools_service_delete,0.3984375,0.6694214876033058,0.4899328859060403,0.11268055812019256,0.00390625,0.7142857142857143,False
8,"Search for Nvidia news, create a report, and email it to Tom",2,create,a report,create a report,83,project_management_tools_get_sprint,0.39453125,0.6776859504132231,0.47651006711409394,0.1090330496255257,0.0,0.0,False
8,"Search for Nvidia news, create a report, and email it to Tom",2,create,a report,create a report,84,github_mcp_server_update_pull_request,0.39453125,0.6859504132231405,0.47651006711409394,0.11487690732128227,0.0,0.0,False
8,"Search for Nvidia news, create a report, and email it to Tom",2,create,a report,create a report,85,project_management_tools_get_work_item_comments,0.39453125,0.6942148760330579,0.47651006711409394,0.12072076501703884,0.00390625,0.7142857142857143,False
8,"Search for Nvidia news, create a report, and email it to Tom",2,create,a report,create a report,86,outlook_mail_management_send_email,0.390625,0.7024793388429752,0.46308724832214765,0.11707325652237197,0.00390625,0.7142857142857143,False
8,"Search for Nvidia news, create a report, and email it to Tom",2,create,a report,create a report,87,gmail_tools_get_google_emails,0.38671875,0.7107438016528925,0.44966442953020136,0.1134257480277051,0.001953125,0.35714285714285715,False
8,"Search for Nvidia news, create a report, and email it to Tom",2,create,a report,create a report,88,project_management_tools_list_projects,0.384765625,0.71900826446281,0.4429530201342282,0.11452392262825002,0.001953125,0.35714285714285715,False
8,"Search for Nvidia news, create a report, and email it to Tom",2,create,a report,create a report,89,github_mcp_server_list_commits,0.3828125,0.7272727272727273,0.436241610738255,0.1156220972287948,0.0,0.0,False
8,"Search for Nvidia news, create a report, and email it to Tom",2,create,a report,create a report,90,github_mcp_server_list_branches,0.3828125,0.7355371900826446,0.436241610738255,0.12146595492455137,0.00390625,0.7142857142857143,False
8,"Search for Nvidia news, create a report, and email it to Tom",2,create,a report,create a report,91,quest_studio_file_storage_get_file,0.37890625,0.743801652892562,0.4228187919463087,0.1178184464298845,0.0,0.0,False
8,"Search for Nvidia news, create a report, and email it to Tom",2,create,a report,create a report,92,github_mcp_server_list_pull_requests,0.37890625,0.7520661157024794,0.4228187919463087,0.12366230412564122,0.0,0.0,False
8,"Search for Nvidia news, create a report, and email it to Tom",2,create,a report,create a report,93,github_mcp_server_get_me,0.37890625,0.7603305785123967,0.4228187919463087,0.1295061618213978,0.001953125,0.35714285714285715,False
8,"Search for Nvidia news, create a report, and email it to Tom",2,create,a report,create a report,94,quest_studio_file_storage_update_file,0.376953125,0.768595041322314,0.4161073825503356,0.13060433642194255,0.0,0.0,False
8,"Search for Nvidia news, create a report, and email it to Tom",2,create,a report,create a report,95,project_management_tools_assign_work_item,0.376953125,0.7768595041322314,0.4161073825503356,0.13644819411769912,0.001953125,0.35714285714285715,False
8,"Search for Nvidia news, create a report, and email it to Tom",2,create,a report,create a report,96,project_management_tools_get_team,0.375,0.7851239669421488,0.40939597315436244,0.13754636871824405,0.0,0.0,False
8,"Search for Nvidia news, create a report, and email it to Tom",2,create,a report,create a report,97,project_management_tools_delete_work_item,0.375,0.7933884297520661,0.40939597315436244,0.14339022641400062,0.001953125,0.35714285714285715,False
8,"Search for Nvidia news, create a report, and email it to Tom",2,create,a report,create a report,98,github_mcp_server_get_file_contents,0.373046875,0.8016528925619835,0.40268456375838924,0.14448840101454555,0.0,0.0,False
8,"Search for Nvidia news, create a report, and email it to Tom",2,create,a report,create a report,99,github_mcp_server_push_files,0.373046875,0.8099173553719008,0.40268456375838924,0.15033225871030198,0.0,0.0,False
8,"Search for Nvidia news, create a report, and email it to Tom",2,create,a report,create a report,100,project_management_tools_update_task_status,0.373046875,0.8181818181818182,0.40268456375838924,0.1561761164060587,0.001953125,0.35714285714285715,False
8,"Search for Nvidia news, create a report, and email it to Tom",2,create,a report,create a report,101,project_management_tools_list_teams,0.37109375,0.8264462809917356,0.3959731543624161,0.15727429100660364,0.0,0.0,False
8,"Search for Nvidia news, create a report, and email it to Tom",2,create,a report,create a report,102,quest_studio_file_storage_query_files,0.37109375,0.8347107438016529,0.3959731543624161,0.16311814870236005,0.001953125,0.35714285714285715,False
8,"Search for Nvidia news, create a report, and email it to Tom",2,create,a report,create a report,103,project_management_tools_get_project,0.369140625,0.8429752066115702,0.38926174496644295,0.16421632330290498,0.001953125,0.35714285714285715,False
8,"Search for Nvidia news, create a report, and email it to Tom",2,create,a report,create a report,104,railway_tools_volume_update,0.3671875,0.8512396694214877,0.3825503355704698,0.1653144979034499,0.001953125,0.35714285714285715,False
8,"Search for Nvidia news, create a report, and email it to Tom",2,create,a report,create a report,105,outlook_mail_management_search_outlook_mail,0.365234375,0.859504132231405,0.37583892617449666,0.16641267250399483,0.0,0.0,False
8,"Search for Nvidia news, create a report, and email it to Tom",2,create,a report,create a report,106,project_management_tools_update_work_item,0.365234375,0.8677685950413223,0.37583892617449666,0.17225653019975123,0.0,0.0,False
8,"Search for Nvidia news, create a report, and email it to Tom",2,create,a report,create a report,107,sharepoint_tools_get_sharepoint_documents,0.365234375,0.8760330578512396,0.37583892617449666,0.17810038789550797,0.00390625,0.7142857142857143,False
8,"Search for Nvidia news, create a report, and email it to Tom",2,create,a report,create a report,108,quest_studio_file_storage_delete_file,0.361328125,0.8842975206611571,0.3624161073825503,0.17445287940084112,0.001953125,0.35714285714285715,False
8,"Search for Nvidia news, create a report, and email it to Tom",2,create,a report,create a report,109,gmail_tools_delete_google_email,0.359375,0.8925619834710744,0.35570469798657717,0.17555105400138588,0.0,0.0,False
8,"Search for Nvidia news, create a report, and email it to Tom",2,create,a report,create a report,110,railway_tools_volume_delete,0.359375,0.9008264462809917,0.35570469798657717,0.18139491169714245,0.001953125,0.35714285714285715,False
8,"Search for Nvidia news, create a report, and email it to Tom",2,create,a report,create a report,111,project_management_tools_list_users,0.357421875,0.9090909090909091,0.348993288590604,0.18249308629768737,0.00390625,0.7142857142857143,True
8,"Search for Nvidia news, create a report, and email it to Tom",2,create,a report,create a report,112,project_management_tools_list_team_members,0.353515625,0.9173553719008265,0.33557046979865773,0.17884557780302052,0.001953125,0.35714285714285715,False
8,"Search for Nvidia news, create a report, and email it to Tom",2,create,a report,create a report,113,sharepoint_tools_get_sharepoint_sites,0.3515625,0.9256198347107438,0.3288590604026846,0.17994375240356544,0.00390625,0.7142857142857143,False
8,"Search for Nvidia news, create a report, and email it to Tom",2,create,a report,create a report,114,project_management_tools_delete_sprint,0.34765625,0.9338842975206612,0.31543624161073824,0.17629624390889856,0.001953125,0.35714285714285715,False
8,"Search for Nvidia news, create a report, and email it to Tom",2,create,a report,create a report,115,outlook_mail_management_find_email_address,0.345703125,0.9421487603305785,0.3087248322147651,0.17739441850944332,0.001953125,0.35714285714285715,False
8,"Search for Nvidia news, create a report, and email it to Tom",2,create,a report,create a report,116,outlook_mail_management_forward_email,0.34375,0.9504132231404959,0.30201342281879195,0.17849259310998827,0.001953125,0.35714285714285715,False
8,"Search for Nvidia news, create a report, and email it to Tom",2,create,a report,create a report,117,project_management_tools_update_project,0.341796875,0.9586776859504132,0.2953020134228188,0.17959076771053303,0.009765625,1.7857142857142856,False
8,"Search for Nvidia news, create a report, and email it to Tom",2,create,a report,create a report,118,github_mcp_server_delete_file,0.33203125,0.9669421487603306,0.26174496644295303,0.16170620993023108,0.00390625,0.7142857142857143,False
8,"Search for Nvidia news, create a report, and email it to Tom",2,create,a report,create a report,119,project_management_tools_delete_team,0.328125,0.9752066115702479,0.2483221476510067,0.1580587014355642,0.00390625,0.7142857142857143,False
8,"Search for Nvidia news, create a report, and email it to Tom",2,create,a report,create a report,120,outlook_mail_management_get_email_messages,0.32421875,0.9834710743801653,0.2348993288590604,0.15441119294089733,0.00390625,0.7142857142857143,False
8,"Search for Nvidia news, create a report, and email it to Tom",2,create,a report,create a report,121,project_management_tools_delete_project,0.3203125,0.9917355371900827,0.2214765100671141,0.15076368444623045,0.064453125,11.785714285714285,False
8,"Search for Nvidia news, create a report, and email it to Tom",2,create,a report,create a report,122,outlook_mail_management_delete_email_message,0.255859375,1.0,0.0,0.0,,,False
8,"Search for Nvidia news, create a report, and email it to Tom",3,email,it,email it to Tom,1,outlook_mail_management_compose_email,0.7109375,0.0,1.0,0.0,0.0078125,1.098901098901099,False
8,"Search for Nvidia news, create a report, and email it to Tom",3,email,it,email it to Tom,2,gmail_tools_send_google_email,0.703125,0.008264462809917356,0.9794871794871794,0.008660896790121353,0.015625,2.197802197802198,False
8,"Search for Nvidia news, create a report, and email it to Tom",3,email,it,email it to Tom,3,outlook_mail_management_send_email,0.6875,0.01652892561983471,0.9384615384615385,0.03182654806612055,0.0078125,1.098901098901099,False
8,"Search for Nvidia news, create a report, and email it to Tom",3,email,it,email it to Tom,4,outlook_mail_management_reply_to_email,0.6796875,0.024793388429752067,0.9179487179487179,0.040487444856241825,0.015625,2.197802197802198,False
8,"Search for Nvidia news, create a report, and email it to Tom",3,email,it,email it to Tom,5,gmail_tools_reply_google_email,0.6640625,0.03305785123966942,0.8769230769230769,0.06365309613224103,0.01171875,1.6483516483516485,False
8,"Search for Nvidia news, create a report, and email it to Tom",3,email,it,email it to Tom,6,gmail_tools_forward_google_email,0.65234375,0.04132231404958678,0.8461538461538461,0.0795663701653013,0.01171875,1.6483516483516485,False
8,"Search for Nvidia news, create a report, and email it to Tom",3,email,it,email it to Tom,7,gmail_tools_get_google_emails,0.640625,0.049586776859504134,0.8153846153846154,0.0954796441983615,0.015625,2.197802197802198,False
8,"Search for Nvidia news, create a report, and email it to Tom",3,email,it,email it to Tom,8,outlook_mail_management_forward_email,0.625,0.05785123966942149,0.7743589743589744,0.11864529547436069,0.0078125,1.098901098901099,False
8,"Search for Nvidia news, create a report, and email it to Tom",3,email,it,email it to Tom,9,gmail_tools_delete_google_email,0.6171875,0.06611570247933884,0.7538461538461538,0.12730619226448206,0.01171875,1.6483516483516485,False
8,"Search for Nvidia news, create a report, and email it to Tom",3,email,it,email it to Tom,10,outlook_mail_management_find_email_address,0.60546875,0.0743801652892562,0.7230769230769231,0.1432194662975423,0.0,0.0,False
8,"Search for Nvidia news, create a report, and email it to Tom",3,email,it,email it to Tom,11,outlook_mail_management_search_outlook_mail,0.60546875,0.08264462809917356,0.7230769230769231,0.13737560860178566,0.0546875,7.6923076923076925,False
8,"Search for Nvidia news, create a report, and email it to Tom",3,email,it,email it to Tom,12,outlook_mail_management_get_email_messages,0.55078125,0.09090909090909091,0.5794871794871795,0.23306503230717432,0.00390625,0.5494505494505495,False
8,"Search for Nvidia news, create a report, and email it to Tom",3,email,it,email it to Tom,13,office_word_mcp_server_api_convert_to_pdf,0.546875,0.09917355371900827,0.5692307692307692,0.23447355185435675,0.00390625,0.5494505494505495,False
8,"Search for Nvidia news, create a report, and email it to Tom",3,email,it,email it to Tom,14,office_word_mcp_server_api_add_picture,0.54296875,0.10743801652892562,0.558974358974359,0.2358820714015391,0.01171875,1.6483516483516485,False
8,"Search for Nvidia news, create a report, and email it to Tom",3,email,it,email it to Tom,15,office_word_mcp_server_api_add_table,0.53125,0.11570247933884298,0.5282051282051282,0.2517953454345994,0.0,0.0,False
8,"Search for Nvidia news, create a report, and email it to Tom",3,email,it,email it to Tom,16,sharepoint_tools_create_txt_file_in_sharepoint,0.53125,0.12396694214876033,0.5282051282051282,0.24595148773884273,0.0,0.0,False
8,"Search for Nvidia news, create a report, and email it to Tom",3,email,it,email it to Tom,17,office_word_mcp_server_api_create_word_document,0.53125,0.1322314049586777,0.5282051282051282,0.24010763004308616,0.015625,2.197802197802198,False
8,"Search for Nvidia news, create a report, and email it to Tom",3,email,it,email it to Tom,18,office_word_mcp_server_api_add_paragraph,0.515625,0.14049586776859505,0.48717948717948717,0.26327328131908534,0.0,0.0,True
8,"Search for Nvidia news, create a report, and email it to Tom",3,email,it,email it to Tom,19,office_word_mcp_server_api_add_heading,0.515625,0.1487603305785124,0.48717948717948717,0.25742942362332877,0.00390625,0.5494505494505495,False
8,"Search for Nvidia news, create a report, and email it to Tom",3,email,it,email it to Tom,20,carrot_mcp_server_api_create_employee,0.51171875,0.15702479338842976,0.47692307692307695,0.2588379431705111,0.0,0.0,False
8,"Search for Nvidia news, create a report, and email it to Tom",3,email,it,email it to Tom,21,project_management_tools_export_sprint_to_sharepoint,0.51171875,0.1652892561983471,0.47692307692307695,0.25299408547475455,0.00390625,0.5494505494505495,False
8,"Search for Nvidia news, create a report, and email it to Tom",3,email,it,email it to Tom,22,office_word_mcp_server_api_copy_document,0.5078125,0.17355371900826447,0.4666666666666667,0.2544026050219369,0.00390625,0.5494505494505495,False
8,"Search for Nvidia news, create a report, and email it to Tom",3,email,it,email it to Tom,23,outlook_mail_management_delete_email_message,0.50390625,0.18181818181818182,0.4564102564102564,0.25581112456911925,0.005859375,0.8241758241758242,False
8,"Search for Nvidia news, create a report, and email it to Tom",3,email,it,email it to Tom,24,carrot_mcp_server_api_update_employee,0.498046875,0.19008264462809918,0.441025641025641,0.26084583273777107,0.0,0.0,False
8,"Search for Nvidia news, create a report, and email it to Tom",3,email,it,email it to Tom,25,office_word_mcp_server_api_get_document_outline,0.498046875,0.19834710743801653,0.441025641025641,0.2550019750420145,0.001953125,0.27472527472527475,False
8,"Search for Nvidia news, create a report, and email it to Tom",3,email,it,email it to Tom,26,office_word_mcp_server_api_get_document_text,0.49609375,0.2066115702479339,0.4358974358974359,0.2527843059677274,0.0,0.0,False
8,"Search for Nvidia news, create a report, and email it to Tom",3,email,it,email it to Tom,27,office_word_mcp_server_api_find_text_in_document,0.49609375,0.21487603305785125,0.4358974358974359,0.24694044827197084,0.0,0.0,False
8,"Search for Nvidia news, create a report, and email it to Tom",3,email,it,email it to Tom,28,office_word_mcp_server_api_add_page_break,0.49609375,0.2231404958677686,0.4358974358974359,0.2410965905762142,0.00390625,0.5494505494505495,False
8,"Search for Nvidia news, create a report, and email it to Tom",3,email,it,email it to Tom,29,office_word_mcp_server_api_get_document_xml,0.4921875,0.23140495867768596,0.4256410256410256,0.24250511012339662,0.001953125,0.27472527472527475,False
8,"Search for Nvidia news, create a report, and email it to Tom",3,email,it,email it to Tom,30,carrot_mcp_server_api_submit_leave_application,0.490234375,0.2396694214876033,0.4205128205128205,0.24028744104910943,0.001953125,0.27472527472527475,False
8,"Search for Nvidia news, create a report, and email it to Tom",3,email,it,email it to Tom,31,carrot_mcp_server_api_create_leave_application,0.48828125,0.24793388429752067,0.4153846153846154,0.23806977197482232,0.0,0.0,False
8,"Search for Nvidia news, create a report, and email it to Tom",3,email,it,email it to Tom,32,office_word_mcp_server_api_get_document_info,0.48828125,0.256198347107438,0.4153846153846154,0.23222591427906575,0.001953125,0.27472527472527475,False
8,"Search for Nvidia news, create a report, and email it to Tom",3,email,it,email it to Tom,33,office_word_mcp_server_api_delete_document,0.486328125,0.2644628099173554,0.41025641025641024,0.23000824520477864,0.001953125,0.27472527472527475,False
8,"Search for Nvidia news, create a report, and email it to Tom",3,email,it,email it to Tom,34,office_word_mcp_server_api_search_replace,0.484375,0.2727272727272727,0.40512820512820513,0.22779057613049153,0.001953125,0.27472527472527475,False
8,"Search for Nvidia news, create a report, and email it to Tom",3,email,it,email it to Tom,35,railway_tools_project_info,0.482421875,0.2809917355371901,0.4,0.22557290705620434,0.00390625,0.5494505494505495,False
8,"Search for Nvidia news, create a report, and email it to Tom",3,email,it,email it to Tom,36,railway_tools_project_environments,0.478515625,0.2892561983471074,0.38974358974358975,0.22698142660338677,0.001953125,0.27472527472527475,False
8,"Search for Nvidia news, create a report, and email it to Tom",3,email,it,email it to Tom,37,office_word_mcp_server_api_get_paragraph_text_from_document,0.4765625,0.2975206611570248,0.38461538461538464,0.22476375752909958,0.001953125,0.27472527472527475,False
8,"Search for Nvidia news, create a report, and email it to Tom",3,email,it,email it to Tom,38,office_word_mcp_server_api_merge_doucments,0.474609375,0.30578512396694213,0.37948717948717947,0.22254608845481255,0.001953125,0.27472527472527475,False
8,"Search for Nvidia news, create a report, and email it to Tom",3,email,it,email it to Tom,39,carrot_mcp_server_api_get_employee,0.47265625,0.3140495867768595,0.37435897435897436,0.22032841938052536,0.00390625,0.5494505494505495,False
8,"Search for Nvidia news, create a report, and email it to Tom",3,email,it,email it to Tom,40,office_word_mcp_server_api_delete_paragraph,0.46875,0.32231404958677684,0.3641025641025641,0.2217369389277078,0.001953125,0.27472527472527475,False
8,"Search for Nvidia news, create a report, and email it to Tom",3,email,it,email it to Tom,41,carrot_mcp_server_api_hr_dashboard_summary,0.466796875,0.3305785123966942,0.358974358974359,0.2195192698534206,0.001953125,0.27472527472527475,False
8,"Search for Nvidia news, create a report, and email it to Tom",3,email,it,email it to Tom,42,carrot_mcp_server_api_list_employees,0.46484375,0.33884297520661155,0.35384615384615387,0.2173016007791335,0.00390625,0.5494505494505495,False
8,"Search for Nvidia news, create a report, and email it to Tom",3,email,it,email it to Tom,43,github_mcp_server_create_or_update_file,0.4609375,0.34710743801652894,0.3435897435897436,0.21871012032631584,0.0,0.0,False
8,"Search for Nvidia news, create a report, and email it to Tom",3,email,it,email it to Tom,44,carrot_mcp_server_api_update_leave_application,0.4609375,0.35537190082644626,0.3435897435897436,0.21286626263055927,0.0,0.0,False
8,"Search for Nvidia news, create a report, and email it to Tom",3,email,it,email it to Tom,45,railway_tools_project_list,0.4609375,0.36363636363636365,0.3435897435897436,0.2070224049348027,0.001953125,0.27472527472527475,False
8,"Search for Nvidia news, create a report, and email it to Tom",3,email,it,email it to Tom,46,office_word_mcp_server_api_list_files,0.458984375,0.371900826446281,0.3384615384615385,0.2048047358605156,0.001953125,0.27472527472527475,False
8,"Search for Nvidia news, create a report, and email it to Tom",3,email,it,email it to Tom,47,railway_tools_service_list,0.45703125,0.38016528925619836,0.3333333333333333,0.20258706678622848,0.0,0.0,False
8,"Search for Nvidia news, create a report, and email it to Tom",3,email,it,email it to Tom,48,project_management_tools_list_work_items,0.45703125,0.3884297520661157,0.3333333333333333,0.1967432090904719,0.005859375,0.8241758241758242,False
8,"Search for Nvidia news, create a report, and email it to Tom",3,email,it,email it to Tom,49,github_mcp_server_pull_request_read,0.451171875,0.39669421487603307,0.31794871794871793,0.20177791725912372,0.001953125,0.27472527472527475,False
8,"Search for Nvidia news, create a report, and email it to Tom",3,email,it,email it to Tom,50,railway_tools_project_delete,0.44921875,0.4049586776859504,0.3128205128205128,0.1995602481848366,0.001953125,0.27472527472527475,False
8,"Search for Nvidia news, create a report, and email it to Tom",3,email,it,email it to Tom,51,railway_tools_project_create,0.447265625,0.4132231404958678,0.3076923076923077,0.1973425791105495,0.001953125,0.27472527472527475,False
8,"Search for Nvidia news, create a report, and email it to Tom",3,email,it,email it to Tom,52,railway_tools_service_create_from_repo,0.4453125,0.4214876033057851,0.30256410256410254,0.1951249100362624,0.0,0.0,False
8,"Search for Nvidia news, create a report, and email it to Tom",3,email,it,email it to Tom,53,quest_studio_file_storage_get_storage_usage,0.4453125,0.4297520661157025,0.30256410256410254,0.18928105234050582,0.001953125,0.27472527472527475,False
8,"Search for Nvidia news, create a report, and email it to Tom",3,email,it,email it to Tom,54,quest_studio_file_storage_delete_file,0.443359375,0.4380165289256198,0.29743589743589743,0.1870633832662187,0.0,0.0,False
8,"Search for Nvidia news, create a report, and email it to Tom",3,email,it,email it to Tom,55,project_management_tools_create_work_item,0.443359375,0.4462809917355372,0.29743589743589743,0.18121952557046206,0.001953125,0.27472527472527475,False
8,"Search for Nvidia news, create a report, and email it to Tom",3,email,it,email it to Tom,56,railway_tools_service_info,0.44140625,0.45454545454545453,0.2923076923076923,0.17900185649617495,0.0,0.0,False
8,"Search for Nvidia news, create a report, and email it to Tom",3,email,it,email it to Tom,57,carrot_mcp_server_api_log_hours_entry,0.44140625,0.4628099173553719,0.2923076923076923,0.1731579988004183,0.0,0.0,False
8,"Search for Nvidia news, create a report, and email it to Tom",3,email,it,email it to Tom,58,project_management_tools_create_team,0.44140625,0.47107438016528924,0.2923076923076923,0.16731414110466172,0.00390625,0.5494505494505495,False
8,"Search for Nvidia news, create a report, and email it to Tom",3,email,it,email it to Tom,59,project_management_tools_assign_work_item,0.4375,0.4793388429752066,0.28205128205128205,0.16872266065184408,0.001953125,0.27472527472527475,False
8,"Search for Nvidia news, create a report, and email it to Tom",3,email,it,email it to Tom,60,railway_tools_database_list_types,0.435546875,0.48760330578512395,0.27692307692307694,0.16650499157755697,0.001953125,0.27472527472527475,False
8,"Search for Nvidia news, create a report, and email it to Tom",3,email,it,email it to Tom,61,project_management_tools_list_sprints,0.43359375,0.49586776859504134,0.2717948717948718,0.16428732250326986,0.001953125,0.27472527472527475,False
8,"Search for Nvidia news, create a report, and email it to Tom",3,email,it,email it to Tom,62,carrot_mcp_server_api_list_leave_application,0.431640625,0.5041322314049587,0.26666666666666666,0.16206965342898275,0.0,0.0,False
8,"Search for Nvidia news, create a report, and email it to Tom",3,email,it,email it to Tom,63,github_mcp_server_get_commit,0.431640625,0.512396694214876,0.26666666666666666,0.15622579573322617,0.0,0.0,False
8,"Search for Nvidia news, create a report, and email it to Tom",3,email,it,email it to Tom,64,project_management_tools_view_board,0.431640625,0.5206611570247934,0.26666666666666666,0.1503819380374696,0.0,0.0,False
8,"Search for Nvidia news, create a report, and email it to Tom",3,email,it,email it to Tom,65,sharepoint_tools_get_sharepoint_documents,0.431640625,0.5289256198347108,0.26666666666666666,0.14453808034171303,0.0,0.0,False
8,"Search for Nvidia news, create a report, and email it to Tom",3,email,it,email it to Tom,66,quest_studio_file_storage_get_file_content,0.431640625,0.5371900826446281,0.26666666666666666,0.13869422264595646,0.001953125,0.27472527472527475,False
8,"Search for Nvidia news, create a report, and email it to Tom",3,email,it,email it to Tom,67,carrot_mcp_server_api_work_hours_summary,0.4296875,0.5454545454545454,0.26153846153846155,0.13647655357166935,0.0,0.0,False
8,"Search for Nvidia news, create a report, and email it to Tom",3,email,it,email it to Tom,68,project_management_tools_get_team,0.4296875,0.5537190082644629,0.26153846153846155,0.13063269587591264,0.001953125,0.27472527472527475,False
8,"Search for Nvidia news, create a report, and email it to Tom",3,email,it,email it to Tom,69,railway_tools_service_restart,0.427734375,0.5619834710743802,0.2564102564102564,0.12841502680162561,0.0,0.0,False
8,"Search for Nvidia news, create a report, and email it to Tom",3,email,it,email it to Tom,70,github_mcp_server_create_repository,0.427734375,0.5702479338842975,0.2564102564102564,0.12257116910586903,0.001953125,0.27472527472527475,False
8,"Search for Nvidia news, create a report, and email it to Tom",3,email,it,email it to Tom,71,project_management_tools_create_sprint,0.42578125,0.5785123966942148,0.2512820512820513,0.12035350003158192,0.0,0.0,False
8,"Search for Nvidia news, create a report, and email it to Tom",3,email,it,email it to Tom,72,github_mcp_server_search_repositories,0.42578125,0.5867768595041323,0.2512820512820513,0.11450964233582527,0.0,0.0,False
8,"Search for Nvidia news, create a report, and email it to Tom",3,email,it,email it to Tom,73,quest_studio_file_storage_get_file,0.42578125,0.5950413223140496,0.2512820512820513,0.1086657846400687,0.0,0.0,False
8,"Search for Nvidia news, create a report, and email it to Tom",3,email,it,email it to Tom,74,supabase_mcp_insert_table_data,0.42578125,0.6033057851239669,0.2512820512820513,0.10282192694431212,0.0,0.0,False
8,"Search for Nvidia news, create a report, and email it to Tom",3,email,it,email it to Tom,75,supabase_mcp_update_database_table_data,0.42578125,0.6115702479338843,0.2512820512820513,0.09697806924855555,0.0,0.0,False
8,"Search for Nvidia news, create a report, and email it to Tom",3,email,it,email it to Tom,76,project_management_tools_list_team_members,0.42578125,0.6198347107438017,0.2512820512820513,0.09113421155279891,0.001953125,0.27472527472527475,False
8,"Search for Nvidia news, create a report, and email it to Tom",3,email,it,email it to Tom,77,project_management_tools_add_work_item_comment,0.423828125,0.628099173553719,0.24615384615384617,0.0889165424785118,0.001953125,0.27472527472527475,False
8,"Search for Nvidia news, create a report, and email it to Tom",3,email,it,email it to Tom,78,project_management_tools_delete_team,0.421875,0.6363636363636364,0.24102564102564103,0.08669887340422469,0.0,0.0,False
8,"Search for Nvidia news, create a report, and email it to Tom",3,email,it,email it to Tom,79,github_mcp_server_create_pull_request,0.421875,0.6446280991735537,0.24102564102564103,0.08085501570846812,0.001953125,0.27472527472527475,False
8,"Search for Nvidia news, create a report, and email it to Tom",3,email,it,email it to Tom,80,project_management_tools_list_teams,0.419921875,0.6528925619834711,0.2358974358974359,0.07863734663418093,0.0,0.0,False
8,"Search for Nvidia news, create a report, and email it to Tom",3,email,it,email it to Tom,81,github_mcp_server_get_me,0.419921875,0.6611570247933884,0.2358974358974359,0.07279348893842436,0.0,0.0,False
8,"Search for Nvidia news, create a report, and email it to Tom",3,email,it,email it to Tom,82,github_mcp_server_list_commits,0.419921875,0.6694214876033058,0.2358974358974359,0.06694963124266778,0.001953125,0.27472527472527475,False
8,"Search for Nvidia news, create a report, and email it to Tom",3,email,it,email it to Tom,83,github_mcp_server_list_pull_requests,0.41796875,0.6776859504132231,0.23076923076923078,0.06473196216838067,0.0,0.0,False
8,"Search for Nvidia news, create a report, and email it to Tom",3,email,it,email it to Tom,84,quest_studio_file_storage_update_file,0.41796875,0.6859504132231405,0.23076923076923078,0.0588881044726241,0.001953125,0.27472527472527475,False
8,"Search for Nvidia news, create a report, and email it to Tom",3,email,it,email it to Tom,85,project_management_tools_update_task_status,0.416015625,0.6942148760330579,0.22564102564102564,0.056670435398336994,0.001953125,0.27472527472527475,False
8,"Search for Nvidia news, create a report, and email it to Tom",3,email,it,email it to Tom,86,project_management_tools_get_work_item_comments,0.4140625,0.7024793388429752,0.2205128205128205,0.054452766324049884,0.0,0.0,False
8,"Search for Nvidia news, create a report, and email it to Tom",3,email,it,email it to Tom,87,project_management_tools_get_sprint,0.4140625,0.7107438016528925,0.2205128205128205,0.04860890862829331,0.001953125,0.27472527472527475,False
8,"Search for Nvidia news, create a report, and email it to Tom",3,email,it,email it to Tom,88,railway_tools_service_update,0.412109375,0.71900826446281,0.2153846153846154,0.046391239554006126,0.0,0.0,False
8,"Search for Nvidia news, create a report, and email it to Tom",3,email,it,email it to Tom,89,railway_tools_service_delete,0.412109375,0.7272727272727273,0.2153846153846154,0.040547381858249555,0.0,0.0,False
8,"Search for Nvidia news, create a report, and email it to Tom",3,email,it,email it to Tom,90,github_mcp_server_merge_pull_request,0.412109375,0.7355371900826446,0.2153846153846154,0.034703524162492984,0.0,0.0,False
8,"Search for Nvidia news, create a report, and email it to Tom",3,email,it,email it to Tom,91,railway_tools_service_create_from_image,0.412109375,0.743801652892562,0.2153846153846154,0.02885966646673641,0.0,0.0,False
8,"Search for Nvidia news, create a report, and email it to Tom",3,email,it,email it to Tom,92,project_management_tools_update_work_item,0.412109375,0.7520661157024794,0.2153846153846154,0.02301580877097976,0.001953125,0.27472527472527475,False
8,"Search for Nvidia news, create a report, and email it to Tom",3,email,it,email it to Tom,93,supabase_mcp_check_database_health,0.41015625,0.7603305785123967,0.21025641025641026,0.02079813969669265,0.0,0.0,False
8,"Search for Nvidia news, create a report, and email it to Tom",3,email,it,email it to Tom,94,supabase_mcp_get_table_schema,0.41015625,0.768595041322314,0.21025641025641026,0.014954282000936079,0.001953125,0.27472527472527475,False
8,"Search for Nvidia news, create a report, and email it to Tom",3,email,it,email it to Tom,95,project_management_tools_get_user_capacity,0.408203125,0.7768595041322314,0.20512820512820512,0.012736612926648969,0.0,0.0,False
8,"Search for Nvidia news, create a report, and email it to Tom",3,email,it,email it to Tom,96,quest_studio_file_storage_get_files,0.408203125,0.7851239669421488,0.20512820512820512,0.0068927552308923985,0.00390625,0.5494505494505495,False
8,"Search for Nvidia news, create a report, and email it to Tom",3,email,it,email it to Tom,97,github_mcp_server_get_file_contents,0.404296875,0.7933884297520661,0.19487179487179487,0.00830127477807475,0.001953125,0.27472527472527475,False
8,"Search for Nvidia news, create a report, and email it to Tom",3,email,it,email it to Tom,98,project_management_tools_delete_work_item,0.40234375,0.8016528925619835,0.18974358974358974,0.00608360570378764,0.001953125,0.27472527472527475,False
8,"Search for Nvidia news, create a report, and email it to Tom",3,email,it,email it to Tom,99,project_management_tools_update_user_capacity,0.400390625,0.8099173553719008,0.18461538461538463,0.0038659366295005298,0.0,0.0,False
8,"Search for Nvidia news, create a report, and email it to Tom",3,email,it,email it to Tom,100,project_management_tools_delete_sprint,0.400390625,0.8181818181818182,0.18461538461538463,0.001977921066256041,0.001953125,0.27472527472527475,False
8,"Search for Nvidia news, create a report, and email it to Tom",3,email,it,email it to Tom,101,sharepoint_tools_get_sharepoint_sites,0.3984375,0.8264462809917356,0.1794871794871795,0.004195590140543151,0.0,0.0,False
8,"Search for Nvidia news, create a report, and email it to Tom",3,email,it,email it to Tom,102,project_management_tools_get_work_item,0.3984375,0.8347107438016529,0.1794871794871795,0.010039447836299722,0.001953125,0.27472527472527475,False
8,"Search for Nvidia news, create a report, and email it to Tom",3,email,it,email it to Tom,103,github_mcp_server_update_pull_request,0.396484375,0.8429752066115702,0.17435897435897435,0.012257116910586832,0.0,0.0,False
8,"Search for Nvidia news, create a report, and email it to Tom",3,email,it,email it to Tom,104,supabase_mcp_get_database_tables,0.396484375,0.8512396694214877,0.17435897435897435,0.01810097460634356,0.001953125,0.27472527472527475,False
8,"Search for Nvidia news, create a report, and email it to Tom",3,email,it,email it to Tom,105,github_mcp_server_create_branch,0.39453125,0.859504132231405,0.16923076923076924,0.02031864368063067,0.0,0.0,False
8,"Search for Nvidia news, create a report, and email it to Tom",3,email,it,email it to Tom,106,github_mcp_server_push_files,0.39453125,0.8677685950413223,0.16923076923076924,0.026162501376387242,0.001953125,0.27472527472527475,False
8,"Search for Nvidia news, create a report, and email it to Tom",3,email,it,email it to Tom,107,github_mcp_server_list_branches,0.392578125,0.8760330578512396,0.1641025641025641,0.02838017045067435,0.001953125,0.27472527472527475,False
8,"Search for Nvidia news, create a report, and email it to Tom",3,email,it,email it to Tom,108,railway_tools_volume_delete,0.390625,0.8842975206611571,0.15897435897435896,0.03059783952496146,0.001953125,0.27472527472527475,False
8,"Search for Nvidia news, create a report, and email it to Tom",3,email,it,email it to Tom,109,supabase_mcp_select_database_table_data,0.388671875,0.8925619834710744,0.15384615384615385,0.032815508599248575,0.00390625,0.5494505494505495,False
8,"Search for Nvidia news, create a report, and email it to Tom",3,email,it,email it to Tom,110,supabase_mcp_get_all_supabase_projects,0.384765625,0.9008264462809917,0.14358974358974358,0.03140698905206622,0.001953125,0.27472527472527475,False
8,"Search for Nvidia news, create a report, and email it to Tom",3,email,it,email it to Tom,111,project_management_tools_create_project,0.3828125,0.9090909090909091,0.13846153846153847,0.03362465812635333,0.001953125,0.27472527472527475,False
8,"Search for Nvidia news, create a report, and email it to Tom",3,email,it,email it to Tom,112,github_mcp_server_delete_file,0.380859375,0.9173553719008265,0.13333333333333333,0.03584232720064044,0.00390625,0.5494505494505495,False
8,"Search for Nvidia news, create a report, and email it to Tom",3,email,it,email it to Tom,113,railway_tools_volume_update,0.376953125,0.9256198347107438,0.12307692307692308,0.03443380765345809,0.001953125,0.27472527472527475,False
8,"Search for Nvidia news, create a report, and email it to Tom",3,email,it,email it to Tom,114,web_search_tools_web_search,0.375,0.9338842975206612,0.11794871794871795,0.0366514767277452,0.00390625,0.5494505494505495,False
8,"Search for Nvidia news, create a report, and email it to Tom",3,email,it,email it to Tom,115,railway_tools_volume_list,0.37109375,0.9421487603305785,0.1076923076923077,0.03524295718056285,0.00390625,0.5494505494505495,False
8,"Search for Nvidia news, create a report, and email it to Tom",3,email,it,email it to Tom,116,project_management_tools_list_users,0.3671875,0.9504132231404959,0.09743589743589744,0.033834437633380496,0.013671875,1.9230769230769231,False
8,"Search for Nvidia news, create a report, and email it to Tom",3,email,it,email it to Tom,117,railway_tools_volume_create,0.353515625,0.9586776859504132,0.06153846153846154,0.014294974978850837,0.00390625,0.5494505494505495,False
8,"Search for Nvidia news, create a report, and email it to Tom",3,email,it,email it to Tom,118,project_management_tools_list_projects,0.349609375,0.9669421487603306,0.05128205128205128,0.01288645543166833,0.00390625,0.5494505494505495,False
8,"Search for Nvidia news, create a report, and email it to Tom",3,email,it,email it to Tom,119,project_management_tools_get_project,0.345703125,0.9752066115702479,0.041025641025641026,0.011477935884485977,0.005859375,0.8241758241758242,False
8,"Search for Nvidia news, create a report, and email it to Tom",3,email,it,email it to Tom,120,quest_studio_file_storage_query_files,0.33984375,0.9834710743801653,0.02564102564102564,0.006443227715834165,0.005859375,0.8241758241758242,False
8,"Search for Nvidia news, create a report, and email it to Tom",3,email,it,email it to Tom,121,project_management_tools_update_project,0.333984375,0.9917355371900827,0.010256410256410256,0.0014085195471823515,0.00390625,0.5494505494505495,False
8,"Search for Nvidia news, create a report, and email it to Tom",3,email,it,email it to Tom,122,project_management_tools_delete_project,0.330078125,1.0,0.0,0.0,,,False
9,Schedule a meeting with Tom,1,schedule,a meeting with Tom,Schedule a meeting with Tom,1,project_management_tools_create_sprint,0.55859375,0.0,1.0,0.0,0.015625,2.797202797202797,False
9,Schedule a meeting with Tom,1,schedule,a meeting with Tom,Schedule a meeting with Tom,2,project_management_tools_create_team,0.54296875,0.008264462809917356,0.9310344827586207,0.04292212721366052,0.0,0.0,False
9,Schedule a meeting with Tom,1,schedule,a meeting with Tom,Schedule a meeting with Tom,3,carrot_mcp_server_api_create_employee,0.54296875,0.01652892561983471,0.9310344827586207,0.03707826951790386,0.00390625,0.6993006993006993,False
9,Schedule a meeting with Tom,1,schedule,a meeting with Tom,Schedule a meeting with Tom,4,carrot_mcp_server_api_log_hours_entry,0.5390625,0.024793388429752067,0.9137931034482759,0.043425908049501506,0.01953125,3.4965034965034967,False
9,Schedule a meeting with Tom,1,schedule,a meeting with Tom,Schedule a meeting with Tom,5,project_management_tools_list_sprints,0.51953125,0.03305785123966942,0.8275862068965517,0.09853953149051631,0.0078125,1.3986013986013985,False
9,Schedule a meeting with Tom,1,schedule,a meeting with Tom,Schedule a meeting with Tom,6,office_word_mcp_server_api_add_table,0.51171875,0.04132231404958678,0.7931034482758621,0.11707866624946825,0.0,0.0,False
9,Schedule a meeting with Tom,1,schedule,a meeting with Tom,Schedule a meeting with Tom,7,carrot_mcp_server_api_create_leave_application,0.51171875,0.049586776859504134,0.7931034482758621,0.1112348085537116,0.0,0.0,False
9,Schedule a meeting with Tom,1,schedule,a meeting with Tom,Schedule a meeting with Tom,8,carrot_mcp_server_api_hr_dashboard_summary,0.51171875,0.05785123966942149,0.7931034482758621,0.10539095085795502,0.00390625,0.6993006993006993,False
9,Schedule a meeting with Tom,1,schedule,a meeting with Tom,Schedule a meeting with Tom,9,office_word_mcp_server_api_create_word_document,0.5078125,0.06611570247933884,0.7758620689655172,0.11173858938955275,0.0,0.0,False
9,Schedule a meeting with Tom,1,schedule,a meeting with Tom,Schedule a meeting with Tom,10,project_management_tools_update_user_capacity,0.5078125,0.0743801652892562,0.7758620689655172,0.10589473169379618,0.0,0.0,False
9,Schedule a meeting with Tom,1,schedule,a meeting with Tom,Schedule a meeting with Tom,11,office_word_mcp_server_api_add_heading,0.5078125,0.08264462809917356,0.7758620689655172,0.10005087399803952,0.00390625,0.6993006993006993,False
9,Schedule a meeting with Tom,1,schedule,a meeting with Tom,Schedule a meeting with Tom,12,railway_tools_project_create,0.50390625,0.09090909090909091,0.7586206896551724,0.10639851252963724,0.0,0.0,False
9,Schedule a meeting with Tom,1,schedule,a meeting with Tom,Schedule a meeting with Tom,13,gmail_tools_send_google_email,0.50390625,0.09917355371900827,0.7586206896551724,0.10055465483388067,0.005859375,1.048951048951049,False
9,Schedule a meeting with Tom,1,schedule,a meeting with Tom,Schedule a meeting with Tom,14,railway_tools_service_create_from_repo,0.498046875,0.10743801652892562,0.7327586206896551,0.1129980414791555,0.0,0.0,False
9,Schedule a meeting with Tom,1,schedule,a meeting with Tom,Schedule a meeting with Tom,15,project_management_tools_get_user_capacity,0.498046875,0.11570247933884298,0.7327586206896551,0.10715418378339893,0.001953125,0.34965034965034963,False
9,Schedule a meeting with Tom,1,schedule,a meeting with Tom,Schedule a meeting with Tom,16,project_management_tools_get_sprint,0.49609375,0.12396694214876033,0.7241379310344828,0.10740607420131938,0.0,0.0,False
9,Schedule a meeting with Tom,1,schedule,a meeting with Tom,Schedule a meeting with Tom,17,carrot_mcp_server_api_work_hours_summary,0.49609375,0.1322314049586777,0.7241379310344828,0.10156221650556281,0.0,0.0,False
9,Schedule a meeting with Tom,1,schedule,a meeting with Tom,Schedule a meeting with Tom,18,project_management_tools_list_work_items,0.49609375,0.14049586776859505,0.7241379310344828,0.09571835880980624,0.001953125,0.34965034965034963,False
9,Schedule a meeting with Tom,1,schedule,a meeting with Tom,Schedule a meeting with Tom,19,project_management_tools_delete_team,0.494140625,0.1487603305785124,0.7155172413793104,0.09597024922772669,0.0,0.0,False
9,Schedule a meeting with Tom,1,schedule,a meeting with Tom,Schedule a meeting with Tom,20,project_management_tools_delete_sprint,0.494140625,0.15702479338842976,0.7155172413793104,0.09012639153197012,0.0,0.0,False
9,Schedule a meeting with Tom,1,schedule,a meeting with Tom,Schedule a meeting with Tom,21,carrot_mcp_server_api_submit_leave_application,0.494140625,0.1652892561983471,0.7155172413793104,0.08428253383621355,0.001953125,0.34965034965034963,False
9,Schedule a meeting with Tom,1,schedule,a meeting with Tom,Schedule a meeting with Tom,22,railway_tools_service_info,0.4921875,0.17355371900826447,0.7068965517241379,0.08453442425413417,0.001953125,0.34965034965034963,False
9,Schedule a meeting with Tom,1,schedule,a meeting with Tom,Schedule a meeting with Tom,23,railway_tools_project_info,0.490234375,0.18181818181818182,0.6982758620689655,0.08478631467205462,0.0,0.0,False
9,Schedule a meeting with Tom,1,schedule,a meeting with Tom,Schedule a meeting with Tom,24,office_word_mcp_server_api_add_paragraph,0.490234375,0.19008264462809918,0.6982758620689655,0.07894245697629805,0.001953125,0.34965034965034963,False
9,Schedule a meeting with Tom,1,schedule,a meeting with Tom,Schedule a meeting with Tom,25,office_word_mcp_server_api_add_picture,0.48828125,0.19834710743801653,0.6896551724137931,0.07919434739421859,0.001953125,0.34965034965034963,False
9,Schedule a meeting with Tom,1,schedule,a meeting with Tom,Schedule a meeting with Tom,26,project_management_tools_create_work_item,0.486328125,0.2066115702479339,0.6810344827586207,0.0794462378121392,0.0,0.0,False
9,Schedule a meeting with Tom,1,schedule,a meeting with Tom,Schedule a meeting with Tom,27,project_management_tools_get_team,0.486328125,0.21487603305785125,0.6810344827586207,0.07360238011638255,0.00390625,0.6993006993006993,False
9,Schedule a meeting with Tom,1,schedule,a meeting with Tom,Schedule a meeting with Tom,28,project_management_tools_export_sprint_to_sharepoint,0.482421875,0.2231404958677686,0.6637931034482759,0.0799500186479802,0.0,0.0,False
9,Schedule a meeting with Tom,1,schedule,a meeting with Tom,Schedule a meeting with Tom,29,project_management_tools_list_team_members,0.482421875,0.23140495867768596,0.6637931034482759,0.07410616095222362,0.001953125,0.34965034965034963,False
9,Schedule a meeting with Tom,1,schedule,a meeting with Tom,Schedule a meeting with Tom,30,project_management_tools_view_board,0.48046875,0.2396694214876033,0.6551724137931034,0.07435805137014424,0.0,0.0,False
9,Schedule a meeting with Tom,1,schedule,a meeting with Tom,Schedule a meeting with Tom,31,office_word_mcp_server_api_convert_to_pdf,0.48046875,0.24793388429752067,0.6551724137931034,0.06851419367438759,0.001953125,0.34965034965034963,False
9,Schedule a meeting with Tom,1,schedule,a meeting with Tom,Schedule a meeting with Tom,32,railway_tools_service_list,0.478515625,0.256198347107438,0.646551724137931,0.06876608409230812,0.0,0.0,False
9,Schedule a meeting with Tom,1,schedule,a meeting with Tom,Schedule a meeting with Tom,33,sharepoint_tools_create_txt_file_in_sharepoint,0.478515625,0.2644628099173554,0.646551724137931,0.06292222639655155,0.0,0.0,False
9,Schedule a meeting with Tom,1,schedule,a meeting with Tom,Schedule a meeting with Tom,34,gmail_tools_forward_google_email,0.478515625,0.2727272727272727,0.646551724137931,0.05707836870079498,0.0,0.0,False
9,Schedule a meeting with Tom,1,schedule,a meeting with Tom,Schedule a meeting with Tom,35,project_management_tools_list_teams,0.478515625,0.2809917355371901,0.646551724137931,0.05123451100503841,0.00390625,0.6993006993006993,False
9,Schedule a meeting with Tom,1,schedule,a meeting with Tom,Schedule a meeting with Tom,36,railway_tools_service_create_from_image,0.474609375,0.2892561983471074,0.6293103448275862,0.05758214953663605,0.0,0.0,False
9,Schedule a meeting with Tom,1,schedule,a meeting with Tom,Schedule a meeting with Tom,37,office_word_mcp_server_api_merge_doucments,0.474609375,0.2975206611570248,0.6293103448275862,0.051738291840879476,0.001953125,0.34965034965034963,False
9,Schedule a meeting with Tom,1,schedule,a meeting with Tom,Schedule a meeting with Tom,38,outlook_mail_management_compose_email,0.47265625,0.30578512396694213,0.6206896551724138,0.05199018225880001,0.001953125,0.34965034965034963,False
9,Schedule a meeting with Tom,1,schedule,a meeting with Tom,Schedule a meeting with Tom,39,railway_tools_service_delete,0.470703125,0.3140495867768595,0.6120689655172413,0.05224207267672055,0.0,0.0,False
9,Schedule a meeting with Tom,1,schedule,a meeting with Tom,Schedule a meeting with Tom,40,railway_tools_database_list_types,0.470703125,0.32231404958677684,0.6120689655172413,0.04639821498096398,0.001953125,0.34965034965034963,False
9,Schedule a meeting with Tom,1,schedule,a meeting with Tom,Schedule a meeting with Tom,41,carrot_mcp_server_api_get_employee,0.46875,0.3305785123966942,0.603448275862069,0.04665010539888451,0.0,0.0,False
9,Schedule a meeting with Tom,1,schedule,a meeting with Tom,Schedule a meeting with Tom,42,project_management_tools_assign_work_item,0.46875,0.33884297520661155,0.603448275862069,0.04080624770312794,0.0,0.0,False
9,Schedule a meeting with Tom,1,schedule,a meeting with Tom,Schedule a meeting with Tom,43,office_word_mcp_server_api_find_text_in_document,0.46875,0.34710743801652894,0.603448275862069,0.03496239000737137,0.001953125,0.34965034965034963,False
9,Schedule a meeting with Tom,1,schedule,a meeting with Tom,Schedule a meeting with Tom,44,carrot_mcp_server_api_update_employee,0.466796875,0.35537190082644626,0.5948275862068966,0.035214280425291906,0.0,0.0,False
9,Schedule a meeting with Tom,1,schedule,a meeting with Tom,Schedule a meeting with Tom,45,railway_tools_project_delete,0.466796875,0.36363636363636365,0.5948275862068966,0.029370422729535255,0.0,0.0,False
9,Schedule a meeting with Tom,1,schedule,a meeting with Tom,Schedule a meeting with Tom,46,gmail_tools_reply_google_email,0.466796875,0.371900826446281,0.5948275862068966,0.023526565033778684,0.001953125,0.34965034965034963,False
9,Schedule a meeting with Tom,1,schedule,a meeting with Tom,Schedule a meeting with Tom,47,railway_tools_service_update,0.46484375,0.38016528925619836,0.5862068965517241,0.023778455451699296,0.0,0.0,False
9,Schedule a meeting with Tom,1,schedule,a meeting with Tom,Schedule a meeting with Tom,48,supabase_mcp_check_database_health,0.46484375,0.3884297520661157,0.5862068965517241,0.01793459775594273,0.001953125,0.34965034965034963,False
9,Schedule a meeting with Tom,1,schedule,a meeting with Tom,Schedule a meeting with Tom,49,carrot_mcp_server_api_list_employees,0.462890625,0.39669421487603307,0.5775862068965517,0.018186488173863185,0.0,0.0,False
9,Schedule a meeting with Tom,1,schedule,a meeting with Tom,Schedule a meeting with Tom,50,railway_tools_project_list,0.462890625,0.4049586776859504,0.5775862068965517,0.012342630478106612,0.0,0.0,False
9,Schedule a meeting with Tom,1,schedule,a meeting with Tom,Schedule a meeting with Tom,51,github_mcp_server_create_repository,0.462890625,0.4132231404958678,0.5775862068965517,0.0064987727823499625,0.0,0.0,False
9,Schedule a meeting with Tom,1,schedule,a meeting with Tom,Schedule a meeting with Tom,52,gmail_tools_delete_google_email,0.462890625,0.4214876033057851,0.5775862068965517,0.0006549150865933913,0.0,0.0,False
9,Schedule a meeting with Tom,1,schedule,a meeting with Tom,Schedule a meeting with Tom,53,railway_tools_service_restart,0.462890625,0.4297520661157025,0.5775862068965517,0.00518894260916318,0.0,0.0,False
9,Schedule a meeting with Tom,1,schedule,a meeting with Tom,Schedule a meeting with Tom,54,outlook_mail_management_find_email_address,0.462890625,0.4380165289256198,0.5775862068965517,0.011032800304919751,0.001953125,0.34965034965034963,False
9,Schedule a meeting with Tom,1,schedule,a meeting with Tom,Schedule a meeting with Tom,55,carrot_mcp_server_api_update_leave_application,0.4609375,0.4462809917355372,0.5689655172413793,0.010780909886999215,0.0,0.0,False
9,Schedule a meeting with Tom,1,schedule,a meeting with Tom,Schedule a meeting with Tom,56,office_word_mcp_server_api_add_page_break,0.4609375,0.45454545454545453,0.5689655172413793,0.016624767582755787,0.0,0.0,False
9,Schedule a meeting with Tom,1,schedule,a meeting with Tom,Schedule a meeting with Tom,57,supabase_mcp_insert_table_data,0.4609375,0.4628099173553719,0.5689655172413793,0.022468625278512358,0.005859375,1.048951048951049,False
9,Schedule a meeting with Tom,1,schedule,a meeting with Tom,Schedule a meeting with Tom,58,github_mcp_server_search_repositories,0.455078125,0.47107438016528924,0.5431034482758621,0.01002523863323761,0.0,0.0,False
9,Schedule a meeting with Tom,1,schedule,a meeting with Tom,Schedule a meeting with Tom,59,gmail_tools_get_google_emails,0.455078125,0.4793388429752066,0.5431034482758621,0.015869096328994182,0.0,0.0,False
9,Schedule a meeting with Tom,1,schedule,a meeting with Tom,Schedule a meeting with Tom,60,quest_studio_file_storage_get_storage_usage,0.455078125,0.48760330578512395,0.5431034482758621,0.021712954024750753,0.001953125,0.34965034965034963,False
9,Schedule a meeting with Tom,1,schedule,a meeting with Tom,Schedule a meeting with Tom,61,office_word_mcp_server_api_get_document_outline,0.453125,0.49586776859504134,0.5344827586206896,0.021461063606830217,0.0,0.0,False
9,Schedule a meeting with Tom,1,schedule,a meeting with Tom,Schedule a meeting with Tom,62,supabase_mcp_update_database_table_data,0.453125,0.5041322314049587,0.5344827586206896,0.02730492130258679,0.001953125,0.34965034965034963,False
9,Schedule a meeting with Tom,1,schedule,a meeting with Tom,Schedule a meeting with Tom,63,office_word_mcp_server_api_copy_document,0.451171875,0.512396694214876,0.5258620689655172,0.027053030884666256,0.0,0.0,False
9,Schedule a meeting with Tom,1,schedule,a meeting with Tom,Schedule a meeting with Tom,64,github_mcp_server_create_or_update_file,0.451171875,0.5206611570247934,0.5258620689655172,0.03289688858042283,0.001953125,0.34965034965034963,False
9,Schedule a meeting with Tom,1,schedule,a meeting with Tom,Schedule a meeting with Tom,65,railway_tools_project_environments,0.44921875,0.5289256198347108,0.5172413793103449,0.03264499816250229,0.0,0.0,False
9,Schedule a meeting with Tom,1,schedule,a meeting with Tom,Schedule a meeting with Tom,66,supabase_mcp_get_table_schema,0.44921875,0.5371900826446281,0.5172413793103449,0.03848885585825902,0.001953125,0.34965034965034963,False
9,Schedule a meeting with Tom,1,schedule,a meeting with Tom,Schedule a meeting with Tom,67,office_word_mcp_server_api_search_replace,0.447265625,0.5454545454545454,0.5086206896551724,0.038236965440338326,0.00390625,0.6993006993006993,False
9,Schedule a meeting with Tom,1,schedule,a meeting with Tom,Schedule a meeting with Tom,68,github_mcp_server_merge_pull_request,0.443359375,0.5537190082644629,0.49137931034482757,0.03188932690874068,0.0,0.0,False
9,Schedule a meeting with Tom,1,schedule,a meeting with Tom,Schedule a meeting with Tom,69,office_word_mcp_server_api_delete_document,0.443359375,0.5619834710743802,0.49137931034482757,0.037733184604497254,0.0,0.0,False
9,Schedule a meeting with Tom,1,schedule,a meeting with Tom,Schedule a meeting with Tom,70,supabase_mcp_get_database_tables,0.443359375,0.5702479338842975,0.49137931034482757,0.043577042300253825,0.0,0.0,False
9,Schedule a meeting with Tom,1,schedule,a meeting with Tom,Schedule a meeting with Tom,71,outlook_mail_management_forward_email,0.443359375,0.5785123966942148,0.49137931034482757,0.049420899996010396,0.0,0.0,False
9,Schedule a meeting with Tom,1,schedule,a meeting with Tom,Schedule a meeting with Tom,72,railway_tools_volume_delete,0.443359375,0.5867768595041323,0.49137931034482757,0.05526475769176713,0.001953125,0.34965034965034963,False
9,Schedule a meeting with Tom,1,schedule,a meeting with Tom,Schedule a meeting with Tom,73,github_mcp_server_get_me,0.44140625,0.5950413223140496,0.4827586206896552,0.05501286727384659,0.001953125,0.34965034965034963,False
9,Schedule a meeting with Tom,1,schedule,a meeting with Tom,Schedule a meeting with Tom,74,office_word_mcp_server_api_list_files,0.439453125,0.6033057851239669,0.47413793103448276,0.0547609768559259,0.0,0.0,False
9,Schedule a meeting with Tom,1,schedule,a meeting with Tom,Schedule a meeting with Tom,75,railway_tools_volume_create,0.439453125,0.6115702479338843,0.47413793103448276,0.060604834551682626,0.001953125,0.34965034965034963,False
9,Schedule a meeting with Tom,1,schedule,a meeting with Tom,Schedule a meeting with Tom,76,project_management_tools_create_project,0.4375,0.6198347107438017,0.46551724137931033,0.06035294413376209,0.0,0.0,False
9,Schedule a meeting with Tom,1,schedule,a meeting with Tom,Schedule a meeting with Tom,77,project_management_tools_update_work_item,0.4375,0.628099173553719,0.46551724137931033,0.06619680182951866,0.0,0.0,False
9,Schedule a meeting with Tom,1,schedule,a meeting with Tom,Schedule a meeting with Tom,78,office_word_mcp_server_api_get_document_info,0.4375,0.6363636363636364,0.46551724137931033,0.07204065952527523,0.001953125,0.34965034965034963,False
9,Schedule a meeting with Tom,1,schedule,a meeting with Tom,Schedule a meeting with Tom,79,office_word_mcp_server_api_delete_paragraph,0.435546875,0.6446280991735537,0.45689655172413796,0.0717887691073547,0.0,0.0,False
9,Schedule a meeting with Tom,1,schedule,a meeting with Tom,Schedule a meeting with Tom,80,github_mcp_server_pull_request_read,0.435546875,0.6528925619834711,0.45689655172413796,0.07763262680311127,0.0,0.0,False
9,Schedule a meeting with Tom,1,schedule,a meeting with Tom,Schedule a meeting with Tom,81,github_mcp_server_get_commit,0.435546875,0.6611570247933884,0.45689655172413796,0.08347648449886784,0.0,0.0,False
9,Schedule a meeting with Tom,1,schedule,a meeting with Tom,Schedule a meeting with Tom,82,outlook_mail_management_search_outlook_mail,0.435546875,0.6694214876033058,0.45689655172413796,0.08932034219462441,0.0,0.0,False
9,Schedule a meeting with Tom,1,schedule,a meeting with Tom,Schedule a meeting with Tom,83,outlook_mail_management_send_email,0.435546875,0.6776859504132231,0.45689655172413796,0.09516419989038098,0.001953125,0.34965034965034963,False
9,Schedule a meeting with Tom,1,schedule,a meeting with Tom,Schedule a meeting with Tom,84,quest_studio_file_storage_get_files,0.43359375,0.6859504132231405,0.4482758620689655,0.09491230947246045,0.001953125,0.34965034965034963,False
9,Schedule a meeting with Tom,1,schedule,a meeting with Tom,Schedule a meeting with Tom,85,office_word_mcp_server_api_get_document_text,0.431640625,0.6942148760330579,0.4396551724137931,0.09466041905453991,0.0,0.0,False
9,Schedule a meeting with Tom,1,schedule,a meeting with Tom,Schedule a meeting with Tom,86,office_word_mcp_server_api_get_paragraph_text_from_document,0.431640625,0.7024793388429752,0.4396551724137931,0.10050427675029648,0.0,0.0,False
9,Schedule a meeting with Tom,1,schedule,a meeting with Tom,Schedule a meeting with Tom,87,github_mcp_server_create_pull_request,0.431640625,0.7107438016528925,0.4396551724137931,0.10634813444605305,0.00390625,0.6993006993006993,False
9,Schedule a meeting with Tom,1,schedule,a meeting with Tom,Schedule a meeting with Tom,88,project_management_tools_add_work_item_comment,0.427734375,0.71900826446281,0.4224137931034483,0.10000049591445558,0.0,0.0,False
9,Schedule a meeting with Tom,1,schedule,a meeting with Tom,Schedule a meeting with Tom,89,project_management_tools_delete_work_item,0.427734375,0.7272727272727273,0.4224137931034483,0.105844353610212,0.0,0.0,False
9,Schedule a meeting with Tom,1,schedule,a meeting with Tom,Schedule a meeting with Tom,90,quest_studio_file_storage_get_file,0.427734375,0.7355371900826446,0.4224137931034483,0.11168821130596872,0.0,0.0,False
9,Schedule a meeting with Tom,1,schedule,a meeting with Tom,Schedule a meeting with Tom,91,quest_studio_file_storage_delete_file,0.427734375,0.743801652892562,0.4224137931034483,0.11753206900172514,0.0,0.0,False
9,Schedule a meeting with Tom,1,schedule,a meeting with Tom,Schedule a meeting with Tom,92,supabase_mcp_get_all_supabase_projects,0.427734375,0.7520661157024794,0.4224137931034483,0.12337592669748186,0.001953125,0.34965034965034963,False
9,Schedule a meeting with Tom,1,schedule,a meeting with Tom,Schedule a meeting with Tom,93,outlook_mail_management_reply_to_email,0.42578125,0.7603305785123967,0.41379310344827586,0.12312403627956132,0.0,0.0,False
9,Schedule a meeting with Tom,1,schedule,a meeting with Tom,Schedule a meeting with Tom,94,carrot_mcp_server_api_list_leave_application,0.42578125,0.768595041322314,0.41379310344827586,0.12896789397531788,0.0,0.0,False
9,Schedule a meeting with Tom,1,schedule,a meeting with Tom,Schedule a meeting with Tom,95,project_management_tools_get_work_item,0.42578125,0.7768595041322314,0.41379310344827586,0.13481175167107445,0.005859375,1.048951048951049,True
9,Schedule a meeting with Tom,1,schedule,a meeting with Tom,Schedule a meeting with Tom,96,project_management_tools_update_task_status,0.419921875,0.7851239669421488,0.3879310344827586,0.12236836502579972,0.0,0.0,False
9,Schedule a meeting with Tom,1,schedule,a meeting with Tom,Schedule a meeting with Tom,97,quest_studio_file_storage_update_file,0.419921875,0.7933884297520661,0.3879310344827586,0.1282122227215563,0.0,0.0,False
9,Schedule a meeting with Tom,1,schedule,a meeting with Tom,Schedule a meeting with Tom,98,supabase_mcp_select_database_table_data,0.419921875,0.8016528925619835,0.3879310344827586,0.13405608041731287,0.001953125,0.34965034965034963,False
9,Schedule a meeting with Tom,1,schedule,a meeting with Tom,Schedule a meeting with Tom,99,github_mcp_server_create_branch,0.41796875,0.8099173553719008,0.3793103448275862,0.13380418999939234,0.001953125,0.34965034965034963,False
9,Schedule a meeting with Tom,1,schedule,a meeting with Tom,Schedule a meeting with Tom,100,railway_tools_volume_list,0.416015625,0.8181818181818182,0.3706896551724138,0.1335522995814718,0.001953125,0.34965034965034963,False
9,Schedule a meeting with Tom,1,schedule,a meeting with Tom,Schedule a meeting with Tom,101,office_word_mcp_server_api_get_document_xml,0.4140625,0.8264462809917356,0.3620689655172414,0.13330040916355126,0.00390625,0.6993006993006993,False
9,Schedule a meeting with Tom,1,schedule,a meeting with Tom,Schedule a meeting with Tom,102,railway_tools_volume_update,0.41015625,0.8347107438016529,0.3448275862068966,0.12695277063195345,0.005859375,1.048951048951049,False
9,Schedule a meeting with Tom,1,schedule,a meeting with Tom,Schedule a meeting with Tom,103,sharepoint_tools_get_sharepoint_sites,0.404296875,0.8429752066115702,0.31896551724137934,0.1145093839866787,0.001953125,0.34965034965034963,False
9,Schedule a meeting with Tom,1,schedule,a meeting with Tom,Schedule a meeting with Tom,104,github_mcp_server_list_commits,0.40234375,0.8512396694214877,0.3103448275862069,0.11425749356875817,0.00390625,0.6993006993006993,False
9,Schedule a meeting with Tom,1,schedule,a meeting with Tom,Schedule a meeting with Tom,105,github_mcp_server_list_branches,0.3984375,0.859504132231405,0.29310344827586204,0.10790985503716054,0.0,0.0,False
9,Schedule a meeting with Tom,1,schedule,a meeting with Tom,Schedule a meeting with Tom,106,github_mcp_server_list_pull_requests,0.3984375,0.8677685950413223,0.29310344827586204,0.11375371273291711,0.001953125,0.34965034965034963,False
9,Schedule a meeting with Tom,1,schedule,a meeting with Tom,Schedule a meeting with Tom,107,quest_studio_file_storage_get_file_content,0.396484375,0.8760330578512396,0.28448275862068967,0.11350182231499657,0.001953125,0.34965034965034963,False
9,Schedule a meeting with Tom,1,schedule,a meeting with Tom,Schedule a meeting with Tom,108,github_mcp_server_update_pull_request,0.39453125,0.8842975206611571,0.27586206896551724,0.11324993189707604,0.001953125,0.34965034965034963,False
9,Schedule a meeting with Tom,1,schedule,a meeting with Tom,Schedule a meeting with Tom,109,project_management_tools_list_users,0.392578125,0.8925619834710744,0.2672413793103448,0.1129980414791555,0.001953125,0.34965034965034963,False
9,Schedule a meeting with Tom,1,schedule,a meeting with Tom,Schedule a meeting with Tom,110,project_management_tools_get_work_item_comments,0.390625,0.9008264462809917,0.25862068965517243,0.11274615106123496,0.00390625,0.6993006993006993,False
9,Schedule a meeting with Tom,1,schedule,a meeting with Tom,Schedule a meeting with Tom,111,web_search_tools_web_search,0.38671875,0.9090909090909091,0.2413793103448276,0.10639851252963717,0.005859375,1.048951048951049,False
9,Schedule a meeting with Tom,1,schedule,a meeting with Tom,Schedule a meeting with Tom,112,project_management_tools_get_project,0.380859375,0.9173553719008265,0.21551724137931033,0.09395512588436242,0.00390625,0.6993006993006993,False
9,Schedule a meeting with Tom,1,schedule,a meeting with Tom,Schedule a meeting with Tom,113,github_mcp_server_push_files,0.376953125,0.9256198347107438,0.19827586206896552,0.08760748735276477,0.0,0.0,False
9,Schedule a meeting with Tom,1,schedule,a meeting with Tom,Schedule a meeting with Tom,114,project_management_tools_list_projects,0.376953125,0.9338842975206612,0.19827586206896552,0.09345134504852134,0.005859375,1.048951048951049,False
9,Schedule a meeting with Tom,1,schedule,a meeting with Tom,Schedule a meeting with Tom,115,sharepoint_tools_get_sharepoint_documents,0.37109375,0.9421487603305785,0.1724137931034483,0.0810079584032466,0.001953125,0.34965034965034963,False
9,Schedule a meeting with Tom,1,schedule,a meeting with Tom,Schedule a meeting with Tom,116,github_mcp_server_get_file_contents,0.369140625,0.9504132231404959,0.16379310344827586,0.08075606798532606,0.0,0.0,False
9,Schedule a meeting with Tom,1,schedule,a meeting with Tom,Schedule a meeting with Tom,117,github_mcp_server_delete_file,0.369140625,0.9586776859504132,0.16379310344827586,0.08659992568108263,0.00390625,0.6993006993006993,False
9,Schedule a meeting with Tom,1,schedule,a meeting with Tom,Schedule a meeting with Tom,118,project_management_tools_update_project,0.365234375,0.9669421487603306,0.14655172413793102,0.08025228714948483,0.0,0.0,False
9,Schedule a meeting with Tom,1,schedule,a meeting with Tom,Schedule a meeting with Tom,119,outlook_mail_management_delete_email_message,0.365234375,0.9752066115702479,0.14655172413793102,0.0860961448452414,0.001953125,0.34965034965034963,False
9,Schedule a meeting with Tom,1,schedule,a meeting with Tom,Schedule a meeting with Tom,120,project_management_tools_delete_project,0.36328125,0.9834710743801653,0.13793103448275862,0.08584425442732103,0.0234375,4.195804195804196,False
9,Schedule a meeting with Tom,1,schedule,a meeting with Tom,Schedule a meeting with Tom,121,outlook_mail_management_get_email_messages,0.33984375,0.9917355371900827,0.034482758620689655,0.01853913475895201,0.0078125,1.3986013986013985,False
9,Schedule a meeting with Tom,1,schedule,a meeting with Tom,Schedule a meeting with Tom,122,quest_studio_file_storage_query_files,0.33203125,1.0,0.0,0.0,,,False
10,Get my leave applications,1,get,my leave applications,Get my leave applications,1,carrot_mcp_server_api_list_leave_application,0.8984375,0.0,1.0,0.0,0.06640625,7.391304347826087,False
10,Get my leave applications,1,get,my leave applications,Get my leave applications,2,carrot_mcp_server_api_update_leave_application,0.83203125,0.008264462809917356,0.8924050632911392,0.07023725167241628,0.00390625,0.43478260869565216,False
10,Get my leave applications,1,get,my leave applications,Get my leave applications,3,carrot_mcp_server_api_create_leave_application,0.828125,0.01652892561983471,0.8860759493670886,0.06886875335125804,0.01171875,1.3043478260869565,False
10,Get my leave applications,1,get,my leave applications,Get my leave applications,4,carrot_mcp_server_api_submit_leave_application,0.81640625,0.024793388429752067,0.8670886075949367,0.07645097377929667,0.16015625,17.82608695652174,False
10,Get my leave applications,1,get,my leave applications,Get my leave applications,5,carrot_mcp_server_api_hr_dashboard_summary,0.65625,0.03305785123966942,0.6075949367088608,0.25409685044207453,0.0234375,2.608695652173913,False
10,Get my leave applications,1,get,my leave applications,Get my leave applications,6,carrot_mcp_server_api_list_employees,0.6328125,0.04132231404958678,0.569620253164557,0.27510514899390837,0.0390625,4.3478260869565215,False
10,Get my leave applications,1,get,my leave applications,Get my leave applications,7,carrot_mcp_server_api_get_employee,0.59375,0.049586776859504134,0.5063291139240507,0.3140148850441357,0.03125,3.4782608695652173,False
10,Get my leave applications,1,get,my leave applications,Get my leave applications,8,office_word_mcp_server_api_list_files,0.5625,0.05785123966942149,0.45569620253164556,0.3439739023451664,0.0,0.0,False
10,Get my leave applications,1,get,my leave applications,Get my leave applications,9,carrot_mcp_server_api_work_hours_summary,0.5625,0.06611570247933884,0.45569620253164556,0.3381300446494098,0.0078125,0.8695652173913043,False
10,Get my leave applications,1,get,my leave applications,Get my leave applications,10,project_management_tools_list_work_items,0.5546875,0.0743801652892562,0.4430379746835443,0.34123690570285004,0.0078125,0.8695652173913043,False
10,Get my leave applications,1,get,my leave applications,Get my leave applications,11,railway_tools_project_list,0.546875,0.08264462809917356,0.43037974683544306,0.34434376675629025,0.0,0.0,False
10,Get my leave applications,1,get,my leave applications,Get my leave applications,12,quest_studio_file_storage_get_files,0.546875,0.09090909090909091,0.43037974683544306,0.3384999090605337,0.0078125,0.8695652173913043,False
10,Get my leave applications,1,get,my leave applications,Get my leave applications,13,carrot_mcp_server_api_update_employee,0.5390625,0.09917355371900827,0.4177215189873418,0.3416067701139739,0.0078125,0.8695652173913043,False
10,Get my leave applications,1,get,my leave applications,Get my leave applications,14,project_management_tools_list_users,0.53125,0.10743801652892562,0.4050632911392405,0.34471363116741405,0.00390625,0.43478260869565216,True
10,Get my leave applications,1,get,my leave applications,Get my leave applications,15,railway_tools_project_info,0.52734375,0.11570247933884298,0.3987341772151899,0.3433451328462559,0.0,0.0,False
10,Get my leave applications,1,get,my leave applications,Get my leave applications,16,railway_tools_service_info,0.52734375,0.12396694214876033,0.3987341772151899,0.33750127515049927,0.0,0.0,False
10,Get my leave applications,1,get,my leave applications,Get my leave applications,17,railway_tools_project_delete,0.52734375,0.1322314049586777,0.3987341772151899,0.3316574174547427,0.0078125,0.8695652173913043,False
10,Get my leave applications,1,get,my leave applications,Get my leave applications,18,railway_tools_service_list,0.51953125,0.14049586776859505,0.3860759493670886,0.3347642785081829,0.0,0.0,False
10,Get my leave applications,1,get,my leave applications,Get my leave applications,19,quest_studio_file_storage_get_storage_usage,0.51953125,0.1487603305785124,0.3860759493670886,0.32892042081242634,0.0,0.0,False
10,Get my leave applications,1,get,my leave applications,Get my leave applications,20,project_management_tools_list_projects,0.51953125,0.15702479338842976,0.3860759493670886,0.32307656311666977,0.0078125,0.8695652173913043,False
10,Get my leave applications,1,get,my leave applications,Get my leave applications,21,carrot_mcp_server_api_create_employee,0.51171875,0.1652892561983471,0.37341772151898733,0.32618342417011,0.0,0.0,False
10,Get my leave applications,1,get,my leave applications,Get my leave applications,22,project_management_tools_view_board,0.51171875,0.17355371900826447,0.37341772151898733,0.3203395664743534,0.00390625,0.43478260869565216,False
10,Get my leave applications,1,get,my leave applications,Get my leave applications,23,railway_tools_project_environments,0.5078125,0.18181818181818182,0.3670886075949367,0.31897106815319515,0.00390625,0.43478260869565216,False
10,Get my leave applications,1,get,my leave applications,Get my leave applications,24,supabase_mcp_select_database_table_data,0.50390625,0.19008264462809918,0.36075949367088606,0.317602569832037,0.00390625,0.43478260869565216,False
10,Get my leave applications,1,get,my leave applications,Get my leave applications,25,gmail_tools_get_google_emails,0.5,0.19834710743801653,0.35443037974683544,0.3162340715108788,0.00390625,0.43478260869565216,False
10,Get my leave applications,1,get,my leave applications,Get my leave applications,26,supabase_mcp_get_all_supabase_projects,0.49609375,0.2066115702479339,0.34810126582278483,0.3148655731897206,0.001953125,0.21739130434782608,False
10,Get my leave applications,1,get,my leave applications,Get my leave applications,27,project_management_tools_list_team_members,0.494140625,0.21487603305785125,0.3449367088607595,0.3112593951812632,0.001953125,0.21739130434782608,False
10,Get my leave applications,1,get,my leave applications,Get my leave applications,28,carrot_mcp_server_api_log_hours_entry,0.4921875,0.2231404958677686,0.34177215189873417,0.30765321717280586,0.00390625,0.43478260869565216,False
10,Get my leave applications,1,get,my leave applications,Get my leave applications,29,railway_tools_service_delete,0.48828125,0.23140495867768596,0.33544303797468356,0.30628471885164765,0.0,0.0,False
10,Get my leave applications,1,get,my leave applications,Get my leave applications,30,sharepoint_tools_get_sharepoint_sites,0.48828125,0.2396694214876033,0.33544303797468356,0.3004408611558911,0.001953125,0.21739130434782608,False
10,Get my leave applications,1,get,my leave applications,Get my leave applications,31,project_management_tools_list_teams,0.486328125,0.24793388429752067,0.3322784810126582,0.2968346831474336,0.00390625,0.43478260869565216,False
10,Get my leave applications,1,get,my leave applications,Get my leave applications,32,supabase_mcp_get_database_tables,0.482421875,0.256198347107438,0.3259493670886076,0.29546618482627546,0.00390625,0.43478260869565216,False
10,Get my leave applications,1,get,my leave applications,Get my leave applications,33,outlook_mail_management_get_email_messages,0.478515625,0.2644628099173554,0.31962025316455694,0.2940976865051173,0.00390625,0.43478260869565216,False
10,Get my leave applications,1,get,my leave applications,Get my leave applications,34,project_management_tools_get_user_capacity,0.474609375,0.2727272727272727,0.31329113924050633,0.2927291881839591,0.0,0.0,False
10,Get my leave applications,1,get,my leave applications,Get my leave applications,35,railway_tools_database_list_types,0.474609375,0.2809917355371901,0.31329113924050633,0.2868853304882025,0.001953125,0.21739130434782608,False
10,Get my leave applications,1,get,my leave applications,Get my leave applications,36,railway_tools_volume_list,0.47265625,0.2892561983471074,0.310126582278481,0.2832791524797451,0.0,0.0,False
10,Get my leave applications,1,get,my leave applications,Get my leave applications,37,office_word_mcp_server_api_delete_document,0.47265625,0.2975206611570248,0.310126582278481,0.27743529478398854,0.0,0.0,False
10,Get my leave applications,1,get,my leave applications,Get my leave applications,38,quest_studio_file_storage_get_file,0.47265625,0.30578512396694213,0.310126582278481,0.27159143708823197,0.00390625,0.43478260869565216,False
10,Get my leave applications,1,get,my leave applications,Get my leave applications,39,github_mcp_server_list_pull_requests,0.46875,0.3140495867768595,0.3037974683544304,0.2702229387670737,0.001953125,0.21739130434782608,False
10,Get my leave applications,1,get,my leave applications,Get my leave applications,40,sharepoint_tools_get_sharepoint_documents,0.466796875,0.32231404958677684,0.30063291139240506,0.2666167607586164,0.0,0.0,False
10,Get my leave applications,1,get,my leave applications,Get my leave applications,41,quest_studio_file_storage_query_files,0.466796875,0.3305785123966942,0.30063291139240506,0.2607729030628597,0.001953125,0.21739130434782608,False
10,Get my leave applications,1,get,my leave applications,Get my leave applications,42,railway_tools_volume_delete,0.46484375,0.33884297520661155,0.2974683544303797,0.25716672505440236,0.001953125,0.21739130434782608,False
10,Get my leave applications,1,get,my leave applications,Get my leave applications,43,railway_tools_project_create,0.462890625,0.34710743801652894,0.29430379746835444,0.253560547045945,0.0,0.0,False
10,Get my leave applications,1,get,my leave applications,Get my leave applications,44,quest_studio_file_storage_delete_file,0.462890625,0.35537190082644626,0.29430379746835444,0.24771668935018842,0.001953125,0.21739130434782608,False
10,Get my leave applications,1,get,my leave applications,Get my leave applications,45,project_management_tools_list_sprints,0.4609375,0.36363636363636365,0.2911392405063291,0.244110511341731,0.001953125,0.21739130434782608,False
10,Get my leave applications,1,get,my leave applications,Get my leave applications,46,github_mcp_server_list_commits,0.458984375,0.371900826446281,0.2879746835443038,0.24050433333327365,0.005859375,0.6521739130434783,False
10,Get my leave applications,1,get,my leave applications,Get my leave applications,47,project_management_tools_get_team,0.453125,0.38016528925619836,0.27848101265822783,0.24137351469941462,0.0,0.0,False
10,Get my leave applications,1,get,my leave applications,Get my leave applications,48,supabase_mcp_check_database_health,0.453125,0.3884297520661157,0.27848101265822783,0.23552965700365805,0.0,0.0,False
10,Get my leave applications,1,get,my leave applications,Get my leave applications,49,github_mcp_server_list_branches,0.453125,0.39669421487603307,0.27848101265822783,0.22968579930790148,0.001953125,0.21739130434782608,False
10,Get my leave applications,1,get,my leave applications,Get my leave applications,50,github_mcp_server_get_me,0.451171875,0.4049586776859504,0.27531645569620256,0.22607962129944406,0.001953125,0.21739130434782608,False
10,Get my leave applications,1,get,my leave applications,Get my leave applications,51,office_word_mcp_server_api_get_document_outline,0.44921875,0.4132231404958678,0.2721518987341772,0.22247344329098662,0.001953125,0.21739130434782608,False
10,Get my leave applications,1,get,my leave applications,Get my leave applications,52,outlook_mail_management_search_outlook_mail,0.447265625,0.4214876033057851,0.2689873417721519,0.21886726528252926,0.001953125,0.21739130434782608,False
10,Get my leave applications,1,get,my leave applications,Get my leave applications,53,office_word_mcp_server_api_get_document_info,0.4453125,0.4297520661157025,0.26582278481012656,0.2152610872740719,0.00390625,0.43478260869565216,False
10,Get my leave applications,1,get,my leave applications,Get my leave applications,54,supabase_mcp_get_table_schema,0.44140625,0.4380165289256198,0.25949367088607594,0.21389258895291374,0.001953125,0.21739130434782608,False
10,Get my leave applications,1,get,my leave applications,Get my leave applications,55,github_mcp_server_pull_request_read,0.439453125,0.4462809917355372,0.2563291139240506,0.21028641094445633,0.001953125,0.21739130434782608,False
10,Get my leave applications,1,get,my leave applications,Get my leave applications,56,project_management_tools_get_work_item_comments,0.4375,0.45454545454545453,0.25316455696202533,0.20668023293599888,0.001953125,0.21739130434782608,False
10,Get my leave applications,1,get,my leave applications,Get my leave applications,57,office_word_mcp_server_api_get_document_xml,0.435546875,0.4628099173553719,0.25,0.20307405492754152,0.0,0.0,False
10,Get my leave applications,1,get,my leave applications,Get my leave applications,58,project_management_tools_delete_team,0.435546875,0.47107438016528924,0.25,0.19723019723178495,0.001953125,0.21739130434782608,False
10,Get my leave applications,1,get,my leave applications,Get my leave applications,59,gmail_tools_delete_google_email,0.43359375,0.4793388429752066,0.2468354430379747,0.1936240192233275,0.001953125,0.21739130434782608,False
10,Get my leave applications,1,get,my leave applications,Get my leave applications,60,railway_tools_service_restart,0.431640625,0.48760330578512395,0.24367088607594936,0.19001784121487014,0.0,0.0,False
10,Get my leave applications,1,get,my leave applications,Get my leave applications,61,office_word_mcp_server_api_copy_document,0.431640625,0.49586776859504134,0.24367088607594936,0.18417398351911357,0.0,0.0,False
10,Get my leave applications,1,get,my leave applications,Get my leave applications,62,office_word_mcp_server_api_get_document_text,0.431640625,0.5041322314049587,0.24367088607594936,0.178330125823357,0.00390625,0.43478260869565216,False
10,Get my leave applications,1,get,my leave applications,Get my leave applications,63,project_management_tools_get_project,0.427734375,0.512396694214876,0.23734177215189872,0.1769616275021988,0.0,0.0,False
10,Get my leave applications,1,get,my leave applications,Get my leave applications,64,project_management_tools_export_sprint_to_sharepoint,0.427734375,0.5206611570247934,0.23734177215189872,0.17111776980644222,0.001953125,0.21739130434782608,False
10,Get my leave applications,1,get,my leave applications,Get my leave applications,65,office_word_mcp_server_api_merge_doucments,0.42578125,0.5289256198347108,0.23417721518987342,0.16751159179798478,0.0,0.0,False
10,Get my leave applications,1,get,my leave applications,Get my leave applications,66,quest_studio_file_storage_get_file_content,0.42578125,0.5371900826446281,0.23417721518987342,0.1616677341022282,0.001953125,0.21739130434782608,False
10,Get my leave applications,1,get,my leave applications,Get my leave applications,67,railway_tools_service_update,0.423828125,0.5454545454545454,0.2310126582278481,0.15806155609377084,0.001953125,0.21739130434782608,False
10,Get my leave applications,1,get,my leave applications,Get my leave applications,68,project_management_tools_get_work_item,0.421875,0.5537190082644629,0.22784810126582278,0.1544553780853134,0.0,0.0,False
10,Get my leave applications,1,get,my leave applications,Get my leave applications,69,office_word_mcp_server_api_add_page_break,0.421875,0.5619834710743802,0.22784810126582278,0.14861152038955683,0.0,0.0,False
10,Get my leave applications,1,get,my leave applications,Get my leave applications,70,project_management_tools_delete_work_item,0.421875,0.5702479338842975,0.22784810126582278,0.14276766269380026,0.0,0.0,False
10,Get my leave applications,1,get,my leave applications,Get my leave applications,71,outlook_mail_management_find_email_address,0.421875,0.5785123966942148,0.22784810126582278,0.13692380499804369,0.001953125,0.21739130434782608,False
10,Get my leave applications,1,get,my leave applications,Get my leave applications,72,office_word_mcp_server_api_create_word_document,0.419921875,0.5867768595041323,0.22468354430379747,0.13331762698958627,0.0,0.0,False
10,Get my leave applications,1,get,my leave applications,Get my leave applications,73,office_word_mcp_server_api_delete_paragraph,0.419921875,0.5950413223140496,0.22468354430379747,0.1274737692938297,0.001953125,0.21739130434782608,False
10,Get my leave applications,1,get,my leave applications,Get my leave applications,74,project_management_tools_create_work_item,0.41796875,0.6033057851239669,0.22151898734177214,0.12386759128537234,0.00390625,0.43478260869565216,False
10,Get my leave applications,1,get,my leave applications,Get my leave applications,75,supabase_mcp_update_database_table_data,0.4140625,0.6115702479338843,0.21518987341772153,0.1224990929642141,0.0,0.0,False
10,Get my leave applications,1,get,my leave applications,Get my leave applications,76,office_word_mcp_server_api_convert_to_pdf,0.4140625,0.6198347107438017,0.21518987341772153,0.11665523526845746,0.001953125,0.21739130434782608,False
10,Get my leave applications,1,get,my leave applications,Get my leave applications,77,gmail_tools_reply_google_email,0.412109375,0.628099173553719,0.2120253164556962,0.1130490572600001,0.0,0.0,False
10,Get my leave applications,1,get,my leave applications,Get my leave applications,78,project_management_tools_get_sprint,0.412109375,0.6363636363636364,0.2120253164556962,0.10720519956424353,0.00390625,0.43478260869565216,False
10,Get my leave applications,1,get,my leave applications,Get my leave applications,79,project_management_tools_update_user_capacity,0.408203125,0.6446280991735537,0.20569620253164558,0.10583670124308538,0.001953125,0.21739130434782608,False
10,Get my leave applications,1,get,my leave applications,Get my leave applications,80,office_word_mcp_server_api_find_text_in_document,0.40625,0.6528925619834711,0.20253164556962025,0.10223052323462795,0.001953125,0.21739130434782608,False
10,Get my leave applications,1,get,my leave applications,Get my leave applications,81,project_management_tools_delete_project,0.404296875,0.6611570247933884,0.19936708860759494,0.09862434522617058,0.001953125,0.21739130434782608,False
10,Get my leave applications,1,get,my leave applications,Get my leave applications,82,office_word_mcp_server_api_add_table,0.40234375,0.6694214876033058,0.1962025316455696,0.09501816721771322,0.0,0.0,False
10,Get my leave applications,1,get,my leave applications,Get my leave applications,83,office_word_mcp_server_api_get_paragraph_text_from_document,0.40234375,0.6776859504132231,0.1962025316455696,0.08917430952195665,0.001953125,0.21739130434782608,False
10,Get my leave applications,1,get,my leave applications,Get my leave applications,84,project_management_tools_delete_sprint,0.400390625,0.6859504132231405,0.1930379746835443,0.08556813151349914,0.001953125,0.21739130434782608,False
10,Get my leave applications,1,get,my leave applications,Get my leave applications,85,railway_tools_service_create_from_repo,0.3984375,0.6942148760330579,0.189873417721519,0.08196195350504178,0.0078125,0.8695652173913043,False
10,Get my leave applications,1,get,my leave applications,Get my leave applications,86,github_mcp_server_search_repositories,0.390625,0.7024793388429752,0.17721518987341772,0.08506881455848206,0.001953125,0.21739130434782608,False
10,Get my leave applications,1,get,my leave applications,Get my leave applications,87,office_word_mcp_server_api_search_replace,0.388671875,0.7107438016528925,0.17405063291139242,0.08146263655002463,0.0,0.0,False
10,Get my leave applications,1,get,my leave applications,Get my leave applications,88,github_mcp_server_merge_pull_request,0.388671875,0.71900826446281,0.17405063291139242,0.07561877885426797,0.005859375,0.6521739130434783,False
10,Get my leave applications,1,get,my leave applications,Get my leave applications,89,github_mcp_server_update_pull_request,0.3828125,0.7272727272727273,0.16455696202531644,0.07648796022040905,0.001953125,0.21739130434782608,False
10,Get my leave applications,1,get,my leave applications,Get my leave applications,90,gmail_tools_forward_google_email,0.380859375,0.7355371900826446,0.16139240506329114,0.07288178221195168,0.00390625,0.43478260869565216,False
10,Get my leave applications,1,get,my leave applications,Get my leave applications,91,outlook_mail_management_reply_to_email,0.376953125,0.743801652892562,0.1550632911392405,0.07151328389079353,0.001953125,0.21739130434782608,False
10,Get my leave applications,1,get,my leave applications,Get my leave applications,92,gmail_tools_send_google_email,0.375,0.7520661157024794,0.1518987341772152,0.06790710588233602,0.00390625,0.43478260869565216,False
10,Get my leave applications,1,get,my leave applications,Get my leave applications,93,github_mcp_server_get_commit,0.37109375,0.7603305785123967,0.14556962025316456,0.06653860756117788,0.0,0.0,False
10,Get my leave applications,1,get,my leave applications,Get my leave applications,94,github_mcp_server_create_pull_request,0.37109375,0.768595041322314,0.14556962025316456,0.0606947498654213,0.0,0.0,False
10,Get my leave applications,1,get,my leave applications,Get my leave applications,95,project_management_tools_assign_work_item,0.37109375,0.7768595041322314,0.14556962025316456,0.05485089216966473,0.001953125,0.21739130434782608,False
10,Get my leave applications,1,get,my leave applications,Get my leave applications,96,github_mcp_server_get_file_contents,0.369140625,0.7851239669421488,0.14240506329113925,0.051244714161207294,0.0,0.0,False
10,Get my leave applications,1,get,my leave applications,Get my leave applications,97,project_management_tools_update_task_status,0.369140625,0.7933884297520661,0.14240506329113925,0.04540085646545072,0.001953125,0.21739130434782608,False
10,Get my leave applications,1,get,my leave applications,Get my leave applications,98,supabase_mcp_insert_table_data,0.3671875,0.8016528925619835,0.13924050632911392,0.04179467845699337,0.001953125,0.21739130434782608,False
10,Get my leave applications,1,get,my leave applications,Get my leave applications,99,github_mcp_server_create_or_update_file,0.365234375,0.8099173553719008,0.1360759493670886,0.03818850044853593,0.005859375,0.6521739130434783,False
10,Get my leave applications,1,get,my leave applications,Get my leave applications,100,project_management_tools_create_team,0.359375,0.8181818181818182,0.12658227848101267,0.03905768181467692,0.0,0.0,False
10,Get my leave applications,1,get,my leave applications,Get my leave applications,101,sharepoint_tools_create_txt_file_in_sharepoint,0.359375,0.8264462809917356,0.12658227848101267,0.03321382411892035,0.001953125,0.21739130434782608,False
10,Get my leave applications,1,get,my leave applications,Get my leave applications,102,outlook_mail_management_delete_email_message,0.357421875,0.8347107438016529,0.12341772151898735,0.02960764611046299,0.001953125,0.21739130434782608,False
10,Get my leave applications,1,get,my leave applications,Get my leave applications,103,project_management_tools_create_sprint,0.35546875,0.8429752066115702,0.12025316455696203,0.02600146810200563,0.001953125,0.21739130434782608,False
10,Get my leave applications,1,get,my leave applications,Get my leave applications,104,office_word_mcp_server_api_add_picture,0.353515625,0.8512396694214877,0.11708860759493671,0.022395290093548195,0.001953125,0.21739130434782608,False
10,Get my leave applications,1,get,my leave applications,Get my leave applications,105,railway_tools_service_create_from_image,0.3515625,0.859504132231405,0.11392405063291139,0.018789112085090834,0.00390625,0.43478260869565216,False
10,Get my leave applications,1,get,my leave applications,Get my leave applications,106,railway_tools_volume_create,0.34765625,0.8677685950413223,0.10759493670886076,0.017420613763932613,0.0,0.0,False
10,Get my leave applications,1,get,my leave applications,Get my leave applications,107,project_management_tools_create_project,0.34765625,0.8760330578512396,0.10759493670886076,0.01157675606817604,0.00390625,0.43478260869565216,False
10,Get my leave applications,1,get,my leave applications,Get my leave applications,108,github_mcp_server_create_branch,0.34375,0.8842975206611571,0.10126582278481013,0.010208257747017816,0.0078125,0.8695652173913043,False
10,Get my leave applications,1,get,my leave applications,Get my leave applications,109,office_word_mcp_server_api_add_paragraph,0.3359375,0.8925619834710744,0.08860759493670886,0.013315118800458017,0.0,0.0,False
10,Get my leave applications,1,get,my leave applications,Get my leave applications,110,office_word_mcp_server_api_add_heading,0.3359375,0.9008264462809917,0.08860759493670886,0.007471261104701446,0.00390625,0.43478260869565216,False
10,Get my leave applications,1,get,my leave applications,Get my leave applications,111,github_mcp_server_delete_file,0.33203125,0.9090909090909091,0.08227848101265822,0.006102762783543301,0.005859375,0.6521739130434783,False
10,Get my leave applications,1,get,my leave applications,Get my leave applications,112,web_search_tools_web_search,0.326171875,0.9173553719008265,0.07278481012658228,0.006971944149684289,0.0078125,0.8695652173913043,False
10,Get my leave applications,1,get,my leave applications,Get my leave applications,113,outlook_mail_management_forward_email,0.318359375,0.9256198347107438,0.060126582278481014,0.010078805203124491,0.00390625,0.43478260869565216,False
10,Get my leave applications,1,get,my leave applications,Get my leave applications,114,outlook_mail_management_compose_email,0.314453125,0.9338842975206612,0.05379746835443038,0.008710306881966345,0.001953125,0.21739130434782608,False
10,Get my leave applications,1,get,my leave applications,Get my leave applications,115,github_mcp_server_create_repository,0.3125,0.9421487603305785,0.05063291139240506,0.005104128873508908,0.001953125,0.21739130434782608,False
10,Get my leave applications,1,get,my leave applications,Get my leave applications,116,railway_tools_volume_update,0.310546875,0.9504132231404959,0.04746835443037975,0.001497950865051471,0.0078125,0.8695652173913043,False
10,Get my leave applications,1,get,my leave applications,Get my leave applications,117,github_mcp_server_push_files,0.302734375,0.9586776859504132,0.03481012658227848,0.004604811918491751,0.00390625,0.43478260869565216,False
10,Get my leave applications,1,get,my leave applications,Get my leave applications,118,project_management_tools_update_project,0.298828125,0.9669421487603306,0.028481012658227847,0.0032363135973335266,0.001953125,0.21739130434782608,False
10,Get my leave applications,1,get,my leave applications,Get my leave applications,119,quest_studio_file_storage_update_file,0.296875,0.9752066115702479,0.02531645569620253,0.0003698644111238316,0.01171875,1.3043478260869565,False
10,Get my leave applications,1,get,my leave applications,Get my leave applications,120,project_management_tools_update_work_item,0.28515625,0.9834710743801653,0.006329113924050633,0.007212356016914717,0.0,0.0,False
10,Get my leave applications,1,get,my leave applications,Get my leave applications,121,project_management_tools_add_work_item_comment,0.28515625,0.9917355371900827,0.006329113924050633,0.0013684983211581455,0.00390625,0.43478260869565216,False
10,Get my leave applications,1,get,my leave applications,Get my leave applications,122,outlook_mail_management_send_email,0.28125,1.0,0.0,0.0,,,False
11,Submit a leave application,1,submit,a leave application,Submit a leave application,1,carrot_mcp_server_api_submit_leave_application,0.89453125,0.0,1.0,0.0,0.01953125,2.1834061135371177,False
11,Submit a leave application,1,submit,a leave application,Submit a leave application,2,carrot_mcp_server_api_create_leave_application,0.875,0.008264462809917356,0.9704579025110783,0.015045559769134019,0.03125,3.4934497816593884,False
11,Submit a leave application,1,submit,a leave application,Submit a leave application,3,carrot_mcp_server_api_update_leave_application,0.84375,0.01652892561983471,0.9231905465288035,0.0426247700172025,0.078125,8.73362445414847,False
11,Submit a leave application,1,submit,a leave application,Submit a leave application,4,carrot_mcp_server_api_list_leave_application,0.765625,0.024793388429752067,0.8050221565731167,0.12033858218100829,0.203125,22.707423580786028,False
11,Submit a leave application,1,submit,a leave application,Submit a leave application,5,carrot_mcp_server_api_hr_dashboard_summary,0.5625,0.03305785123966942,0.4977843426883309,0.3317446661201141,0.01953125,2.1834061135371177,False
11,Submit a leave application,1,submit,a leave application,Submit a leave application,6,carrot_mcp_server_api_create_employee,0.54296875,0.04132231404958678,0.46824224519940916,0.34679022588924824,0.03515625,3.9301310043668125,False
11,Submit a leave application,1,submit,a leave application,Submit a leave application,7,carrot_mcp_server_api_update_employee,0.5078125,0.049586776859504134,0.4150664697193501,0.3785473196302947,0.00390625,0.43668122270742354,False
11,Submit a leave application,1,submit,a leave application,Submit a leave application,8,carrot_mcp_server_api_log_hours_entry,0.50390625,0.05785123966942149,0.4091580502215657,0.3768813454275163,0.048828125,5.458515283842795,False
11,Submit a leave application,1,submit,a leave application,Submit a leave application,9,carrot_mcp_server_api_get_employee,0.455078125,0.06611570247933884,0.3353028064992615,0.4232610313939862,0.005859375,0.6550218340611353,False
11,Submit a leave application,1,submit,a leave application,Submit a leave application,10,carrot_mcp_server_api_work_hours_summary,0.44921875,0.0743801652892562,0.32644017725258495,0.42368399893769676,0.00390625,0.43668122270742354,False
11,Submit a leave application,1,submit,a leave application,Submit a leave application,11,railway_tools_project_create,0.4453125,0.08264462809917356,0.3205317577548006,0.4220180247349184,0.0078125,0.8733624454148471,False
11,Submit a leave application,1,submit,a leave application,Submit a leave application,12,carrot_mcp_server_api_list_employees,0.4375,0.09090909090909091,0.3087149187592319,0.424529934025118,0.00390625,0.43668122270742354,False
11,Submit a leave application,1,submit,a leave application,Submit a leave application,13,office_word_mcp_server_api_create_word_document,0.43359375,0.09917355371900827,0.30280649926144754,0.42286395982233954,0.0078125,0.8733624454148471,False
11,Submit a leave application,1,submit,a leave application,Submit a leave application,14,railway_tools_project_delete,0.42578125,0.10743801652892562,0.29098966026587886,0.42537586911253916,0.005859375,0.6550218340611353,False
11,Submit a leave application,1,submit,a leave application,Submit a leave application,15,project_management_tools_update_user_capacity,0.419921875,0.11570247933884298,0.2821270310192024,0.4257988366562498,0.00390625,0.43668122270742354,True
11,Submit a leave application,1,submit,a leave application,Submit a leave application,16,gmail_tools_send_google_email,0.416015625,0.12396694214876033,0.276218611521418,0.4241328624534713,0.001953125,0.21834061135371177,False
11,Submit a leave application,1,submit,a leave application,Submit a leave application,17,railway_tools_project_info,0.4140625,0.1322314049586777,0.27326440177252587,0.4203779465042038,0.00390625,0.43668122270742354,False
11,Submit a leave application,1,submit,a leave application,Submit a leave application,18,project_management_tools_create_work_item,0.41015625,0.14049586776859505,0.2673559822747415,0.4187119723014253,0.0,0.0,False
11,Submit a leave application,1,submit,a leave application,Submit a leave application,19,github_mcp_server_create_pull_request,0.41015625,0.1487603305785124,0.2673559822747415,0.41286811460566875,0.0078125,0.8733624454148471,False
11,Submit a leave application,1,submit,a leave application,Submit a leave application,20,office_word_mcp_server_api_add_page_break,0.40234375,0.15702479338842976,0.2555391432791728,0.41538002389586837,0.001953125,0.21834061135371177,False
11,Submit a leave application,1,submit,a leave application,Submit a leave application,21,railway_tools_project_list,0.400390625,0.1652892561983471,0.25258493353028066,0.41162510794660084,0.0,0.0,False
11,Submit a leave application,1,submit,a leave application,Submit a leave application,22,railway_tools_service_list,0.400390625,0.17355371900826447,0.25258493353028066,0.40578125025084427,0.0,0.0,False
11,Submit a leave application,1,submit,a leave application,Submit a leave application,23,railway_tools_service_delete,0.400390625,0.18181818181818182,0.25258493353028066,0.3999373925550877,0.00390625,0.43668122270742354,False
11,Submit a leave application,1,submit,a leave application,Submit a leave application,24,office_word_mcp_server_api_convert_to_pdf,0.396484375,0.19008264462809918,0.2466765140324963,0.3982714183523092,0.0,0.0,False
11,Submit a leave application,1,submit,a leave application,Submit a leave application,25,office_word_mcp_server_api_add_picture,0.396484375,0.19834710743801653,0.2466765140324963,0.39242756065655265,0.001953125,0.21834061135371177,False
11,Submit a leave application,1,submit,a leave application,Submit a leave application,26,railway_tools_project_environments,0.39453125,0.2066115702479339,0.24372230428360414,0.3886726447072851,0.0,0.0,False
11,Submit a leave application,1,submit,a leave application,Submit a leave application,27,railway_tools_service_create_from_repo,0.39453125,0.21487603305785125,0.24372230428360414,0.3828287870115285,0.00390625,0.43668122270742354,False
11,Submit a leave application,1,submit,a leave application,Submit a leave application,28,railway_tools_service_info,0.390625,0.2231404958677686,0.2378138847858198,0.38116281280875003,0.0,0.0,False
11,Submit a leave application,1,submit,a leave application,Submit a leave application,29,office_word_mcp_server_api_add_table,0.390625,0.23140495867768596,0.2378138847858198,0.37531895511299346,0.0,0.0,False
11,Submit a leave application,1,submit,a leave application,Submit a leave application,30,github_mcp_server_create_branch,0.390625,0.2396694214876033,0.2378138847858198,0.36947509741723683,0.00390625,0.43668122270742354,False
11,Submit a leave application,1,submit,a leave application,Submit a leave application,31,office_word_mcp_server_api_add_paragraph,0.38671875,0.24793388429752067,0.23190546528803546,0.36780912321445836,0.0,0.0,False
11,Submit a leave application,1,submit,a leave application,Submit a leave application,32,project_management_tools_create_sprint,0.38671875,0.256198347107438,0.23190546528803546,0.3619652655187018,0.0,0.0,False
11,Submit a leave application,1,submit,a leave application,Submit a leave application,33,sharepoint_tools_create_txt_file_in_sharepoint,0.38671875,0.2644628099173554,0.23190546528803546,0.3561214078229452,0.00390625,0.43668122270742354,False
11,Submit a leave application,1,submit,a leave application,Submit a leave application,34,railway_tools_service_update,0.3828125,0.2727272727272727,0.2259970457902511,0.35445543362016674,0.0,0.0,False
11,Submit a leave application,1,submit,a leave application,Submit a leave application,35,project_management_tools_export_sprint_to_sharepoint,0.3828125,0.2809917355371901,0.2259970457902511,0.34861157592441017,0.0,0.0,False
11,Submit a leave application,1,submit,a leave application,Submit a leave application,36,github_mcp_server_update_pull_request,0.3828125,0.2892561983471074,0.2259970457902511,0.3427677182286536,0.00390625,0.43668122270742354,False
11,Submit a leave application,1,submit,a leave application,Submit a leave application,37,supabase_mcp_insert_table_data,0.37890625,0.2975206611570248,0.22008862629246675,0.3411017440258751,0.0,0.0,False
11,Submit a leave application,1,submit,a leave application,Submit a leave application,38,railway_tools_volume_update,0.37890625,0.30578512396694213,0.22008862629246675,0.33525788633011855,0.0,0.0,False
11,Submit a leave application,1,submit,a leave application,Submit a leave application,39,project_management_tools_list_work_items,0.37890625,0.3140495867768595,0.22008862629246675,0.3294140286343619,0.001953125,0.21834061135371177,False
11,Submit a leave application,1,submit,a leave application,Submit a leave application,40,office_word_mcp_server_api_add_heading,0.376953125,0.32231404958677684,0.2171344165435746,0.3256591126850944,0.0,0.0,False
11,Submit a leave application,1,submit,a leave application,Submit a leave application,41,project_management_tools_get_user_capacity,0.376953125,0.3305785123966942,0.2171344165435746,0.3198152549893378,0.0,0.0,False
11,Submit a leave application,1,submit,a leave application,Submit a leave application,42,gmail_tools_reply_google_email,0.376953125,0.33884297520661155,0.2171344165435746,0.31397139729358126,0.0,0.0,False
11,Submit a leave application,1,submit,a leave application,Submit a leave application,43,github_mcp_server_merge_pull_request,0.376953125,0.34710743801652894,0.2171344165435746,0.3081275395978246,0.0,0.0,False
11,Submit a leave application,1,submit,a leave application,Submit a leave application,44,project_management_tools_create_project,0.376953125,0.35537190082644626,0.2171344165435746,0.302283681902068,0.001953125,0.21834061135371177,False
11,Submit a leave application,1,submit,a leave application,Submit a leave application,45,gmail_tools_forward_google_email,0.375,0.36363636363636365,0.21418020679468242,0.2985287659528005,0.001953125,0.21834061135371177,False
11,Submit a leave application,1,submit,a leave application,Submit a leave application,46,project_management_tools_create_team,0.373046875,0.371900826446281,0.21122599704579026,0.29477385000353296,0.0,0.0,False
11,Submit a leave application,1,submit,a leave application,Submit a leave application,47,office_word_mcp_server_api_delete_document,0.373046875,0.38016528925619836,0.21122599704579026,0.2889299923077764,0.0,0.0,False
11,Submit a leave application,1,submit,a leave application,Submit a leave application,48,project_management_tools_add_work_item_comment,0.373046875,0.3884297520661157,0.21122599704579026,0.2830861346120198,0.0,0.0,False
11,Submit a leave application,1,submit,a leave application,Submit a leave application,49,project_management_tools_assign_work_item,0.373046875,0.39669421487603307,0.21122599704579026,0.2772422769162632,0.001953125,0.21834061135371177,False
11,Submit a leave application,1,submit,a leave application,Submit a leave application,50,railway_tools_service_restart,0.37109375,0.4049586776859504,0.20827178729689808,0.27348736096699566,0.00390625,0.43668122270742354,False
11,Submit a leave application,1,submit,a leave application,Submit a leave application,51,project_management_tools_view_board,0.3671875,0.4132231404958678,0.20236336779911374,0.2718213867642172,0.001953125,0.21834061135371177,False
11,Submit a leave application,1,submit,a leave application,Submit a leave application,52,supabase_mcp_update_database_table_data,0.365234375,0.4214876033057851,0.19940915805022155,0.26806647081494966,0.0,0.0,False
11,Submit a leave application,1,submit,a leave application,Submit a leave application,53,quest_studio_file_storage_get_storage_usage,0.365234375,0.4297520661157025,0.19940915805022155,0.2622226131191931,0.0,0.0,False
11,Submit a leave application,1,submit,a leave application,Submit a leave application,54,project_management_tools_update_task_status,0.365234375,0.4380165289256198,0.19940915805022155,0.2563787554234365,0.001953125,0.21834061135371177,False
11,Submit a leave application,1,submit,a leave application,Submit a leave application,55,railway_tools_volume_delete,0.36328125,0.4462809917355372,0.1964549483013294,0.25262383947416894,0.0,0.0,False
11,Submit a leave application,1,submit,a leave application,Submit a leave application,56,github_mcp_server_create_repository,0.36328125,0.45454545454545453,0.1964549483013294,0.24677998177841234,0.001953125,0.21834061135371177,False
11,Submit a leave application,1,submit,a leave application,Submit a leave application,57,quest_studio_file_storage_delete_file,0.361328125,0.4628099173553719,0.1935007385524372,0.24302506582914485,0.0,0.0,False
11,Submit a leave application,1,submit,a leave application,Submit a leave application,58,project_management_tools_delete_sprint,0.361328125,0.47107438016528924,0.1935007385524372,0.23718120813338828,0.001953125,0.21834061135371177,False
11,Submit a leave application,1,submit,a leave application,Submit a leave application,59,railway_tools_database_list_types,0.359375,0.4793388429752066,0.19054652880354506,0.23342629218412075,0.001953125,0.21834061135371177,False
11,Submit a leave application,1,submit,a leave application,Submit a leave application,60,railway_tools_volume_create,0.357421875,0.48760330578512395,0.18759231905465287,0.22967137623485323,0.0,0.0,False
11,Submit a leave application,1,submit,a leave application,Submit a leave application,61,github_mcp_server_push_files,0.357421875,0.49586776859504134,0.18759231905465287,0.22382751853909658,0.001953125,0.21834061135371177,False
11,Submit a leave application,1,submit,a leave application,Submit a leave application,62,outlook_mail_management_reply_to_email,0.35546875,0.5041322314049587,0.18463810930576072,0.22007260258982905,0.0,0.0,False
11,Submit a leave application,1,submit,a leave application,Submit a leave application,63,gmail_tools_delete_google_email,0.35546875,0.512396694214876,0.18463810930576072,0.21422874489407248,0.001953125,0.21834061135371177,False
11,Submit a leave application,1,submit,a leave application,Submit a leave application,64,railway_tools_service_create_from_image,0.353515625,0.5206611570247934,0.18168389955686853,0.21047382894480487,0.0,0.0,False
11,Submit a leave application,1,submit,a leave application,Submit a leave application,65,github_mcp_server_create_or_update_file,0.353515625,0.5289256198347108,0.18168389955686853,0.2046299712490483,0.0,0.0,False
11,Submit a leave application,1,submit,a leave application,Submit a leave application,66,office_word_mcp_server_api_delete_paragraph,0.353515625,0.5371900826446281,0.18168389955686853,0.19878611355329173,0.0,0.0,False
11,Submit a leave application,1,submit,a leave application,Submit a leave application,67,office_word_mcp_server_api_merge_doucments,0.353515625,0.5454545454545454,0.18168389955686853,0.19294225585753516,0.001953125,0.21834061135371177,False
11,Submit a leave application,1,submit,a leave application,Submit a leave application,68,github_mcp_server_pull_request_read,0.3515625,0.5537190082644629,0.17872968980797638,0.18918733990826764,0.001953125,0.21834061135371177,False
11,Submit a leave application,1,submit,a leave application,Submit a leave application,69,project_management_tools_delete_work_item,0.349609375,0.5619834710743802,0.1757754800590842,0.18543242395900014,0.001953125,0.21834061135371177,False
11,Submit a leave application,1,submit,a leave application,Submit a leave application,70,quest_studio_file_storage_update_file,0.34765625,0.5702479338842975,0.172821270310192,0.18167750800973262,0.0,0.0,False
11,Submit a leave application,1,submit,a leave application,Submit a leave application,71,project_management_tools_list_sprints,0.34765625,0.5785123966942148,0.172821270310192,0.17583365031397605,0.0,0.0,False
11,Submit a leave application,1,submit,a leave application,Submit a leave application,72,project_management_tools_delete_team,0.34765625,0.5867768595041323,0.172821270310192,0.1699897926182194,0.00390625,0.43668122270742354,False
11,Submit a leave application,1,submit,a leave application,Submit a leave application,73,office_word_mcp_server_api_copy_document,0.34375,0.5950413223140496,0.16691285081240767,0.16832381841544092,0.001953125,0.21834061135371177,False
11,Submit a leave application,1,submit,a leave application,Submit a leave application,74,quest_studio_file_storage_get_files,0.341796875,0.6033057851239669,0.16395864106351551,0.1645689024661734,0.0,0.0,False
11,Submit a leave application,1,submit,a leave application,Submit a leave application,75,sharepoint_tools_get_sharepoint_sites,0.341796875,0.6115702479338843,0.16395864106351551,0.15872504477041682,0.0,0.0,False
11,Submit a leave application,1,submit,a leave application,Submit a leave application,76,github_mcp_server_get_me,0.341796875,0.6198347107438017,0.16395864106351551,0.15288118707466017,0.0,0.0,False
11,Submit a leave application,1,submit,a leave application,Submit a leave application,77,office_word_mcp_server_api_list_files,0.341796875,0.628099173553719,0.16395864106351551,0.1470373293789036,0.0,0.0,False
11,Submit a leave application,1,submit,a leave application,Submit a leave application,78,outlook_mail_management_compose_email,0.341796875,0.6363636363636364,0.16395864106351551,0.14119347168314703,0.001953125,0.21834061135371177,False
11,Submit a leave application,1,submit,a leave application,Submit a leave application,79,project_management_tools_list_team_members,0.33984375,0.6446280991735537,0.16100443131462333,0.1374385557338795,0.0,0.0,False
11,Submit a leave application,1,submit,a leave application,Submit a leave application,80,supabase_mcp_get_all_supabase_projects,0.33984375,0.6528925619834711,0.16100443131462333,0.13159469803812293,0.001953125,0.21834061135371177,False
11,Submit a leave application,1,submit,a leave application,Submit a leave application,81,office_word_mcp_server_api_search_replace,0.337890625,0.6611570247933884,0.15805022156573117,0.12783978208885544,0.0,0.0,False
11,Submit a leave application,1,submit,a leave application,Submit a leave application,82,project_management_tools_list_users,0.337890625,0.6694214876033058,0.15805022156573117,0.12199592439309885,0.0,0.0,False
11,Submit a leave application,1,submit,a leave application,Submit a leave application,83,gmail_tools_get_google_emails,0.337890625,0.6776859504132231,0.15805022156573117,0.11615206669734228,0.001953125,0.21834061135371177,False
11,Submit a leave application,1,submit,a leave application,Submit a leave application,84,office_word_mcp_server_api_get_document_outline,0.3359375,0.6859504132231405,0.155096011816839,0.11239715074807469,0.0,0.0,False
11,Submit a leave application,1,submit,a leave application,Submit a leave application,85,github_mcp_server_get_commit,0.3359375,0.6942148760330579,0.155096011816839,0.10655329305231812,0.001953125,0.21834061135371177,False
11,Submit a leave application,1,submit,a leave application,Submit a leave application,86,project_management_tools_get_work_item_comments,0.333984375,0.7024793388429752,0.15214180206794684,0.10279837710305059,0.0,0.0,False
11,Submit a leave application,1,submit,a leave application,Submit a leave application,87,office_word_mcp_server_api_get_document_xml,0.333984375,0.7107438016528925,0.15214180206794684,0.09695451940729402,0.001953125,0.21834061135371177,False
11,Submit a leave application,1,submit,a leave application,Submit a leave application,88,project_management_tools_list_teams,0.33203125,0.71900826446281,0.14918759231905465,0.09319960345802643,0.0,0.0,False
11,Submit a leave application,1,submit,a leave application,Submit a leave application,89,office_word_mcp_server_api_get_document_info,0.33203125,0.7272727272727273,0.14918759231905465,0.08735574576226986,0.0,0.0,False
11,Submit a leave application,1,submit,a leave application,Submit a leave application,90,github_mcp_server_list_pull_requests,0.33203125,0.7355371900826446,0.14918759231905465,0.08151188806651329,0.0,0.0,False
11,Submit a leave application,1,submit,a leave application,Submit a leave application,91,outlook_mail_management_forward_email,0.33203125,0.743801652892562,0.14918759231905465,0.07566803037075671,0.0,0.0,False
11,Submit a leave application,1,submit,a leave application,Submit a leave application,92,github_mcp_server_list_commits,0.33203125,0.7520661157024794,0.14918759231905465,0.06982417267500006,0.001953125,0.21834061135371177,False
11,Submit a leave application,1,submit,a leave application,Submit a leave application,93,project_management_tools_update_work_item,0.330078125,0.7603305785123967,0.14623338257016247,0.06606925672573254,0.001953125,0.21834061135371177,False
11,Submit a leave application,1,submit,a leave application,Submit a leave application,94,project_management_tools_get_team,0.328125,0.768595041322314,0.1432791728212703,0.06231434077646502,0.001953125,0.21834061135371177,False
11,Submit a leave application,1,submit,a leave application,Submit a leave application,95,project_management_tools_get_sprint,0.326171875,0.7768595041322314,0.14032496307237813,0.05855942482719757,0.0,0.0,False
11,Submit a leave application,1,submit,a leave application,Submit a leave application,96,outlook_mail_management_send_email,0.326171875,0.7851239669421488,0.14032496307237813,0.05271556713144085,0.001953125,0.21834061135371177,False
11,Submit a leave application,1,submit,a leave application,Submit a leave application,97,github_mcp_server_list_branches,0.32421875,0.7933884297520661,0.13737075332348597,0.048960651182173326,0.0,0.0,False
11,Submit a leave application,1,submit,a leave application,Submit a leave application,98,supabase_mcp_check_database_health,0.32421875,0.8016528925619835,0.13737075332348597,0.043116793486416755,0.0,0.0,False
11,Submit a leave application,1,submit,a leave application,Submit a leave application,99,office_word_mcp_server_api_get_document_text,0.32421875,0.8099173553719008,0.13737075332348597,0.03727293579066018,0.001953125,0.21834061135371177,False
11,Submit a leave application,1,submit,a leave application,Submit a leave application,100,project_management_tools_delete_project,0.322265625,0.8181818181818182,0.1344165435745938,0.03351801984139267,0.001953125,0.21834061135371177,False
11,Submit a leave application,1,submit,a leave application,Submit a leave application,101,project_management_tools_update_project,0.3203125,0.8264462809917356,0.13146233382570163,0.029763103892125144,0.0,0.0,False
11,Submit a leave application,1,submit,a leave application,Submit a leave application,102,railway_tools_volume_list,0.3203125,0.8347107438016529,0.13146233382570163,0.023919246196368572,0.001953125,0.21834061135371177,False
11,Submit a leave application,1,submit,a leave application,Submit a leave application,103,project_management_tools_list_projects,0.318359375,0.8429752066115702,0.12850812407680945,0.020164330247101053,0.0,0.0,False
11,Submit a leave application,1,submit,a leave application,Submit a leave application,104,quest_studio_file_storage_get_file,0.318359375,0.8512396694214877,0.12850812407680945,0.014320472551344403,0.00390625,0.43668122270742354,False
11,Submit a leave application,1,submit,a leave application,Submit a leave application,105,office_word_mcp_server_api_find_text_in_document,0.314453125,0.859504132231405,0.12259970457902511,0.012654498348565935,0.001953125,0.21834061135371177,False
11,Submit a leave application,1,submit,a leave application,Submit a leave application,106,github_mcp_server_delete_file,0.3125,0.8677685950413223,0.11964549483013294,0.008899582399298415,0.00390625,0.43668122270742354,False
11,Submit a leave application,1,submit,a leave application,Submit a leave application,107,project_management_tools_get_work_item,0.30859375,0.8760330578512396,0.1137370753323486,0.007233608196520024,0.0078125,0.8733624454148471,False
11,Submit a leave application,1,submit,a leave application,Submit a leave application,108,project_management_tools_get_project,0.30078125,0.8842975206611571,0.1019202363367799,0.009745517486719578,0.001953125,0.21834061135371177,False
11,Submit a leave application,1,submit,a leave application,Submit a leave application,109,office_word_mcp_server_api_get_paragraph_text_from_document,0.298828125,0.8925619834710744,0.09896602658788774,0.0059906015374520585,0.0,0.0,False
11,Submit a leave application,1,submit,a leave application,Submit a leave application,110,supabase_mcp_select_database_table_data,0.298828125,0.9008264462809917,0.09896602658788774,0.0001467438416954872,0.001953125,0.21834061135371177,False
11,Submit a leave application,1,submit,a leave application,Submit a leave application,111,outlook_mail_management_search_outlook_mail,0.296875,0.9090909090909091,0.09601181683899557,0.0036081721075719546,0.001953125,0.21834061135371177,False
11,Submit a leave application,1,submit,a leave application,Submit a leave application,112,quest_studio_file_storage_get_file_content,0.294921875,0.9173553719008265,0.0930576070901034,0.007363088056839631,0.001953125,0.21834061135371177,False
11,Submit a leave application,1,submit,a leave application,Submit a leave application,113,sharepoint_tools_get_sharepoint_documents,0.29296875,0.9256198347107438,0.09010339734121123,0.011118004006107152,0.0,0.0,False
11,Submit a leave application,1,submit,a leave application,Submit a leave application,114,outlook_mail_management_find_email_address,0.29296875,0.9338842975206612,0.09010339734121123,0.01696186170186372,0.009765625,1.0917030567685588,False
11,Submit a leave application,1,submit,a leave application,Submit a leave application,115,github_mcp_server_search_repositories,0.283203125,0.9421487603305785,0.07533234859675036,0.012361010665174883,0.005859375,0.6550218340611353,False
11,Submit a leave application,1,submit,a leave application,Submit a leave application,116,github_mcp_server_get_file_contents,0.27734375,0.9504132231404959,0.06646971935007386,0.011938043121464457,0.00390625,0.43668122270742354,False
11,Submit a leave application,1,submit,a leave application,Submit a leave application,117,supabase_mcp_get_database_tables,0.2734375,0.9586776859504132,0.060561299852289516,0.01360401732424277,0.00390625,0.43668122270742354,False
11,Submit a leave application,1,submit,a leave application,Submit a leave application,118,supabase_mcp_get_table_schema,0.26953125,0.9669421487603306,0.05465288035450517,0.015269991527021238,0.001953125,0.21834061135371177,False
11,Submit a leave application,1,submit,a leave application,Submit a leave application,119,quest_studio_file_storage_query_files,0.267578125,0.9752066115702479,0.051698670605613,0.01902490747628876,0.025390625,2.8384279475982535,False
11,Submit a leave application,1,submit,a leave application,Submit a leave application,120,outlook_mail_management_delete_email_message,0.2421875,0.9834710743801653,0.013293943870014771,0.0022874775323123344,0.001953125,0.21834061135371177,False
11,Submit a leave application,1,submit,a leave application,Submit a leave application,121,web_search_tools_web_search,0.240234375,0.9917355371900827,0.0103397341211226,0.001467438416955186,0.0068359375,0.7641921397379913,False
11,Submit a leave application,1,submit,a leave application,Submit a leave application,122,outlook_mail_management_get_email_messages,0.2333984375,1.0,0.0,0.0,,,False
12,Find a GitHub repository,1,find,a GitHub repository,Find a GitHub repository,1,github_mcp_server_search_repositories,0.82421875,0.0,1.0,0.0,0.0390625,4.739336492890995,False
12,Find a GitHub repository,1,find,a GitHub repository,Find a GitHub repository,2,github_mcp_server_get_commit,0.78515625,0.008264462809917356,0.9261992619926199,0.04634114460583365,0.01171875,1.4218009478672986,False
12,Find a GitHub repository,1,find,a GitHub repository,Find a GitHub repository,3,github_mcp_server_pull_request_read,0.7734375,0.01652892561983471,0.9040590405904059,0.056152787600554165,0.00390625,0.47393364928909953,False
12,Find a GitHub repository,1,find,a GitHub repository,Find a GitHub repository,4,github_mcp_server_create_repository,0.76953125,0.024793388429752067,0.8966789667896679,0.05552743013495655,0.00390625,0.47393364928909953,False
12,Find a GitHub repository,1,find,a GitHub repository,Find a GitHub repository,5,github_mcp_server_get_file_contents,0.765625,0.03305785123966942,0.8892988929889298,0.054902072669359,0.01953125,2.3696682464454977,False
12,Find a GitHub repository,1,find,a GitHub repository,Find a GitHub repository,6,github_mcp_server_get_me,0.74609375,0.04132231404958678,0.8523985239852399,0.0751507161243975,0.00390625,0.47393364928909953,False
12,Find a GitHub repository,1,find,a GitHub repository,Find a GitHub repository,7,github_mcp_server_create_or_update_file,0.7421875,0.049586776859504134,0.8450184501845018,0.07452535865879996,0.00390625,0.47393364928909953,False
12,Find a GitHub repository,1,find,a GitHub repository,Find a GitHub repository,8,github_mcp_server_list_pull_requests,0.73828125,0.05785123966942149,0.8376383763837638,0.07390000119320234,0.00390625,0.47393364928909953,False
12,Find a GitHub repository,1,find,a GitHub repository,Find a GitHub repository,9,github_mcp_server_list_branches,0.734375,0.06611570247933884,0.8302583025830258,0.0732746437276048,0.00390625,0.47393364928909953,False
12,Find a GitHub repository,1,find,a GitHub repository,Find a GitHub repository,10,github_mcp_server_list_commits,0.73046875,0.0743801652892562,0.8228782287822878,0.07264928626200726,0.02734375,3.3175355450236967,False
12,Find a GitHub repository,1,find,a GitHub repository,Find a GitHub repository,11,github_mcp_server_merge_pull_request,0.703125,0.08264462809917356,0.7712177121771218,0.10333493017736382,0.0,0.0,False
12,Find a GitHub repository,1,find,a GitHub repository,Find a GitHub repository,12,github_mcp_server_create_pull_request,0.703125,0.09090909090909091,0.7712177121771218,0.09749107248160717,0.01171875,1.4218009478672986,False
12,Find a GitHub repository,1,find,a GitHub repository,Find a GitHub repository,13,github_mcp_server_create_branch,0.69140625,0.09917355371900827,0.7490774907749077,0.10730271547632769,0.01171875,1.4218009478672986,False
12,Find a GitHub repository,1,find,a GitHub repository,Find a GitHub repository,14,github_mcp_server_update_pull_request,0.6796875,0.10743801652892562,0.7269372693726938,0.11711435847104813,0.0234375,2.843601895734597,False
12,Find a GitHub repository,1,find,a GitHub repository,Find a GitHub repository,15,railway_tools_service_create_from_repo,0.65625,0.11570247933884298,0.6826568265682657,0.14258150215624574,0.00390625,0.47393364928909953,False
12,Find a GitHub repository,1,find,a GitHub repository,Find a GitHub repository,16,github_mcp_server_delete_file,0.65234375,0.12396694214876033,0.6752767527675276,0.1419561446906481,0.0703125,8.530805687203792,False
12,Find a GitHub repository,1,find,a GitHub repository,Find a GitHub repository,17,web_search_tools_web_search,0.58203125,0.1322314049586777,0.5424354243542435,0.23004529113775393,0.01953125,2.3696682464454977,False
12,Find a GitHub repository,1,find,a GitHub repository,Find a GitHub repository,18,github_mcp_server_push_files,0.5625,0.14049586776859505,0.5055350553505535,0.2502939345927924,0.0,0.0,False
12,Find a GitHub repository,1,find,a GitHub repository,Find a GitHub repository,19,office_word_mcp_server_api_search_replace,0.5625,0.1487603305785124,0.5055350553505535,0.24445007689703585,0.0078125,0.9478672985781991,False
12,Find a GitHub repository,1,find,a GitHub repository,Find a GitHub repository,20,office_word_mcp_server_api_find_text_in_document,0.5546875,0.15702479338842976,0.4907749077490775,0.24904321966159726,0.00390625,0.47393364928909953,False
12,Find a GitHub repository,1,find,a GitHub repository,Find a GitHub repository,21,outlook_mail_management_find_email_address,0.55078125,0.1652892561983471,0.4833948339483395,0.2484178621959997,0.01171875,1.4218009478672986,False
12,Find a GitHub repository,1,find,a GitHub repository,Find a GitHub repository,22,railway_tools_project_create,0.5390625,0.17355371900826447,0.4612546125461255,0.25822950519072013,0.0,0.0,False
12,Find a GitHub repository,1,find,a GitHub repository,Find a GitHub repository,23,railway_tools_project_environments,0.5390625,0.18181818181818182,0.4612546125461255,0.25238564749496356,0.01953125,2.3696682464454977,False
12,Find a GitHub repository,1,find,a GitHub repository,Find a GitHub repository,24,railway_tools_project_info,0.51953125,0.19008264462809918,0.42435424354243545,0.2726342909500021,0.0,0.0,True
12,Find a GitHub repository,1,find,a GitHub repository,Find a GitHub repository,25,project_management_tools_get_team,0.51953125,0.19834710743801653,0.42435424354243545,0.2667904332542455,0.00390625,0.47393364928909953,False
12,Find a GitHub repository,1,find,a GitHub repository,Find a GitHub repository,26,gmail_tools_reply_google_email,0.515625,0.2066115702479339,0.41697416974169743,0.26616507578864795,0.00390625,0.47393364928909953,False
12,Find a GitHub repository,1,find,a GitHub repository,Find a GitHub repository,27,project_management_tools_get_project,0.51171875,0.21487603305785125,0.4095940959409594,0.26553971832305046,0.0,0.0,False
12,Find a GitHub repository,1,find,a GitHub repository,Find a GitHub repository,28,supabase_mcp_check_database_health,0.51171875,0.2231404958677686,0.4095940959409594,0.2596958606272938,0.00390625,0.47393364928909953,False
12,Find a GitHub repository,1,find,a GitHub repository,Find a GitHub repository,29,project_management_tools_list_projects,0.5078125,0.23140495867768596,0.4022140221402214,0.2590705031616962,0.0,0.0,False
12,Find a GitHub repository,1,find,a GitHub repository,Find a GitHub repository,30,quest_studio_file_storage_get_file_content,0.5078125,0.2396694214876033,0.4022140221402214,0.25322664546593965,0.00390625,0.47393364928909953,False
12,Find a GitHub repository,1,find,a GitHub repository,Find a GitHub repository,31,gmail_tools_get_google_emails,0.50390625,0.24793388429752067,0.3948339483394834,0.25260128800034204,0.00390625,0.47393364928909953,False
12,Find a GitHub repository,1,find,a GitHub repository,Find a GitHub repository,32,project_management_tools_list_teams,0.5,0.256198347107438,0.3874538745387454,0.2519759305347445,0.0,0.0,False
12,Find a GitHub repository,1,find,a GitHub repository,Find a GitHub repository,33,supabase_mcp_select_database_table_data,0.5,0.2644628099173554,0.3874538745387454,0.24613207283898786,0.0,0.0,False
12,Find a GitHub repository,1,find,a GitHub repository,Find a GitHub repository,34,project_management_tools_list_team_members,0.5,0.2727272727272727,0.3874538745387454,0.2402882151432313,0.0,0.0,False
12,Find a GitHub repository,1,find,a GitHub repository,Find a GitHub repository,35,gmail_tools_send_google_email,0.5,0.2809917355371901,0.3874538745387454,0.23444435744747472,0.00390625,0.47393364928909953,False
12,Find a GitHub repository,1,find,a GitHub repository,Find a GitHub repository,36,project_management_tools_create_project,0.49609375,0.2892561983471074,0.3800738007380074,0.23381899998187716,0.001953125,0.23696682464454977,False
12,Find a GitHub repository,1,find,a GitHub repository,Find a GitHub repository,37,project_management_tools_view_board,0.494140625,0.2975206611570248,0.3763837638376384,0.23058439240120007,0.001953125,0.23696682464454977,False
12,Find a GitHub repository,1,find,a GitHub repository,Find a GitHub repository,38,quest_studio_file_storage_get_file,0.4921875,0.30578512396694213,0.3726937269372694,0.22734978482052307,0.00390625,0.47393364928909953,False
12,Find a GitHub repository,1,find,a GitHub repository,Find a GitHub repository,39,quest_studio_file_storage_get_storage_usage,0.48828125,0.3140495867768595,0.36531365313653136,0.22672442735492543,0.001953125,0.23696682464454977,False
12,Find a GitHub repository,1,find,a GitHub repository,Find a GitHub repository,40,railway_tools_service_create_from_image,0.486328125,0.32231404958677684,0.36162361623616235,0.22348981977424834,0.0,0.0,False
12,Find a GitHub repository,1,find,a GitHub repository,Find a GitHub repository,41,supabase_mcp_get_all_supabase_projects,0.486328125,0.3305785123966942,0.36162361623616235,0.21764596207849177,0.0,0.0,False
12,Find a GitHub repository,1,find,a GitHub repository,Find a GitHub repository,42,project_management_tools_list_users,0.486328125,0.33884297520661155,0.36162361623616235,0.2118021043827352,0.00390625,0.47393364928909953,False
12,Find a GitHub repository,1,find,a GitHub repository,Find a GitHub repository,43,gmail_tools_forward_google_email,0.482421875,0.34710743801652894,0.35424354243542433,0.2111767469171376,0.0,0.0,False
12,Find a GitHub repository,1,find,a GitHub repository,Find a GitHub repository,44,office_word_mcp_server_api_copy_document,0.482421875,0.35537190082644626,0.35424354243542433,0.20533288922138102,0.001953125,0.23696682464454977,False
12,Find a GitHub repository,1,find,a GitHub repository,Find a GitHub repository,45,railway_tools_project_list,0.48046875,0.36363636363636365,0.3505535055350554,0.20209828164070393,0.00390625,0.47393364928909953,False
12,Find a GitHub repository,1,find,a GitHub repository,Find a GitHub repository,46,outlook_mail_management_search_outlook_mail,0.4765625,0.371900826446281,0.34317343173431736,0.20147292417510637,0.0,0.0,False
12,Find a GitHub repository,1,find,a GitHub repository,Find a GitHub repository,47,project_management_tools_get_user_capacity,0.4765625,0.38016528925619836,0.34317343173431736,0.19562906647934972,0.0,0.0,False
12,Find a GitHub repository,1,find,a GitHub repository,Find a GitHub repository,48,office_word_mcp_server_api_get_document_info,0.4765625,0.3884297520661157,0.34317343173431736,0.18978520878359315,0.001953125,0.23696682464454977,False
12,Find a GitHub repository,1,find,a GitHub repository,Find a GitHub repository,49,railway_tools_service_info,0.474609375,0.39669421487603307,0.33948339483394835,0.18655060120291606,0.0,0.0,False
12,Find a GitHub repository,1,find,a GitHub repository,Find a GitHub repository,50,railway_tools_service_list,0.474609375,0.4049586776859504,0.33948339483394835,0.18070674350715948,0.0,0.0,False
12,Find a GitHub repository,1,find,a GitHub repository,Find a GitHub repository,51,railway_tools_project_delete,0.474609375,0.4132231404958678,0.33948339483394835,0.1748628858114029,0.001953125,0.23696682464454977,False
12,Find a GitHub repository,1,find,a GitHub repository,Find a GitHub repository,52,supabase_mcp_get_table_schema,0.47265625,0.4214876033057851,0.33579335793357934,0.17162827823072582,0.0,0.0,False
12,Find a GitHub repository,1,find,a GitHub repository,Find a GitHub repository,53,railway_tools_database_list_types,0.47265625,0.4297520661157025,0.33579335793357934,0.16578442053496925,0.0,0.0,False
12,Find a GitHub repository,1,find,a GitHub repository,Find a GitHub repository,54,project_management_tools_create_team,0.47265625,0.4380165289256198,0.33579335793357934,0.15994056283921268,0.005859375,0.7109004739336493,False
12,Find a GitHub repository,1,find,a GitHub repository,Find a GitHub repository,55,sharepoint_tools_get_sharepoint_sites,0.466796875,0.4462809917355372,0.3247232472324723,0.1619244554886946,0.0,0.0,False
12,Find a GitHub repository,1,find,a GitHub repository,Find a GitHub repository,56,project_management_tools_delete_team,0.466796875,0.45454545454545453,0.3247232472324723,0.15608059779293804,0.0,0.0,False
12,Find a GitHub repository,1,find,a GitHub repository,Find a GitHub repository,57,project_management_tools_get_work_item_comments,0.466796875,0.4628099173553719,0.3247232472324723,0.15023674009718138,0.001953125,0.23696682464454977,False
12,Find a GitHub repository,1,find,a GitHub repository,Find a GitHub repository,58,carrot_mcp_server_api_hr_dashboard_summary,0.46484375,0.47107438016528924,0.3210332103321033,0.14700213251650437,0.001953125,0.23696682464454977,False
12,Find a GitHub repository,1,find,a GitHub repository,Find a GitHub repository,59,carrot_mcp_server_api_get_employee,0.462890625,0.4793388429752066,0.3173431734317343,0.14376752493582728,0.0,0.0,False
12,Find a GitHub repository,1,find,a GitHub repository,Find a GitHub repository,60,project_management_tools_get_work_item,0.462890625,0.48760330578512395,0.3173431734317343,0.1379236672400707,0.001953125,0.23696682464454977,False
12,Find a GitHub repository,1,find,a GitHub repository,Find a GitHub repository,61,supabase_mcp_get_database_tables,0.4609375,0.49586776859504134,0.31365313653136534,0.13468905965939354,0.001953125,0.23696682464454977,False
12,Find a GitHub repository,1,find,a GitHub repository,Find a GitHub repository,62,railway_tools_volume_list,0.458984375,0.5041322314049587,0.30996309963099633,0.1314544520787165,0.0,0.0,False
12,Find a GitHub repository,1,find,a GitHub repository,Find a GitHub repository,63,project_management_tools_get_sprint,0.458984375,0.512396694214876,0.30996309963099633,0.12561059438295993,0.0,0.0,False
12,Find a GitHub repository,1,find,a GitHub repository,Find a GitHub repository,64,office_word_mcp_server_api_get_document_text,0.458984375,0.5206611570247934,0.30996309963099633,0.11976673668720329,0.0,0.0,False
12,Find a GitHub repository,1,find,a GitHub repository,Find a GitHub repository,65,office_word_mcp_server_api_get_document_outline,0.458984375,0.5289256198347108,0.30996309963099633,0.11392287899144672,0.0,0.0,False
12,Find a GitHub repository,1,find,a GitHub repository,Find a GitHub repository,66,gmail_tools_delete_google_email,0.458984375,0.5371900826446281,0.30996309963099633,0.10807902129569015,0.001953125,0.23696682464454977,False
12,Find a GitHub repository,1,find,a GitHub repository,Find a GitHub repository,67,project_management_tools_list_sprints,0.45703125,0.5454545454545454,0.3062730627306273,0.10484441371501306,0.0,0.0,False
12,Find a GitHub repository,1,find,a GitHub repository,Find a GitHub repository,68,project_management_tools_create_work_item,0.45703125,0.5537190082644629,0.3062730627306273,0.09900055601925649,0.001953125,0.23696682464454977,False
12,Find a GitHub repository,1,find,a GitHub repository,Find a GitHub repository,69,quest_studio_file_storage_get_files,0.455078125,0.5619834710743802,0.3025830258302583,0.09576594843857938,0.00390625,0.47393364928909953,False
12,Find a GitHub repository,1,find,a GitHub repository,Find a GitHub repository,70,quest_studio_file_storage_query_files,0.451171875,0.5702479338842975,0.2952029520295203,0.09514059097298184,0.0,0.0,False
12,Find a GitHub repository,1,find,a GitHub repository,Find a GitHub repository,71,sharepoint_tools_get_sharepoint_documents,0.451171875,0.5785123966942148,0.2952029520295203,0.08929673327722527,0.005859375,0.7109004739336493,False
12,Find a GitHub repository,1,find,a GitHub repository,Find a GitHub repository,72,railway_tools_service_delete,0.4453125,0.5867768595041323,0.28413284132841327,0.09128062592670722,0.0,0.0,False
12,Find a GitHub repository,1,find,a GitHub repository,Find a GitHub repository,73,railway_tools_service_restart,0.4453125,0.5950413223140496,0.28413284132841327,0.08543676823095064,0.001953125,0.23696682464454977,False
12,Find a GitHub repository,1,find,a GitHub repository,Find a GitHub repository,74,carrot_mcp_server_api_list_employees,0.443359375,0.6033057851239669,0.28044280442804426,0.08220216065027354,0.001953125,0.23696682464454977,False
12,Find a GitHub repository,1,find,a GitHub repository,Find a GitHub repository,75,office_word_mcp_server_api_get_paragraph_text_from_document,0.44140625,0.6115702479338843,0.2767527675276753,0.07896755306959645,0.001953125,0.23696682464454977,False
12,Find a GitHub repository,1,find,a GitHub repository,Find a GitHub repository,76,project_management_tools_list_work_items,0.439453125,0.6198347107438017,0.2730627306273063,0.07573294548891936,0.001953125,0.23696682464454977,False
12,Find a GitHub repository,1,find,a GitHub repository,Find a GitHub repository,77,project_management_tools_delete_project,0.4375,0.628099173553719,0.2693726937269373,0.07249833790824226,0.0,0.0,False
12,Find a GitHub repository,1,find,a GitHub repository,Find a GitHub repository,78,carrot_mcp_server_api_log_hours_entry,0.4375,0.6363636363636364,0.2693726937269373,0.06665448021248568,0.0,0.0,False
12,Find a GitHub repository,1,find,a GitHub repository,Find a GitHub repository,79,office_word_mcp_server_api_get_document_xml,0.4375,0.6446280991735537,0.2693726937269373,0.06081062251672911,0.001953125,0.23696682464454977,False
12,Find a GitHub repository,1,find,a GitHub repository,Find a GitHub repository,80,supabase_mcp_insert_table_data,0.435546875,0.6528925619834711,0.2656826568265683,0.05757601493605202,0.0,0.0,False
12,Find a GitHub repository,1,find,a GitHub repository,Find a GitHub repository,81,carrot_mcp_server_api_create_employee,0.435546875,0.6611570247933884,0.2656826568265683,0.05173215724029545,0.001953125,0.23696682464454977,False
12,Find a GitHub repository,1,find,a GitHub repository,Find a GitHub repository,82,office_word_mcp_server_api_create_word_document,0.43359375,0.6694214876033058,0.26199261992619927,0.048497549659618354,0.001953125,0.23696682464454977,False
12,Find a GitHub repository,1,find,a GitHub repository,Find a GitHub repository,83,office_word_mcp_server_api_list_files,0.431640625,0.6776859504132231,0.25830258302583026,0.04526294207894126,0.0,0.0,False
12,Find a GitHub repository,1,find,a GitHub repository,Find a GitHub repository,84,sharepoint_tools_create_txt_file_in_sharepoint,0.431640625,0.6859504132231405,0.25830258302583026,0.039419084383184685,0.00390625,0.47393364928909953,False
12,Find a GitHub repository,1,find,a GitHub repository,Find a GitHub repository,85,carrot_mcp_server_api_update_employee,0.427734375,0.6942148760330579,0.25092250922509224,0.03879372691758706,0.001953125,0.23696682464454977,False
12,Find a GitHub repository,1,find,a GitHub repository,Find a GitHub repository,86,office_word_mcp_server_api_delete_document,0.42578125,0.7024793388429752,0.24723247232472326,0.03555911933691005,0.001953125,0.23696682464454977,False
12,Find a GitHub repository,1,find,a GitHub repository,Find a GitHub repository,87,outlook_mail_management_compose_email,0.423828125,0.7107438016528925,0.24354243542435425,0.03232451175623295,0.0,0.0,False
12,Find a GitHub repository,1,find,a GitHub repository,Find a GitHub repository,88,quest_studio_file_storage_delete_file,0.423828125,0.71900826446281,0.24354243542435425,0.026480654060476304,0.0,0.0,False
12,Find a GitHub repository,1,find,a GitHub repository,Find a GitHub repository,89,office_word_mcp_server_api_convert_to_pdf,0.423828125,0.7272727272727273,0.24354243542435425,0.020636796364719732,0.001953125,0.23696682464454977,False
12,Find a GitHub repository,1,find,a GitHub repository,Find a GitHub repository,90,carrot_mcp_server_api_work_hours_summary,0.421875,0.7355371900826446,0.23985239852398524,0.017402188784042715,0.0,0.0,False
12,Find a GitHub repository,1,find,a GitHub repository,Find a GitHub repository,91,supabase_mcp_update_database_table_data,0.421875,0.743801652892562,0.23985239852398524,0.011558331088286144,0.0,0.0,False
12,Find a GitHub repository,1,find,a GitHub repository,Find a GitHub repository,92,office_word_mcp_server_api_add_picture,0.421875,0.7520661157024794,0.23985239852398524,0.005714473392529494,0.001953125,0.23696682464454977,False
12,Find a GitHub repository,1,find,a GitHub repository,Find a GitHub repository,93,project_management_tools_delete_work_item,0.419921875,0.7603305785123967,0.23616236162361623,0.002479865811852398,0.0,0.0,False
12,Find a GitHub repository,1,find,a GitHub repository,Find a GitHub repository,94,office_word_mcp_server_api_merge_doucments,0.419921875,0.768595041322314,0.23616236162361623,0.003363991883904173,0.0,0.0,False
12,Find a GitHub repository,1,find,a GitHub repository,Find a GitHub repository,95,project_management_tools_export_sprint_to_sharepoint,0.419921875,0.7768595041322314,0.23616236162361623,0.009207849579660744,0.00390625,0.47393364928909953,False
12,Find a GitHub repository,1,find,a GitHub repository,Find a GitHub repository,96,project_management_tools_update_project,0.416015625,0.7851239669421488,0.22878228782287824,0.009833207045258365,0.001953125,0.23696682464454977,False
12,Find a GitHub repository,1,find,a GitHub repository,Find a GitHub repository,97,office_word_mcp_server_api_add_heading,0.4140625,0.7933884297520661,0.22509225092250923,0.01306781462593546,0.0,0.0,False
12,Find a GitHub repository,1,find,a GitHub repository,Find a GitHub repository,98,railway_tools_volume_delete,0.4140625,0.8016528925619835,0.22509225092250923,0.01891167232169203,0.0,0.0,False
12,Find a GitHub repository,1,find,a GitHub repository,Find a GitHub repository,99,project_management_tools_create_sprint,0.4140625,0.8099173553719008,0.22509225092250923,0.024755530017448603,0.00390625,0.47393364928909953,False
12,Find a GitHub repository,1,find,a GitHub repository,Find a GitHub repository,100,outlook_mail_management_reply_to_email,0.41015625,0.8181818181818182,0.2177121771217712,0.025380887483046222,0.001953125,0.23696682464454977,False
12,Find a GitHub repository,1,find,a GitHub repository,Find a GitHub repository,101,carrot_mcp_server_api_submit_leave_application,0.408203125,0.8264462809917356,0.2140221402214022,0.02861549506372332,0.001953125,0.23696682464454977,False
12,Find a GitHub repository,1,find,a GitHub repository,Find a GitHub repository,102,project_management_tools_add_work_item_comment,0.40625,0.8347107438016529,0.21033210332103322,0.031850102644400254,0.0,0.0,False
12,Find a GitHub repository,1,find,a GitHub repository,Find a GitHub repository,103,quest_studio_file_storage_update_file,0.40625,0.8429752066115702,0.21033210332103322,0.037693960340156825,0.001953125,0.23696682464454977,False
12,Find a GitHub repository,1,find,a GitHub repository,Find a GitHub repository,104,railway_tools_service_update,0.404296875,0.8512396694214877,0.2066420664206642,0.04092856792083408,0.0078125,0.9478672985781991,False
12,Find a GitHub repository,1,find,a GitHub repository,Find a GitHub repository,105,office_word_mcp_server_api_add_page_break,0.396484375,0.859504132231405,0.1918819188191882,0.03633542515627259,0.0,0.0,False
12,Find a GitHub repository,1,find,a GitHub repository,Find a GitHub repository,106,project_management_tools_delete_sprint,0.396484375,0.8677685950413223,0.1918819188191882,0.04217928285202916,0.001953125,0.23696682464454977,False
12,Find a GitHub repository,1,find,a GitHub repository,Find a GitHub repository,107,railway_tools_volume_create,0.39453125,0.8760330578512396,0.1881918819188192,0.04541389043270626,0.001953125,0.23696682464454977,False
12,Find a GitHub repository,1,find,a GitHub repository,Find a GitHub repository,108,project_management_tools_update_user_capacity,0.392578125,0.8842975206611571,0.18450184501845018,0.048648498013383355,0.001953125,0.23696682464454977,False
12,Find a GitHub repository,1,find,a GitHub repository,Find a GitHub repository,109,carrot_mcp_server_api_create_leave_application,0.390625,0.8925619834710744,0.18081180811808117,0.05188310559406045,0.001953125,0.23696682464454977,False
12,Find a GitHub repository,1,find,a GitHub repository,Find a GitHub repository,110,office_word_mcp_server_api_add_table,0.388671875,0.9008264462809917,0.17712177121771217,0.05511771317473739,0.00390625,0.47393364928909953,False
12,Find a GitHub repository,1,find,a GitHub repository,Find a GitHub repository,111,project_management_tools_assign_work_item,0.384765625,0.9090909090909091,0.16974169741697417,0.055743070640335006,0.01171875,1.4218009478672986,False
12,Find a GitHub repository,1,find,a GitHub repository,Find a GitHub repository,112,railway_tools_volume_update,0.373046875,0.9173553719008265,0.14760147601476015,0.04593142764561457,0.0,0.0,False
12,Find a GitHub repository,1,find,a GitHub repository,Find a GitHub repository,113,outlook_mail_management_send_email,0.373046875,0.9256198347107438,0.14760147601476015,0.051775285341371144,0.0,0.0,False
12,Find a GitHub repository,1,find,a GitHub repository,Find a GitHub repository,114,office_word_mcp_server_api_delete_paragraph,0.373046875,0.9338842975206612,0.14760147601476015,0.05761914303712771,0.0078125,0.9478672985781991,False
12,Find a GitHub repository,1,find,a GitHub repository,Find a GitHub repository,115,outlook_mail_management_get_email_messages,0.365234375,0.9421487603305785,0.13284132841328414,0.05302600027256622,0.0,0.0,False
12,Find a GitHub repository,1,find,a GitHub repository,Find a GitHub repository,116,office_word_mcp_server_api_add_paragraph,0.365234375,0.9504132231404959,0.13284132841328414,0.058869857968322954,0.0,0.0,False
12,Find a GitHub repository,1,find,a GitHub repository,Find a GitHub repository,117,carrot_mcp_server_api_update_leave_application,0.365234375,0.9586776859504132,0.13284132841328414,0.06471371566407952,0.00390625,0.47393364928909953,False
12,Find a GitHub repository,1,find,a GitHub repository,Find a GitHub repository,118,project_management_tools_update_task_status,0.361328125,0.9669421487603306,0.12546125461254612,0.06533907312967699,0.009765625,1.1848341232227488,False
12,Find a GitHub repository,1,find,a GitHub repository,Find a GitHub repository,119,carrot_mcp_server_api_list_leave_application,0.3515625,0.9752066115702479,0.1070110701107011,0.05813668025003602,0.00390625,0.47393364928909953,False
12,Find a GitHub repository,1,find,a GitHub repository,Find a GitHub repository,120,outlook_mail_management_forward_email,0.34765625,0.9834710743801653,0.0996309963099631,0.05876203771563364,0.0,0.0,False
12,Find a GitHub repository,1,find,a GitHub repository,Find a GitHub repository,121,project_management_tools_update_work_item,0.34765625,0.9917355371900827,0.0996309963099631,0.06460589541139021,0.052734375,6.398104265402843,False
12,Find a GitHub repository,1,find,a GitHub repository,Find a GitHub repository,122,outlook_mail_management_delete_email_message,0.294921875,1.0,0.0,0.0,,,False
13,Get a file from SharePoint,1,get,a file,Get a file from SharePoint,1,sharepoint_tools_get_sharepoint_documents,0.75390625,0.0,1.0,0.0,0.03515625,4.66321243523316,False
13,Get a file from SharePoint,1,get,a file,Get a file from SharePoint,2,sharepoint_tools_create_txt_file_in_sharepoint,0.71875,0.008264462809917356,0.9224137931034483,0.049017875327337625,0.01171875,1.5544041450777202,False
13,Get a file from SharePoint,1,get,a file,Get a file from SharePoint,3,quest_studio_file_storage_get_file_content,0.70703125,0.01652892561983471,0.896551724137931,0.061461261972612445,0.03125,4.145077720207254,False
13,Get a file from SharePoint,1,get,a file,Get a file from SharePoint,4,quest_studio_file_storage_get_file,0.67578125,0.024793388429752067,0.8275862068965517,0.10438338918627288,0.015625,2.072538860103627,False
13,Get a file from SharePoint,1,get,a file,Get a file from SharePoint,5,office_word_mcp_server_api_copy_document,0.66015625,0.03305785123966942,0.7931034482758621,0.12292252394522482,0.0078125,1.0362694300518136,False
13,Get a file from SharePoint,1,get,a file,Get a file from SharePoint,6,office_word_mcp_server_api_get_document_info,0.65234375,0.04132231404958678,0.7758620689655172,0.12927016247682255,0.0078125,1.0362694300518136,False
13,Get a file from SharePoint,1,get,a file,Get a file from SharePoint,7,sharepoint_tools_get_sharepoint_sites,0.64453125,0.049586776859504134,0.7586206896551724,0.1356178010084202,0.0,0.0,False
13,Get a file from SharePoint,1,get,a file,Get a file from SharePoint,8,office_word_mcp_server_api_get_document_text,0.64453125,0.05785123966942149,0.7586206896551724,0.12977394331266362,0.0078125,1.0362694300518136,False
13,Get a file from SharePoint,1,get,a file,Get a file from SharePoint,9,project_management_tools_export_sprint_to_sharepoint,0.63671875,0.06611570247933884,0.7413793103448276,0.13612158184426124,0.01171875,1.5544041450777202,False
13,Get a file from SharePoint,1,get,a file,Get a file from SharePoint,10,office_word_mcp_server_api_delete_document,0.625,0.0743801652892562,0.7155172413793104,0.14856496848953607,0.0078125,1.0362694300518136,False
13,Get a file from SharePoint,1,get,a file,Get a file from SharePoint,11,github_mcp_server_get_file_contents,0.6171875,0.08264462809917356,0.6982758620689655,0.1549126070211338,0.0,0.0,False
13,Get a file from SharePoint,1,get,a file,Get a file from SharePoint,12,office_word_mcp_server_api_get_document_xml,0.6171875,0.09090909090909091,0.6982758620689655,0.14906874932537714,0.01171875,1.5544041450777202,False
13,Get a file from SharePoint,1,get,a file,Get a file from SharePoint,13,office_word_mcp_server_api_list_files,0.60546875,0.09917355371900827,0.6724137931034483,0.16151213597065198,0.00390625,0.5181347150259068,False
13,Get a file from SharePoint,1,get,a file,Get a file from SharePoint,14,office_word_mcp_server_api_create_word_document,0.6015625,0.10743801652892562,0.6637931034482759,0.1617640263885725,0.0,0.0,False
13,Get a file from SharePoint,1,get,a file,Get a file from SharePoint,15,office_word_mcp_server_api_convert_to_pdf,0.6015625,0.11570247933884298,0.6637931034482759,0.15592016869281594,0.00390625,0.5181347150259068,False
13,Get a file from SharePoint,1,get,a file,Get a file from SharePoint,16,office_word_mcp_server_api_merge_doucments,0.59765625,0.12396694214876033,0.6551724137931034,0.15617205911073648,0.00390625,0.5181347150259068,False
13,Get a file from SharePoint,1,get,a file,Get a file from SharePoint,17,quest_studio_file_storage_get_files,0.59375,0.1322314049586777,0.646551724137931,0.156423949528657,0.0,0.0,False
13,Get a file from SharePoint,1,get,a file,Get a file from SharePoint,18,quest_studio_file_storage_query_files,0.59375,0.14049586776859505,0.646551724137931,0.15058009183290044,0.00390625,0.5181347150259068,False
13,Get a file from SharePoint,1,get,a file,Get a file from SharePoint,19,quest_studio_file_storage_delete_file,0.58984375,0.1487603305785124,0.6379310344827587,0.15083198225082098,0.00390625,0.5181347150259068,False
13,Get a file from SharePoint,1,get,a file,Get a file from SharePoint,20,quest_studio_file_storage_update_file,0.5859375,0.15702479338842976,0.6293103448275862,0.15108387266874151,0.01171875,1.5544041450777202,False
13,Get a file from SharePoint,1,get,a file,Get a file from SharePoint,21,office_word_mcp_server_api_get_document_outline,0.57421875,0.1652892561983471,0.603448275862069,0.16352725931401632,0.00390625,0.5181347150259068,False
13,Get a file from SharePoint,1,get,a file,Get a file from SharePoint,22,office_word_mcp_server_api_find_text_in_document,0.5703125,0.17355371900826447,0.5948275862068966,0.16377914973193686,0.0078125,1.0362694300518136,False
13,Get a file from SharePoint,1,get,a file,Get a file from SharePoint,23,office_word_mcp_server_api_add_picture,0.5625,0.18181818181818182,0.5775862068965517,0.17012678826353458,0.01171875,1.5544041450777202,False
13,Get a file from SharePoint,1,get,a file,Get a file from SharePoint,24,office_word_mcp_server_api_get_paragraph_text_from_document,0.55078125,0.19008264462809918,0.5517241379310345,0.18257017490880934,0.015625,2.072538860103627,False
13,Get a file from SharePoint,1,get,a file,Get a file from SharePoint,25,github_mcp_server_delete_file,0.53515625,0.19834710743801653,0.5172413793103449,0.20110930966776128,0.0078125,1.0362694300518136,False
13,Get a file from SharePoint,1,get,a file,Get a file from SharePoint,26,github_mcp_server_create_or_update_file,0.52734375,0.2066115702479339,0.5,0.20745694819935898,0.0078125,1.0362694300518136,False
13,Get a file from SharePoint,1,get,a file,Get a file from SharePoint,27,office_word_mcp_server_api_search_replace,0.51953125,0.21487603305785125,0.4827586206896552,0.21380458673095662,0.01171875,1.5544041450777202,False
13,Get a file from SharePoint,1,get,a file,Get a file from SharePoint,28,office_word_mcp_server_api_add_table,0.5078125,0.2231404958677686,0.45689655172413796,0.22624797337623145,0.0078125,1.0362694300518136,False
13,Get a file from SharePoint,1,get,a file,Get a file from SharePoint,29,outlook_mail_management_search_outlook_mail,0.5,0.23140495867768596,0.4396551724137931,0.23259561190782918,0.00390625,0.5181347150259068,False
13,Get a file from SharePoint,1,get,a file,Get a file from SharePoint,30,quest_studio_file_storage_get_storage_usage,0.49609375,0.2396694214876033,0.43103448275862066,0.23284750232574972,0.01171875,1.5544041450777202,False
13,Get a file from SharePoint,1,get,a file,Get a file from SharePoint,31,office_word_mcp_server_api_delete_paragraph,0.484375,0.24793388429752067,0.4051724137931034,0.24529088897102447,0.005859375,0.7772020725388601,False
13,Get a file from SharePoint,1,get,a file,Get a file from SharePoint,32,project_management_tools_get_work_item,0.478515625,0.256198347107438,0.3922413793103448,0.24859065344578363,0.0,0.0,False
13,Get a file from SharePoint,1,get,a file,Get a file from SharePoint,33,office_word_mcp_server_api_add_heading,0.478515625,0.2644628099173554,0.3922413793103448,0.24274679575002706,0.001953125,0.2590673575129534,False
13,Get a file from SharePoint,1,get,a file,Get a file from SharePoint,34,office_word_mcp_server_api_add_paragraph,0.4765625,0.2727272727272727,0.3879310344827586,0.23995081211110897,0.0,0.0,False
13,Get a file from SharePoint,1,get,a file,Get a file from SharePoint,35,office_word_mcp_server_api_add_page_break,0.4765625,0.2809917355371901,0.3879310344827586,0.2341069544153524,0.01953125,2.5906735751295336,False
13,Get a file from SharePoint,1,get,a file,Get a file from SharePoint,36,supabase_mcp_select_database_table_data,0.45703125,0.2892561983471074,0.3448275862068966,0.2587418372879815,0.001953125,0.2590673575129534,False
13,Get a file from SharePoint,1,get,a file,Get a file from SharePoint,37,gmail_tools_forward_google_email,0.455078125,0.2975206611570248,0.34051724137931033,0.2559458536490634,0.00390625,0.5181347150259068,False
13,Get a file from SharePoint,1,get,a file,Get a file from SharePoint,38,gmail_tools_get_google_emails,0.451171875,0.30578512396694213,0.33189655172413796,0.2561977440669839,0.0078125,1.0362694300518136,False
13,Get a file from SharePoint,1,get,a file,Get a file from SharePoint,39,project_management_tools_list_work_items,0.443359375,0.3140495867768595,0.3146551724137931,0.2625453825985817,0.0,0.0,True
13,Get a file from SharePoint,1,get,a file,Get a file from SharePoint,40,project_management_tools_get_work_item_comments,0.443359375,0.32231404958677684,0.3146551724137931,0.2567015249028251,0.001953125,0.2590673575129534,False
13,Get a file from SharePoint,1,get,a file,Get a file from SharePoint,41,project_management_tools_list_team_members,0.44140625,0.3305785123966942,0.3103448275862069,0.2539055412639071,0.001953125,0.2590673575129534,False
13,Get a file from SharePoint,1,get,a file,Get a file from SharePoint,42,project_management_tools_get_project,0.439453125,0.33884297520661155,0.30603448275862066,0.25110955762498904,0.0,0.0,False
13,Get a file from SharePoint,1,get,a file,Get a file from SharePoint,43,project_management_tools_get_team,0.439453125,0.34710743801652894,0.30603448275862066,0.2452656999292324,0.0,0.0,False
13,Get a file from SharePoint,1,get,a file,Get a file from SharePoint,44,project_management_tools_view_board,0.439453125,0.35537190082644626,0.30603448275862066,0.23942184223347582,0.001953125,0.2590673575129534,False
13,Get a file from SharePoint,1,get,a file,Get a file from SharePoint,45,carrot_mcp_server_api_get_employee,0.4375,0.36363636363636365,0.3017241379310345,0.23662585859455781,0.0,0.0,False
13,Get a file from SharePoint,1,get,a file,Get a file from SharePoint,46,outlook_mail_management_find_email_address,0.4375,0.371900826446281,0.3017241379310345,0.23078200089880124,0.0,0.0,False
13,Get a file from SharePoint,1,get,a file,Get a file from SharePoint,47,github_mcp_server_push_files,0.4375,0.38016528925619836,0.3017241379310345,0.2249381432030446,0.00390625,0.5181347150259068,False
13,Get a file from SharePoint,1,get,a file,Get a file from SharePoint,48,project_management_tools_list_users,0.43359375,0.3884297520661157,0.29310344827586204,0.2251900336209652,0.001953125,0.2590673575129534,False
13,Get a file from SharePoint,1,get,a file,Get a file from SharePoint,49,github_mcp_server_pull_request_read,0.431640625,0.39669421487603307,0.28879310344827586,0.22239404998204718,0.001953125,0.2590673575129534,False
13,Get a file from SharePoint,1,get,a file,Get a file from SharePoint,50,railway_tools_service_create_from_repo,0.4296875,0.4049586776859504,0.28448275862068967,0.2195980663431291,0.001953125,0.2590673575129534,False
13,Get a file from SharePoint,1,get,a file,Get a file from SharePoint,51,project_management_tools_get_user_capacity,0.427734375,0.4132231404958678,0.2801724137931034,0.21680208270421114,0.00390625,0.5181347150259068,False
13,Get a file from SharePoint,1,get,a file,Get a file from SharePoint,52,carrot_mcp_server_api_list_employees,0.423828125,0.4214876033057851,0.27155172413793105,0.21705397312213168,0.001953125,0.2590673575129534,False
13,Get a file from SharePoint,1,get,a file,Get a file from SharePoint,53,project_management_tools_list_teams,0.421875,0.4297520661157025,0.2672413793103448,0.2142579894832136,0.0,0.0,False
13,Get a file from SharePoint,1,get,a file,Get a file from SharePoint,54,project_management_tools_get_sprint,0.421875,0.4380165289256198,0.2672413793103448,0.20841413178745702,0.001953125,0.2590673575129534,False
13,Get a file from SharePoint,1,get,a file,Get a file from SharePoint,55,project_management_tools_list_projects,0.419921875,0.4462809917355372,0.2629310344827586,0.205618148148539,0.0,0.0,False
13,Get a file from SharePoint,1,get,a file,Get a file from SharePoint,56,supabase_mcp_get_table_schema,0.419921875,0.45454545454545453,0.2629310344827586,0.19977429045278244,0.0,0.0,False
13,Get a file from SharePoint,1,get,a file,Get a file from SharePoint,57,project_management_tools_delete_work_item,0.419921875,0.4628099173553719,0.2629310344827586,0.1939304327570258,0.0,0.0,False
13,Get a file from SharePoint,1,get,a file,Get a file from SharePoint,58,outlook_mail_management_get_email_messages,0.419921875,0.47107438016528924,0.2629310344827586,0.18808657506126922,0.0,0.0,False
13,Get a file from SharePoint,1,get,a file,Get a file from SharePoint,59,github_mcp_server_merge_pull_request,0.419921875,0.4793388429752066,0.2629310344827586,0.18224271736551265,0.00390625,0.5181347150259068,False
13,Get a file from SharePoint,1,get,a file,Get a file from SharePoint,60,project_management_tools_create_work_item,0.416015625,0.48760330578512395,0.2543103448275862,0.18249460778343318,0.001953125,0.2590673575129534,False
13,Get a file from SharePoint,1,get,a file,Get a file from SharePoint,61,gmail_tools_reply_google_email,0.4140625,0.49586776859504134,0.25,0.17969862414451515,0.0,0.0,False
13,Get a file from SharePoint,1,get,a file,Get a file from SharePoint,62,github_mcp_server_get_commit,0.4140625,0.5041322314049587,0.25,0.17385476644875858,0.001953125,0.2590673575129534,False
13,Get a file from SharePoint,1,get,a file,Get a file from SharePoint,63,gmail_tools_delete_google_email,0.412109375,0.512396694214876,0.24568965517241378,0.17105878280984058,0.005859375,0.7772020725388601,False
13,Get a file from SharePoint,1,get,a file,Get a file from SharePoint,64,gmail_tools_send_google_email,0.40625,0.5206611570247934,0.23275862068965517,0.17435854728459965,0.0,0.0,False
13,Get a file from SharePoint,1,get,a file,Get a file from SharePoint,65,railway_tools_project_environments,0.40625,0.5289256198347108,0.23275862068965517,0.16851468958884308,0.00390625,0.5181347150259068,False
13,Get a file from SharePoint,1,get,a file,Get a file from SharePoint,66,project_management_tools_assign_work_item,0.40234375,0.5371900826446281,0.22413793103448276,0.16876658000676362,0.0,0.0,False
13,Get a file from SharePoint,1,get,a file,Get a file from SharePoint,67,github_mcp_server_list_branches,0.40234375,0.5454545454545454,0.22413793103448276,0.16292272231100705,0.001953125,0.2590673575129534,False
13,Get a file from SharePoint,1,get,a file,Get a file from SharePoint,68,project_management_tools_list_sprints,0.400390625,0.5537190082644629,0.21982758620689655,0.16012673867208896,0.001953125,0.2590673575129534,False
13,Get a file from SharePoint,1,get,a file,Get a file from SharePoint,69,railway_tools_project_info,0.3984375,0.5619834710743802,0.21551724137931033,0.15733075503317093,0.001953125,0.2590673575129534,False
13,Get a file from SharePoint,1,get,a file,Get a file from SharePoint,70,github_mcp_server_list_pull_requests,0.396484375,0.5702479338842975,0.21120689655172414,0.15453477139425298,0.001953125,0.2590673575129534,False
13,Get a file from SharePoint,1,get,a file,Get a file from SharePoint,71,carrot_mcp_server_api_update_employee,0.39453125,0.5785123966942148,0.20689655172413793,0.15173878775533498,0.0,0.0,False
13,Get a file from SharePoint,1,get,a file,Get a file from SharePoint,72,railway_tools_service_list,0.39453125,0.5867768595041323,0.20689655172413793,0.14589493005957832,0.001953125,0.2590673575129534,False
13,Get a file from SharePoint,1,get,a file,Get a file from SharePoint,73,supabase_mcp_get_database_tables,0.392578125,0.5950413223140496,0.2025862068965517,0.14309894642066032,0.001953125,0.2590673575129534,False
13,Get a file from SharePoint,1,get,a file,Get a file from SharePoint,74,github_mcp_server_search_repositories,0.390625,0.6033057851239669,0.19827586206896552,0.14030296278174229,0.001953125,0.2590673575129534,False
13,Get a file from SharePoint,1,get,a file,Get a file from SharePoint,75,project_management_tools_delete_team,0.388671875,0.6115702479338843,0.1939655172413793,0.13750697914282428,0.001953125,0.2590673575129534,False
13,Get a file from SharePoint,1,get,a file,Get a file from SharePoint,76,github_mcp_server_list_commits,0.38671875,0.6198347107438017,0.1896551724137931,0.13471099550390625,0.0,0.0,False
13,Get a file from SharePoint,1,get,a file,Get a file from SharePoint,77,project_management_tools_update_task_status,0.38671875,0.628099173553719,0.1896551724137931,0.12886713780814968,0.0,0.0,False
13,Get a file from SharePoint,1,get,a file,Get a file from SharePoint,78,supabase_mcp_get_all_supabase_projects,0.38671875,0.6363636363636364,0.1896551724137931,0.12302328011239311,0.0,0.0,False
13,Get a file from SharePoint,1,get,a file,Get a file from SharePoint,79,railway_tools_service_info,0.38671875,0.6446280991735537,0.1896551724137931,0.11717942241663654,0.0,0.0,False
13,Get a file from SharePoint,1,get,a file,Get a file from SharePoint,80,railway_tools_volume_list,0.38671875,0.6528925619834711,0.1896551724137931,0.11133556472087981,0.0,0.0,False
13,Get a file from SharePoint,1,get,a file,Get a file from SharePoint,81,railway_tools_volume_delete,0.38671875,0.6611570247933884,0.1896551724137931,0.10549170702512324,0.00390625,0.5181347150259068,False
13,Get a file from SharePoint,1,get,a file,Get a file from SharePoint,82,github_mcp_server_update_pull_request,0.3828125,0.6694214876033058,0.1810344827586207,0.10574359744304385,0.0,0.0,False
13,Get a file from SharePoint,1,get,a file,Get a file from SharePoint,83,railway_tools_service_delete,0.3828125,0.6776859504132231,0.1810344827586207,0.09989973974728728,0.0,0.0,False
13,Get a file from SharePoint,1,get,a file,Get a file from SharePoint,84,github_mcp_server_create_pull_request,0.3828125,0.6859504132231405,0.1810344827586207,0.09405588205153063,0.00390625,0.5181347150259068,False
13,Get a file from SharePoint,1,get,a file,Get a file from SharePoint,85,outlook_mail_management_forward_email,0.37890625,0.6942148760330579,0.1724137931034483,0.09430777246945117,0.001953125,0.2590673575129534,False
13,Get a file from SharePoint,1,get,a file,Get a file from SharePoint,86,carrot_mcp_server_api_create_employee,0.376953125,0.7024793388429752,0.16810344827586207,0.09151178883053315,0.0,0.0,False
13,Get a file from SharePoint,1,get,a file,Get a file from SharePoint,87,web_search_tools_web_search,0.376953125,0.7107438016528925,0.16810344827586207,0.08566793113477658,0.0,0.0,False
13,Get a file from SharePoint,1,get,a file,Get a file from SharePoint,88,github_mcp_server_create_branch,0.376953125,0.71900826446281,0.16810344827586207,0.07982407343901993,0.001953125,0.2590673575129534,False
13,Get a file from SharePoint,1,get,a file,Get a file from SharePoint,89,project_management_tools_delete_sprint,0.375,0.7272727272727273,0.16379310344827586,0.07702808980010199,0.0,0.0,False
13,Get a file from SharePoint,1,get,a file,Get a file from SharePoint,90,supabase_mcp_check_database_health,0.375,0.7355371900826446,0.16379310344827586,0.07118423210434542,0.001953125,0.2590673575129534,False
13,Get a file from SharePoint,1,get,a file,Get a file from SharePoint,91,railway_tools_service_create_from_image,0.373046875,0.743801652892562,0.15948275862068967,0.06838824846542732,0.001953125,0.2590673575129534,False
13,Get a file from SharePoint,1,get,a file,Get a file from SharePoint,92,github_mcp_server_get_me,0.37109375,0.7520661157024794,0.15517241379310345,0.0655922648265093,0.001953125,0.2590673575129534,False
13,Get a file from SharePoint,1,get,a file,Get a file from SharePoint,93,carrot_mcp_server_api_work_hours_summary,0.369140625,0.7603305785123967,0.15086206896551724,0.06279628118759129,0.0,0.0,False
13,Get a file from SharePoint,1,get,a file,Get a file from SharePoint,94,railway_tools_project_create,0.369140625,0.768595041322314,0.15086206896551724,0.056952423491834714,0.0,0.0,False
13,Get a file from SharePoint,1,get,a file,Get a file from SharePoint,95,railway_tools_project_list,0.369140625,0.7768595041322314,0.15086206896551724,0.05110856579607814,0.0,0.0,False
13,Get a file from SharePoint,1,get,a file,Get a file from SharePoint,96,project_management_tools_create_sprint,0.369140625,0.7851239669421488,0.15086206896551724,0.04526470810032149,0.0,0.0,False
13,Get a file from SharePoint,1,get,a file,Get a file from SharePoint,97,project_management_tools_delete_project,0.369140625,0.7933884297520661,0.15086206896551724,0.039420850404564924,0.0,0.0,False
13,Get a file from SharePoint,1,get,a file,Get a file from SharePoint,98,project_management_tools_update_user_capacity,0.369140625,0.8016528925619835,0.15086206896551724,0.03357699270880835,0.0,0.0,False
13,Get a file from SharePoint,1,get,a file,Get a file from SharePoint,99,project_management_tools_add_work_item_comment,0.369140625,0.8099173553719008,0.15086206896551724,0.027733135013051777,0.0,0.0,False
13,Get a file from SharePoint,1,get,a file,Get a file from SharePoint,100,supabase_mcp_insert_table_data,0.369140625,0.8181818181818182,0.15086206896551724,0.021889277317295126,0.00390625,0.5181347150259068,False
13,Get a file from SharePoint,1,get,a file,Get a file from SharePoint,101,carrot_mcp_server_api_log_hours_entry,0.365234375,0.8264462809917356,0.14224137931034483,0.022141167735215662,0.0,0.0,False
13,Get a file from SharePoint,1,get,a file,Get a file from SharePoint,102,github_mcp_server_create_repository,0.365234375,0.8347107438016529,0.14224137931034483,0.01629731003945909,0.001953125,0.2590673575129534,False
13,Get a file from SharePoint,1,get,a file,Get a file from SharePoint,103,supabase_mcp_update_database_table_data,0.36328125,0.8429752066115702,0.13793103448275862,0.013501326400541152,0.001953125,0.2590673575129534,False
13,Get a file from SharePoint,1,get,a file,Get a file from SharePoint,104,railway_tools_service_restart,0.361328125,0.8512396694214877,0.1336206896551724,0.010705342761623056,0.001953125,0.2590673575129534,False
13,Get a file from SharePoint,1,get,a file,Get a file from SharePoint,105,carrot_mcp_server_api_hr_dashboard_summary,0.359375,0.859504132231405,0.12931034482758622,0.007909359122705038,0.001953125,0.2590673575129534,False
13,Get a file from SharePoint,1,get,a file,Get a file from SharePoint,106,project_management_tools_create_team,0.357421875,0.8677685950413223,0.125,0.00511337548378702,0.0,0.0,False
13,Get a file from SharePoint,1,get,a file,Get a file from SharePoint,107,railway_tools_project_delete,0.357421875,0.8760330578512396,0.125,0.0007304822119695518,0.001953125,0.2590673575129534,False
13,Get a file from SharePoint,1,get,a file,Get a file from SharePoint,108,railway_tools_database_list_types,0.35546875,0.8842975206611571,0.1206896551724138,0.0035264658508876484,0.0,0.0,False
13,Get a file from SharePoint,1,get,a file,Get a file from SharePoint,109,outlook_mail_management_reply_to_email,0.35546875,0.8925619834710744,0.1206896551724138,0.00937032354664422,0.00390625,0.5181347150259068,False
13,Get a file from SharePoint,1,get,a file,Get a file from SharePoint,110,project_management_tools_create_project,0.3515625,0.9008264462809917,0.11206896551724138,0.009118433128723685,0.005859375,0.7772020725388601,False
13,Get a file from SharePoint,1,get,a file,Get a file from SharePoint,111,outlook_mail_management_compose_email,0.345703125,0.9090909090909091,0.09913793103448276,0.005818668653964518,0.00390625,0.5181347150259068,False
13,Get a file from SharePoint,1,get,a file,Get a file from SharePoint,112,project_management_tools_update_work_item,0.341796875,0.9173553719008265,0.09051724137931035,0.005566778236043983,0.005859375,0.7772020725388601,False
13,Get a file from SharePoint,1,get,a file,Get a file from SharePoint,113,railway_tools_volume_create,0.3359375,0.9256198347107438,0.07758620689655173,0.002267013761284973,0.00390625,0.5181347150259068,False
13,Get a file from SharePoint,1,get,a file,Get a file from SharePoint,114,project_management_tools_update_project,0.33203125,0.9338842975206612,0.06896551724137931,0.0020151233433642808,0.001953125,0.2590673575129534,False
13,Get a file from SharePoint,1,get,a file,Get a file from SharePoint,115,railway_tools_service_update,0.330078125,0.9421487603305785,0.06465517241379311,0.004811106982282378,0.001953125,0.2590673575129534,False
13,Get a file from SharePoint,1,get,a file,Get a file from SharePoint,116,outlook_mail_management_delete_email_message,0.328125,0.9504132231404959,0.0603448275862069,0.007607090621200474,0.017578125,2.33160621761658,False
13,Get a file from SharePoint,1,get,a file,Get a file from SharePoint,117,carrot_mcp_server_api_create_leave_application,0.310546875,0.9586776859504132,0.021551724137931036,0.01397991819459009,0.0,0.0,False
13,Get a file from SharePoint,1,get,a file,Get a file from SharePoint,118,carrot_mcp_server_api_update_leave_application,0.310546875,0.9669421487603306,0.021551724137931036,0.008136060498833518,0.001953125,0.2590673575129534,False
13,Get a file from SharePoint,1,get,a file,Get a file from SharePoint,119,carrot_mcp_server_api_list_leave_application,0.30859375,0.9752066115702479,0.017241379310344827,0.005340076859915501,0.0,0.0,False
13,Get a file from SharePoint,1,get,a file,Get a file from SharePoint,120,railway_tools_volume_update,0.30859375,0.9834710743801653,0.017241379310344827,0.0005037808358410702,0.0,0.0,False
13,Get a file from SharePoint,1,get,a file,Get a file from SharePoint,121,outlook_mail_management_send_email,0.30859375,0.9917355371900827,0.017241379310344827,0.006347638531597642,0.0078125,1.0362694300518136,False
13,Get a file from SharePoint,1,get,a file,Get a file from SharePoint,122,carrot_mcp_server_api_submit_leave_application,0.30078125,1.0,0.0,0.0,,,False
14,Run a query against the database,1,run,a query,Run a query against the database,1,supabase_mcp_select_database_table_data,0.5625,0.0,1.0,0.0,0.0,0.0,False
14,Run a query against the database,1,run,a query,Run a query against the database,2,supabase_mcp_check_database_health,0.5625,0.008264462809917356,1.0,0.005843857695756571,0.0390625,6.944444444444445,False
14,Run a query against the database,1,run,a query,Run a query against the database,3,supabase_mcp_update_database_table_data,0.5234375,0.01652892561983471,0.8840579710144928,0.07029567952866617,0.029296875,5.208333333333334,False
14,Run a query against the database,1,run,a query,Run a query against the database,4,supabase_mcp_insert_table_data,0.494140625,0.024793388429752067,0.7971014492753623,0.1259393680230442,0.009765625,1.7361111111111112,False
14,Run a query against the database,1,run,a query,Run a query against the database,5,supabase_mcp_get_database_tables,0.484375,0.03305785123966942,0.7681159420289855,0.1405913590573325,0.01171875,2.083333333333333,False
14,Run a query against the database,1,run,a query,Run a query against the database,6,railway_tools_database_list_types,0.47265625,0.04132231404958678,0.7333333333333333,0.15934251983762976,0.0078125,1.3888888888888888,False
14,Run a query against the database,1,run,a query,Run a query against the database,7,supabase_mcp_get_table_schema,0.46484375,0.049586776859504134,0.7101449275362319,0.16989534112590893,0.015625,2.7777777777777777,False
14,Run a query against the database,1,run,a query,Run a query against the database,8,supabase_mcp_get_all_supabase_projects,0.44921875,0.05785123966942149,0.663768115942029,0.19684484139822414,0.009765625,1.7361111111111112,False
14,Run a query against the database,1,run,a query,Run a query against the database,9,railway_tools_project_create,0.439453125,0.06611570247933884,0.6347826086956522,0.21149683243251244,0.0078125,1.3888888888888888,False
14,Run a query against the database,1,run,a query,Run a query against the database,10,railway_tools_volume_list,0.431640625,0.0743801652892562,0.6115942028985507,0.22204965372079177,0.009765625,1.7361111111111112,False
14,Run a query against the database,1,run,a query,Run a query against the database,11,railway_tools_project_environments,0.421875,0.08264462809917356,0.5826086956521739,0.23670164475508007,0.00390625,0.6944444444444444,False
14,Run a query against the database,1,run,a query,Run a query against the database,12,office_word_mcp_server_api_search_replace,0.41796875,0.09090909090909091,0.5710144927536231,0.23905612655134134,0.001953125,0.3472222222222222,False
14,Run a query against the database,1,run,a query,Run a query against the database,13,railway_tools_service_restart,0.416015625,0.09917355371900827,0.5652173913043478,0.23731143860159376,0.01171875,2.083333333333333,False
14,Run a query against the database,1,run,a query,Run a query against the database,14,railway_tools_project_info,0.404296875,0.10743801652892562,0.5304347826086957,0.25606259938189097,0.001953125,0.3472222222222222,False
14,Run a query against the database,1,run,a query,Run a query against the database,15,railway_tools_project_list,0.40234375,0.11570247933884298,0.5246376811594203,0.25431791143214333,0.001953125,0.3472222222222222,False
14,Run a query against the database,1,run,a query,Run a query against the database,16,railway_tools_project_delete,0.400390625,0.12396694214876033,0.518840579710145,0.2525732234823957,0.01171875,2.083333333333333,False
14,Run a query against the database,1,run,a query,Run a query against the database,17,railway_tools_volume_create,0.388671875,0.1322314049586777,0.48405797101449277,0.27132438426269295,0.0,0.0,False
14,Run a query against the database,1,run,a query,Run a query against the database,18,railway_tools_service_create_from_image,0.388671875,0.14049586776859505,0.48405797101449277,0.2654805265669364,0.0078125,1.3888888888888888,False
14,Run a query against the database,1,run,a query,Run a query against the database,19,office_word_mcp_server_api_add_table,0.380859375,0.1487603305785124,0.4608695652173913,0.2760333478552157,0.005859375,1.0416666666666665,False
14,Run a query against the database,1,run,a query,Run a query against the database,20,railway_tools_service_list,0.375,0.15702479338842976,0.4434782608695652,0.28248699939748595,0.001953125,0.3472222222222222,True
14,Run a query against the database,1,run,a query,Run a query against the database,21,railway_tools_service_info,0.373046875,0.1652892561983471,0.43768115942028984,0.28074231144773837,0.0,0.0,False
14,Run a query against the database,1,run,a query,Run a query against the database,22,office_word_mcp_server_api_convert_to_pdf,0.373046875,0.17355371900826447,0.43768115942028984,0.2748984537519818,0.0,0.0,False
14,Run a query against the database,1,run,a query,Run a query against the database,23,web_search_tools_web_search,0.373046875,0.18181818181818182,0.43768115942028984,0.26905459605622517,0.001953125,0.3472222222222222,False
14,Run a query against the database,1,run,a query,Run a query against the database,24,quest_studio_file_storage_query_files,0.37109375,0.19008264462809918,0.4318840579710145,0.26730990810647753,0.0,0.0,False
14,Run a query against the database,1,run,a query,Run a query against the database,25,office_word_mcp_server_api_find_text_in_document,0.37109375,0.19834710743801653,0.4318840579710145,0.26146605041072096,0.001953125,0.3472222222222222,False
14,Run a query against the database,1,run,a query,Run a query against the database,26,railway_tools_service_create_from_repo,0.369140625,0.2066115702479339,0.4260869565217391,0.2597213624609734,0.005859375,1.0416666666666665,False
14,Run a query against the database,1,run,a query,Run a query against the database,27,project_management_tools_list_work_items,0.36328125,0.21487603305785125,0.40869565217391307,0.26617501400324367,0.00390625,0.6944444444444444,False
14,Run a query against the database,1,run,a query,Run a query against the database,28,carrot_mcp_server_api_log_hours_entry,0.359375,0.2231404958677686,0.39710144927536234,0.268529495799505,0.001953125,0.3472222222222222,False
14,Run a query against the database,1,run,a query,Run a query against the database,29,office_word_mcp_server_api_delete_document,0.357421875,0.23140495867768596,0.391304347826087,0.26678480784975733,0.00390625,0.6944444444444444,False
14,Run a query against the database,1,run,a query,Run a query against the database,30,office_word_mcp_server_api_create_word_document,0.353515625,0.2396694214876033,0.37971014492753624,0.26913928964601874,0.001953125,0.3472222222222222,False
14,Run a query against the database,1,run,a query,Run a query against the database,31,railway_tools_service_delete,0.3515625,0.24793388429752067,0.3739130434782609,0.2673946016962711,0.0,0.0,False
14,Run a query against the database,1,run,a query,Run a query against the database,32,github_mcp_server_pull_request_read,0.3515625,0.256198347107438,0.3739130434782609,0.26155074400051453,0.001953125,0.3472222222222222,False
14,Run a query against the database,1,run,a query,Run a query against the database,33,office_word_mcp_server_api_copy_document,0.349609375,0.2644628099173554,0.3681159420289855,0.25980605605076695,0.001953125,0.3472222222222222,False
14,Run a query against the database,1,run,a query,Run a query against the database,34,carrot_mcp_server_api_list_employees,0.34765625,0.2727272727272727,0.36231884057971014,0.25806136810101926,0.0,0.0,False
14,Run a query against the database,1,run,a query,Run a query against the database,35,gmail_tools_reply_google_email,0.34765625,0.2809917355371901,0.36231884057971014,0.2522175104052627,0.0,0.0,False
14,Run a query against the database,1,run,a query,Run a query against the database,36,github_mcp_server_search_repositories,0.34765625,0.2892561983471074,0.36231884057971014,0.24637365270950615,0.001953125,0.3472222222222222,False
14,Run a query against the database,1,run,a query,Run a query against the database,37,railway_tools_volume_delete,0.345703125,0.2975206611570248,0.3565217391304348,0.24462896475975845,0.0,0.0,False
14,Run a query against the database,1,run,a query,Run a query against the database,38,project_management_tools_create_work_item,0.345703125,0.30578512396694213,0.3565217391304348,0.23878510706400188,0.001953125,0.3472222222222222,False
14,Run a query against the database,1,run,a query,Run a query against the database,39,office_word_mcp_server_api_get_document_outline,0.34375,0.3140495867768595,0.3507246376811594,0.2370404191142543,0.001953125,0.3472222222222222,False
14,Run a query against the database,1,run,a query,Run a query against the database,40,railway_tools_service_update,0.341796875,0.32231404958677684,0.34492753623188405,0.2352957311645067,0.0,0.0,False
14,Run a query against the database,1,run,a query,Run a query against the database,41,office_word_mcp_server_api_get_document_text,0.341796875,0.3305785123966942,0.34492753623188405,0.22945187346875012,0.0,0.0,False
14,Run a query against the database,1,run,a query,Run a query against the database,42,office_word_mcp_server_api_get_document_xml,0.341796875,0.33884297520661155,0.34492753623188405,0.22360801577299355,0.001953125,0.3472222222222222,False
14,Run a query against the database,1,run,a query,Run a query against the database,43,quest_studio_file_storage_get_storage_usage,0.33984375,0.34710743801652894,0.3391304347826087,0.2218633278232459,0.0,0.0,False
14,Run a query against the database,1,run,a query,Run a query against the database,44,outlook_mail_management_search_outlook_mail,0.33984375,0.35537190082644626,0.3391304347826087,0.21601947012748932,0.0,0.0,False
14,Run a query against the database,1,run,a query,Run a query against the database,45,office_word_mcp_server_api_get_document_info,0.33984375,0.36363636363636365,0.3391304347826087,0.21017561243173274,0.0,0.0,False
14,Run a query against the database,1,run,a query,Run a query against the database,46,gmail_tools_send_google_email,0.33984375,0.371900826446281,0.3391304347826087,0.20433175473597617,0.001953125,0.3472222222222222,False
14,Run a query against the database,1,run,a query,Run a query against the database,47,github_mcp_server_list_pull_requests,0.337890625,0.38016528925619836,0.3333333333333333,0.20258706678622848,0.0,0.0,False
14,Run a query against the database,1,run,a query,Run a query against the database,48,office_word_mcp_server_api_list_files,0.337890625,0.3884297520661157,0.3333333333333333,0.1967432090904719,0.001953125,0.3472222222222222,False
14,Run a query against the database,1,run,a query,Run a query against the database,49,github_mcp_server_create_pull_request,0.3359375,0.39669421487603307,0.32753623188405795,0.19499852114072425,0.0,0.0,False
14,Run a query against the database,1,run,a query,Run a query against the database,50,office_word_mcp_server_api_add_page_break,0.3359375,0.4049586776859504,0.32753623188405795,0.18915466344496767,0.001953125,0.3472222222222222,False
14,Run a query against the database,1,run,a query,Run a query against the database,51,office_word_mcp_server_api_merge_doucments,0.333984375,0.4132231404958678,0.3217391304347826,0.18740997549522007,0.0,0.0,False
14,Run a query against the database,1,run,a query,Run a query against the database,52,github_mcp_server_update_pull_request,0.333984375,0.4214876033057851,0.3217391304347826,0.1815661177994635,0.0,0.0,False
14,Run a query against the database,1,run,a query,Run a query against the database,53,project_management_tools_list_projects,0.333984375,0.4297520661157025,0.3217391304347826,0.17572226010370684,0.0,0.0,False
14,Run a query against the database,1,run,a query,Run a query against the database,54,project_management_tools_list_sprints,0.333984375,0.4380165289256198,0.3217391304347826,0.16987840240795027,0.001953125,0.3472222222222222,False
14,Run a query against the database,1,run,a query,Run a query against the database,55,github_mcp_server_merge_pull_request,0.33203125,0.4462809917355372,0.3159420289855073,0.1681337144582026,0.001953125,0.3472222222222222,False
14,Run a query against the database,1,run,a query,Run a query against the database,56,carrot_mcp_server_api_get_employee,0.330078125,0.45454545454545453,0.3101449275362319,0.16638902650845508,0.0,0.0,False
14,Run a query against the database,1,run,a query,Run a query against the database,57,carrot_mcp_server_api_update_employee,0.330078125,0.4628099173553719,0.3101449275362319,0.16054516881269842,0.001953125,0.3472222222222222,False
14,Run a query against the database,1,run,a query,Run a query against the database,58,project_management_tools_view_board,0.328125,0.47107438016528924,0.30434782608695654,0.15880048086295084,0.0,0.0,False
14,Run a query against the database,1,run,a query,Run a query against the database,59,gmail_tools_forward_google_email,0.328125,0.4793388429752066,0.30434782608695654,0.15295662316719427,0.001953125,0.3472222222222222,False
14,Run a query against the database,1,run,a query,Run a query against the database,60,carrot_mcp_server_api_create_employee,0.326171875,0.48760330578512395,0.2985507246376812,0.15121193521744658,0.0,0.0,False
14,Run a query against the database,1,run,a query,Run a query against the database,61,github_mcp_server_create_repository,0.326171875,0.49586776859504134,0.2985507246376812,0.14536807752169,0.0,0.0,False
14,Run a query against the database,1,run,a query,Run a query against the database,62,railway_tools_volume_update,0.326171875,0.5041322314049587,0.2985507246376812,0.13952421982593344,0.0,0.0,False
14,Run a query against the database,1,run,a query,Run a query against the database,63,project_management_tools_export_sprint_to_sharepoint,0.326171875,0.512396694214876,0.2985507246376812,0.13368036213017687,0.0,0.0,False
14,Run a query against the database,1,run,a query,Run a query against the database,64,office_word_mcp_server_api_delete_paragraph,0.326171875,0.5206611570247934,0.2985507246376812,0.1278365044344202,0.001953125,0.3472222222222222,False
14,Run a query against the database,1,run,a query,Run a query against the database,65,project_management_tools_get_sprint,0.32421875,0.5289256198347108,0.2927536231884058,0.12609181648467263,0.0,0.0,False
14,Run a query against the database,1,run,a query,Run a query against the database,66,project_management_tools_create_sprint,0.32421875,0.5371900826446281,0.2927536231884058,0.12024795878891605,0.0,0.0,False
14,Run a query against the database,1,run,a query,Run a query against the database,67,carrot_mcp_server_api_hr_dashboard_summary,0.32421875,0.5454545454545454,0.2927536231884058,0.11440410109315947,0.001953125,0.3472222222222222,False
14,Run a query against the database,1,run,a query,Run a query against the database,68,office_word_mcp_server_api_add_paragraph,0.322265625,0.5537190082644629,0.28695652173913044,0.11265941314341181,0.001953125,0.3472222222222222,False
14,Run a query against the database,1,run,a query,Run a query against the database,69,github_mcp_server_list_commits,0.3203125,0.5619834710743802,0.2811594202898551,0.1109147251936642,0.0,0.0,False
14,Run a query against the database,1,run,a query,Run a query against the database,70,office_word_mcp_server_api_get_paragraph_text_from_document,0.3203125,0.5702479338842975,0.2811594202898551,0.10507086749790763,0.001953125,0.3472222222222222,False
14,Run a query against the database,1,run,a query,Run a query against the database,71,gmail_tools_get_google_emails,0.318359375,0.5785123966942148,0.2753623188405797,0.10332617954816004,0.001953125,0.3472222222222222,False
14,Run a query against the database,1,run,a query,Run a query against the database,72,project_management_tools_get_user_capacity,0.31640625,0.5867768595041323,0.26956521739130435,0.10158149159841236,0.001953125,0.3472222222222222,False
14,Run a query against the database,1,run,a query,Run a query against the database,73,github_mcp_server_get_me,0.314453125,0.5950413223140496,0.263768115942029,0.09983680364866476,0.0,0.0,False
14,Run a query against the database,1,run,a query,Run a query against the database,74,github_mcp_server_get_commit,0.314453125,0.6033057851239669,0.263768115942029,0.09399294595290819,0.0,0.0,False
14,Run a query against the database,1,run,a query,Run a query against the database,75,carrot_mcp_server_api_work_hours_summary,0.314453125,0.6115702479338843,0.263768115942029,0.08814908825715162,0.0,0.0,False
14,Run a query against the database,1,run,a query,Run a query against the database,76,office_word_mcp_server_api_add_picture,0.314453125,0.6198347107438017,0.263768115942029,0.08230523056139497,0.005859375,1.0416666666666665,False
14,Run a query against the database,1,run,a query,Run a query against the database,77,outlook_mail_management_reply_to_email,0.30859375,0.628099173553719,0.2463768115942029,0.08875888210366532,0.001953125,0.3472222222222222,False
14,Run a query against the database,1,run,a query,Run a query against the database,78,project_management_tools_list_teams,0.306640625,0.6363636363636364,0.24057971014492754,0.08701419415391771,0.0,0.0,False
14,Run a query against the database,1,run,a query,Run a query against the database,79,gmail_tools_delete_google_email,0.306640625,0.6446280991735537,0.24057971014492754,0.08117033645816114,0.0,0.0,False
14,Run a query against the database,1,run,a query,Run a query against the database,80,github_mcp_server_list_branches,0.306640625,0.6528925619834711,0.24057971014492754,0.0753264787624045,0.0,0.0,False
14,Run a query against the database,1,run,a query,Run a query against the database,81,quest_studio_file_storage_get_files,0.306640625,0.6611570247933884,0.24057971014492754,0.06948262106664793,0.001953125,0.3472222222222222,False
14,Run a query against the database,1,run,a query,Run a query against the database,82,project_management_tools_get_project,0.3046875,0.6694214876033058,0.23478260869565218,0.06773793311690034,0.0,0.0,False
14,Run a query against the database,1,run,a query,Run a query against the database,83,sharepoint_tools_get_sharepoint_documents,0.3046875,0.6776859504132231,0.23478260869565218,0.06189407542114376,0.0,0.0,False
14,Run a query against the database,1,run,a query,Run a query against the database,84,office_word_mcp_server_api_add_heading,0.3046875,0.6859504132231405,0.23478260869565218,0.05605021772538711,0.001953125,0.3472222222222222,False
14,Run a query against the database,1,run,a query,Run a query against the database,85,github_mcp_server_create_branch,0.302734375,0.6942148760330579,0.2289855072463768,0.05430552977563951,0.0,0.0,False
14,Run a query against the database,1,run,a query,Run a query against the database,86,outlook_mail_management_find_email_address,0.302734375,0.7024793388429752,0.2289855072463768,0.04846167207988294,0.0,0.0,False
14,Run a query against the database,1,run,a query,Run a query against the database,87,project_management_tools_create_project,0.302734375,0.7107438016528925,0.2289855072463768,0.042617814384126367,0.001953125,0.3472222222222222,False
14,Run a query against the database,1,run,a query,Run a query against the database,88,project_management_tools_get_work_item,0.30078125,0.71900826446281,0.22318840579710145,0.040873126434378695,0.0,0.0,False
14,Run a query against the database,1,run,a query,Run a query against the database,89,github_mcp_server_create_or_update_file,0.30078125,0.7272727272727273,0.22318840579710145,0.035029268738622124,0.0,0.0,False
14,Run a query against the database,1,run,a query,Run a query against the database,90,github_mcp_server_get_file_contents,0.30078125,0.7355371900826446,0.22318840579710145,0.02918541104286555,0.001953125,0.3472222222222222,False
14,Run a query against the database,1,run,a query,Run a query against the database,91,quest_studio_file_storage_get_file_content,0.298828125,0.743801652892562,0.21739130434782608,0.02744072309311795,0.0,0.0,False
14,Run a query against the database,1,run,a query,Run a query against the database,92,project_management_tools_list_users,0.298828125,0.7520661157024794,0.21739130434782608,0.021596865397361303,0.001953125,0.3472222222222222,False
14,Run a query against the database,1,run,a query,Run a query against the database,93,project_management_tools_update_task_status,0.296875,0.7603305785123967,0.21159420289855072,0.019852177447613705,0.001953125,0.3472222222222222,False
14,Run a query against the database,1,run,a query,Run a query against the database,94,project_management_tools_delete_sprint,0.294921875,0.768595041322314,0.20579710144927535,0.018107489497866107,0.0,0.0,False
14,Run a query against the database,1,run,a query,Run a query against the database,95,carrot_mcp_server_api_submit_leave_application,0.294921875,0.7768595041322314,0.20579710144927535,0.012263631802109536,0.001953125,0.3472222222222222,False
14,Run a query against the database,1,run,a query,Run a query against the database,96,project_management_tools_get_team,0.29296875,0.7851239669421488,0.2,0.01051894385236186,0.0,0.0,False
14,Run a query against the database,1,run,a query,Run a query against the database,97,quest_studio_file_storage_delete_file,0.29296875,0.7933884297520661,0.2,0.004675086156605289,0.001953125,0.3472222222222222,False
14,Run a query against the database,1,run,a query,Run a query against the database,98,outlook_mail_management_get_email_messages,0.291015625,0.8016528925619835,0.19420289855072465,0.002930398206857612,0.0,0.0,False
14,Run a query against the database,1,run,a query,Run a query against the database,99,sharepoint_tools_create_txt_file_in_sharepoint,0.291015625,0.8099173553719008,0.19420289855072465,0.0029134594888989593,0.001953125,0.3472222222222222,False
14,Run a query against the database,1,run,a query,Run a query against the database,100,project_management_tools_update_user_capacity,0.2890625,0.8181818181818182,0.18840579710144928,0.004658147438646636,0.001953125,0.3472222222222222,False
14,Run a query against the database,1,run,a query,Run a query against the database,101,project_management_tools_delete_work_item,0.287109375,0.8264462809917356,0.1826086956521739,0.006402835388394155,0.0,0.0,False
14,Run a query against the database,1,run,a query,Run a query against the database,102,carrot_mcp_server_api_list_leave_application,0.287109375,0.8347107438016529,0.1826086956521739,0.012246693084150726,0.001953125,0.3472222222222222,False
14,Run a query against the database,1,run,a query,Run a query against the database,103,project_management_tools_list_team_members,0.28515625,0.8429752066115702,0.17681159420289855,0.013991381033898402,0.0,0.0,False
14,Run a query against the database,1,run,a query,Run a query against the database,104,project_management_tools_get_work_item_comments,0.28515625,0.8512396694214877,0.17681159420289855,0.019835238729654973,0.0,0.0,False
14,Run a query against the database,1,run,a query,Run a query against the database,105,quest_studio_file_storage_get_file,0.28515625,0.859504132231405,0.17681159420289855,0.025679096425411545,0.0,0.0,False
14,Run a query against the database,1,run,a query,Run a query against the database,106,carrot_mcp_server_api_create_leave_application,0.28515625,0.8677685950413223,0.17681159420289855,0.031522954121168116,0.001953125,0.3472222222222222,False
14,Run a query against the database,1,run,a query,Run a query against the database,107,project_management_tools_assign_work_item,0.283203125,0.8760330578512396,0.17101449275362318,0.033267642070915794,0.00390625,0.6944444444444444,False
14,Run a query against the database,1,run,a query,Run a query against the database,108,sharepoint_tools_get_sharepoint_sites,0.279296875,0.8842975206611571,0.15942028985507245,0.030913160274654416,0.005859375,1.0416666666666665,False
14,Run a query against the database,1,run,a query,Run a query against the database,109,project_management_tools_delete_project,0.2734375,0.8925619834710744,0.14202898550724638,0.024459508732384148,0.001953125,0.3472222222222222,False
14,Run a query against the database,1,run,a query,Run a query against the database,110,outlook_mail_management_forward_email,0.271484375,0.9008264462809917,0.13623188405797101,0.026204196682131666,0.0,0.0,False
14,Run a query against the database,1,run,a query,Run a query against the database,111,project_management_tools_delete_team,0.271484375,0.9090909090909091,0.13623188405797101,0.032048054377888234,0.0,0.0,False
14,Run a query against the database,1,run,a query,Run a query against the database,112,carrot_mcp_server_api_update_leave_application,0.271484375,0.9173553719008265,0.13623188405797101,0.037891912073644965,0.0,0.0,False
14,Run a query against the database,1,run,a query,Run a query against the database,113,github_mcp_server_push_files,0.271484375,0.9256198347107438,0.13623188405797101,0.043735769769401536,0.0,0.0,False
14,Run a query against the database,1,run,a query,Run a query against the database,114,project_management_tools_create_team,0.271484375,0.9338842975206612,0.13623188405797101,0.04957962746515811,0.005859375,1.0416666666666665,False
14,Run a query against the database,1,run,a query,Run a query against the database,115,outlook_mail_management_compose_email,0.265625,0.9421487603305785,0.11884057971014493,0.04312597592288768,0.001953125,0.3472222222222222,False
14,Run a query against the database,1,run,a query,Run a query against the database,116,github_mcp_server_delete_file,0.263671875,0.9504132231404959,0.11304347826086956,0.04487066387263536,0.0078125,1.3888888888888888,False
14,Run a query against the database,1,run,a query,Run a query against the database,117,project_management_tools_update_project,0.255859375,0.9586776859504132,0.08985507246376812,0.03431784258435619,0.001953125,0.3472222222222222,False
14,Run a query against the database,1,run,a query,Run a query against the database,118,project_management_tools_update_work_item,0.25390625,0.9669421487603306,0.08405797101449275,0.03606253053410371,0.0087890625,1.5625,False
14,Run a query against the database,1,run,a query,Run a query against the database,119,quest_studio_file_storage_update_file,0.2451171875,0.9752066115702479,0.057971014492753624,0.023460124372819864,0.001953125,0.3472222222222222,False
14,Run a query against the database,1,run,a query,Run a query against the database,120,outlook_mail_management_send_email,0.2431640625,0.9834710743801653,0.05217391304347826,0.02520481232256754,0.0068359375,1.215277777777778,False
14,Run a query against the database,1,run,a query,Run a query against the database,121,project_management_tools_add_work_item_comment,0.236328125,0.9917355371900827,0.03188405797101449,0.016701575907292744,0.0107421875,1.9097222222222223,False
14,Run a query against the database,1,run,a query,Run a query against the database,122,outlook_mail_management_delete_email_message,0.2255859375,1.0,0.0,0.0,,,False
15,Check the deployment status on Railway,1,check,the deployment status on Railway,Check the deployment status on Railway,1,railway_tools_service_info,0.80078125,0.0,1.0,0.0,0.015625,1.951219512195122,False
15,Check the deployment status on Railway,1,check,the deployment status on Railway,Check the deployment status on Railway,2,railway_tools_service_list,0.78515625,0.008264462809917356,0.967479674796748,0.017151484781854697,0.02734375,3.414634146341464,False
15,Check the deployment status on Railway,1,check,the deployment status on Railway,Check the deployment status on Railway,3,railway_tools_project_info,0.7578125,0.01652892561983471,0.9105691056910569,0.051549476421917886,0.015625,1.951219512195122,False
15,Check the deployment status on Railway,1,check,the deployment status on Railway,Check the deployment status on Railway,4,railway_tools_project_list,0.7421875,0.024793388429752067,0.8780487804878049,0.06870096120377259,0.0078125,0.975609756097561,False
15,Check the deployment status on Railway,1,check,the deployment status on Railway,Check the deployment status on Railway,5,railway_tools_service_restart,0.734375,0.03305785123966942,0.8617886178861789,0.07435477474682164,0.015625,1.951219512195122,False
15,Check the deployment status on Railway,1,check,the deployment status on Railway,Check the deployment status on Railway,6,railway_tools_project_delete,0.71875,0.04132231404958678,0.8292682926829268,0.09150625952867641,0.00390625,0.4878048780487805,False
15,Check the deployment status on Railway,1,check,the deployment status on Railway,Check the deployment status on Railway,7,railway_tools_project_environments,0.71484375,0.049586776859504134,0.8211382113821138,0.09141123745232263,0.01171875,1.4634146341463417,False
15,Check the deployment status on Railway,1,check,the deployment status on Railway,Check the deployment status on Railway,8,railway_tools_service_update,0.703125,0.05785123966942149,0.7967479674796748,0.10281388661477446,0.00390625,0.4878048780487805,False
15,Check the deployment status on Railway,1,check,the deployment status on Railway,Check the deployment status on Railway,9,railway_tools_database_list_types,0.69921875,0.06611570247933884,0.7886178861788617,0.10271886453842075,0.01171875,1.4634146341463417,False
15,Check the deployment status on Railway,1,check,the deployment status on Railway,Check the deployment status on Railway,10,railway_tools_project_create,0.6875,0.0743801652892562,0.7642276422764228,0.11412151370087259,0.046875,5.853658536585367,False
15,Check the deployment status on Railway,1,check,the deployment status on Railway,Check the deployment status on Railway,11,railway_tools_service_create_from_repo,0.640625,0.08264462809917356,0.6666666666666666,0.1772636834379499,0.0,0.0,False
15,Check the deployment status on Railway,1,check,the deployment status on Railway,Check the deployment status on Railway,12,railway_tools_service_delete,0.640625,0.09090909090909091,0.6666666666666666,0.17141982574219333,0.03125,3.902439024390244,False
15,Check the deployment status on Railway,1,check,the deployment status on Railway,Check the deployment status on Railway,13,railway_tools_service_create_from_image,0.609375,0.09917355371900827,0.6016260162601627,0.2115666530016593,0.00390625,0.4878048780487805,False
15,Check the deployment status on Railway,1,check,the deployment status on Railway,Check the deployment status on Railway,14,supabase_mcp_check_database_health,0.60546875,0.10743801652892562,0.5934959349593496,0.21147163092530558,0.00390625,0.4878048780487805,False
15,Check the deployment status on Railway,1,check,the deployment status on Railway,Check the deployment status on Railway,15,railway_tools_volume_list,0.6015625,0.11570247933884298,0.5853658536585366,0.21137660884895187,0.01171875,1.4634146341463417,False
15,Check the deployment status on Railway,1,check,the deployment status on Railway,Check the deployment status on Railway,16,railway_tools_volume_delete,0.58984375,0.12396694214876033,0.5609756097560976,0.22277925801140364,0.02734375,3.414634146341464,False
15,Check the deployment status on Railway,1,check,the deployment status on Railway,Check the deployment status on Railway,17,carrot_mcp_server_api_hr_dashboard_summary,0.5625,0.1322314049586777,0.5040650406504065,0.2571772496514669,0.00390625,0.4878048780487805,False
15,Check the deployment status on Railway,1,check,the deployment status on Railway,Check the deployment status on Railway,18,carrot_mcp_server_api_get_employee,0.55859375,0.14049586776859505,0.4959349593495935,0.2570822275751131,0.015625,1.951219512195122,False
15,Check the deployment status on Railway,1,check,the deployment status on Railway,Check the deployment status on Railway,19,project_management_tools_get_user_capacity,0.54296875,0.1487603305785124,0.4634146341463415,0.2742337123569678,0.00390625,0.4878048780487805,True
15,Check the deployment status on Railway,1,check,the deployment status on Railway,Check the deployment status on Railway,20,carrot_mcp_server_api_list_employees,0.5390625,0.15702479338842976,0.45528455284552843,0.2741386902806141,0.0,0.0,False
15,Check the deployment status on Railway,1,check,the deployment status on Railway,Check the deployment status on Railway,21,railway_tools_volume_update,0.5390625,0.1652892561983471,0.45528455284552843,0.26829483258485753,0.0,0.0,False
15,Check the deployment status on Railway,1,check,the deployment status on Railway,Check the deployment status on Railway,22,project_management_tools_view_board,0.5390625,0.17355371900826447,0.45528455284552843,0.26245097488910085,0.01171875,1.4634146341463417,False
15,Check the deployment status on Railway,1,check,the deployment status on Railway,Check the deployment status on Railway,23,project_management_tools_get_team,0.52734375,0.18181818181818182,0.43089430894308944,0.2738536240515527,0.0,0.0,False
15,Check the deployment status on Railway,1,check,the deployment status on Railway,Check the deployment status on Railway,24,project_management_tools_get_sprint,0.52734375,0.19008264462809918,0.43089430894308944,0.26800976635579615,0.0,0.0,False
15,Check the deployment status on Railway,1,check,the deployment status on Railway,Check the deployment status on Railway,25,github_mcp_server_list_branches,0.52734375,0.19834710743801653,0.43089430894308944,0.2621659086600396,0.00390625,0.4878048780487805,False
15,Check the deployment status on Railway,1,check,the deployment status on Railway,Check the deployment status on Railway,26,carrot_mcp_server_api_update_employee,0.5234375,0.2066115702479339,0.42276422764227645,0.26207088658368577,0.0,0.0,False
15,Check the deployment status on Railway,1,check,the deployment status on Railway,Check the deployment status on Railway,27,project_management_tools_list_teams,0.5234375,0.21487603305785125,0.42276422764227645,0.2562270288879292,0.00390625,0.4878048780487805,False
15,Check the deployment status on Railway,1,check,the deployment status on Railway,Check the deployment status on Railway,28,github_mcp_server_pull_request_read,0.51953125,0.2231404958677686,0.4146341463414634,0.2561320068115755,0.00390625,0.4878048780487805,False
15,Check the deployment status on Railway,1,check,the deployment status on Railway,Check the deployment status on Railway,29,railway_tools_volume_create,0.515625,0.23140495867768596,0.4065040650406504,0.2560369847352217,0.0,0.0,False
15,Check the deployment status on Railway,1,check,the deployment status on Railway,Check the deployment status on Railway,30,carrot_mcp_server_api_update_leave_application,0.515625,0.2396694214876033,0.4065040650406504,0.2501931270394651,0.0,0.0,False
15,Check the deployment status on Railway,1,check,the deployment status on Railway,Check the deployment status on Railway,31,project_management_tools_list_sprints,0.515625,0.24793388429752067,0.4065040650406504,0.24434926934370846,0.00390625,0.4878048780487805,False
15,Check the deployment status on Railway,1,check,the deployment status on Railway,Check the deployment status on Railway,32,carrot_mcp_server_api_submit_leave_application,0.51171875,0.256198347107438,0.3983739837398374,0.24425424726735476,0.0,0.0,False
15,Check the deployment status on Railway,1,check,the deployment status on Railway,Check the deployment status on Railway,33,project_management_tools_list_work_items,0.51171875,0.2644628099173554,0.3983739837398374,0.2384103895715981,0.0,0.0,False
15,Check the deployment status on Railway,1,check,the deployment status on Railway,Check the deployment status on Railway,34,project_management_tools_update_task_status,0.51171875,0.2727272727272727,0.3983739837398374,0.23256653187584153,0.0,0.0,False
15,Check the deployment status on Railway,1,check,the deployment status on Railway,Check the deployment status on Railway,35,quest_studio_file_storage_get_storage_usage,0.51171875,0.2809917355371901,0.3983739837398374,0.22672267418008496,0.00390625,0.4878048780487805,False
15,Check the deployment status on Railway,1,check,the deployment status on Railway,Check the deployment status on Railway,36,project_management_tools_delete_team,0.5078125,0.2892561983471074,0.3902439024390244,0.22662765210373118,0.0,0.0,False
15,Check the deployment status on Railway,1,check,the deployment status on Railway,Check the deployment status on Railway,37,project_management_tools_list_projects,0.5078125,0.2975206611570248,0.3902439024390244,0.2207837944079746,0.0,0.0,False
15,Check the deployment status on Railway,1,check,the deployment status on Railway,Check the deployment status on Railway,38,carrot_mcp_server_api_work_hours_summary,0.5078125,0.30578512396694213,0.3902439024390244,0.21493993671221803,0.00390625,0.4878048780487805,False
15,Check the deployment status on Railway,1,check,the deployment status on Railway,Check the deployment status on Railway,39,project_management_tools_list_team_members,0.50390625,0.3140495867768595,0.3821138211382114,0.21484491463586422,0.0,0.0,False
15,Check the deployment status on Railway,1,check,the deployment status on Railway,Check the deployment status on Railway,40,carrot_mcp_server_api_log_hours_entry,0.50390625,0.32231404958677684,0.3821138211382114,0.20900105694010765,0.00390625,0.4878048780487805,False
15,Check the deployment status on Railway,1,check,the deployment status on Railway,Check the deployment status on Railway,41,carrot_mcp_server_api_create_leave_application,0.5,0.3305785123966942,0.37398373983739835,0.20890603486375386,0.0,0.0,False
15,Check the deployment status on Railway,1,check,the deployment status on Railway,Check the deployment status on Railway,42,carrot_mcp_server_api_list_leave_application,0.5,0.33884297520661155,0.37398373983739835,0.2030621771679973,0.0,0.0,False
15,Check the deployment status on Railway,1,check,the deployment status on Railway,Check the deployment status on Railway,43,supabase_mcp_get_all_supabase_projects,0.5,0.34710743801652894,0.37398373983739835,0.19721831947224072,0.0,0.0,False
15,Check the deployment status on Railway,1,check,the deployment status on Railway,Check the deployment status on Railway,44,github_mcp_server_get_me,0.5,0.35537190082644626,0.37398373983739835,0.19137446177648415,0.0,0.0,False
15,Check the deployment status on Railway,1,check,the deployment status on Railway,Check the deployment status on Railway,45,quest_studio_file_storage_get_files,0.5,0.36363636363636365,0.37398373983739835,0.18553060408072758,0.001953125,0.24390243902439024,False
15,Check the deployment status on Railway,1,check,the deployment status on Railway,Check the deployment status on Railway,46,supabase_mcp_get_table_schema,0.498046875,0.371900826446281,0.3699186991869919,0.18256116419467233,0.0,0.0,False
15,Check the deployment status on Railway,1,check,the deployment status on Railway,Check the deployment status on Railway,47,github_mcp_server_get_commit,0.498046875,0.38016528925619836,0.3699186991869919,0.17671730649891576,0.001953125,0.24390243902439024,False
15,Check the deployment status on Railway,1,check,the deployment status on Railway,Check the deployment status on Railway,48,project_management_tools_get_project,0.49609375,0.3884297520661157,0.36585365853658536,0.17374786661286065,0.001953125,0.24390243902439024,False
15,Check the deployment status on Railway,1,check,the deployment status on Railway,Check the deployment status on Railway,49,github_mcp_server_merge_pull_request,0.494140625,0.39669421487603307,0.3617886178861789,0.17077842672680538,0.001953125,0.24390243902439024,False
15,Check the deployment status on Railway,1,check,the deployment status on Railway,Check the deployment status on Railway,50,project_management_tools_delete_sprint,0.4921875,0.4049586776859504,0.35772357723577236,0.16780898684075027,0.001953125,0.24390243902439024,False
15,Check the deployment status on Railway,1,check,the deployment status on Railway,Check the deployment status on Railway,51,project_management_tools_get_work_item,0.490234375,0.4132231404958678,0.35365853658536583,0.16483954695469502,0.00390625,0.4878048780487805,False
15,Check the deployment status on Railway,1,check,the deployment status on Railway,Check the deployment status on Railway,52,carrot_mcp_server_api_create_employee,0.486328125,0.4214876033057851,0.34552845528455284,0.1647445248783413,0.0,0.0,False
15,Check the deployment status on Railway,1,check,the deployment status on Railway,Check the deployment status on Railway,53,github_mcp_server_list_commits,0.486328125,0.4297520661157025,0.34552845528455284,0.15890066718258467,0.001953125,0.24390243902439024,False
15,Check the deployment status on Railway,1,check,the deployment status on Railway,Check the deployment status on Railway,54,supabase_mcp_get_database_tables,0.484375,0.4380165289256198,0.34146341463414637,0.15593122729652956,0.0,0.0,False
15,Check the deployment status on Railway,1,check,the deployment status on Railway,Check the deployment status on Railway,55,github_mcp_server_create_or_update_file,0.484375,0.4462809917355372,0.34146341463414637,0.1500873696007729,0.001953125,0.24390243902439024,False
15,Check the deployment status on Railway,1,check,the deployment status on Railway,Check the deployment status on Railway,56,project_management_tools_list_users,0.482421875,0.45454545454545453,0.33739837398373984,0.1471179297147177,0.0,0.0,False
15,Check the deployment status on Railway,1,check,the deployment status on Railway,Check the deployment status on Railway,57,github_mcp_server_list_pull_requests,0.482421875,0.4628099173553719,0.33739837398373984,0.14127407201896114,0.0,0.0,False
15,Check the deployment status on Railway,1,check,the deployment status on Railway,Check the deployment status on Railway,58,supabase_mcp_select_database_table_data,0.482421875,0.47107438016528924,0.33739837398373984,0.13543021432320457,0.00390625,0.4878048780487805,False
15,Check the deployment status on Railway,1,check,the deployment status on Railway,Check the deployment status on Railway,59,project_management_tools_delete_work_item,0.478515625,0.4793388429752066,0.32926829268292684,0.13533519224685078,0.0,0.0,False
15,Check the deployment status on Railway,1,check,the deployment status on Railway,Check the deployment status on Railway,60,github_mcp_server_search_repositories,0.478515625,0.48760330578512395,0.32926829268292684,0.1294913345510942,0.001953125,0.24390243902439024,False
15,Check the deployment status on Railway,1,check,the deployment status on Railway,Check the deployment status on Railway,61,office_word_mcp_server_api_get_document_info,0.4765625,0.49586776859504134,0.3252032520325203,0.12652189466503902,0.005859375,0.7317073170731708,False
15,Check the deployment status on Railway,1,check,the deployment status on Railway,Check the deployment status on Railway,62,project_management_tools_update_user_capacity,0.470703125,0.5041322314049587,0.3130081300813008,0.1293012903983867,0.0078125,0.975609756097561,False
15,Check the deployment status on Railway,1,check,the deployment status on Railway,Check the deployment status on Railway,63,project_management_tools_create_sprint,0.462890625,0.512396694214876,0.2967479674796748,0.13495510394143576,0.0,0.0,False
15,Check the deployment status on Railway,1,check,the deployment status on Railway,Check the deployment status on Railway,64,project_management_tools_delete_project,0.462890625,0.5206611570247934,0.2967479674796748,0.12911124624567913,0.001953125,0.24390243902439024,False
15,Check the deployment status on Railway,1,check,the deployment status on Railway,Check the deployment status on Railway,65,github_mcp_server_update_pull_request,0.4609375,0.5289256198347108,0.2926829268292683,0.12614180635962394,0.0,0.0,False
15,Check the deployment status on Railway,1,check,the deployment status on Railway,Check the deployment status on Railway,66,project_management_tools_create_work_item,0.4609375,0.5371900826446281,0.2926829268292683,0.12029794866386737,0.0,0.0,False
15,Check the deployment status on Railway,1,check,the deployment status on Railway,Check the deployment status on Railway,67,project_management_tools_get_work_item_comments,0.4609375,0.5454545454545454,0.2926829268292683,0.1144540909681108,0.0,0.0,False
15,Check the deployment status on Railway,1,check,the deployment status on Railway,Check the deployment status on Railway,68,office_word_mcp_server_api_get_document_outline,0.4609375,0.5537190082644629,0.2926829268292683,0.10861023327235422,0.0,0.0,False
15,Check the deployment status on Railway,1,check,the deployment status on Railway,Check the deployment status on Railway,69,sharepoint_tools_get_sharepoint_sites,0.4609375,0.5619834710743802,0.2926829268292683,0.10276637557659765,0.001953125,0.24390243902439024,False
15,Check the deployment status on Railway,1,check,the deployment status on Railway,Check the deployment status on Railway,70,gmail_tools_delete_google_email,0.458984375,0.5702479338842975,0.2886178861788618,0.09979693569054239,0.0,0.0,False
15,Check the deployment status on Railway,1,check,the deployment status on Railway,Check the deployment status on Railway,71,office_word_mcp_server_api_delete_document,0.458984375,0.5785123966942148,0.2886178861788618,0.09395307799478582,0.001953125,0.24390243902439024,False
15,Check the deployment status on Railway,1,check,the deployment status on Railway,Check the deployment status on Railway,72,github_mcp_server_create_branch,0.45703125,0.5867768595041323,0.2845528455284553,0.09098363810873063,0.001953125,0.24390243902439024,False
15,Check the deployment status on Railway,1,check,the deployment status on Railway,Check the deployment status on Railway,73,project_management_tools_create_team,0.455078125,0.5950413223140496,0.2804878048780488,0.08801419822267545,0.00390625,0.4878048780487805,False
15,Check the deployment status on Railway,1,check,the deployment status on Railway,Check the deployment status on Railway,74,office_word_mcp_server_api_convert_to_pdf,0.451171875,0.6033057851239669,0.27235772357723576,0.08791917614632173,0.0,0.0,False
15,Check the deployment status on Railway,1,check,the deployment status on Railway,Check the deployment status on Railway,75,office_word_mcp_server_api_list_files,0.451171875,0.6115702479338843,0.27235772357723576,0.08207531845056516,0.0,0.0,False
15,Check the deployment status on Railway,1,check,the deployment status on Railway,Check the deployment status on Railway,76,supabase_mcp_update_database_table_data,0.451171875,0.6198347107438017,0.27235772357723576,0.07623146075480852,0.001953125,0.24390243902439024,False
15,Check the deployment status on Railway,1,check,the deployment status on Railway,Check the deployment status on Railway,77,github_mcp_server_get_file_contents,0.44921875,0.628099173553719,0.2682926829268293,0.07326202086875333,0.0,0.0,False
15,Check the deployment status on Railway,1,check,the deployment status on Railway,Check the deployment status on Railway,78,gmail_tools_reply_google_email,0.44921875,0.6363636363636364,0.2682926829268293,0.06741816317299676,0.001953125,0.24390243902439024,False
15,Check the deployment status on Railway,1,check,the deployment status on Railway,Check the deployment status on Railway,79,github_mcp_server_create_pull_request,0.447265625,0.6446280991735537,0.26422764227642276,0.06444872328694158,0.0,0.0,False
15,Check the deployment status on Railway,1,check,the deployment status on Railway,Check the deployment status on Railway,80,project_management_tools_export_sprint_to_sharepoint,0.447265625,0.6528925619834711,0.26422764227642276,0.05860486559118501,0.001953125,0.24390243902439024,False
15,Check the deployment status on Railway,1,check,the deployment status on Railway,Check the deployment status on Railway,81,quest_studio_file_storage_get_file_content,0.4453125,0.6611570247933884,0.2601626016260163,0.05563542570512975,0.001953125,0.24390243902439024,False
15,Check the deployment status on Railway,1,check,the deployment status on Railway,Check the deployment status on Railway,82,office_word_mcp_server_api_copy_document,0.443359375,0.6694214876033058,0.25609756097560976,0.05266598581907464,0.001953125,0.24390243902439024,False
15,Check the deployment status on Railway,1,check,the deployment status on Railway,Check the deployment status on Railway,83,github_mcp_server_create_repository,0.44140625,0.6776859504132231,0.25203252032520324,0.04969654593301954,0.0,0.0,False
15,Check the deployment status on Railway,1,check,the deployment status on Railway,Check the deployment status on Railway,84,office_word_mcp_server_api_find_text_in_document,0.44140625,0.6859504132231405,0.25203252032520324,0.043852688237262814,0.0,0.0,False
15,Check the deployment status on Railway,1,check,the deployment status on Railway,Check the deployment status on Railway,85,supabase_mcp_insert_table_data,0.44140625,0.6942148760330579,0.25203252032520324,0.03800883054150624,0.001953125,0.24390243902439024,False
15,Check the deployment status on Railway,1,check,the deployment status on Railway,Check the deployment status on Railway,86,office_word_mcp_server_api_get_document_xml,0.439453125,0.7024793388429752,0.24796747967479674,0.035039390655451134,0.0,0.0,False
15,Check the deployment status on Railway,1,check,the deployment status on Railway,Check the deployment status on Railway,87,gmail_tools_get_google_emails,0.439453125,0.7107438016528925,0.24796747967479674,0.029195532959694567,0.00390625,0.4878048780487805,False
15,Check the deployment status on Railway,1,check,the deployment status on Railway,Check the deployment status on Railway,88,office_word_mcp_server_api_add_page_break,0.435546875,0.71900826446281,0.23983739837398374,0.029100510883340692,0.0,0.0,False
15,Check the deployment status on Railway,1,check,the deployment status on Railway,Check the deployment status on Railway,89,office_word_mcp_server_api_merge_doucments,0.435546875,0.7272727272727273,0.23983739837398374,0.02325665318758412,0.001953125,0.24390243902439024,False
15,Check the deployment status on Railway,1,check,the deployment status on Railway,Check the deployment status on Railway,90,office_word_mcp_server_api_delete_paragraph,0.43359375,0.7355371900826446,0.23577235772357724,0.02028721330152894,0.001953125,0.24390243902439024,False
15,Check the deployment status on Railway,1,check,the deployment status on Railway,Check the deployment status on Railway,91,gmail_tools_forward_google_email,0.431640625,0.743801652892562,0.23170731707317074,0.017317773415473834,0.0,0.0,False
15,Check the deployment status on Railway,1,check,the deployment status on Railway,Check the deployment status on Railway,92,quest_studio_file_storage_query_files,0.431640625,0.7520661157024794,0.23170731707317074,0.011473915719717186,0.001953125,0.24390243902439024,False
15,Check the deployment status on Railway,1,check,the deployment status on Railway,Check the deployment status on Railway,93,project_management_tools_create_project,0.4296875,0.7603305785123967,0.22764227642276422,0.008504475833662003,0.001953125,0.24390243902439024,False
15,Check the deployment status on Railway,1,check,the deployment status on Railway,Check the deployment status on Railway,94,office_word_mcp_server_api_get_document_text,0.427734375,0.768595041322314,0.22357723577235772,0.0055350359476069,0.0,0.0,False
15,Check the deployment status on Railway,1,check,the deployment status on Railway,Check the deployment status on Railway,95,gmail_tools_send_google_email,0.427734375,0.7768595041322314,0.22357723577235772,0.00030882174814967175,0.0,0.0,False
15,Check the deployment status on Railway,1,check,the deployment status on Railway,Check the deployment status on Railway,96,quest_studio_file_storage_delete_file,0.427734375,0.7851239669421488,0.22357723577235772,0.0061526794439064,0.0,0.0,False
15,Check the deployment status on Railway,1,check,the deployment status on Railway,Check the deployment status on Railway,97,office_word_mcp_server_api_create_word_document,0.427734375,0.7933884297520661,0.22357723577235772,0.011996537139662972,0.0,0.0,False
15,Check the deployment status on Railway,1,check,the deployment status on Railway,Check the deployment status on Railway,98,sharepoint_tools_get_sharepoint_documents,0.427734375,0.8016528925619835,0.22357723577235772,0.01784039483541954,0.00390625,0.4878048780487805,False
15,Check the deployment status on Railway,1,check,the deployment status on Railway,Check the deployment status on Railway,99,office_word_mcp_server_api_search_replace,0.423828125,0.8099173553719008,0.21544715447154472,0.01793541691177318,0.001953125,0.24390243902439024,False
15,Check the deployment status on Railway,1,check,the deployment status on Railway,Check the deployment status on Railway,100,quest_studio_file_storage_get_file,0.421875,0.8181818181818182,0.21138211382113822,0.020904856797828438,0.001953125,0.24390243902439024,False
15,Check the deployment status on Railway,1,check,the deployment status on Railway,Check the deployment status on Railway,101,github_mcp_server_delete_file,0.419921875,0.8264462809917356,0.2073170731707317,0.0238742966838837,0.005859375,0.7317073170731708,False
15,Check the deployment status on Railway,1,check,the deployment status on Railway,Check the deployment status on Railway,102,project_management_tools_assign_work_item,0.4140625,0.8347107438016529,0.1951219512195122,0.021094900950536028,0.00390625,0.4878048780487805,False
15,Check the deployment status on Railway,1,check,the deployment status on Railway,Check the deployment status on Railway,103,office_word_mcp_server_api_get_paragraph_text_from_document,0.41015625,0.8429752066115702,0.18699186991869918,0.021189923026889664,0.001953125,0.24390243902439024,False
15,Check the deployment status on Railway,1,check,the deployment status on Railway,Check the deployment status on Railway,104,outlook_mail_management_reply_to_email,0.408203125,0.8512396694214877,0.18292682926829268,0.024159362912944925,0.001953125,0.24390243902439024,False
15,Check the deployment status on Railway,1,check,the deployment status on Railway,Check the deployment status on Railway,105,office_word_mcp_server_api_add_table,0.40625,0.859504132231405,0.17886178861788618,0.027128802799000186,0.0,0.0,False
15,Check the deployment status on Railway,1,check,the deployment status on Railway,Check the deployment status on Railway,106,project_management_tools_update_project,0.40625,0.8677685950413223,0.17886178861788618,0.03297266049475676,0.005859375,0.7317073170731708,False
15,Check the deployment status on Railway,1,check,the deployment status on Railway,Check the deployment status on Railway,107,outlook_mail_management_search_outlook_mail,0.400390625,0.8760330578512396,0.16666666666666666,0.030193264761409083,0.00390625,0.4878048780487805,False
15,Check the deployment status on Railway,1,check,the deployment status on Railway,Check the deployment status on Railway,108,office_word_mcp_server_api_add_heading,0.396484375,0.8842975206611571,0.15853658536585366,0.030288286837762874,0.001953125,0.24390243902439024,False
15,Check the deployment status on Railway,1,check,the deployment status on Railway,Check the deployment status on Railway,109,project_management_tools_update_work_item,0.39453125,0.8925619834710744,0.15447154471544716,0.03325772672381798,0.001953125,0.24390243902439024,False
15,Check the deployment status on Railway,1,check,the deployment status on Railway,Check the deployment status on Railway,110,outlook_mail_management_delete_email_message,0.392578125,0.9008264462809917,0.15040650406504066,0.03622716660987324,0.0,0.0,False
15,Check the deployment status on Railway,1,check,the deployment status on Railway,Check the deployment status on Railway,111,github_mcp_server_push_files,0.392578125,0.9090909090909091,0.15040650406504066,0.04207102430562981,0.001953125,0.24390243902439024,False
15,Check the deployment status on Railway,1,check,the deployment status on Railway,Check the deployment status on Railway,112,office_word_mcp_server_api_add_paragraph,0.390625,0.9173553719008265,0.14634146341463414,0.04504046419168491,0.0,0.0,False
15,Check the deployment status on Railway,1,check,the deployment status on Railway,Check the deployment status on Railway,113,web_search_tools_web_search,0.390625,0.9256198347107438,0.14634146341463414,0.050884321887441485,0.001953125,0.24390243902439024,False
15,Check the deployment status on Railway,1,check,the deployment status on Railway,Check the deployment status on Railway,114,office_word_mcp_server_api_add_picture,0.388671875,0.9338842975206612,0.14227642276422764,0.053853761773496746,0.0,0.0,False
15,Check the deployment status on Railway,1,check,the deployment status on Railway,Check the deployment status on Railway,115,sharepoint_tools_create_txt_file_in_sharepoint,0.388671875,0.9421487603305785,0.14227642276422764,0.05969761946925332,0.001953125,0.24390243902439024,False
15,Check the deployment status on Railway,1,check,the deployment status on Railway,Check the deployment status on Railway,116,outlook_mail_management_get_email_messages,0.38671875,0.9504132231404959,0.13821138211382114,0.06266705935530859,0.009765625,1.2195121951219512,False
15,Check the deployment status on Railway,1,check,the deployment status on Railway,Check the deployment status on Railway,117,outlook_mail_management_forward_email,0.376953125,0.9586776859504132,0.11788617886178862,0.05413882800255797,0.00390625,0.4878048780487805,False
15,Check the deployment status on Railway,1,check,the deployment status on Railway,Check the deployment status on Railway,118,outlook_mail_management_find_email_address,0.373046875,0.9669421487603306,0.10975609756097561,0.054233850078911766,0.0,0.0,False
15,Check the deployment status on Railway,1,check,the deployment status on Railway,Check the deployment status on Railway,119,quest_studio_file_storage_update_file,0.373046875,0.9752066115702479,0.10975609756097561,0.06007770777466834,0.001953125,0.24390243902439024,False
15,Check the deployment status on Railway,1,check,the deployment status on Railway,Check the deployment status on Railway,120,project_management_tools_add_work_item_comment,0.37109375,0.9834710743801653,0.10569105691056911,0.0630471476607236,0.021484375,2.682926829268293,False
15,Check the deployment status on Railway,1,check,the deployment status on Railway,Check the deployment status on Railway,121,outlook_mail_management_compose_email,0.349609375,0.9917355371900827,0.06097560975609756,0.037272409449764655,0.029296875,3.6585365853658534,False
15,Check the deployment status on Railway,1,check,the deployment status on Railway,Check the deployment status on Railway,122,outlook_mail_management_send_email,0.3203125,1.0,0.0,0.0,,,False
