query_number,query,intent_number,action,target,intent_text,peak_score,rank,tool_name,score,score_retention,gap,relative_gradient,history_count,historical_median_gap,progressive_strength
1,Send an email to Tom,1,send,an email,Send an email to Tom,0.7109375,1,gmail_tools_send_google_email,0.7109375,100.0,0.03125,4.395604395604396,0,,
1,Send an email to Tom,1,send,an email,Send an email to Tom,0.7109375,2,outlook_mail_management_compose_email,0.6796875,95.6043956043956,0.00390625,0.5494505494505495,1,,
1,Send an email to Tom,1,send,an email,Send an email to Tom,0.7109375,3,outlook_mail_management_send_email,0.67578125,95.05494505494505,0.0234375,3.296703296703297,2,,
1,Send an email to Tom,1,send,an email,Send an email to Tom,0.7109375,4,outlook_mail_management_reply_to_email,0.65234375,91.75824175824175,0.01171875,1.6483516483516485,3,0.0234375,0.5
1,Send an email to Tom,1,send,an email,Send an email to Tom,0.7109375,5,gmail_tools_reply_google_email,0.640625,90.10989010989012,0.015625,2.197802197802198,4,0.017578125,0.8888888888888888
1,Send an email to Tom,1,send,an email,Send an email to Tom,0.7109375,6,gmail_tools_forward_google_email,0.625,87.91208791208791,0.015625,2.197802197802198,5,0.015625,1.0
1,Send an email to Tom,1,send,an email,Send an email to Tom,0.7109375,7,gmail_tools_get_google_emails,0.609375,85.71428571428571,0.0078125,1.098901098901099,6,0.015625,0.5
1,Send an email to Tom,1,send,an email,Send an email to Tom,0.7109375,8,gmail_tools_delete_google_email,0.6015625,84.61538461538461,0.01171875,1.6483516483516485,7,0.015625,0.75
1,Send an email to Tom,1,send,an email,Send an email to Tom,0.7109375,9,outlook_mail_management_forward_email,0.58984375,82.96703296703298,0.01171875,1.6483516483516485,8,0.013671875,0.8571428571428571
1,Send an email to Tom,1,send,an email,Send an email to Tom,0.7109375,10,outlook_mail_management_find_email_address,0.578125,81.31868131868131,0.015625,2.197802197802198,9,0.01171875,1.3333333333333333
1,Send an email to Tom,1,send,an email,Send an email to Tom,0.7109375,11,outlook_mail_management_search_outlook_mail,0.5625,79.12087912087912,0.04296875,6.043956043956044,10,0.013671875,3.142857142857143
1,Send an email to Tom,1,send,an email,Send an email to Tom,0.7109375,12,outlook_mail_management_get_email_messages,0.51953125,73.07692307692307,0.00390625,0.5494505494505495,11,0.015625,0.25
1,Send an email to Tom,1,send,an email,Send an email to Tom,0.7109375,13,office_word_mcp_server_api_add_picture,0.515625,72.52747252747253,0.01171875,1.6483516483516485,12,0.013671875,0.8571428571428571
1,Send an email to Tom,1,send,an email,Send an email to Tom,0.7109375,14,office_word_mcp_server_api_convert_to_pdf,0.50390625,70.87912087912088,0.005859375,0.8241758241758242,13,0.01171875,0.5
1,Send an email to Tom,1,send,an email,Send an email to Tom,0.7109375,15,office_word_mcp_server_api_add_table,0.498046875,70.05494505494505,0.00390625,0.5494505494505495,14,0.01171875,0.3333333333333333
1,Send an email to Tom,1,send,an email,Send an email to Tom,0.7109375,16,carrot_mcp_server_api_create_employee,0.494140625,69.5054945054945,0.00390625,0.5494505494505495,15,0.01171875,0.3333333333333333
1,Send an email to Tom,1,send,an email,Send an email to Tom,0.7109375,17,sharepoint_tools_create_txt_file_in_sharepoint,0.490234375,68.95604395604396,0.0,0.0,16,,
1,Send an email to Tom,1,send,an email,Send an email to Tom,0.7109375,18,office_word_mcp_server_api_add_heading,0.490234375,68.95604395604396,0.0,0.0,16,,
1,Send an email to Tom,1,send,an email,Send an email to Tom,0.7109375,19,office_word_mcp_server_api_add_paragraph,0.490234375,68.95604395604396,0.00390625,0.5494505494505495,16,0.01171875,0.3333333333333333
1,Send an email to Tom,1,send,an email,Send an email to Tom,0.7109375,20,office_word_mcp_server_api_create_word_document,0.486328125,68.4065934065934,0.0078125,1.098901098901099,17,0.01171875,0.6666666666666666
1,Send an email to Tom,1,send,an email,Send an email to Tom,0.7109375,21,carrot_mcp_server_api_update_employee,0.478515625,67.3076923076923,0.0,0.0,18,,
1,Send an email to Tom,1,send,an email,Send an email to Tom,0.7109375,22,outlook_mail_management_delete_email_message,0.478515625,67.3076923076923,0.005859375,0.8241758241758242,18,0.01171875,0.5
1,Send an email to Tom,1,send,an email,Send an email to Tom,0.7109375,23,office_word_mcp_server_api_add_page_break,0.47265625,66.48351648351648,0.0,0.0,19,,
1,Send an email to Tom,1,send,an email,Send an email to Tom,0.7109375,24,railway_tools_project_environments,0.47265625,66.48351648351648,0.005859375,0.8241758241758242,19,0.01171875,0.5
1,Send an email to Tom,1,send,an email,Send an email to Tom,0.7109375,25,railway_tools_project_info,0.466796875,65.65934065934066,0.001953125,0.27472527472527475,20,0.009765625,0.2
1,Send an email to Tom,1,send,an email,Send an email to Tom,0.7109375,26,office_word_mcp_server_api_search_replace,0.46484375,65.38461538461539,0.001953125,0.27472527472527475,21,0.0078125,0.25
1,Send an email to Tom,1,send,an email,Send an email to Tom,0.7109375,27,project_management_tools_export_sprint_to_sharepoint,0.462890625,65.10989010989012,0.0,0.0,22,,
1,Send an email to Tom,1,send,an email,Send an email to Tom,0.7109375,28,office_word_mcp_server_api_find_text_in_document,0.462890625,65.10989010989012,0.013671875,1.9230769230769231,22,0.0078125,1.75
1,Send an email to Tom,1,send,an email,Send an email to Tom,0.7109375,29,carrot_mcp_server_api_create_leave_application,0.44921875,63.18681318681318,0.0,0.0,23,,
1,Send an email to Tom,1,send,an email,Send an email to Tom,0.7109375,30,carrot_mcp_server_api_submit_leave_application,0.44921875,63.18681318681318,0.0,0.0,23,,
1,Send an email to Tom,1,send,an email,Send an email to Tom,0.7109375,31,office_word_mcp_server_api_copy_document,0.44921875,63.18681318681318,0.00390625,0.5494505494505495,23,0.0078125,0.5
1,Send an email to Tom,1,send,an email,Send an email to Tom,0.7109375,32,railway_tools_project_list,0.4453125,62.637362637362635,0.0,0.0,24,,
1,Send an email to Tom,1,send,an email,Send an email to Tom,0.7109375,33,carrot_mcp_server_api_get_employee,0.4453125,62.637362637362635,0.0,0.0,24,,
1,Send an email to Tom,1,send,an email,Send an email to Tom,0.7109375,34,office_word_mcp_server_api_get_document_text,0.4453125,62.637362637362635,0.001953125,0.27472527472527475,24,0.0078125,0.25
1,Send an email to Tom,1,send,an email,Send an email to Tom,0.7109375,35,railway_tools_service_list,0.443359375,62.362637362637365,0.001953125,0.27472527472527475,25,0.0078125,0.25
1,Send an email to Tom,1,send,an email,Send an email to Tom,0.7109375,36,railway_tools_project_create,0.44140625,62.08791208791209,0.0,0.0,26,,
1,Send an email to Tom,1,send,an email,Send an email to Tom,0.7109375,37,carrot_mcp_server_api_list_employees,0.44140625,62.08791208791209,0.0,0.0,26,,
1,Send an email to Tom,1,send,an email,Send an email to Tom,0.7109375,38,office_word_mcp_server_api_get_document_outline,0.44140625,62.08791208791209,0.0,0.0,26,,
1,Send an email to Tom,1,send,an email,Send an email to Tom,0.7109375,39,office_word_mcp_server_api_get_document_xml,0.44140625,62.08791208791209,0.001953125,0.27472527472527475,26,0.0068359375,0.2857142857142857
1,Send an email to Tom,1,send,an email,Send an email to Tom,0.7109375,40,office_word_mcp_server_api_get_paragraph_text_from_document,0.439453125,61.81318681318682,0.0,0.0,27,,
1,Send an email to Tom,1,send,an email,Send an email to Tom,0.7109375,41,office_word_mcp_server_api_delete_document,0.439453125,61.81318681318682,0.0,0.0,27,,
1,Send an email to Tom,1,send,an email,Send an email to Tom,0.7109375,42,office_word_mcp_server_api_delete_paragraph,0.439453125,61.81318681318682,0.00390625,0.5494505494505495,27,0.005859375,0.6666666666666666
1,Send an email to Tom,1,send,an email,Send an email to Tom,0.7109375,43,office_word_mcp_server_api_get_document_info,0.435546875,61.26373626373627,0.001953125,0.27472527472527475,28,0.005859375,0.3333333333333333
1,Send an email to Tom,1,send,an email,Send an email to Tom,0.7109375,44,railway_tools_project_delete,0.43359375,60.98901098901099,0.001953125,0.27472527472527475,29,0.005859375,0.3333333333333333
1,Send an email to Tom,1,send,an email,Send an email to Tom,0.7109375,45,railway_tools_service_restart,0.431640625,60.71428571428571,0.00390625,0.5494505494505495,30,0.005859375,0.6666666666666666
1,Send an email to Tom,1,send,an email,Send an email to Tom,0.7109375,46,railway_tools_service_create_from_repo,0.427734375,60.16483516483516,0.0,0.0,31,,
1,Send an email to Tom,1,send,an email,Send an email to Tom,0.7109375,47,carrot_mcp_server_api_hr_dashboard_summary,0.427734375,60.16483516483516,0.00390625,0.5494505494505495,31,0.005859375,0.6666666666666666
1,Send an email to Tom,1,send,an email,Send an email to Tom,0.7109375,48,railway_tools_service_info,0.423828125,59.61538461538461,0.0,0.0,32,,
1,Send an email to Tom,1,send,an email,Send an email to Tom,0.7109375,49,supabase_mcp_insert_table_data,0.423828125,59.61538461538461,0.00390625,0.5494505494505495,32,0.0048828125,0.8
1,Send an email to Tom,1,send,an email,Send an email to Tom,0.7109375,50,github_mcp_server_create_or_update_file,0.419921875,59.065934065934066,0.0,0.0,33,,
1,Send an email to Tom,1,send,an email,Send an email to Tom,0.7109375,51,project_management_tools_create_team,0.419921875,59.065934065934066,0.001953125,0.27472527472527475,33,0.00390625,0.5
1,Send an email to Tom,1,send,an email,Send an email to Tom,0.7109375,52,railway_tools_database_list_types,0.41796875,58.791208791208796,0.0,0.0,34,,
1,Send an email to Tom,1,send,an email,Send an email to Tom,0.7109375,53,carrot_mcp_server_api_log_hours_entry,0.41796875,58.791208791208796,0.0,0.0,34,,
1,Send an email to Tom,1,send,an email,Send an email to Tom,0.7109375,54,carrot_mcp_server_api_update_leave_application,0.41796875,58.791208791208796,0.0,0.0,34,,
1,Send an email to Tom,1,send,an email,Send an email to Tom,0.7109375,55,office_word_mcp_server_api_merge_doucments,0.41796875,58.791208791208796,0.0,0.0,34,,
1,Send an email to Tom,1,send,an email,Send an email to Tom,0.7109375,56,project_management_tools_list_work_items,0.41796875,58.791208791208796,0.001953125,0.27472527472527475,34,0.00390625,0.5
1,Send an email to Tom,1,send,an email,Send an email to Tom,0.7109375,57,supabase_mcp_update_database_table_data,0.416015625,58.51648351648352,0.0,0.0,35,,
1,Send an email to Tom,1,send,an email,Send an email to Tom,0.7109375,58,project_management_tools_create_work_item,0.416015625,58.51648351648352,0.00390625,0.5494505494505495,35,0.00390625,1.0
1,Send an email to Tom,1,send,an email,Send an email to Tom,0.7109375,59,quest_studio_file_storage_get_storage_usage,0.412109375,57.96703296703297,0.001953125,0.27472527472527475,36,0.00390625,0.5
1,Send an email to Tom,1,send,an email,Send an email to Tom,0.7109375,60,project_management_tools_create_sprint,0.41015625,57.692307692307686,0.001953125,0.27472527472527475,37,0.00390625,0.5
1,Send an email to Tom,1,send,an email,Send an email to Tom,0.7109375,61,project_management_tools_list_sprints,0.408203125,57.417582417582416,0.0,0.0,38,,
1,Send an email to Tom,1,send,an email,Send an email to Tom,0.7109375,62,github_mcp_server_create_repository,0.408203125,57.417582417582416,0.0,0.0,38,,
1,Send an email to Tom,1,send,an email,Send an email to Tom,0.7109375,63,quest_studio_file_storage_get_file_content,0.408203125,57.417582417582416,0.001953125,0.27472527472527475,38,0.00390625,0.5
1,Send an email to Tom,1,send,an email,Send an email to Tom,0.7109375,64,github_mcp_server_pull_request_read,0.40625,57.14285714285714,0.001953125,0.27472527472527475,39,0.00390625,0.5
1,Send an email to Tom,1,send,an email,Send an email to Tom,0.7109375,65,railway_tools_service_update,0.404296875,56.86813186813187,0.0,0.0,40,,
1,Send an email to Tom,1,send,an email,Send an email to Tom,0.7109375,66,quest_studio_file_storage_delete_file,0.404296875,56.86813186813187,0.0,0.0,40,,
1,Send an email to Tom,1,send,an email,Send an email to Tom,0.7109375,67,supabase_mcp_check_database_health,0.404296875,56.86813186813187,0.001953125,0.27472527472527475,40,0.00390625,0.5
1,Send an email to Tom,1,send,an email,Send an email to Tom,0.7109375,68,railway_tools_service_create_from_image,0.40234375,56.59340659340659,0.001953125,0.27472527472527475,41,0.00390625,0.5
1,Send an email to Tom,1,send,an email,Send an email to Tom,0.7109375,69,project_management_tools_get_team,0.400390625,56.31868131868132,0.0,0.0,42,,
1,Send an email to Tom,1,send,an email,Send an email to Tom,0.7109375,70,railway_tools_service_delete,0.400390625,56.31868131868132,0.001953125,0.27472527472527475,42,0.00390625,0.5
1,Send an email to Tom,1,send,an email,Send an email to Tom,0.7109375,71,office_word_mcp_server_api_list_files,0.3984375,56.043956043956044,0.001953125,0.27472527472527475,43,0.00390625,0.5
1,Send an email to Tom,1,send,an email,Send an email to Tom,0.7109375,72,github_mcp_server_get_commit,0.396484375,55.769230769230774,0.0,0.0,44,,
1,Send an email to Tom,1,send,an email,Send an email to Tom,0.7109375,73,github_mcp_server_create_pull_request,0.396484375,55.769230769230774,0.0,0.0,44,,
1,Send an email to Tom,1,send,an email,Send an email to Tom,0.7109375,74,web_search_tools_web_search,0.396484375,55.769230769230774,0.001953125,0.27472527472527475,44,0.00390625,0.5
1,Send an email to Tom,1,send,an email,Send an email to Tom,0.7109375,75,project_management_tools_list_team_members,0.39453125,55.494505494505496,0.001953125,0.27472527472527475,45,0.00390625,0.5
1,Send an email to Tom,1,send,an email,Send an email to Tom,0.7109375,76,carrot_mcp_server_api_list_leave_application,0.392578125,55.219780219780226,0.0,0.0,46,,
1,Send an email to Tom,1,send,an email,Send an email to Tom,0.7109375,77,project_management_tools_view_board,0.392578125,55.219780219780226,0.0,0.0,46,,
1,Send an email to Tom,1,send,an email,Send an email to Tom,0.7109375,78,project_management_tools_list_teams,0.392578125,55.219780219780226,0.0,0.0,46,,
1,Send an email to Tom,1,send,an email,Send an email to Tom,0.7109375,79,project_management_tools_delete_team,0.392578125,55.219780219780226,0.001953125,0.27472527472527475,46,0.00390625,0.5
1,Send an email to Tom,1,send,an email,Send an email to Tom,0.7109375,80,project_management_tools_get_sprint,0.390625,54.94505494505495,0.0,0.0,47,,
1,Send an email to Tom,1,send,an email,Send an email to Tom,0.7109375,81,carrot_mcp_server_api_work_hours_summary,0.390625,54.94505494505495,0.0,0.0,47,,
1,Send an email to Tom,1,send,an email,Send an email to Tom,0.7109375,82,project_management_tools_assign_work_item,0.390625,54.94505494505495,0.001953125,0.27472527472527475,47,0.00390625,0.5
1,Send an email to Tom,1,send,an email,Send an email to Tom,0.7109375,83,project_management_tools_add_work_item_comment,0.388671875,54.670329670329664,0.001953125,0.27472527472527475,48,0.00390625,0.5
1,Send an email to Tom,1,send,an email,Send an email to Tom,0.7109375,84,github_mcp_server_get_me,0.38671875,54.395604395604394,0.0,0.0,49,,
1,Send an email to Tom,1,send,an email,Send an email to Tom,0.7109375,85,github_mcp_server_search_repositories,0.38671875,54.395604395604394,0.0,0.0,49,,
1,Send an email to Tom,1,send,an email,Send an email to Tom,0.7109375,86,github_mcp_server_list_commits,0.38671875,54.395604395604394,0.001953125,0.27472527472527475,49,0.00390625,0.5
1,Send an email to Tom,1,send,an email,Send an email to Tom,0.7109375,87,github_mcp_server_create_branch,0.384765625,54.12087912087912,0.0,0.0,50,,
1,Send an email to Tom,1,send,an email,Send an email to Tom,0.7109375,88,sharepoint_tools_get_sharepoint_documents,0.384765625,54.12087912087912,0.001953125,0.27472527472527475,50,0.00390625,0.5
1,Send an email to Tom,1,send,an email,Send an email to Tom,0.7109375,89,supabase_mcp_get_table_schema,0.3828125,53.84615384615385,0.0,0.0,51,,
1,Send an email to Tom,1,send,an email,Send an email to Tom,0.7109375,90,supabase_mcp_select_database_table_data,0.3828125,53.84615384615385,0.0,0.0,51,,
1,Send an email to Tom,1,send,an email,Send an email to Tom,0.7109375,91,project_management_tools_update_task_status,0.3828125,53.84615384615385,0.0,0.0,51,,
1,Send an email to Tom,1,send,an email,Send an email to Tom,0.7109375,92,quest_studio_file_storage_update_file,0.3828125,53.84615384615385,0.001953125,0.27472527472527475,51,0.00390625,0.5
1,Send an email to Tom,1,send,an email,Send an email to Tom,0.7109375,93,github_mcp_server_merge_pull_request,0.380859375,53.57142857142857,0.0,0.0,52,,
1,Send an email to Tom,1,send,an email,Send an email to Tom,0.7109375,94,project_management_tools_delete_sprint,0.380859375,53.57142857142857,0.001953125,0.27472527472527475,52,0.00390625,0.5
1,Send an email to Tom,1,send,an email,Send an email to Tom,0.7109375,95,project_management_tools_create_project,0.37890625,53.2967032967033,0.001953125,0.27472527472527475,53,0.00390625,0.5
1,Send an email to Tom,1,send,an email,Send an email to Tom,0.7109375,96,project_management_tools_get_user_capacity,0.376953125,53.02197802197802,0.0,0.0,54,,
1,Send an email to Tom,1,send,an email,Send an email to Tom,0.7109375,97,github_mcp_server_get_file_contents,0.376953125,53.02197802197802,0.001953125,0.27472527472527475,54,0.0029296875,0.6666666666666666
1,Send an email to Tom,1,send,an email,Send an email to Tom,0.7109375,98,github_mcp_server_push_files,0.375,52.74725274725275,0.0,0.0,55,,
1,Send an email to Tom,1,send,an email,Send an email to Tom,0.7109375,99,quest_studio_file_storage_get_file,0.375,52.74725274725275,0.001953125,0.27472527472527475,55,0.001953125,1.0
1,Send an email to Tom,1,send,an email,Send an email to Tom,0.7109375,100,project_management_tools_update_work_item,0.373046875,52.472527472527474,0.0,0.0,56,,
1,Send an email to Tom,1,send,an email,Send an email to Tom,0.7109375,101,project_management_tools_update_user_capacity,0.373046875,52.472527472527474,0.0,0.0,56,,
1,Send an email to Tom,1,send,an email,Send an email to Tom,0.7109375,102,github_mcp_server_list_pull_requests,0.373046875,52.472527472527474,0.00390625,0.5494505494505495,56,0.001953125,2.0
1,Send an email to Tom,1,send,an email,Send an email to Tom,0.7109375,103,project_management_tools_get_work_item_comments,0.369140625,51.92307692307693,0.001953125,0.27472527472527475,57,0.001953125,1.0
1,Send an email to Tom,1,send,an email,Send an email to Tom,0.7109375,104,project_management_tools_delete_work_item,0.3671875,51.64835164835166,0.0,0.0,58,,
1,Send an email to Tom,1,send,an email,Send an email to Tom,0.7109375,105,github_mcp_server_update_pull_request,0.3671875,51.64835164835166,0.0,0.0,58,,
1,Send an email to Tom,1,send,an email,Send an email to Tom,0.7109375,106,supabase_mcp_get_database_tables,0.3671875,51.64835164835166,0.001953125,0.27472527472527475,58,0.001953125,1.0
1,Send an email to Tom,1,send,an email,Send an email to Tom,0.7109375,107,sharepoint_tools_get_sharepoint_sites,0.365234375,51.373626373626365,0.0,0.0,59,,
1,Send an email to Tom,1,send,an email,Send an email to Tom,0.7109375,108,railway_tools_volume_delete,0.365234375,51.373626373626365,0.001953125,0.27472527472527475,59,0.001953125,1.0
1,Send an email to Tom,1,send,an email,Send an email to Tom,0.7109375,109,railway_tools_volume_update,0.36328125,51.098901098901095,0.0,0.0,60,,
1,Send an email to Tom,1,send,an email,Send an email to Tom,0.7109375,110,quest_studio_file_storage_get_files,0.36328125,51.098901098901095,0.0,0.0,60,,
1,Send an email to Tom,1,send,an email,Send an email to Tom,0.7109375,111,supabase_mcp_get_all_supabase_projects,0.36328125,51.098901098901095,0.001953125,0.27472527472527475,60,0.001953125,1.0
1,Send an email to Tom,1,send,an email,Send an email to Tom,0.7109375,112,github_mcp_server_list_branches,0.361328125,50.824175824175825,0.001953125,0.27472527472527475,61,0.001953125,1.0
1,Send an email to Tom,1,send,an email,Send an email to Tom,0.7109375,113,project_management_tools_get_work_item,0.359375,50.54945054945055,0.005859375,0.8241758241758242,62,0.001953125,3.0
1,Send an email to Tom,1,send,an email,Send an email to Tom,0.7109375,114,railway_tools_volume_list,0.353515625,49.72527472527473,0.00390625,0.5494505494505495,63,0.001953125,2.0
1,Send an email to Tom,1,send,an email,Send an email to Tom,0.7109375,115,github_mcp_server_delete_file,0.349609375,49.175824175824175,0.0078125,1.098901098901099,64,0.001953125,4.0
1,Send an email to Tom,1,send,an email,Send an email to Tom,0.7109375,116,railway_tools_volume_create,0.341796875,48.07692307692308,0.00390625,0.5494505494505495,65,0.001953125,2.0
1,Send an email to Tom,1,send,an email,Send an email to Tom,0.7109375,117,project_management_tools_list_users,0.337890625,47.527472527472526,0.0,0.0,66,,
1,Send an email to Tom,1,send,an email,Send an email to Tom,0.7109375,118,project_management_tools_list_projects,0.337890625,47.527472527472526,0.009765625,1.3736263736263736,66,0.001953125,5.0
1,Send an email to Tom,1,send,an email,Send an email to Tom,0.7109375,119,project_management_tools_get_project,0.328125,46.15384615384615,0.0078125,1.098901098901099,67,0.001953125,4.0
1,Send an email to Tom,1,send,an email,Send an email to Tom,0.7109375,120,project_management_tools_update_project,0.3203125,45.05494505494506,0.00390625,0.5494505494505495,68,0.0029296875,1.3333333333333333
1,Send an email to Tom,1,send,an email,Send an email to Tom,0.7109375,121,project_management_tools_delete_project,0.31640625,44.505494505494504,0.021484375,3.021978021978022,69,0.00390625,5.5
1,Send an email to Tom,1,send,an email,Send an email to Tom,0.7109375,122,quest_studio_file_storage_query_files,0.294921875,41.48351648351649,,,70,,
2,Reply to Tom's email,1,reply,Tom email,Reply to Tom 's email,0.72265625,1,gmail_tools_reply_google_email,0.72265625,100.0,0.01953125,2.7027027027027026,0,,
2,Reply to Tom's email,1,reply,Tom email,Reply to Tom 's email,0.72265625,2,outlook_mail_management_reply_to_email,0.703125,97.2972972972973,0.078125,10.81081081081081,1,,
2,Reply to Tom's email,1,reply,Tom email,Reply to Tom 's email,0.72265625,3,gmail_tools_send_google_email,0.625,86.48648648648648,0.0078125,1.0810810810810811,2,,
2,Reply to Tom's email,1,reply,Tom email,Reply to Tom 's email,0.72265625,4,outlook_mail_management_compose_email,0.6171875,85.4054054054054,0.0078125,1.0810810810810811,3,0.01953125,0.4
2,Reply to Tom's email,1,reply,Tom email,Reply to Tom 's email,0.72265625,5,gmail_tools_forward_google_email,0.609375,84.32432432432432,0.01953125,2.7027027027027026,4,0.013671875,1.4285714285714286
2,Reply to Tom's email,1,reply,Tom email,Reply to Tom 's email,0.72265625,6,gmail_tools_get_google_emails,0.58984375,81.62162162162161,0.01953125,2.7027027027027026,5,0.01953125,1.0
2,Reply to Tom's email,1,reply,Tom email,Reply to Tom 's email,0.72265625,7,gmail_tools_delete_google_email,0.5703125,78.91891891891892,0.00390625,0.5405405405405406,6,0.01953125,0.2
2,Reply to Tom's email,1,reply,Tom email,Reply to Tom 's email,0.72265625,8,outlook_mail_management_send_email,0.56640625,78.37837837837837,0.015625,2.1621621621621623,7,0.01953125,0.8
2,Reply to Tom's email,1,reply,Tom email,Reply to Tom 's email,0.72265625,9,outlook_mail_management_forward_email,0.55078125,76.21621621621621,0.0078125,1.0810810810810811,8,0.017578125,0.4444444444444444
2,Reply to Tom's email,1,reply,Tom email,Reply to Tom 's email,0.72265625,10,outlook_mail_management_find_email_address,0.54296875,75.13513513513513,0.01171875,1.6216216216216217,9,0.015625,0.75
2,Reply to Tom's email,1,reply,Tom email,Reply to Tom 's email,0.72265625,11,outlook_mail_management_search_outlook_mail,0.53125,73.51351351351352,0.033203125,4.594594594594595,10,0.013671875,2.4285714285714284
2,Reply to Tom's email,1,reply,Tom email,Reply to Tom 's email,0.72265625,12,office_word_mcp_server_api_search_replace,0.498046875,68.91891891891892,0.001953125,0.2702702702702703,11,0.015625,0.125
2,Reply to Tom's email,1,reply,Tom email,Reply to Tom 's email,0.72265625,13,outlook_mail_management_get_email_messages,0.49609375,68.64864864864865,0.001953125,0.2702702702702703,12,0.013671875,0.14285714285714285
2,Reply to Tom's email,1,reply,Tom email,Reply to Tom 's email,0.72265625,14,github_mcp_server_pull_request_read,0.494140625,68.37837837837839,0.0,0.0,13,,
2,Reply to Tom's email,1,reply,Tom email,Reply to Tom 's email,0.72265625,15,carrot_mcp_server_api_update_employee,0.494140625,68.37837837837839,0.005859375,0.8108108108108109,13,0.01171875,0.5
2,Reply to Tom's email,1,reply,Tom email,Reply to Tom 's email,0.72265625,16,office_word_mcp_server_api_convert_to_pdf,0.48828125,67.56756756756756,0.00390625,0.5405405405405406,14,0.009765625,0.4
2,Reply to Tom's email,1,reply,Tom email,Reply to Tom 's email,0.72265625,17,office_word_mcp_server_api_add_table,0.484375,67.02702702702703,0.0,0.0,15,,
2,Reply to Tom's email,1,reply,Tom email,Reply to Tom 's email,0.72265625,18,carrot_mcp_server_api_submit_leave_application,0.484375,67.02702702702703,0.001953125,0.2702702702702703,15,0.0078125,0.25
2,Reply to Tom's email,1,reply,Tom email,Reply to Tom 's email,0.72265625,19,office_word_mcp_server_api_add_picture,0.482421875,66.75675675675676,0.005859375,0.8108108108108109,16,0.0078125,0.75
2,Reply to Tom's email,1,reply,Tom email,Reply to Tom 's email,0.72265625,20,office_word_mcp_server_api_copy_document,0.4765625,65.94594594594595,0.001953125,0.2702702702702703,17,0.0078125,0.25
2,Reply to Tom's email,1,reply,Tom email,Reply to Tom 's email,0.72265625,21,office_word_mcp_server_api_add_paragraph,0.474609375,65.67567567567568,0.001953125,0.2702702702702703,18,0.0078125,0.25
2,Reply to Tom's email,1,reply,Tom email,Reply to Tom 's email,0.72265625,22,github_mcp_server_search_repositories,0.47265625,65.4054054054054,0.0,0.0,19,,
2,Reply to Tom's email,1,reply,Tom email,Reply to Tom 's email,0.72265625,23,carrot_mcp_server_api_create_employee,0.47265625,65.4054054054054,0.0,0.0,19,,
2,Reply to Tom's email,1,reply,Tom email,Reply to Tom 's email,0.72265625,24,github_mcp_server_get_commit,0.47265625,65.4054054054054,0.001953125,0.2702702702702703,19,0.0078125,0.25
2,Reply to Tom's email,1,reply,Tom email,Reply to Tom 's email,0.72265625,25,railway_tools_project_info,0.470703125,65.13513513513513,0.0,0.0,20,,
2,Reply to Tom's email,1,reply,Tom email,Reply to Tom 's email,0.72265625,26,office_word_mcp_server_api_find_text_in_document,0.470703125,65.13513513513513,0.0,0.0,20,,
2,Reply to Tom's email,1,reply,Tom email,Reply to Tom 's email,0.72265625,27,office_word_mcp_server_api_add_heading,0.470703125,65.13513513513513,0.0,0.0,20,,
2,Reply to Tom's email,1,reply,Tom email,Reply to Tom 's email,0.72265625,28,office_word_mcp_server_api_get_document_outline,0.470703125,65.13513513513513,0.001953125,0.2702702702702703,20,0.0068359375,0.2857142857142857
2,Reply to Tom's email,1,reply,Tom email,Reply to Tom 's email,0.72265625,29,github_mcp_server_create_or_update_file,0.46875,64.86486486486487,0.0,0.0,21,,
2,Reply to Tom's email,1,reply,Tom email,Reply to Tom 's email,0.72265625,30,sharepoint_tools_create_txt_file_in_sharepoint,0.46875,64.86486486486487,0.001953125,0.2702702702702703,21,0.005859375,0.3333333333333333
2,Reply to Tom's email,1,reply,Tom email,Reply to Tom 's email,0.72265625,31,carrot_mcp_server_api_create_leave_application,0.466796875,64.5945945945946,0.0,0.0,22,,
2,Reply to Tom's email,1,reply,Tom email,Reply to Tom 's email,0.72265625,32,office_word_mcp_server_api_create_word_document,0.466796875,64.5945945945946,0.00390625,0.5405405405405406,22,0.005859375,0.6666666666666666
2,Reply to Tom's email,1,reply,Tom email,Reply to Tom 's email,0.72265625,33,office_word_mcp_server_api_get_paragraph_text_from_document,0.462890625,64.05405405405405,0.0,0.0,23,,
2,Reply to Tom's email,1,reply,Tom email,Reply to Tom 's email,0.72265625,34,carrot_mcp_server_api_update_leave_application,0.462890625,64.05405405405405,0.001953125,0.2702702702702703,23,0.005859375,0.3333333333333333
2,Reply to Tom's email,1,reply,Tom email,Reply to Tom 's email,0.72265625,35,outlook_mail_management_delete_email_message,0.4609375,63.78378378378379,0.0,0.0,24,,
2,Reply to Tom's email,1,reply,Tom email,Reply to Tom 's email,0.72265625,36,office_word_mcp_server_api_get_document_text,0.4609375,63.78378378378379,0.0,0.0,24,,
2,Reply to Tom's email,1,reply,Tom email,Reply to Tom 's email,0.72265625,37,github_mcp_server_get_me,0.4609375,63.78378378378379,0.0,0.0,24,,
2,Reply to Tom's email,1,reply,Tom email,Reply to Tom 's email,0.72265625,38,office_word_mcp_server_api_get_document_info,0.4609375,63.78378378378379,0.001953125,0.2702702702702703,24,0.0048828125,0.4
2,Reply to Tom's email,1,reply,Tom email,Reply to Tom 's email,0.72265625,39,github_mcp_server_list_commits,0.458984375,63.51351351351351,0.001953125,0.2702702702702703,25,0.00390625,0.5
2,Reply to Tom's email,1,reply,Tom email,Reply to Tom 's email,0.72265625,40,office_word_mcp_server_api_get_document_xml,0.45703125,63.24324324324324,0.001953125,0.2702702702702703,26,0.00390625,0.5
2,Reply to Tom's email,1,reply,Tom email,Reply to Tom 's email,0.72265625,41,carrot_mcp_server_api_get_employee,0.455078125,62.972972972972975,0.0,0.0,27,,
2,Reply to Tom's email,1,reply,Tom email,Reply to Tom 's email,0.72265625,42,github_mcp_server_list_pull_requests,0.455078125,62.972972972972975,0.0,0.0,27,,
2,Reply to Tom's email,1,reply,Tom email,Reply to Tom 's email,0.72265625,43,office_word_mcp_server_api_add_page_break,0.455078125,62.972972972972975,0.0,0.0,27,,
2,Reply to Tom's email,1,reply,Tom email,Reply to Tom 's email,0.72265625,44,project_management_tools_get_team,0.455078125,62.972972972972975,0.001953125,0.2702702702702703,27,0.00390625,0.5
2,Reply to Tom's email,1,reply,Tom email,Reply to Tom 's email,0.72265625,45,railway_tools_project_environments,0.453125,62.70270270270271,0.0,0.0,28,,
2,Reply to Tom's email,1,reply,Tom email,Reply to Tom 's email,0.72265625,46,office_word_mcp_server_api_delete_paragraph,0.453125,62.70270270270271,0.001953125,0.2702702702702703,28,0.00390625,0.5
2,Reply to Tom's email,1,reply,Tom email,Reply to Tom 's email,0.72265625,47,carrot_mcp_server_api_list_employees,0.451171875,62.43243243243243,0.001953125,0.2702702702702703,29,0.00390625,0.5
2,Reply to Tom's email,1,reply,Tom email,Reply to Tom 's email,0.72265625,48,railway_tools_service_restart,0.44921875,62.16216216216216,0.0,0.0,30,,
2,Reply to Tom's email,1,reply,Tom email,Reply to Tom 's email,0.72265625,49,carrot_mcp_server_api_hr_dashboard_summary,0.44921875,62.16216216216216,0.001953125,0.2702702702702703,30,0.0029296875,0.6666666666666666
2,Reply to Tom's email,1,reply,Tom email,Reply to Tom 's email,0.72265625,50,office_word_mcp_server_api_delete_document,0.447265625,61.891891891891895,0.0,0.0,31,,
2,Reply to Tom's email,1,reply,Tom email,Reply to Tom 's email,0.72265625,51,github_mcp_server_merge_pull_request,0.447265625,61.891891891891895,0.0,0.0,31,,
2,Reply to Tom's email,1,reply,Tom email,Reply to Tom 's email,0.72265625,52,railway_tools_service_create_from_repo,0.447265625,61.891891891891895,0.0,0.0,31,,
2,Reply to Tom's email,1,reply,Tom email,Reply to Tom 's email,0.72265625,53,supabase_mcp_update_database_table_data,0.447265625,61.891891891891895,0.0,0.0,31,,
2,Reply to Tom's email,1,reply,Tom email,Reply to Tom 's email,0.72265625,54,project_management_tools_list_work_items,0.447265625,61.891891891891895,0.001953125,0.2702702702702703,31,0.001953125,1.0
2,Reply to Tom's email,1,reply,Tom email,Reply to Tom 's email,0.72265625,55,project_management_tools_create_team,0.4453125,61.62162162162163,0.0,0.0,32,,
2,Reply to Tom's email,1,reply,Tom email,Reply to Tom 's email,0.72265625,56,project_management_tools_get_work_item_comments,0.4453125,61.62162162162163,0.001953125,0.2702702702702703,32,0.001953125,1.0
2,Reply to Tom's email,1,reply,Tom email,Reply to Tom 's email,0.72265625,57,office_word_mcp_server_api_merge_doucments,0.443359375,61.35135135135135,0.0,0.0,33,,
2,Reply to Tom's email,1,reply,Tom email,Reply to Tom 's email,0.72265625,58,github_mcp_server_update_pull_request,0.443359375,61.35135135135135,0.0,0.0,33,,
2,Reply to Tom's email,1,reply,Tom email,Reply to Tom 's email,0.72265625,59,railway_tools_service_list,0.443359375,61.35135135135135,0.001953125,0.2702702702702703,33,0.001953125,1.0
2,Reply to Tom's email,1,reply,Tom email,Reply to Tom 's email,0.72265625,60,project_management_tools_view_board,0.44140625,61.08108108108108,0.001953125,0.2702702702702703,34,0.001953125,1.0
2,Reply to Tom's email,1,reply,Tom email,Reply to Tom 's email,0.72265625,61,github_mcp_server_create_pull_request,0.439453125,60.810810810810814,0.0,0.0,35,,
2,Reply to Tom's email,1,reply,Tom email,Reply to Tom 's email,0.72265625,62,railway_tools_project_list,0.439453125,60.810810810810814,0.0,0.0,35,,
2,Reply to Tom's email,1,reply,Tom email,Reply to Tom 's email,0.72265625,63,project_management_tools_list_teams,0.439453125,60.810810810810814,0.0,0.0,35,,
2,Reply to Tom's email,1,reply,Tom email,Reply to Tom 's email,0.72265625,64,railway_tools_service_info,0.439453125,60.810810810810814,0.001953125,0.2702702702702703,35,0.001953125,1.0
2,Reply to Tom's email,1,reply,Tom email,Reply to Tom 's email,0.72265625,65,project_management_tools_export_sprint_to_sharepoint,0.4375,60.54054054054055,0.001953125,0.2702702702702703,36,0.001953125,1.0
2,Reply to Tom's email,1,reply,Tom email,Reply to Tom 's email,0.72265625,66,project_management_tools_delete_team,0.435546875,60.27027027027027,0.0,0.0,37,,
2,Reply to Tom's email,1,reply,Tom email,Reply to Tom 's email,0.72265625,67,quest_studio_file_storage_get_storage_usage,0.435546875,60.27027027027027,0.0,0.0,37,,
2,Reply to Tom's email,1,reply,Tom email,Reply to Tom 's email,0.72265625,68,railway_tools_project_delete,0.435546875,60.27027027027027,0.001953125,0.2702702702702703,37,0.001953125,1.0
2,Reply to Tom's email,1,reply,Tom email,Reply to Tom 's email,0.72265625,69,project_management_tools_list_team_members,0.43359375,60.0,0.0,0.0,38,,
2,Reply to Tom's email,1,reply,Tom email,Reply to Tom 's email,0.72265625,70,project_management_tools_update_task_status,0.43359375,60.0,0.001953125,0.2702702702702703,38,0.001953125,1.0
2,Reply to Tom's email,1,reply,Tom email,Reply to Tom 's email,0.72265625,71,github_mcp_server_get_file_contents,0.431640625,59.72972972972973,0.0,0.0,39,,
2,Reply to Tom's email,1,reply,Tom email,Reply to Tom 's email,0.72265625,72,github_mcp_server_create_repository,0.431640625,59.72972972972973,0.001953125,0.2702702702702703,39,0.001953125,1.0
2,Reply to Tom's email,1,reply,Tom email,Reply to Tom 's email,0.72265625,73,railway_tools_service_update,0.4296875,59.45945945945946,0.001953125,0.2702702702702703,40,0.001953125,1.0
2,Reply to Tom's email,1,reply,Tom email,Reply to Tom 's email,0.72265625,74,railway_tools_project_create,0.427734375,59.189189189189186,0.001953125,0.2702702702702703,41,0.001953125,1.0
2,Reply to Tom's email,1,reply,Tom email,Reply to Tom 's email,0.72265625,75,github_mcp_server_list_branches,0.42578125,58.91891891891892,0.001953125,0.2702702702702703,42,0.001953125,1.0
2,Reply to Tom's email,1,reply,Tom email,Reply to Tom 's email,0.72265625,76,web_search_tools_web_search,0.423828125,58.648648648648646,0.0,0.0,43,,
2,Reply to Tom's email,1,reply,Tom email,Reply to Tom 's email,0.72265625,77,office_word_mcp_server_api_list_files,0.423828125,58.648648648648646,0.001953125,0.2702702702702703,43,0.001953125,1.0
2,Reply to Tom's email,1,reply,Tom email,Reply to Tom 's email,0.72265625,78,supabase_mcp_get_table_schema,0.421875,58.37837837837838,0.0,0.0,44,,
2,Reply to Tom's email,1,reply,Tom email,Reply to Tom 's email,0.72265625,79,railway_tools_database_list_types,0.421875,58.37837837837838,0.0,0.0,44,,
2,Reply to Tom's email,1,reply,Tom email,Reply to Tom 's email,0.72265625,80,quest_studio_file_storage_get_file_content,0.421875,58.37837837837838,0.0,0.0,44,,
2,Reply to Tom's email,1,reply,Tom email,Reply to Tom 's email,0.72265625,81,project_management_tools_list_sprints,0.421875,58.37837837837838,0.0,0.0,44,,
2,Reply to Tom's email,1,reply,Tom email,Reply to Tom 's email,0.72265625,82,project_management_tools_add_work_item_comment,0.421875,58.37837837837838,0.0,0.0,44,,
2,Reply to Tom's email,1,reply,Tom email,Reply to Tom 's email,0.72265625,83,supabase_mcp_check_database_health,0.421875,58.37837837837838,0.001953125,0.2702702702702703,44,0.001953125,1.0
2,Reply to Tom's email,1,reply,Tom email,Reply to Tom 's email,0.72265625,84,quest_studio_file_storage_delete_file,0.419921875,58.108108108108105,0.00390625,0.5405405405405406,45,0.001953125,2.0
2,Reply to Tom's email,1,reply,Tom email,Reply to Tom 's email,0.72265625,85,carrot_mcp_server_api_work_hours_summary,0.416015625,57.567567567567565,0.0,0.0,46,,
2,Reply to Tom's email,1,reply,Tom email,Reply to Tom 's email,0.72265625,86,carrot_mcp_server_api_log_hours_entry,0.416015625,57.567567567567565,0.00390625,0.5405405405405406,46,0.001953125,2.0
2,Reply to Tom's email,1,reply,Tom email,Reply to Tom 's email,0.72265625,87,project_management_tools_assign_work_item,0.412109375,57.027027027027025,0.0,0.0,47,,
2,Reply to Tom's email,1,reply,Tom email,Reply to Tom 's email,0.72265625,88,carrot_mcp_server_api_list_leave_application,0.412109375,57.027027027027025,0.001953125,0.2702702702702703,47,0.001953125,1.0
2,Reply to Tom's email,1,reply,Tom email,Reply to Tom 's email,0.72265625,89,project_management_tools_get_sprint,0.41015625,56.75675675675676,0.0,0.0,48,,
2,Reply to Tom's email,1,reply,Tom email,Reply to Tom 's email,0.72265625,90,supabase_mcp_insert_table_data,0.41015625,56.75675675675676,0.001953125,0.2702702702702703,48,0.001953125,1.0
2,Reply to Tom's email,1,reply,Tom email,Reply to Tom 's email,0.72265625,91,railway_tools_service_create_from_image,0.408203125,56.486486486486484,0.0,0.0,49,,
2,Reply to Tom's email,1,reply,Tom email,Reply to Tom 's email,0.72265625,92,project_management_tools_get_user_capacity,0.408203125,56.486486486486484,0.001953125,0.2702702702702703,49,0.001953125,1.0
2,Reply to Tom's email,1,reply,Tom email,Reply to Tom 's email,0.72265625,93,railway_tools_service_delete,0.40625,56.21621621621622,0.0,0.0,50,,
2,Reply to Tom's email,1,reply,Tom email,Reply to Tom 's email,0.72265625,94,quest_studio_file_storage_update_file,0.40625,56.21621621621622,0.001953125,0.2702702702702703,50,0.001953125,1.0
2,Reply to Tom's email,1,reply,Tom email,Reply to Tom 's email,0.72265625,95,supabase_mcp_select_database_table_data,0.404296875,55.945945945945944,0.0,0.0,51,,
2,Reply to Tom's email,1,reply,Tom email,Reply to Tom 's email,0.72265625,96,github_mcp_server_create_branch,0.404296875,55.945945945945944,0.001953125,0.2702702702702703,51,0.001953125,1.0
2,Reply to Tom's email,1,reply,Tom email,Reply to Tom 's email,0.72265625,97,sharepoint_tools_get_sharepoint_documents,0.40234375,55.67567567567567,0.001953125,0.2702702702702703,52,0.001953125,1.0
2,Reply to Tom's email,1,reply,Tom email,Reply to Tom 's email,0.72265625,98,project_management_tools_create_work_item,0.400390625,55.4054054054054,0.001953125,0.2702702702702703,53,0.001953125,1.0
2,Reply to Tom's email,1,reply,Tom email,Reply to Tom 's email,0.72265625,99,project_management_tools_update_work_item,0.3984375,55.13513513513514,0.0,0.0,54,,
2,Reply to Tom's email,1,reply,Tom email,Reply to Tom 's email,0.72265625,100,supabase_mcp_get_database_tables,0.3984375,55.13513513513514,0.0,0.0,54,,
2,Reply to Tom's email,1,reply,Tom email,Reply to Tom 's email,0.72265625,101,quest_studio_file_storage_get_file,0.3984375,55.13513513513514,0.00390625,0.5405405405405406,54,0.001953125,2.0
2,Reply to Tom's email,1,reply,Tom email,Reply to Tom 's email,0.72265625,102,project_management_tools_create_sprint,0.39453125,54.59459459459459,0.001953125,0.2702702702702703,55,0.001953125,1.0
2,Reply to Tom's email,1,reply,Tom email,Reply to Tom 's email,0.72265625,103,project_management_tools_update_user_capacity,0.392578125,54.32432432432432,0.001953125,0.2702702702702703,56,0.001953125,1.0
2,Reply to Tom's email,1,reply,Tom email,Reply to Tom 's email,0.72265625,104,railway_tools_volume_update,0.390625,54.054054054054056,0.001953125,0.2702702702702703,57,0.001953125,1.0
2,Reply to Tom's email,1,reply,Tom email,Reply to Tom 's email,0.72265625,105,sharepoint_tools_get_sharepoint_sites,0.388671875,53.783783783783775,0.001953125,0.2702702702702703,58,0.001953125,1.0
2,Reply to Tom's email,1,reply,Tom email,Reply to Tom 's email,0.72265625,106,project_management_tools_delete_sprint,0.38671875,53.51351351351351,0.0,0.0,59,,
2,Reply to Tom's email,1,reply,Tom email,Reply to Tom 's email,0.72265625,107,supabase_mcp_get_all_supabase_projects,0.38671875,53.51351351351351,0.0,0.0,59,,
2,Reply to Tom's email,1,reply,Tom email,Reply to Tom 's email,0.72265625,108,railway_tools_volume_delete,0.38671875,53.51351351351351,0.001953125,0.2702702702702703,59,0.001953125,1.0
2,Reply to Tom's email,1,reply,Tom email,Reply to Tom 's email,0.72265625,109,project_management_tools_get_work_item,0.384765625,53.24324324324324,0.0,0.0,60,,
2,Reply to Tom's email,1,reply,Tom email,Reply to Tom 's email,0.72265625,110,quest_studio_file_storage_get_files,0.384765625,53.24324324324324,0.0,0.0,60,,
2,Reply to Tom's email,1,reply,Tom email,Reply to Tom 's email,0.72265625,111,github_mcp_server_delete_file,0.384765625,53.24324324324324,0.00390625,0.5405405405405406,60,0.001953125,2.0
2,Reply to Tom's email,1,reply,Tom email,Reply to Tom 's email,0.72265625,112,project_management_tools_delete_work_item,0.380859375,52.702702702702695,0.013671875,1.891891891891892,61,0.001953125,7.0
2,Reply to Tom's email,1,reply,Tom email,Reply to Tom 's email,0.72265625,113,project_management_tools_list_users,0.3671875,50.810810810810814,0.0,0.0,62,,
2,Reply to Tom's email,1,reply,Tom email,Reply to Tom 's email,0.72265625,114,project_management_tools_create_project,0.3671875,50.810810810810814,0.005859375,0.8108108108108109,62,0.001953125,3.0
2,Reply to Tom's email,1,reply,Tom email,Reply to Tom 's email,0.72265625,115,railway_tools_volume_list,0.361328125,50.0,0.00390625,0.5405405405405406,63,0.001953125,2.0
2,Reply to Tom's email,1,reply,Tom email,Reply to Tom 's email,0.72265625,116,project_management_tools_list_projects,0.357421875,49.45945945945946,0.0,0.0,64,,
2,Reply to Tom's email,1,reply,Tom email,Reply to Tom 's email,0.72265625,117,project_management_tools_get_project,0.357421875,49.45945945945946,0.001953125,0.2702702702702703,64,0.001953125,1.0
2,Reply to Tom's email,1,reply,Tom email,Reply to Tom 's email,0.72265625,118,project_management_tools_update_project,0.35546875,49.18918918918919,0.001953125,0.2702702702702703,65,0.001953125,1.0
2,Reply to Tom's email,1,reply,Tom email,Reply to Tom 's email,0.72265625,119,github_mcp_server_push_files,0.353515625,48.91891891891892,0.013671875,1.891891891891892,66,0.001953125,7.0
2,Reply to Tom's email,1,reply,Tom email,Reply to Tom 's email,0.72265625,120,quest_studio_file_storage_query_files,0.33984375,47.02702702702703,0.001953125,0.2702702702702703,67,0.001953125,1.0
2,Reply to Tom's email,1,reply,Tom email,Reply to Tom 's email,0.72265625,121,railway_tools_volume_create,0.337890625,46.75675675675676,0.01171875,1.6216216216216217,68,0.001953125,6.0
2,Reply to Tom's email,1,reply,Tom email,Reply to Tom 's email,0.72265625,122,project_management_tools_delete_project,0.326171875,45.13513513513514,,,69,,
3,Search the web for the latest Nvidia news,1,search,the web,Search the web for the latest Nvidia news,0.58984375,1,web_search_tools_web_search,0.58984375,100.0,0.06640625,11.258278145695364,0,,
3,Search the web for the latest Nvidia news,1,search,the web,Search the web for the latest Nvidia news,0.58984375,2,github_mcp_server_search_repositories,0.5234375,88.74172185430463,0.048828125,8.27814569536424,1,,
3,Search the web for the latest Nvidia news,1,search,the web,Search the web for the latest Nvidia news,0.58984375,3,github_mcp_server_pull_request_read,0.474609375,80.4635761589404,0.005859375,0.9933774834437087,2,,
3,Search the web for the latest Nvidia news,1,search,the web,Search the web for the latest Nvidia news,0.58984375,4,office_word_mcp_server_api_search_replace,0.46875,79.47019867549669,0.001953125,0.33112582781456956,3,0.048828125,0.04
3,Search the web for the latest Nvidia news,1,search,the web,Search the web for the latest Nvidia news,0.58984375,5,railway_tools_service_info,0.466796875,79.13907284768213,0.0078125,1.3245033112582782,4,0.02734375,0.2857142857142857
3,Search the web for the latest Nvidia news,1,search,the web,Search the web for the latest Nvidia news,0.58984375,6,railway_tools_project_info,0.458984375,77.81456953642383,0.009765625,1.6556291390728477,5,0.0078125,1.25
3,Search the web for the latest Nvidia news,1,search,the web,Search the web for the latest Nvidia news,0.58984375,7,gmail_tools_reply_google_email,0.44921875,76.15894039735099,0.001953125,0.33112582781456956,6,0.0087890625,0.2222222222222222
3,Search the web for the latest Nvidia news,1,search,the web,Search the web for the latest Nvidia news,0.58984375,8,github_mcp_server_get_commit,0.447265625,75.82781456953643,0.0,0.0,7,,
3,Search the web for the latest Nvidia news,1,search,the web,Search the web for the latest Nvidia news,0.58984375,9,office_word_mcp_server_api_find_text_in_document,0.447265625,75.82781456953643,0.001953125,0.33112582781456956,7,0.0078125,0.25
3,Search the web for the latest Nvidia news,1,search,the web,Search the web for the latest Nvidia news,0.58984375,10,railway_tools_service_create_from_repo,0.4453125,75.49668874172185,0.00390625,0.6622516556291391,8,0.0068359375,0.5714285714285714
3,Search the web for the latest Nvidia news,1,search,the web,Search the web for the latest Nvidia news,0.58984375,11,github_mcp_server_list_commits,0.44140625,74.83443708609272,0.001953125,0.33112582781456956,9,0.005859375,0.3333333333333333
3,Search the web for the latest Nvidia news,1,search,the web,Search the web for the latest Nvidia news,0.58984375,12,gmail_tools_get_google_emails,0.439453125,74.50331125827815,0.001953125,0.33112582781456956,10,0.0048828125,0.4
3,Search the web for the latest Nvidia news,1,search,the web,Search the web for the latest Nvidia news,0.58984375,13,gmail_tools_send_google_email,0.4375,74.17218543046357,0.0,0.0,11,,
3,Search the web for the latest Nvidia news,1,search,the web,Search the web for the latest Nvidia news,0.58984375,14,github_mcp_server_list_pull_requests,0.4375,74.17218543046357,0.0,0.0,11,,
3,Search the web for the latest Nvidia news,1,search,the web,Search the web for the latest Nvidia news,0.58984375,15,github_mcp_server_get_me,0.4375,74.17218543046357,0.00390625,0.6622516556291391,11,0.00390625,1.0
3,Search the web for the latest Nvidia news,1,search,the web,Search the web for the latest Nvidia news,0.58984375,16,railway_tools_service_update,0.43359375,73.50993377483444,0.00390625,0.6622516556291391,12,0.00390625,1.0
3,Search the web for the latest Nvidia news,1,search,the web,Search the web for the latest Nvidia news,0.58984375,17,carrot_mcp_server_api_hr_dashboard_summary,0.4296875,72.84768211920529,0.001953125,0.33112582781456956,13,0.00390625,0.5
3,Search the web for the latest Nvidia news,1,search,the web,Search the web for the latest Nvidia news,0.58984375,18,railway_tools_service_list,0.427734375,72.51655629139073,0.001953125,0.33112582781456956,14,0.00390625,0.5
3,Search the web for the latest Nvidia news,1,search,the web,Search the web for the latest Nvidia news,0.58984375,19,office_word_mcp_server_api_get_paragraph_text_from_document,0.42578125,72.18543046357617,0.001953125,0.33112582781456956,15,0.00390625,0.5
3,Search the web for the latest Nvidia news,1,search,the web,Search the web for the latest Nvidia news,0.58984375,20,gmail_tools_forward_google_email,0.423828125,71.8543046357616,0.001953125,0.33112582781456956,16,0.0029296875,0.6666666666666666
3,Search the web for the latest Nvidia news,1,search,the web,Search the web for the latest Nvidia news,0.58984375,21,railway_tools_project_environments,0.421875,71.52317880794702,0.0,0.0,17,,
3,Search the web for the latest Nvidia news,1,search,the web,Search the web for the latest Nvidia news,0.58984375,22,railway_tools_project_list,0.421875,71.52317880794702,0.001953125,0.33112582781456956,17,0.001953125,1.0
3,Search the web for the latest Nvidia news,1,search,the web,Search the web for the latest Nvidia news,0.58984375,23,github_mcp_server_list_branches,0.419921875,71.19205298013244,0.001953125,0.33112582781456956,18,0.001953125,1.0
3,Search the web for the latest Nvidia news,1,search,the web,Search the web for the latest Nvidia news,0.58984375,24,quest_studio_file_storage_get_storage_usage,0.41796875,70.86092715231787,0.001953125,0.33112582781456956,19,0.001953125,1.0
3,Search the web for the latest Nvidia news,1,search,the web,Search the web for the latest Nvidia news,0.58984375,25,office_word_mcp_server_api_add_heading,0.416015625,70.52980132450331,0.001953125,0.33112582781456956,20,0.001953125,1.0
3,Search the web for the latest Nvidia news,1,search,the web,Search the web for the latest Nvidia news,0.58984375,26,office_word_mcp_server_api_get_document_info,0.4140625,70.19867549668875,0.0,0.0,21,,
3,Search the web for the latest Nvidia news,1,search,the web,Search the web for the latest Nvidia news,0.58984375,27,github_mcp_server_create_pull_request,0.4140625,70.19867549668875,0.00390625,0.6622516556291391,21,0.001953125,2.0
3,Search the web for the latest Nvidia news,1,search,the web,Search the web for the latest Nvidia news,0.58984375,28,railway_tools_service_create_from_image,0.41015625,69.5364238410596,0.001953125,0.33112582781456956,22,0.001953125,1.0
3,Search the web for the latest Nvidia news,1,search,the web,Search the web for the latest Nvidia news,0.58984375,29,railway_tools_service_restart,0.408203125,69.20529801324503,0.001953125,0.33112582781456956,23,0.001953125,1.0
3,Search the web for the latest Nvidia news,1,search,the web,Search the web for the latest Nvidia news,0.58984375,30,office_word_mcp_server_api_get_document_text,0.40625,68.87417218543047,0.001953125,0.33112582781456956,24,0.001953125,1.0
3,Search the web for the latest Nvidia news,1,search,the web,Search the web for the latest Nvidia news,0.58984375,31,github_mcp_server_update_pull_request,0.404296875,68.54304635761589,0.001953125,0.33112582781456956,25,0.001953125,1.0
3,Search the web for the latest Nvidia news,1,search,the web,Search the web for the latest Nvidia news,0.58984375,32,railway_tools_project_create,0.40234375,68.21192052980133,0.0,0.0,26,,
3,Search the web for the latest Nvidia news,1,search,the web,Search the web for the latest Nvidia news,0.58984375,33,github_mcp_server_create_branch,0.40234375,68.21192052980133,0.0,0.0,26,,
3,Search the web for the latest Nvidia news,1,search,the web,Search the web for the latest Nvidia news,0.58984375,34,office_word_mcp_server_api_get_document_outline,0.40234375,68.21192052980133,0.0,0.0,26,,
3,Search the web for the latest Nvidia news,1,search,the web,Search the web for the latest Nvidia news,0.58984375,35,railway_tools_volume_list,0.40234375,68.21192052980133,0.001953125,0.33112582781456956,26,0.001953125,1.0
3,Search the web for the latest Nvidia news,1,search,the web,Search the web for the latest Nvidia news,0.58984375,36,railway_tools_database_list_types,0.400390625,67.88079470198676,0.0,0.0,27,,
3,Search the web for the latest Nvidia news,1,search,the web,Search the web for the latest Nvidia news,0.58984375,37,github_mcp_server_create_or_update_file,0.400390625,67.88079470198676,0.001953125,0.33112582781456956,27,0.001953125,1.0
3,Search the web for the latest Nvidia news,1,search,the web,Search the web for the latest Nvidia news,0.58984375,38,office_word_mcp_server_api_add_page_break,0.3984375,67.54966887417218,0.0,0.0,28,,
3,Search the web for the latest Nvidia news,1,search,the web,Search the web for the latest Nvidia news,0.58984375,39,outlook_mail_management_find_email_address,0.3984375,67.54966887417218,0.001953125,0.33112582781456956,28,0.001953125,1.0
3,Search the web for the latest Nvidia news,1,search,the web,Search the web for the latest Nvidia news,0.58984375,40,github_mcp_server_merge_pull_request,0.396484375,67.21854304635761,0.001953125,0.33112582781456956,29,0.001953125,1.0
3,Search the web for the latest Nvidia news,1,search,the web,Search the web for the latest Nvidia news,0.58984375,41,project_management_tools_view_board,0.39453125,66.88741721854305,0.0,0.0,30,,
3,Search the web for the latest Nvidia news,1,search,the web,Search the web for the latest Nvidia news,0.58984375,42,project_management_tools_get_team,0.39453125,66.88741721854305,0.00390625,0.6622516556291391,30,0.001953125,2.0
3,Search the web for the latest Nvidia news,1,search,the web,Search the web for the latest Nvidia news,0.58984375,43,railway_tools_volume_update,0.390625,66.22516556291392,0.0,0.0,31,,
3,Search the web for the latest Nvidia news,1,search,the web,Search the web for the latest Nvidia news,0.58984375,44,outlook_mail_management_search_outlook_mail,0.390625,66.22516556291392,0.001953125,0.33112582781456956,31,0.001953125,1.0
3,Search the web for the latest Nvidia news,1,search,the web,Search the web for the latest Nvidia news,0.58984375,45,github_mcp_server_get_file_contents,0.388671875,65.89403973509934,0.0,0.0,32,,
3,Search the web for the latest Nvidia news,1,search,the web,Search the web for the latest Nvidia news,0.58984375,46,supabase_mcp_get_all_supabase_projects,0.388671875,65.89403973509934,0.0,0.0,32,,
3,Search the web for the latest Nvidia news,1,search,the web,Search the web for the latest Nvidia news,0.58984375,47,office_word_mcp_server_api_add_paragraph,0.388671875,65.89403973509934,0.001953125,0.33112582781456956,32,0.001953125,1.0
3,Search the web for the latest Nvidia news,1,search,the web,Search the web for the latest Nvidia news,0.58984375,48,carrot_mcp_server_api_update_employee,0.38671875,65.56291390728477,0.0,0.0,33,,
3,Search the web for the latest Nvidia news,1,search,the web,Search the web for the latest Nvidia news,0.58984375,49,carrot_mcp_server_api_submit_leave_application,0.38671875,65.56291390728477,0.001953125,0.33112582781456956,33,0.001953125,1.0
3,Search the web for the latest Nvidia news,1,search,the web,Search the web for the latest Nvidia news,0.58984375,50,supabase_mcp_check_database_health,0.384765625,65.23178807947019,0.0,0.0,34,,
3,Search the web for the latest Nvidia news,1,search,the web,Search the web for the latest Nvidia news,0.58984375,51,project_management_tools_list_projects,0.384765625,65.23178807947019,0.0,0.0,34,,
3,Search the web for the latest Nvidia news,1,search,the web,Search the web for the latest Nvidia news,0.58984375,52,office_word_mcp_server_api_copy_document,0.384765625,65.23178807947019,0.001953125,0.33112582781456956,34,0.001953125,1.0
3,Search the web for the latest Nvidia news,1,search,the web,Search the web for the latest Nvidia news,0.58984375,53,carrot_mcp_server_api_list_employees,0.3828125,64.90066225165563,0.0,0.0,35,,
3,Search the web for the latest Nvidia news,1,search,the web,Search the web for the latest Nvidia news,0.58984375,54,quest_studio_file_storage_get_file_content,0.3828125,64.90066225165563,0.0,0.0,35,,
3,Search the web for the latest Nvidia news,1,search,the web,Search the web for the latest Nvidia news,0.58984375,55,railway_tools_volume_delete,0.3828125,64.90066225165563,0.0,0.0,35,,
3,Search the web for the latest Nvidia news,1,search,the web,Search the web for the latest Nvidia news,0.58984375,56,carrot_mcp_server_api_log_hours_entry,0.3828125,64.90066225165563,0.001953125,0.33112582781456956,35,0.001953125,1.0
3,Search the web for the latest Nvidia news,1,search,the web,Search the web for the latest Nvidia news,0.58984375,57,github_mcp_server_create_repository,0.380859375,64.56953642384106,0.001953125,0.33112582781456956,36,0.001953125,1.0
3,Search the web for the latest Nvidia news,1,search,the web,Search the web for the latest Nvidia news,0.58984375,58,carrot_mcp_server_api_get_employee,0.37890625,64.23841059602648,0.0,0.0,37,,
3,Search the web for the latest Nvidia news,1,search,the web,Search the web for the latest Nvidia news,0.58984375,59,railway_tools_project_delete,0.37890625,64.23841059602648,0.001953125,0.33112582781456956,37,0.001953125,1.0
3,Search the web for the latest Nvidia news,1,search,the web,Search the web for the latest Nvidia news,0.58984375,60,quest_studio_file_storage_query_files,0.376953125,63.90728476821192,0.0,0.0,38,,
3,Search the web for the latest Nvidia news,1,search,the web,Search the web for the latest Nvidia news,0.58984375,61,project_management_tools_list_teams,0.376953125,63.90728476821192,0.001953125,0.33112582781456956,38,0.001953125,1.0
3,Search the web for the latest Nvidia news,1,search,the web,Search the web for the latest Nvidia news,0.58984375,62,office_word_mcp_server_api_convert_to_pdf,0.375,63.576158940397356,0.0,0.0,39,,
3,Search the web for the latest Nvidia news,1,search,the web,Search the web for the latest Nvidia news,0.58984375,63,sharepoint_tools_get_sharepoint_sites,0.375,63.576158940397356,0.0,0.0,39,,
3,Search the web for the latest Nvidia news,1,search,the web,Search the web for the latest Nvidia news,0.58984375,64,supabase_mcp_get_table_schema,0.375,63.576158940397356,0.001953125,0.33112582781456956,39,0.001953125,1.0
3,Search the web for the latest Nvidia news,1,search,the web,Search the web for the latest Nvidia news,0.58984375,65,office_word_mcp_server_api_get_document_xml,0.373046875,63.24503311258278,0.0,0.0,40,,
3,Search the web for the latest Nvidia news,1,search,the web,Search the web for the latest Nvidia news,0.58984375,66,carrot_mcp_server_api_work_hours_summary,0.373046875,63.24503311258278,0.0,0.0,40,,
3,Search the web for the latest Nvidia news,1,search,the web,Search the web for the latest Nvidia news,0.58984375,67,sharepoint_tools_get_sharepoint_documents,0.373046875,63.24503311258278,0.001953125,0.33112582781456956,40,0.001953125,1.0
3,Search the web for the latest Nvidia news,1,search,the web,Search the web for the latest Nvidia news,0.58984375,68,project_management_tools_create_work_item,0.37109375,62.913907284768214,0.0,0.0,41,,
3,Search the web for the latest Nvidia news,1,search,the web,Search the web for the latest Nvidia news,0.58984375,69,office_word_mcp_server_api_create_word_document,0.37109375,62.913907284768214,0.0,0.0,41,,
3,Search the web for the latest Nvidia news,1,search,the web,Search the web for the latest Nvidia news,0.58984375,70,project_management_tools_create_project,0.37109375,62.913907284768214,0.0,0.0,41,,
3,Search the web for the latest Nvidia news,1,search,the web,Search the web for the latest Nvidia news,0.58984375,71,project_management_tools_list_work_items,0.37109375,62.913907284768214,0.0,0.0,41,,
3,Search the web for the latest Nvidia news,1,search,the web,Search the web for the latest Nvidia news,0.58984375,72,carrot_mcp_server_api_create_leave_application,0.37109375,62.913907284768214,0.0,0.0,41,,
3,Search the web for the latest Nvidia news,1,search,the web,Search the web for the latest Nvidia news,0.58984375,73,project_management_tools_get_project,0.37109375,62.913907284768214,0.001953125,0.33112582781456956,41,0.001953125,1.0
3,Search the web for the latest Nvidia news,1,search,the web,Search the web for the latest Nvidia news,0.58984375,74,railway_tools_service_delete,0.369140625,62.58278145695364,0.0,0.0,42,,
3,Search the web for the latest Nvidia news,1,search,the web,Search the web for the latest Nvidia news,0.58984375,75,railway_tools_volume_create,0.369140625,62.58278145695364,0.0,0.0,42,,
3,Search the web for the latest Nvidia news,1,search,the web,Search the web for the latest Nvidia news,0.58984375,76,office_word_mcp_server_api_add_picture,0.369140625,62.58278145695364,0.001953125,0.33112582781456956,42,0.001953125,1.0
3,Search the web for the latest Nvidia news,1,search,the web,Search the web for the latest Nvidia news,0.58984375,77,project_management_tools_create_team,0.3671875,62.251655629139066,0.0,0.0,43,,
3,Search the web for the latest Nvidia news,1,search,the web,Search the web for the latest Nvidia news,0.58984375,78,outlook_mail_management_compose_email,0.3671875,62.251655629139066,0.001953125,0.33112582781456956,43,0.001953125,1.0
3,Search the web for the latest Nvidia news,1,search,the web,Search the web for the latest Nvidia news,0.58984375,79,gmail_tools_delete_google_email,0.365234375,61.920529801324506,0.005859375,0.9933774834437087,44,0.001953125,3.0
3,Search the web for the latest Nvidia news,1,search,the web,Search the web for the latest Nvidia news,0.58984375,80,project_management_tools_get_sprint,0.359375,60.9271523178808,0.0,0.0,45,,
3,Search the web for the latest Nvidia news,1,search,the web,Search the web for the latest Nvidia news,0.58984375,81,supabase_mcp_select_database_table_data,0.359375,60.9271523178808,0.0,0.0,45,,
3,Search the web for the latest Nvidia news,1,search,the web,Search the web for the latest Nvidia news,0.58984375,82,carrot_mcp_server_api_update_leave_application,0.359375,60.9271523178808,0.001953125,0.33112582781456956,45,0.001953125,1.0
3,Search the web for the latest Nvidia news,1,search,the web,Search the web for the latest Nvidia news,0.58984375,83,supabase_mcp_get_database_tables,0.357421875,60.59602649006622,0.0,0.0,46,,
3,Search the web for the latest Nvidia news,1,search,the web,Search the web for the latest Nvidia news,0.58984375,84,sharepoint_tools_create_txt_file_in_sharepoint,0.357421875,60.59602649006622,0.001953125,0.33112582781456956,46,0.001953125,1.0
3,Search the web for the latest Nvidia news,1,search,the web,Search the web for the latest Nvidia news,0.58984375,85,outlook_mail_management_reply_to_email,0.35546875,60.264900662251655,0.0,0.0,47,,
3,Search the web for the latest Nvidia news,1,search,the web,Search the web for the latest Nvidia news,0.58984375,86,project_management_tools_get_work_item_comments,0.35546875,60.264900662251655,0.0,0.0,47,,
3,Search the web for the latest Nvidia news,1,search,the web,Search the web for the latest Nvidia news,0.58984375,87,project_management_tools_get_user_capacity,0.35546875,60.264900662251655,0.0,0.0,47,,
3,Search the web for the latest Nvidia news,1,search,the web,Search the web for the latest Nvidia news,0.58984375,88,project_management_tools_list_sprints,0.35546875,60.264900662251655,0.001953125,0.33112582781456956,47,0.001953125,1.0
3,Search the web for the latest Nvidia news,1,search,the web,Search the web for the latest Nvidia news,0.58984375,89,project_management_tools_list_team_members,0.353515625,59.93377483443708,0.001953125,0.33112582781456956,48,0.001953125,1.0
3,Search the web for the latest Nvidia news,1,search,the web,Search the web for the latest Nvidia news,0.58984375,90,office_word_mcp_server_api_add_table,0.3515625,59.60264900662252,0.0,0.0,49,,
3,Search the web for the latest Nvidia news,1,search,the web,Search the web for the latest Nvidia news,0.58984375,91,supabase_mcp_update_database_table_data,0.3515625,59.60264900662252,0.001953125,0.33112582781456956,49,0.001953125,1.0
3,Search the web for the latest Nvidia news,1,search,the web,Search the web for the latest Nvidia news,0.58984375,92,carrot_mcp_server_api_create_employee,0.349609375,59.27152317880795,0.0,0.0,50,,
3,Search the web for the latest Nvidia news,1,search,the web,Search the web for the latest Nvidia news,0.58984375,93,supabase_mcp_insert_table_data,0.349609375,59.27152317880795,0.001953125,0.33112582781456956,50,0.001953125,1.0
3,Search the web for the latest Nvidia news,1,search,the web,Search the web for the latest Nvidia news,0.58984375,94,office_word_mcp_server_api_delete_paragraph,0.34765625,58.94039735099338,0.001953125,0.33112582781456956,51,0.001953125,1.0
3,Search the web for the latest Nvidia news,1,search,the web,Search the web for the latest Nvidia news,0.58984375,95,quest_studio_file_storage_get_files,0.345703125,58.609271523178805,0.001953125,0.33112582781456956,52,0.001953125,1.0
3,Search the web for the latest Nvidia news,1,search,the web,Search the web for the latest Nvidia news,0.58984375,96,office_word_mcp_server_api_merge_doucments,0.34375,58.27814569536424,0.001953125,0.33112582781456956,53,0.001953125,1.0
3,Search the web for the latest Nvidia news,1,search,the web,Search the web for the latest Nvidia news,0.58984375,97,office_word_mcp_server_api_list_files,0.341796875,57.94701986754966,0.001953125,0.33112582781456956,54,0.001953125,1.0
3,Search the web for the latest Nvidia news,1,search,the web,Search the web for the latest Nvidia news,0.58984375,98,project_management_tools_get_work_item,0.33984375,57.615894039735096,0.00390625,0.6622516556291391,55,0.001953125,2.0
3,Search the web for the latest Nvidia news,1,search,the web,Search the web for the latest Nvidia news,0.58984375,99,project_management_tools_create_sprint,0.3359375,56.95364238410596,0.0,0.0,56,,
3,Search the web for the latest Nvidia news,1,search,the web,Search the web for the latest Nvidia news,0.58984375,100,carrot_mcp_server_api_list_leave_application,0.3359375,56.95364238410596,0.001953125,0.33112582781456956,56,0.001953125,1.0
3,Search the web for the latest Nvidia news,1,search,the web,Search the web for the latest Nvidia news,0.58984375,101,quest_studio_file_storage_get_file,0.333984375,56.622516556291394,0.001953125,0.33112582781456956,57,0.001953125,1.0
3,Search the web for the latest Nvidia news,1,search,the web,Search the web for the latest Nvidia news,0.58984375,102,project_management_tools_list_users,0.33203125,56.29139072847682,0.0,0.0,58,,
3,Search the web for the latest Nvidia news,1,search,the web,Search the web for the latest Nvidia news,0.58984375,103,office_word_mcp_server_api_delete_document,0.33203125,56.29139072847682,0.0,0.0,58,,
3,Search the web for the latest Nvidia news,1,search,the web,Search the web for the latest Nvidia news,0.58984375,104,project_management_tools_update_project,0.33203125,56.29139072847682,0.00390625,0.6622516556291391,58,0.001953125,2.0
3,Search the web for the latest Nvidia news,1,search,the web,Search the web for the latest Nvidia news,0.58984375,105,project_management_tools_update_task_status,0.328125,55.62913907284768,0.0078125,1.3245033112582782,59,0.001953125,4.0
3,Search the web for the latest Nvidia news,1,search,the web,Search the web for the latest Nvidia news,0.58984375,106,project_management_tools_update_user_capacity,0.3203125,54.3046357615894,0.001953125,0.33112582781456956,60,0.001953125,1.0
3,Search the web for the latest Nvidia news,1,search,the web,Search the web for the latest Nvidia news,0.58984375,107,project_management_tools_delete_team,0.318359375,53.973509933774835,0.001953125,0.33112582781456956,61,0.001953125,1.0
3,Search the web for the latest Nvidia news,1,search,the web,Search the web for the latest Nvidia news,0.58984375,108,quest_studio_file_storage_update_file,0.31640625,53.64238410596026,0.001953125,0.33112582781456956,62,0.001953125,1.0
3,Search the web for the latest Nvidia news,1,search,the web,Search the web for the latest Nvidia news,0.58984375,109,outlook_mail_management_get_email_messages,0.314453125,53.31125827814569,0.0,0.0,63,,
3,Search the web for the latest Nvidia news,1,search,the web,Search the web for the latest Nvidia news,0.58984375,110,project_management_tools_add_work_item_comment,0.314453125,53.31125827814569,0.00390625,0.6622516556291391,63,0.001953125,2.0
3,Search the web for the latest Nvidia news,1,search,the web,Search the web for the latest Nvidia news,0.58984375,111,outlook_mail_management_send_email,0.310546875,52.64900662251656,0.001953125,0.33112582781456956,64,0.001953125,1.0
3,Search the web for the latest Nvidia news,1,search,the web,Search the web for the latest Nvidia news,0.58984375,112,project_management_tools_update_work_item,0.30859375,52.317880794701985,0.00390625,0.6622516556291391,65,0.001953125,2.0
3,Search the web for the latest Nvidia news,1,search,the web,Search the web for the latest Nvidia news,0.58984375,113,outlook_mail_management_forward_email,0.3046875,51.65562913907284,0.00390625,0.6622516556291391,66,0.001953125,2.0
3,Search the web for the latest Nvidia news,1,search,the web,Search the web for the latest Nvidia news,0.58984375,114,project_management_tools_export_sprint_to_sharepoint,0.30078125,50.993377483443716,0.005859375,0.9933774834437087,67,0.001953125,3.0
3,Search the web for the latest Nvidia news,1,search,the web,Search the web for the latest Nvidia news,0.58984375,115,github_mcp_server_push_files,0.294921875,50.0,0.0,0.0,68,,
3,Search the web for the latest Nvidia news,1,search,the web,Search the web for the latest Nvidia news,0.58984375,116,project_management_tools_assign_work_item,0.294921875,50.0,0.013671875,2.3178807947019866,68,0.001953125,7.0
3,Search the web for the latest Nvidia news,1,search,the web,Search the web for the latest Nvidia news,0.58984375,117,quest_studio_file_storage_delete_file,0.28125,47.682119205298015,0.0,0.0,69,,
3,Search the web for the latest Nvidia news,1,search,the web,Search the web for the latest Nvidia news,0.58984375,118,project_management_tools_delete_work_item,0.28125,47.682119205298015,0.00390625,0.6622516556291391,69,0.001953125,2.0
3,Search the web for the latest Nvidia news,1,search,the web,Search the web for the latest Nvidia news,0.58984375,119,project_management_tools_delete_project,0.27734375,47.019867549668874,0.001953125,0.33112582781456956,70,0.001953125,1.0
3,Search the web for the latest Nvidia news,1,search,the web,Search the web for the latest Nvidia news,0.58984375,120,github_mcp_server_delete_file,0.275390625,46.688741721854306,0.001953125,0.33112582781456956,71,0.001953125,1.0
3,Search the web for the latest Nvidia news,1,search,the web,Search the web for the latest Nvidia news,0.58984375,121,project_management_tools_delete_sprint,0.2734375,46.35761589403973,0.0576171875,9.7682119205298,72,0.001953125,29.5
3,Search the web for the latest Nvidia news,1,search,the web,Search the web for the latest Nvidia news,0.58984375,122,outlook_mail_management_delete_email_message,0.2158203125,36.58940397350993,,,73,,
4,Create a Word document,1,create,a Word document,Create a Word document,0.74609375,1,office_word_mcp_server_api_create_word_document,0.74609375,100.0,0.02734375,3.664921465968586,0,,
4,Create a Word document,1,create,a Word document,Create a Word document,0.74609375,2,office_word_mcp_server_api_add_paragraph,0.71875,96.33507853403141,0.0,0.0,1,,
4,Create a Word document,1,create,a Word document,Create a Word document,0.74609375,3,office_word_mcp_server_api_add_table,0.71875,96.33507853403141,0.0234375,3.1413612565445024,1,,
4,Create a Word document,1,create,a Word document,Create a Word document,0.74609375,4,office_word_mcp_server_api_add_picture,0.6953125,93.19371727748691,0.0078125,1.0471204188481675,2,,
4,Create a Word document,1,create,a Word document,Create a Word document,0.74609375,5,office_word_mcp_server_api_add_heading,0.6875,92.14659685863874,0.015625,2.094240837696335,3,0.0234375,0.6666666666666666
4,Create a Word document,1,create,a Word document,Create a Word document,0.74609375,6,office_word_mcp_server_api_add_page_break,0.671875,90.0523560209424,0.00390625,0.5235602094240838,4,0.01953125,0.2
4,Create a Word document,1,create,a Word document,Create a Word document,0.74609375,7,office_word_mcp_server_api_convert_to_pdf,0.66796875,89.52879581151832,0.01953125,2.6178010471204187,5,0.015625,1.25
4,Create a Word document,1,create,a Word document,Create a Word document,0.74609375,8,office_word_mcp_server_api_copy_document,0.6484375,86.91099476439791,0.0,0.0,6,,
4,Create a Word document,1,create,a Word document,Create a Word document,0.74609375,9,office_word_mcp_server_api_get_document_xml,0.6484375,86.91099476439791,0.00390625,0.5235602094240838,6,0.017578125,0.2222222222222222
4,Create a Word document,1,create,a Word document,Create a Word document,0.74609375,10,office_word_mcp_server_api_get_document_text,0.64453125,86.38743455497382,0.00390625,0.5235602094240838,7,0.015625,0.25
4,Create a Word document,1,create,a Word document,Create a Word document,0.74609375,11,office_word_mcp_server_api_get_document_info,0.640625,85.86387434554975,0.00390625,0.5235602094240838,8,0.01171875,0.3333333333333333
4,Create a Word document,1,create,a Word document,Create a Word document,0.74609375,12,office_word_mcp_server_api_get_document_outline,0.63671875,85.34031413612566,0.01171875,1.5706806282722512,9,0.0078125,1.5
4,Create a Word document,1,create,a Word document,Create a Word document,0.74609375,13,office_word_mcp_server_api_delete_document,0.625,83.7696335078534,0.0078125,1.0471204188481675,10,0.009765625,0.8
4,Create a Word document,1,create,a Word document,Create a Word document,0.74609375,14,office_word_mcp_server_api_merge_doucments,0.6171875,82.72251308900523,0.01953125,2.6178010471204187,11,0.0078125,2.5
4,Create a Word document,1,create,a Word document,Create a Word document,0.74609375,15,sharepoint_tools_create_txt_file_in_sharepoint,0.59765625,80.10471204188482,0.0234375,3.1413612565445024,12,0.009765625,2.4
4,Create a Word document,1,create,a Word document,Create a Word document,0.74609375,16,office_word_mcp_server_api_list_files,0.57421875,76.96335078534031,0.0,0.0,13,,
4,Create a Word document,1,create,a Word document,Create a Word document,0.74609375,17,office_word_mcp_server_api_find_text_in_document,0.57421875,76.96335078534031,0.015625,2.094240837696335,13,0.01171875,1.3333333333333333
4,Create a Word document,1,create,a Word document,Create a Word document,0.74609375,18,office_word_mcp_server_api_delete_paragraph,0.55859375,74.86910994764398,0.02734375,3.664921465968586,14,0.013671875,2.0
4,Create a Word document,1,create,a Word document,Create a Word document,0.74609375,19,office_word_mcp_server_api_get_paragraph_text_from_document,0.53125,71.20418848167539,0.033203125,4.450261780104712,15,0.015625,2.125
4,Create a Word document,1,create,a Word document,Create a Word document,0.74609375,20,gmail_tools_send_google_email,0.498046875,66.75392670157068,0.00390625,0.5235602094240838,16,0.015625,0.25
4,Create a Word document,1,create,a Word document,Create a Word document,0.74609375,21,project_management_tools_create_work_item,0.494140625,66.2303664921466,0.015625,2.094240837696335,17,0.015625,1.0
4,Create a Word document,1,create,a Word document,Create a Word document,0.74609375,22,sharepoint_tools_get_sharepoint_documents,0.478515625,64.13612565445025,0.001953125,0.2617801047120419,18,0.015625,0.125
4,Create a Word document,1,create,a Word document,Create a Word document,0.74609375,23,outlook_mail_management_compose_email,0.4765625,63.87434554973822,0.009765625,1.3089005235602094,19,0.015625,0.625
4,Create a Word document,1,create,a Word document,Create a Word document,0.74609375,24,quest_studio_file_storage_get_file_content,0.466796875,62.56544502617801,0.001953125,0.2617801047120419,20,0.013671875,0.14285714285714285
4,Create a Word document,1,create,a Word document,Create a Word document,0.74609375,25,carrot_mcp_server_api_create_employee,0.46484375,62.30366492146597,0.00390625,0.5235602094240838,21,0.01171875,0.3333333333333333
4,Create a Word document,1,create,a Word document,Create a Word document,0.74609375,26,project_management_tools_export_sprint_to_sharepoint,0.4609375,61.78010471204188,0.013671875,1.832460732984293,22,0.0107421875,1.2727272727272727
4,Create a Word document,1,create,a Word document,Create a Word document,0.74609375,27,office_word_mcp_server_api_search_replace,0.447265625,59.947643979057595,0.00390625,0.5235602094240838,23,0.01171875,0.3333333333333333
4,Create a Word document,1,create,a Word document,Create a Word document,0.74609375,28,carrot_mcp_server_api_create_leave_application,0.443359375,59.424083769633505,0.00390625,0.5235602094240838,24,0.0107421875,0.36363636363636365
4,Create a Word document,1,create,a Word document,Create a Word document,0.74609375,29,project_management_tools_list_work_items,0.439453125,58.90052356020943,0.005859375,0.7853403141361256,25,0.009765625,0.6
4,Create a Word document,1,create,a Word document,Create a Word document,0.74609375,30,railway_tools_project_create,0.43359375,58.1151832460733,0.001953125,0.2617801047120419,26,0.0087890625,0.2222222222222222
4,Create a Word document,1,create,a Word document,Create a Word document,0.74609375,31,outlook_mail_management_send_email,0.431640625,57.85340314136126,0.0,0.0,27,,
4,Create a Word document,1,create,a Word document,Create a Word document,0.74609375,32,gmail_tools_forward_google_email,0.431640625,57.85340314136126,0.001953125,0.2617801047120419,27,0.0078125,0.25
4,Create a Word document,1,create,a Word document,Create a Word document,0.74609375,33,gmail_tools_reply_google_email,0.4296875,57.59162303664922,0.0,0.0,28,,
4,Create a Word document,1,create,a Word document,Create a Word document,0.74609375,34,carrot_mcp_server_api_log_hours_entry,0.4296875,57.59162303664922,0.00390625,0.5235602094240838,28,0.0078125,0.5
4,Create a Word document,1,create,a Word document,Create a Word document,0.74609375,35,project_management_tools_create_project,0.42578125,57.06806282722513,0.009765625,1.3089005235602094,29,0.0078125,1.25
4,Create a Word document,1,create,a Word document,Create a Word document,0.74609375,36,github_mcp_server_create_repository,0.416015625,55.75916230366492,0.0,0.0,30,,
4,Create a Word document,1,create,a Word document,Create a Word document,0.74609375,37,supabase_mcp_insert_table_data,0.416015625,55.75916230366492,0.001953125,0.2617801047120419,30,0.0078125,0.25
4,Create a Word document,1,create,a Word document,Create a Word document,0.74609375,38,quest_studio_file_storage_query_files,0.4140625,55.497382198952884,0.00390625,0.5235602094240838,31,0.0078125,0.5
4,Create a Word document,1,create,a Word document,Create a Word document,0.74609375,39,railway_tools_service_create_from_repo,0.41015625,54.973821989528794,0.00390625,0.5235602094240838,32,0.0068359375,0.5714285714285714
4,Create a Word document,1,create,a Word document,Create a Word document,0.74609375,40,railway_tools_volume_create,0.40625,54.45026178010471,0.0,0.0,33,,
4,Create a Word document,1,create,a Word document,Create a Word document,0.74609375,41,quest_studio_file_storage_update_file,0.40625,54.45026178010471,0.0,0.0,33,,
4,Create a Word document,1,create,a Word document,Create a Word document,0.74609375,42,quest_studio_file_storage_delete_file,0.40625,54.45026178010471,0.0,0.0,33,,
4,Create a Word document,1,create,a Word document,Create a Word document,0.74609375,43,github_mcp_server_create_branch,0.40625,54.45026178010471,0.001953125,0.2617801047120419,33,0.005859375,0.3333333333333333
4,Create a Word document,1,create,a Word document,Create a Word document,0.74609375,44,railway_tools_database_list_types,0.404296875,54.18848167539267,0.001953125,0.2617801047120419,34,0.0048828125,0.4
4,Create a Word document,1,create,a Word document,Create a Word document,0.74609375,45,outlook_mail_management_search_outlook_mail,0.40234375,53.92670157068062,0.001953125,0.2617801047120419,35,0.00390625,0.5
4,Create a Word document,1,create,a Word document,Create a Word document,0.74609375,46,quest_studio_file_storage_get_file,0.400390625,53.66492146596858,0.0,0.0,36,,
4,Create a Word document,1,create,a Word document,Create a Word document,0.74609375,47,github_mcp_server_create_pull_request,0.400390625,53.66492146596858,0.001953125,0.2617801047120419,36,0.00390625,0.5
4,Create a Word document,1,create,a Word document,Create a Word document,0.74609375,48,quest_studio_file_storage_get_storage_usage,0.3984375,53.403141361256544,0.0,0.0,37,,
4,Create a Word document,1,create,a Word document,Create a Word document,0.74609375,49,railway_tools_service_create_from_image,0.3984375,53.403141361256544,0.001953125,0.2617801047120419,37,0.00390625,0.5
4,Create a Word document,1,create,a Word document,Create a Word document,0.74609375,50,carrot_mcp_server_api_submit_leave_application,0.396484375,53.141361256544506,0.001953125,0.2617801047120419,38,0.00390625,0.5
4,Create a Word document,1,create,a Word document,Create a Word document,0.74609375,51,carrot_mcp_server_api_hr_dashboard_summary,0.39453125,52.879581151832454,0.005859375,0.7853403141361256,39,0.00390625,1.5
4,Create a Word document,1,create,a Word document,Create a Word document,0.74609375,52,gmail_tools_get_google_emails,0.388671875,52.09424083769634,0.0,0.0,40,,
4,Create a Word document,1,create,a Word document,Create a Word document,0.74609375,53,outlook_mail_management_reply_to_email,0.388671875,52.09424083769634,0.001953125,0.2617801047120419,40,0.00390625,0.5
4,Create a Word document,1,create,a Word document,Create a Word document,0.74609375,54,railway_tools_project_environments,0.38671875,51.832460732984295,0.0,0.0,41,,
4,Create a Word document,1,create,a Word document,Create a Word document,0.74609375,55,project_management_tools_create_team,0.38671875,51.832460732984295,0.00390625,0.5235602094240838,41,0.00390625,1.0
4,Create a Word document,1,create,a Word document,Create a Word document,0.74609375,56,quest_studio_file_storage_get_files,0.3828125,51.30890052356021,0.0,0.0,42,,
4,Create a Word document,1,create,a Word document,Create a Word document,0.74609375,57,railway_tools_project_info,0.3828125,51.30890052356021,0.001953125,0.2617801047120419,42,0.00390625,0.5
4,Create a Word document,1,create,a Word document,Create a Word document,0.74609375,58,github_mcp_server_create_or_update_file,0.380859375,51.047120418848166,0.00390625,0.5235602094240838,43,0.00390625,1.0
4,Create a Word document,1,create,a Word document,Create a Word document,0.74609375,59,carrot_mcp_server_api_list_employees,0.376953125,50.523560209424076,0.0,0.0,44,,
4,Create a Word document,1,create,a Word document,Create a Word document,0.74609375,60,gmail_tools_delete_google_email,0.376953125,50.523560209424076,0.0,0.0,44,,
4,Create a Word document,1,create,a Word document,Create a Word document,0.74609375,61,project_management_tools_create_sprint,0.376953125,50.523560209424076,0.00390625,0.5235602094240838,44,0.00390625,1.0
4,Create a Word document,1,create,a Word document,Create a Word document,0.74609375,62,carrot_mcp_server_api_work_hours_summary,0.373046875,50.0,0.001953125,0.2617801047120419,45,0.00390625,0.5
4,Create a Word document,1,create,a Word document,Create a Word document,0.74609375,63,outlook_mail_management_forward_email,0.37109375,49.73821989528796,0.0,0.0,46,,
4,Create a Word document,1,create,a Word document,Create a Word document,0.74609375,64,railway_tools_project_list,0.37109375,49.73821989528796,0.001953125,0.2617801047120419,46,0.00390625,0.5
4,Create a Word document,1,create,a Word document,Create a Word document,0.74609375,65,project_management_tools_add_work_item_comment,0.369140625,49.47643979057592,0.00390625,0.5235602094240838,47,0.00390625,1.0
4,Create a Word document,1,create,a Word document,Create a Word document,0.74609375,66,carrot_mcp_server_api_update_leave_application,0.365234375,48.952879581151834,0.001953125,0.2617801047120419,48,0.00390625,0.5
4,Create a Word document,1,create,a Word document,Create a Word document,0.74609375,67,carrot_mcp_server_api_update_employee,0.36328125,48.69109947643979,0.001953125,0.2617801047120419,49,0.00390625,0.5
4,Create a Word document,1,create,a Word document,Create a Word document,0.74609375,68,github_mcp_server_push_files,0.361328125,48.42931937172775,0.001953125,0.2617801047120419,50,0.00390625,0.5
4,Create a Word document,1,create,a Word document,Create a Word document,0.74609375,69,supabase_mcp_check_database_health,0.359375,48.167539267015705,0.001953125,0.2617801047120419,51,0.00390625,0.5
4,Create a Word document,1,create,a Word document,Create a Word document,0.74609375,70,railway_tools_project_delete,0.357421875,47.90575916230366,0.00390625,0.5235602094240838,52,0.00390625,1.0
4,Create a Word document,1,create,a Word document,Create a Word document,0.74609375,71,railway_tools_service_list,0.353515625,47.38219895287958,0.001953125,0.2617801047120419,53,0.00390625,0.5
4,Create a Word document,1,create,a Word document,Create a Word document,0.74609375,72,project_management_tools_get_work_item,0.3515625,47.12041884816754,0.0,0.0,54,,
4,Create a Word document,1,create,a Word document,Create a Word document,0.74609375,73,sharepoint_tools_get_sharepoint_sites,0.3515625,47.12041884816754,0.001953125,0.2617801047120419,54,0.00390625,0.5
4,Create a Word document,1,create,a Word document,Create a Word document,0.74609375,74,railway_tools_service_info,0.349609375,46.8586387434555,0.001953125,0.2617801047120419,55,0.00390625,0.5
4,Create a Word document,1,create,a Word document,Create a Word document,0.74609375,75,supabase_mcp_update_database_table_data,0.34765625,46.596858638743456,0.0,0.0,56,,
4,Create a Word document,1,create,a Word document,Create a Word document,0.74609375,76,carrot_mcp_server_api_get_employee,0.34765625,46.596858638743456,0.00390625,0.5235602094240838,56,0.00390625,1.0
4,Create a Word document,1,create,a Word document,Create a Word document,0.74609375,77,github_mcp_server_get_file_contents,0.34375,46.07329842931937,0.0,0.0,57,,
4,Create a Word document,1,create,a Word document,Create a Word document,0.74609375,78,railway_tools_volume_update,0.34375,46.07329842931937,0.0,0.0,57,,
4,Create a Word document,1,create,a Word document,Create a Word document,0.74609375,79,railway_tools_volume_list,0.34375,46.07329842931937,0.001953125,0.2617801047120419,57,0.00390625,0.5
4,Create a Word document,1,create,a Word document,Create a Word document,0.74609375,80,carrot_mcp_server_api_list_leave_application,0.341796875,45.811518324607334,0.001953125,0.2617801047120419,58,0.00390625,0.5
4,Create a Word document,1,create,a Word document,Create a Word document,0.74609375,81,project_management_tools_delete_work_item,0.33984375,45.54973821989529,0.0,0.0,59,,
4,Create a Word document,1,create,a Word document,Create a Word document,0.74609375,82,web_search_tools_web_search,0.33984375,45.54973821989529,0.0,0.0,59,,
4,Create a Word document,1,create,a Word document,Create a Word document,0.74609375,83,project_management_tools_view_board,0.33984375,45.54973821989529,0.001953125,0.2617801047120419,59,0.00390625,0.5
4,Create a Word document,1,create,a Word document,Create a Word document,0.74609375,84,supabase_mcp_select_database_table_data,0.337890625,45.287958115183244,0.0,0.0,60,,
4,Create a Word document,1,create,a Word document,Create a Word document,0.74609375,85,railway_tools_service_restart,0.337890625,45.287958115183244,0.001953125,0.2617801047120419,60,0.00390625,0.5
4,Create a Word document,1,create,a Word document,Create a Word document,0.74609375,86,github_mcp_server_merge_pull_request,0.3359375,45.0261780104712,0.001953125,0.2617801047120419,61,0.00390625,0.5
4,Create a Word document,1,create,a Word document,Create a Word document,0.74609375,87,project_management_tools_get_work_item_comments,0.333984375,44.76439790575916,0.0,0.0,62,,
4,Create a Word document,1,create,a Word document,Create a Word document,0.74609375,88,railway_tools_service_delete,0.333984375,44.76439790575916,0.0,0.0,62,,
4,Create a Word document,1,create,a Word document,Create a Word document,0.74609375,89,railway_tools_volume_delete,0.333984375,44.76439790575916,0.001953125,0.2617801047120419,62,0.00390625,0.5
4,Create a Word document,1,create,a Word document,Create a Word document,0.74609375,90,supabase_mcp_get_all_supabase_projects,0.33203125,44.50261780104712,0.0078125,1.0471204188481675,63,0.00390625,2.0
4,Create a Word document,1,create,a Word document,Create a Word document,0.74609375,91,supabase_mcp_get_table_schema,0.32421875,43.455497382198956,0.0,0.0,64,,
4,Create a Word document,1,create,a Word document,Create a Word document,0.74609375,92,railway_tools_service_update,0.32421875,43.455497382198956,0.0,0.0,64,,
4,Create a Word document,1,create,a Word document,Create a Word document,0.74609375,93,supabase_mcp_get_database_tables,0.32421875,43.455497382198956,0.001953125,0.2617801047120419,64,0.00390625,0.5
4,Create a Word document,1,create,a Word document,Create a Word document,0.74609375,94,outlook_mail_management_find_email_address,0.322265625,43.19371727748691,0.0,0.0,65,,
4,Create a Word document,1,create,a Word document,Create a Word document,0.74609375,95,project_management_tools_get_user_capacity,0.322265625,43.19371727748691,0.001953125,0.2617801047120419,65,0.00390625,0.5
4,Create a Word document,1,create,a Word document,Create a Word document,0.74609375,96,project_management_tools_update_work_item,0.3203125,42.93193717277487,0.0,0.0,66,,
4,Create a Word document,1,create,a Word document,Create a Word document,0.74609375,97,github_mcp_server_delete_file,0.3203125,42.93193717277487,0.001953125,0.2617801047120419,66,0.00390625,0.5
4,Create a Word document,1,create,a Word document,Create a Word document,0.74609375,98,project_management_tools_assign_work_item,0.318359375,42.67015706806283,0.001953125,0.2617801047120419,67,0.00390625,0.5
4,Create a Word document,1,create,a Word document,Create a Word document,0.74609375,99,project_management_tools_update_user_capacity,0.31640625,42.40837696335078,0.00390625,0.5235602094240838,68,0.00390625,1.0
4,Create a Word document,1,create,a Word document,Create a Word document,0.74609375,100,project_management_tools_update_task_status,0.3125,41.8848167539267,0.001953125,0.2617801047120419,69,0.00390625,0.5
4,Create a Word document,1,create,a Word document,Create a Word document,0.74609375,101,github_mcp_server_pull_request_read,0.310546875,41.62303664921466,0.00390625,0.5235602094240838,70,0.00390625,1.0
4,Create a Word document,1,create,a Word document,Create a Word document,0.74609375,102,github_mcp_server_update_pull_request,0.306640625,41.09947643979058,0.0,0.0,71,,
4,Create a Word document,1,create,a Word document,Create a Word document,0.74609375,103,github_mcp_server_get_commit,0.306640625,41.09947643979058,0.001953125,0.2617801047120419,71,0.00390625,0.5
4,Create a Word document,1,create,a Word document,Create a Word document,0.74609375,104,project_management_tools_list_sprints,0.3046875,40.83769633507853,0.001953125,0.2617801047120419,72,0.00390625,0.5
4,Create a Word document,1,create,a Word document,Create a Word document,0.74609375,105,project_management_tools_list_projects,0.302734375,40.575916230366495,0.001953125,0.2617801047120419,73,0.00390625,0.5
4,Create a Word document,1,create,a Word document,Create a Word document,0.74609375,106,outlook_mail_management_get_email_messages,0.30078125,40.31413612565445,0.001953125,0.2617801047120419,74,0.00390625,0.5
4,Create a Word document,1,create,a Word document,Create a Word document,0.74609375,107,github_mcp_server_search_repositories,0.298828125,40.05235602094241,0.0078125,1.0471204188481675,75,0.00390625,2.0
4,Create a Word document,1,create,a Word document,Create a Word document,0.74609375,108,project_management_tools_list_users,0.291015625,39.00523560209424,0.001953125,0.2617801047120419,76,0.00390625,0.5
4,Create a Word document,1,create,a Word document,Create a Word document,0.74609375,109,github_mcp_server_list_commits,0.2890625,38.7434554973822,0.001953125,0.2617801047120419,77,0.00390625,0.5
4,Create a Word document,1,create,a Word document,Create a Word document,0.74609375,110,project_management_tools_get_sprint,0.287109375,38.481675392670155,0.005859375,0.7853403141361256,78,0.0029296875,2.0
4,Create a Word document,1,create,a Word document,Create a Word document,0.74609375,111,project_management_tools_get_project,0.28125,37.696335078534034,0.001953125,0.2617801047120419,79,0.00390625,0.5
4,Create a Word document,1,create,a Word document,Create a Word document,0.74609375,112,project_management_tools_list_teams,0.279296875,37.43455497382199,0.0,0.0,80,,
4,Create a Word document,1,create,a Word document,Create a Word document,0.74609375,113,project_management_tools_get_team,0.279296875,37.43455497382199,0.00390625,0.5235602094240838,80,0.0029296875,1.3333333333333333
4,Create a Word document,1,create,a Word document,Create a Word document,0.74609375,114,github_mcp_server_list_pull_requests,0.275390625,36.910994764397905,0.001953125,0.2617801047120419,81,0.00390625,0.5
4,Create a Word document,1,create,a Word document,Create a Word document,0.74609375,115,project_management_tools_list_team_members,0.2734375,36.64921465968586,0.0,0.0,82,,
4,Create a Word document,1,create,a Word document,Create a Word document,0.74609375,116,github_mcp_server_list_branches,0.2734375,36.64921465968586,0.001953125,0.2617801047120419,82,0.0029296875,0.6666666666666666
4,Create a Word document,1,create,a Word document,Create a Word document,0.74609375,117,project_management_tools_delete_sprint,0.271484375,36.38743455497382,0.0078125,1.0471204188481675,83,0.001953125,4.0
4,Create a Word document,1,create,a Word document,Create a Word document,0.74609375,118,project_management_tools_update_project,0.263671875,35.340314136125656,0.001953125,0.2617801047120419,84,0.0029296875,0.6666666666666666
4,Create a Word document,1,create,a Word document,Create a Word document,0.74609375,119,project_management_tools_delete_team,0.26171875,35.07853403141361,0.001953125,0.2617801047120419,85,0.001953125,1.0
4,Create a Word document,1,create,a Word document,Create a Word document,0.74609375,120,github_mcp_server_get_me,0.259765625,34.81675392670157,0.0,0.0,86,,
4,Create a Word document,1,create,a Word document,Create a Word document,0.74609375,121,project_management_tools_delete_project,0.259765625,34.81675392670157,0.001953125,0.2617801047120419,86,0.001953125,1.0
4,Create a Word document,1,create,a Word document,Create a Word document,0.74609375,122,outlook_mail_management_delete_email_message,0.2578125,34.55497382198953,,,87,,
5,Get the current sprint work items,1,get,the current sprint work items,Get the current sprint work items,0.73828125,1,project_management_tools_list_work_items,0.73828125,100.0,0.0234375,3.1746031746031744,0,,
5,Get the current sprint work items,1,get,the current sprint work items,Get the current sprint work items,0.73828125,2,project_management_tools_list_sprints,0.71484375,96.82539682539682,0.0078125,1.0582010582010581,1,,
5,Get the current sprint work items,1,get,the current sprint work items,Get the current sprint work items,0.73828125,3,project_management_tools_get_sprint,0.70703125,95.76719576719577,0.015625,2.1164021164021163,2,,
5,Get the current sprint work items,1,get,the current sprint work items,Get the current sprint work items,0.73828125,4,project_management_tools_get_work_item,0.69140625,93.65079365079364,0.01171875,1.5873015873015872,3,0.015625,0.75
5,Get the current sprint work items,1,get,the current sprint work items,Get the current sprint work items,0.73828125,5,project_management_tools_export_sprint_to_sharepoint,0.6796875,92.06349206349206,0.015625,2.1164021164021163,4,0.013671875,1.1428571428571428
5,Get the current sprint work items,1,get,the current sprint work items,Get the current sprint work items,0.73828125,6,project_management_tools_create_work_item,0.6640625,89.94708994708994,0.01171875,1.5873015873015872,5,0.015625,0.75
5,Get the current sprint work items,1,get,the current sprint work items,Get the current sprint work items,0.73828125,7,project_management_tools_update_work_item,0.65234375,88.35978835978835,0.0,0.0,6,,
5,Get the current sprint work items,1,get,the current sprint work items,Get the current sprint work items,0.73828125,8,project_management_tools_get_user_capacity,0.65234375,88.35978835978835,0.015625,2.1164021164021163,6,0.013671875,1.1428571428571428
5,Get the current sprint work items,1,get,the current sprint work items,Get the current sprint work items,0.73828125,9,project_management_tools_create_sprint,0.63671875,86.24338624338624,0.01171875,1.5873015873015872,7,0.015625,0.75
5,Get the current sprint work items,1,get,the current sprint work items,Get the current sprint work items,0.73828125,10,project_management_tools_get_work_item_comments,0.625,84.65608465608466,0.00390625,0.5291005291005291,8,0.013671875,0.2857142857142857
5,Get the current sprint work items,1,get,the current sprint work items,Get the current sprint work items,0.73828125,11,project_management_tools_delete_sprint,0.62109375,84.12698412698413,0.0,0.0,9,,
5,Get the current sprint work items,1,get,the current sprint work items,Get the current sprint work items,0.73828125,12,project_management_tools_delete_work_item,0.62109375,84.12698412698413,0.02734375,3.7037037037037033,9,0.01171875,2.3333333333333335
5,Get the current sprint work items,1,get,the current sprint work items,Get the current sprint work items,0.73828125,13,project_management_tools_assign_work_item,0.59375,80.42328042328042,0.01171875,1.5873015873015872,10,0.013671875,0.8571428571428571
5,Get the current sprint work items,1,get,the current sprint work items,Get the current sprint work items,0.73828125,14,project_management_tools_update_user_capacity,0.58203125,78.83597883597884,0.0078125,1.0582010582010581,11,0.01171875,0.6666666666666666
5,Get the current sprint work items,1,get,the current sprint work items,Get the current sprint work items,0.73828125,15,carrot_mcp_server_api_work_hours_summary,0.57421875,77.77777777777779,0.0078125,1.0582010582010581,12,0.01171875,0.6666666666666666
5,Get the current sprint work items,1,get,the current sprint work items,Get the current sprint work items,0.73828125,16,project_management_tools_list_team_members,0.56640625,76.71957671957672,0.0078125,1.0582010582010581,13,0.01171875,0.6666666666666666
5,Get the current sprint work items,1,get,the current sprint work items,Get the current sprint work items,0.73828125,17,project_management_tools_update_task_status,0.55859375,75.66137566137566,0.015625,2.1164021164021163,14,0.01171875,1.3333333333333333
5,Get the current sprint work items,1,get,the current sprint work items,Get the current sprint work items,0.73828125,18,project_management_tools_list_teams,0.54296875,73.54497354497354,0.0,0.0,15,,
5,Get the current sprint work items,1,get,the current sprint work items,Get the current sprint work items,0.73828125,19,project_management_tools_view_board,0.54296875,73.54497354497354,0.00390625,0.5291005291005291,15,0.01171875,0.3333333333333333
5,Get the current sprint work items,1,get,the current sprint work items,Get the current sprint work items,0.73828125,20,railway_tools_project_info,0.5390625,73.01587301587301,0.0,0.0,16,,
5,Get the current sprint work items,1,get,the current sprint work items,Get the current sprint work items,0.73828125,21,railway_tools_project_environments,0.5390625,73.01587301587301,0.01171875,1.5873015873015872,16,0.01171875,1.0
5,Get the current sprint work items,1,get,the current sprint work items,Get the current sprint work items,0.73828125,22,railway_tools_service_list,0.52734375,71.42857142857143,0.0,0.0,17,,
5,Get the current sprint work items,1,get,the current sprint work items,Get the current sprint work items,0.73828125,23,carrot_mcp_server_api_list_employees,0.52734375,71.42857142857143,0.0,0.0,17,,
5,Get the current sprint work items,1,get,the current sprint work items,Get the current sprint work items,0.73828125,24,project_management_tools_get_team,0.52734375,71.42857142857143,0.00390625,0.5291005291005291,17,0.01171875,0.3333333333333333
5,Get the current sprint work items,1,get,the current sprint work items,Get the current sprint work items,0.73828125,25,project_management_tools_list_projects,0.5234375,70.8994708994709,0.00390625,0.5291005291005291,18,0.01171875,0.3333333333333333
5,Get the current sprint work items,1,get,the current sprint work items,Get the current sprint work items,0.73828125,26,railway_tools_project_list,0.51953125,70.37037037037037,0.0,0.0,19,,
5,Get the current sprint work items,1,get,the current sprint work items,Get the current sprint work items,0.73828125,27,carrot_mcp_server_api_log_hours_entry,0.51953125,70.37037037037037,0.00390625,0.5291005291005291,19,0.01171875,0.3333333333333333
5,Get the current sprint work items,1,get,the current sprint work items,Get the current sprint work items,0.73828125,28,project_management_tools_add_work_item_comment,0.515625,69.84126984126983,0.01171875,1.5873015873015872,20,0.01171875,1.0
5,Get the current sprint work items,1,get,the current sprint work items,Get the current sprint work items,0.73828125,29,railway_tools_service_info,0.50390625,68.25396825396825,0.0,0.0,21,,
5,Get the current sprint work items,1,get,the current sprint work items,Get the current sprint work items,0.73828125,30,project_management_tools_list_users,0.50390625,68.25396825396825,0.00390625,0.5291005291005291,21,0.01171875,0.3333333333333333
5,Get the current sprint work items,1,get,the current sprint work items,Get the current sprint work items,0.73828125,31,carrot_mcp_server_api_get_employee,0.5,67.72486772486772,0.0,0.0,22,,
5,Get the current sprint work items,1,get,the current sprint work items,Get the current sprint work items,0.73828125,32,supabase_mcp_select_database_table_data,0.5,67.72486772486772,0.00390625,0.5291005291005291,22,0.01171875,0.3333333333333333
5,Get the current sprint work items,1,get,the current sprint work items,Get the current sprint work items,0.73828125,33,carrot_mcp_server_api_hr_dashboard_summary,0.49609375,67.1957671957672,0.0,0.0,23,,
5,Get the current sprint work items,1,get,the current sprint work items,Get the current sprint work items,0.73828125,34,sharepoint_tools_get_sharepoint_sites,0.49609375,67.1957671957672,0.001953125,0.26455026455026454,23,0.01171875,0.16666666666666666
5,Get the current sprint work items,1,get,the current sprint work items,Get the current sprint work items,0.73828125,35,supabase_mcp_get_all_supabase_projects,0.494140625,66.93121693121694,0.001953125,0.26455026455026454,24,0.009765625,0.2
5,Get the current sprint work items,1,get,the current sprint work items,Get the current sprint work items,0.73828125,36,office_word_mcp_server_api_list_files,0.4921875,66.66666666666666,0.001953125,0.26455026455026454,25,0.0078125,0.25
5,Get the current sprint work items,1,get,the current sprint work items,Get the current sprint work items,0.73828125,37,sharepoint_tools_get_sharepoint_documents,0.490234375,66.4021164021164,0.0,0.0,26,,
5,Get the current sprint work items,1,get,the current sprint work items,Get the current sprint work items,0.73828125,38,project_management_tools_get_project,0.490234375,66.4021164021164,0.009765625,1.3227513227513228,26,0.0078125,1.25
5,Get the current sprint work items,1,get,the current sprint work items,Get the current sprint work items,0.73828125,39,github_mcp_server_list_commits,0.48046875,65.07936507936508,0.001953125,0.26455026455026454,27,0.0078125,0.25
5,Get the current sprint work items,1,get,the current sprint work items,Get the current sprint work items,0.73828125,40,railway_tools_project_create,0.478515625,64.81481481481481,0.0,0.0,28,,
5,Get the current sprint work items,1,get,the current sprint work items,Get the current sprint work items,0.73828125,41,github_mcp_server_pull_request_read,0.478515625,64.81481481481481,0.001953125,0.26455026455026454,28,0.0078125,0.25
5,Get the current sprint work items,1,get,the current sprint work items,Get the current sprint work items,0.73828125,42,github_mcp_server_list_branches,0.4765625,64.55026455026454,0.001953125,0.26455026455026454,29,0.0078125,0.25
5,Get the current sprint work items,1,get,the current sprint work items,Get the current sprint work items,0.73828125,43,railway_tools_project_delete,0.474609375,64.28571428571429,0.001953125,0.26455026455026454,30,0.0078125,0.25
5,Get the current sprint work items,1,get,the current sprint work items,Get the current sprint work items,0.73828125,44,supabase_mcp_get_database_tables,0.47265625,64.02116402116403,0.0,0.0,31,,
5,Get the current sprint work items,1,get,the current sprint work items,Get the current sprint work items,0.73828125,45,quest_studio_file_storage_get_files,0.47265625,64.02116402116403,0.0,0.0,31,,
5,Get the current sprint work items,1,get,the current sprint work items,Get the current sprint work items,0.73828125,46,github_mcp_server_list_pull_requests,0.47265625,64.02116402116403,0.001953125,0.26455026455026454,31,0.0078125,0.25
5,Get the current sprint work items,1,get,the current sprint work items,Get the current sprint work items,0.73828125,47,supabase_mcp_get_table_schema,0.470703125,63.75661375661375,0.00390625,0.5291005291005291,32,0.0078125,0.5
5,Get the current sprint work items,1,get,the current sprint work items,Get the current sprint work items,0.73828125,48,railway_tools_volume_list,0.466796875,63.227513227513235,0.001953125,0.26455026455026454,33,0.0078125,0.25
5,Get the current sprint work items,1,get,the current sprint work items,Get the current sprint work items,0.73828125,49,railway_tools_service_delete,0.46484375,62.96296296296296,0.005859375,0.7936507936507936,34,0.005859375,1.0
5,Get the current sprint work items,1,get,the current sprint work items,Get the current sprint work items,0.73828125,50,carrot_mcp_server_api_create_employee,0.458984375,62.16931216931217,0.001953125,0.26455026455026454,35,0.005859375,0.3333333333333333
5,Get the current sprint work items,1,get,the current sprint work items,Get the current sprint work items,0.73828125,51,office_word_mcp_server_api_get_document_info,0.45703125,61.904761904761905,0.00390625,0.5291005291005291,36,0.0048828125,0.8
5,Get the current sprint work items,1,get,the current sprint work items,Get the current sprint work items,0.73828125,52,project_management_tools_delete_team,0.453125,61.37566137566137,0.0,0.0,37,,
5,Get the current sprint work items,1,get,the current sprint work items,Get the current sprint work items,0.73828125,53,supabase_mcp_check_database_health,0.453125,61.37566137566137,0.0,0.0,37,,
5,Get the current sprint work items,1,get,the current sprint work items,Get the current sprint work items,0.73828125,54,carrot_mcp_server_api_update_employee,0.453125,61.37566137566137,0.001953125,0.26455026455026454,37,0.00390625,0.5
5,Get the current sprint work items,1,get,the current sprint work items,Get the current sprint work items,0.73828125,55,office_word_mcp_server_api_get_document_xml,0.451171875,61.111111111111114,0.0,0.0,38,,
5,Get the current sprint work items,1,get,the current sprint work items,Get the current sprint work items,0.73828125,56,office_word_mcp_server_api_get_document_outline,0.451171875,61.111111111111114,0.001953125,0.26455026455026454,38,0.00390625,0.5
5,Get the current sprint work items,1,get,the current sprint work items,Get the current sprint work items,0.73828125,57,github_mcp_server_get_me,0.44921875,60.84656084656085,0.001953125,0.26455026455026454,39,0.00390625,0.5
5,Get the current sprint work items,1,get,the current sprint work items,Get the current sprint work items,0.73828125,58,office_word_mcp_server_api_copy_document,0.447265625,60.58201058201058,0.0,0.0,40,,
5,Get the current sprint work items,1,get,the current sprint work items,Get the current sprint work items,0.73828125,59,railway_tools_database_list_types,0.447265625,60.58201058201058,0.001953125,0.26455026455026454,40,0.00390625,0.5
5,Get the current sprint work items,1,get,the current sprint work items,Get the current sprint work items,0.73828125,60,supabase_mcp_update_database_table_data,0.4453125,60.317460317460316,0.00390625,0.5291005291005291,41,0.00390625,1.0
5,Get the current sprint work items,1,get,the current sprint work items,Get the current sprint work items,0.73828125,61,quest_studio_file_storage_get_storage_usage,0.44140625,59.78835978835979,0.0,0.0,42,,
5,Get the current sprint work items,1,get,the current sprint work items,Get the current sprint work items,0.73828125,62,railway_tools_service_create_from_repo,0.44140625,59.78835978835979,0.001953125,0.26455026455026454,42,0.00390625,0.5
5,Get the current sprint work items,1,get,the current sprint work items,Get the current sprint work items,0.73828125,63,github_mcp_server_get_commit,0.439453125,59.523809523809526,0.001953125,0.26455026455026454,43,0.00390625,0.5
5,Get the current sprint work items,1,get,the current sprint work items,Get the current sprint work items,0.73828125,64,quest_studio_file_storage_query_files,0.4375,59.25925925925925,0.0,0.0,44,,
5,Get the current sprint work items,1,get,the current sprint work items,Get the current sprint work items,0.73828125,65,github_mcp_server_create_or_update_file,0.4375,59.25925925925925,0.00390625,0.5291005291005291,44,0.00390625,1.0
5,Get the current sprint work items,1,get,the current sprint work items,Get the current sprint work items,0.73828125,66,project_management_tools_create_team,0.43359375,58.730158730158735,0.005859375,0.7936507936507936,45,0.00390625,1.5
5,Get the current sprint work items,1,get,the current sprint work items,Get the current sprint work items,0.73828125,67,github_mcp_server_search_repositories,0.427734375,57.936507936507944,0.0,0.0,46,,
5,Get the current sprint work items,1,get,the current sprint work items,Get the current sprint work items,0.73828125,68,office_word_mcp_server_api_get_document_text,0.427734375,57.936507936507944,0.001953125,0.26455026455026454,46,0.00390625,0.5
5,Get the current sprint work items,1,get,the current sprint work items,Get the current sprint work items,0.73828125,69,supabase_mcp_insert_table_data,0.42578125,57.67195767195767,0.001953125,0.26455026455026454,47,0.00390625,0.5
5,Get the current sprint work items,1,get,the current sprint work items,Get the current sprint work items,0.73828125,70,github_mcp_server_get_file_contents,0.423828125,57.407407407407405,0.001953125,0.26455026455026454,48,0.00390625,0.5
5,Get the current sprint work items,1,get,the current sprint work items,Get the current sprint work items,0.73828125,71,quest_studio_file_storage_get_file,0.421875,57.14285714285714,0.0,0.0,49,,
5,Get the current sprint work items,1,get,the current sprint work items,Get the current sprint work items,0.73828125,72,office_word_mcp_server_api_create_word_document,0.421875,57.14285714285714,0.001953125,0.26455026455026454,49,0.00390625,0.5
5,Get the current sprint work items,1,get,the current sprint work items,Get the current sprint work items,0.73828125,73,carrot_mcp_server_api_list_leave_application,0.419921875,56.87830687830689,0.0,0.0,50,,
5,Get the current sprint work items,1,get,the current sprint work items,Get the current sprint work items,0.73828125,74,sharepoint_tools_create_txt_file_in_sharepoint,0.419921875,56.87830687830689,0.0,0.0,50,,
5,Get the current sprint work items,1,get,the current sprint work items,Get the current sprint work items,0.73828125,75,gmail_tools_get_google_emails,0.419921875,56.87830687830689,0.00390625,0.5291005291005291,50,0.00390625,1.0
5,Get the current sprint work items,1,get,the current sprint work items,Get the current sprint work items,0.73828125,76,railway_tools_service_restart,0.416015625,56.34920634920635,0.001953125,0.26455026455026454,51,0.00390625,0.5
5,Get the current sprint work items,1,get,the current sprint work items,Get the current sprint work items,0.73828125,77,railway_tools_service_update,0.4140625,56.08465608465608,0.001953125,0.26455026455026454,52,0.00390625,0.5
5,Get the current sprint work items,1,get,the current sprint work items,Get the current sprint work items,0.73828125,78,quest_studio_file_storage_get_file_content,0.412109375,55.82010582010582,0.001953125,0.26455026455026454,53,0.00390625,0.5
5,Get the current sprint work items,1,get,the current sprint work items,Get the current sprint work items,0.73828125,79,office_word_mcp_server_api_find_text_in_document,0.41015625,55.55555555555556,0.0,0.0,54,,
5,Get the current sprint work items,1,get,the current sprint work items,Get the current sprint work items,0.73828125,80,office_word_mcp_server_api_merge_doucments,0.41015625,55.55555555555556,0.00390625,0.5291005291005291,54,0.00390625,1.0
5,Get the current sprint work items,1,get,the current sprint work items,Get the current sprint work items,0.73828125,81,github_mcp_server_merge_pull_request,0.40625,55.026455026455025,0.001953125,0.26455026455026454,55,0.00390625,0.5
5,Get the current sprint work items,1,get,the current sprint work items,Get the current sprint work items,0.73828125,82,github_mcp_server_update_pull_request,0.404296875,54.761904761904766,0.001953125,0.26455026455026454,56,0.00390625,0.5
5,Get the current sprint work items,1,get,the current sprint work items,Get the current sprint work items,0.73828125,83,project_management_tools_create_project,0.40234375,54.4973544973545,0.001953125,0.26455026455026454,57,0.00390625,0.5
5,Get the current sprint work items,1,get,the current sprint work items,Get the current sprint work items,0.73828125,84,office_word_mcp_server_api_search_replace,0.400390625,54.232804232804234,0.0,0.0,58,,
5,Get the current sprint work items,1,get,the current sprint work items,Get the current sprint work items,0.73828125,85,office_word_mcp_server_api_delete_document,0.400390625,54.232804232804234,0.001953125,0.26455026455026454,58,0.00390625,0.5
5,Get the current sprint work items,1,get,the current sprint work items,Get the current sprint work items,0.73828125,86,railway_tools_service_create_from_image,0.3984375,53.96825396825397,0.0,0.0,59,,
5,Get the current sprint work items,1,get,the current sprint work items,Get the current sprint work items,0.73828125,87,office_word_mcp_server_api_add_table,0.3984375,53.96825396825397,0.00390625,0.5291005291005291,59,0.00390625,1.0
5,Get the current sprint work items,1,get,the current sprint work items,Get the current sprint work items,0.73828125,88,project_management_tools_update_project,0.39453125,53.43915343915344,0.0,0.0,60,,
5,Get the current sprint work items,1,get,the current sprint work items,Get the current sprint work items,0.73828125,89,office_word_mcp_server_api_convert_to_pdf,0.39453125,53.43915343915344,0.001953125,0.26455026455026454,60,0.00390625,0.5
5,Get the current sprint work items,1,get,the current sprint work items,Get the current sprint work items,0.73828125,90,outlook_mail_management_search_outlook_mail,0.392578125,53.17460317460318,0.0,0.0,61,,
5,Get the current sprint work items,1,get,the current sprint work items,Get the current sprint work items,0.73828125,91,github_mcp_server_create_pull_request,0.392578125,53.17460317460318,0.00390625,0.5291005291005291,61,0.00390625,1.0
5,Get the current sprint work items,1,get,the current sprint work items,Get the current sprint work items,0.73828125,92,office_word_mcp_server_api_get_paragraph_text_from_document,0.388671875,52.64550264550265,0.0,0.0,62,,
5,Get the current sprint work items,1,get,the current sprint work items,Get the current sprint work items,0.73828125,93,railway_tools_volume_delete,0.388671875,52.64550264550265,0.00390625,0.5291005291005291,62,0.00390625,1.0
5,Get the current sprint work items,1,get,the current sprint work items,Get the current sprint work items,0.73828125,94,outlook_mail_management_get_email_messages,0.384765625,52.116402116402114,0.001953125,0.26455026455026454,63,0.00390625,0.5
5,Get the current sprint work items,1,get,the current sprint work items,Get the current sprint work items,0.73828125,95,office_word_mcp_server_api_add_picture,0.3828125,51.85185185185185,0.005859375,0.7936507936507936,64,0.00390625,1.5
5,Get the current sprint work items,1,get,the current sprint work items,Get the current sprint work items,0.73828125,96,carrot_mcp_server_api_update_leave_application,0.376953125,51.05820105820106,0.0,0.0,65,,
5,Get the current sprint work items,1,get,the current sprint work items,Get the current sprint work items,0.73828125,97,project_management_tools_delete_project,0.376953125,51.05820105820106,0.0,0.0,65,,
5,Get the current sprint work items,1,get,the current sprint work items,Get the current sprint work items,0.73828125,98,carrot_mcp_server_api_create_leave_application,0.376953125,51.05820105820106,0.001953125,0.26455026455026454,65,0.00390625,0.5
5,Get the current sprint work items,1,get,the current sprint work items,Get the current sprint work items,0.73828125,99,office_word_mcp_server_api_add_page_break,0.375,50.79365079365079,0.005859375,0.7936507936507936,66,0.00390625,1.5
5,Get the current sprint work items,1,get,the current sprint work items,Get the current sprint work items,0.73828125,100,web_search_tools_web_search,0.369140625,50.0,0.001953125,0.26455026455026454,67,0.00390625,0.5
5,Get the current sprint work items,1,get,the current sprint work items,Get the current sprint work items,0.73828125,101,office_word_mcp_server_api_add_paragraph,0.3671875,49.735449735449734,0.0,0.0,68,,
5,Get the current sprint work items,1,get,the current sprint work items,Get the current sprint work items,0.73828125,102,office_word_mcp_server_api_add_heading,0.3671875,49.735449735449734,0.00390625,0.5291005291005291,68,0.00390625,1.0
5,Get the current sprint work items,1,get,the current sprint work items,Get the current sprint work items,0.73828125,103,gmail_tools_reply_google_email,0.36328125,49.2063492063492,0.001953125,0.26455026455026454,69,0.00390625,0.5
5,Get the current sprint work items,1,get,the current sprint work items,Get the current sprint work items,0.73828125,104,gmail_tools_forward_google_email,0.361328125,48.94179894179894,0.0,0.0,70,,
5,Get the current sprint work items,1,get,the current sprint work items,Get the current sprint work items,0.73828125,105,github_mcp_server_create_branch,0.361328125,48.94179894179894,0.001953125,0.26455026455026454,70,0.00390625,0.5
5,Get the current sprint work items,1,get,the current sprint work items,Get the current sprint work items,0.73828125,106,office_word_mcp_server_api_delete_paragraph,0.359375,48.67724867724868,0.0,0.0,71,,
5,Get the current sprint work items,1,get,the current sprint work items,Get the current sprint work items,0.73828125,107,carrot_mcp_server_api_submit_leave_application,0.359375,48.67724867724868,0.0078125,1.0582010582010581,71,0.00390625,2.0
5,Get the current sprint work items,1,get,the current sprint work items,Get the current sprint work items,0.73828125,108,github_mcp_server_create_repository,0.3515625,47.61904761904761,0.001953125,0.26455026455026454,72,0.00390625,0.5
5,Get the current sprint work items,1,get,the current sprint work items,Get the current sprint work items,0.73828125,109,outlook_mail_management_find_email_address,0.349609375,47.354497354497354,0.009765625,1.3227513227513228,73,0.00390625,2.5
5,Get the current sprint work items,1,get,the current sprint work items,Get the current sprint work items,0.73828125,110,github_mcp_server_push_files,0.33984375,46.03174603174603,0.001953125,0.26455026455026454,74,0.00390625,0.5
5,Get the current sprint work items,1,get,the current sprint work items,Get the current sprint work items,0.73828125,111,gmail_tools_send_google_email,0.337890625,45.767195767195766,0.001953125,0.26455026455026454,75,0.00390625,0.5
5,Get the current sprint work items,1,get,the current sprint work items,Get the current sprint work items,0.73828125,112,railway_tools_volume_create,0.3359375,45.5026455026455,0.00390625,0.5291005291005291,76,0.00390625,1.0
5,Get the current sprint work items,1,get,the current sprint work items,Get the current sprint work items,0.73828125,113,quest_studio_file_storage_delete_file,0.33203125,44.97354497354497,0.00390625,0.5291005291005291,77,0.00390625,1.0
5,Get the current sprint work items,1,get,the current sprint work items,Get the current sprint work items,0.73828125,114,outlook_mail_management_forward_email,0.328125,44.44444444444444,0.00390625,0.5291005291005291,78,0.00390625,1.0
5,Get the current sprint work items,1,get,the current sprint work items,Get the current sprint work items,0.73828125,115,outlook_mail_management_reply_to_email,0.32421875,43.91534391534391,0.001953125,0.26455026455026454,79,0.00390625,0.5
5,Get the current sprint work items,1,get,the current sprint work items,Get the current sprint work items,0.73828125,116,railway_tools_volume_update,0.322265625,43.65079365079365,0.009765625,1.3227513227513228,80,0.00390625,2.5
5,Get the current sprint work items,1,get,the current sprint work items,Get the current sprint work items,0.73828125,117,quest_studio_file_storage_update_file,0.3125,42.32804232804233,0.001953125,0.26455026455026454,81,0.00390625,0.5
5,Get the current sprint work items,1,get,the current sprint work items,Get the current sprint work items,0.73828125,118,gmail_tools_delete_google_email,0.310546875,42.06349206349206,0.009765625,1.3227513227513228,82,0.00390625,2.5
5,Get the current sprint work items,1,get,the current sprint work items,Get the current sprint work items,0.73828125,119,github_mcp_server_delete_file,0.30078125,40.74074074074074,0.0078125,1.0582010582010581,83,0.00390625,2.0
5,Get the current sprint work items,1,get,the current sprint work items,Get the current sprint work items,0.73828125,120,outlook_mail_management_compose_email,0.29296875,39.682539682539684,0.01171875,1.5873015873015872,84,0.00390625,3.0
5,Get the current sprint work items,1,get,the current sprint work items,Get the current sprint work items,0.73828125,121,outlook_mail_management_delete_email_message,0.28125,38.095238095238095,0.0322265625,4.365079365079365,85,0.00390625,8.25
5,Get the current sprint work items,1,get,the current sprint work items,Get the current sprint work items,0.73828125,122,outlook_mail_management_send_email,0.2490234375,33.730158730158735,,,86,,
6,Find the latest Nvidia news and email a summary to Tom,1,find,the latest Nvidia news,Find the latest Nvidia news,0.5625,1,github_mcp_server_search_repositories,0.5625,100.0,0.00390625,0.6944444444444444,0,,
6,Find the latest Nvidia news and email a summary to Tom,1,find,the latest Nvidia news,Find the latest Nvidia news,0.5625,2,web_search_tools_web_search,0.55859375,99.30555555555556,0.02734375,4.861111111111112,1,,
6,Find the latest Nvidia news and email a summary to Tom,1,find,the latest Nvidia news,Find the latest Nvidia news,0.5625,3,railway_tools_service_info,0.53125,94.44444444444444,0.0078125,1.3888888888888888,2,,
6,Find the latest Nvidia news and email a summary to Tom,1,find,the latest Nvidia news,Find the latest Nvidia news,0.5625,4,github_mcp_server_pull_request_read,0.5234375,93.05555555555556,0.0078125,1.3888888888888888,3,0.0078125,1.0
6,Find the latest Nvidia news and email a summary to Tom,1,find,the latest Nvidia news,Find the latest Nvidia news,0.5625,5,railway_tools_project_info,0.515625,91.66666666666666,0.01953125,3.4722222222222223,4,0.0078125,2.5
6,Find the latest Nvidia news and email a summary to Tom,1,find,the latest Nvidia news,Find the latest Nvidia news,0.5625,6,github_mcp_server_get_commit,0.49609375,88.19444444444444,0.00390625,0.6944444444444444,5,0.0078125,0.5
6,Find the latest Nvidia news and email a summary to Tom,1,find,the latest Nvidia news,Find the latest Nvidia news,0.5625,7,railway_tools_service_create_from_repo,0.4921875,87.5,0.0,0.0,6,,
6,Find the latest Nvidia news and email a summary to Tom,1,find,the latest Nvidia news,Find the latest Nvidia news,0.5625,8,carrot_mcp_server_api_hr_dashboard_summary,0.4921875,87.5,0.0,0.0,6,,
6,Find the latest Nvidia news and email a summary to Tom,1,find,the latest Nvidia news,Find the latest Nvidia news,0.5625,9,github_mcp_server_list_commits,0.4921875,87.5,0.00390625,0.6944444444444444,6,0.0078125,0.5
6,Find the latest Nvidia news and email a summary to Tom,1,find,the latest Nvidia news,Find the latest Nvidia news,0.5625,10,railway_tools_service_update,0.48828125,86.80555555555556,0.0,0.0,7,,
6,Find the latest Nvidia news and email a summary to Tom,1,find,the latest Nvidia news,Find the latest Nvidia news,0.5625,11,github_mcp_server_get_me,0.48828125,86.80555555555556,0.001953125,0.3472222222222222,7,0.0078125,0.25
6,Find the latest Nvidia news and email a summary to Tom,1,find,the latest Nvidia news,Find the latest Nvidia news,0.5625,12,railway_tools_service_list,0.486328125,86.45833333333334,0.00390625,0.6944444444444444,8,0.005859375,0.6666666666666666
6,Find the latest Nvidia news and email a summary to Tom,1,find,the latest Nvidia news,Find the latest Nvidia news,0.5625,13,railway_tools_project_environments,0.482421875,85.76388888888889,0.0,0.0,9,,
6,Find the latest Nvidia news and email a summary to Tom,1,find,the latest Nvidia news,Find the latest Nvidia news,0.5625,14,github_mcp_server_list_pull_requests,0.482421875,85.76388888888889,0.0,0.0,9,,
6,Find the latest Nvidia news and email a summary to Tom,1,find,the latest Nvidia news,Find the latest Nvidia news,0.5625,15,office_word_mcp_server_api_search_replace,0.482421875,85.76388888888889,0.00390625,0.6944444444444444,9,0.00390625,1.0
6,Find the latest Nvidia news and email a summary to Tom,1,find,the latest Nvidia news,Find the latest Nvidia news,0.5625,16,quest_studio_file_storage_get_storage_usage,0.478515625,85.06944444444444,0.001953125,0.3472222222222222,10,0.00390625,0.5
6,Find the latest Nvidia news and email a summary to Tom,1,find,the latest Nvidia news,Find the latest Nvidia news,0.5625,17,railway_tools_project_list,0.4765625,84.72222222222221,0.0,0.0,11,,
6,Find the latest Nvidia news and email a summary to Tom,1,find,the latest Nvidia news,Find the latest Nvidia news,0.5625,18,gmail_tools_reply_google_email,0.4765625,84.72222222222221,0.001953125,0.3472222222222222,11,0.00390625,0.5
6,Find the latest Nvidia news and email a summary to Tom,1,find,the latest Nvidia news,Find the latest Nvidia news,0.5625,19,office_word_mcp_server_api_get_paragraph_text_from_document,0.474609375,84.375,0.0,0.0,12,,
6,Find the latest Nvidia news and email a summary to Tom,1,find,the latest Nvidia news,Find the latest Nvidia news,0.5625,20,office_word_mcp_server_api_find_text_in_document,0.474609375,84.375,0.001953125,0.3472222222222222,12,0.00390625,0.5
6,Find the latest Nvidia news and email a summary to Tom,1,find,the latest Nvidia news,Find the latest Nvidia news,0.5625,21,gmail_tools_get_google_emails,0.47265625,84.02777777777779,0.00390625,0.6944444444444444,13,0.00390625,1.0
6,Find the latest Nvidia news and email a summary to Tom,1,find,the latest Nvidia news,Find the latest Nvidia news,0.5625,22,github_mcp_server_list_branches,0.46875,83.33333333333334,0.001953125,0.3472222222222222,14,0.00390625,0.5
6,Find the latest Nvidia news and email a summary to Tom,1,find,the latest Nvidia news,Find the latest Nvidia news,0.5625,23,office_word_mcp_server_api_get_document_info,0.466796875,82.98611111111111,0.0,0.0,15,,
6,Find the latest Nvidia news and email a summary to Tom,1,find,the latest Nvidia news,Find the latest Nvidia news,0.5625,24,railway_tools_service_restart,0.466796875,82.98611111111111,0.001953125,0.3472222222222222,15,0.00390625,0.5
6,Find the latest Nvidia news and email a summary to Tom,1,find,the latest Nvidia news,Find the latest Nvidia news,0.5625,25,office_word_mcp_server_api_add_heading,0.46484375,82.63888888888889,0.0,0.0,16,,
6,Find the latest Nvidia news and email a summary to Tom,1,find,the latest Nvidia news,Find the latest Nvidia news,0.5625,26,railway_tools_volume_list,0.46484375,82.63888888888889,0.0,0.0,16,,
6,Find the latest Nvidia news and email a summary to Tom,1,find,the latest Nvidia news,Find the latest Nvidia news,0.5625,27,railway_tools_database_list_types,0.46484375,82.63888888888889,0.005859375,1.0416666666666665,16,0.00390625,1.5
6,Find the latest Nvidia news and email a summary to Tom,1,find,the latest Nvidia news,Find the latest Nvidia news,0.5625,28,railway_tools_service_create_from_image,0.458984375,81.59722222222221,0.0,0.0,17,,
6,Find the latest Nvidia news and email a summary to Tom,1,find,the latest Nvidia news,Find the latest Nvidia news,0.5625,29,office_word_mcp_server_api_get_document_outline,0.458984375,81.59722222222221,0.001953125,0.3472222222222222,17,0.00390625,0.5
6,Find the latest Nvidia news and email a summary to Tom,1,find,the latest Nvidia news,Find the latest Nvidia news,0.5625,30,gmail_tools_send_google_email,0.45703125,81.25,0.001953125,0.3472222222222222,18,0.00390625,0.5
6,Find the latest Nvidia news and email a summary to Tom,1,find,the latest Nvidia news,Find the latest Nvidia news,0.5625,31,project_management_tools_get_team,0.455078125,80.90277777777779,0.0,0.0,19,,
6,Find the latest Nvidia news and email a summary to Tom,1,find,the latest Nvidia news,Find the latest Nvidia news,0.5625,32,office_word_mcp_server_api_get_document_text,0.455078125,80.90277777777779,0.001953125,0.3472222222222222,19,0.00390625,0.5
6,Find the latest Nvidia news and email a summary to Tom,1,find,the latest Nvidia news,Find the latest Nvidia news,0.5625,33,railway_tools_project_create,0.453125,80.55555555555556,0.001953125,0.3472222222222222,20,0.00390625,0.5
6,Find the latest Nvidia news and email a summary to Tom,1,find,the latest Nvidia news,Find the latest Nvidia news,0.5625,34,gmail_tools_forward_google_email,0.451171875,80.20833333333334,0.0,0.0,21,,
6,Find the latest Nvidia news and email a summary to Tom,1,find,the latest Nvidia news,Find the latest Nvidia news,0.5625,35,github_mcp_server_create_pull_request,0.451171875,80.20833333333334,0.00390625,0.6944444444444444,21,0.00390625,1.0
6,Find the latest Nvidia news and email a summary to Tom,1,find,the latest Nvidia news,Find the latest Nvidia news,0.5625,36,supabase_mcp_get_all_supabase_projects,0.447265625,79.51388888888889,0.001953125,0.3472222222222222,22,0.00390625,0.5
6,Find the latest Nvidia news and email a summary to Tom,1,find,the latest Nvidia news,Find the latest Nvidia news,0.5625,37,project_management_tools_view_board,0.4453125,79.16666666666666,0.0,0.0,23,,
6,Find the latest Nvidia news and email a summary to Tom,1,find,the latest Nvidia news,Find the latest Nvidia news,0.5625,38,carrot_mcp_server_api_list_employees,0.4453125,79.16666666666666,0.0,0.0,23,,
6,Find the latest Nvidia news and email a summary to Tom,1,find,the latest Nvidia news,Find the latest Nvidia news,0.5625,39,office_word_mcp_server_api_add_page_break,0.4453125,79.16666666666666,0.001953125,0.3472222222222222,23,0.00390625,0.5
6,Find the latest Nvidia news and email a summary to Tom,1,find,the latest Nvidia news,Find the latest Nvidia news,0.5625,40,railway_tools_volume_delete,0.443359375,78.81944444444444,0.0,0.0,24,,
6,Find the latest Nvidia news and email a summary to Tom,1,find,the latest Nvidia news,Find the latest Nvidia news,0.5625,41,github_mcp_server_create_or_update_file,0.443359375,78.81944444444444,0.005859375,1.0416666666666665,24,0.0029296875,2.0
6,Find the latest Nvidia news and email a summary to Tom,1,find,the latest Nvidia news,Find the latest Nvidia news,0.5625,42,railway_tools_project_delete,0.4375,77.77777777777779,0.0,0.0,25,,
6,Find the latest Nvidia news and email a summary to Tom,1,find,the latest Nvidia news,Find the latest Nvidia news,0.5625,43,supabase_mcp_check_database_health,0.4375,77.77777777777779,0.0,0.0,25,,
6,Find the latest Nvidia news and email a summary to Tom,1,find,the latest Nvidia news,Find the latest Nvidia news,0.5625,44,github_mcp_server_update_pull_request,0.4375,77.77777777777779,0.0,0.0,25,,
6,Find the latest Nvidia news and email a summary to Tom,1,find,the latest Nvidia news,Find the latest Nvidia news,0.5625,45,railway_tools_volume_update,0.4375,77.77777777777779,0.0,0.0,25,,
6,Find the latest Nvidia news and email a summary to Tom,1,find,the latest Nvidia news,Find the latest Nvidia news,0.5625,46,supabase_mcp_get_table_schema,0.4375,77.77777777777779,0.0,0.0,25,,
6,Find the latest Nvidia news and email a summary to Tom,1,find,the latest Nvidia news,Find the latest Nvidia news,0.5625,47,carrot_mcp_server_api_get_employee,0.4375,77.77777777777779,0.001953125,0.3472222222222222,25,0.00390625,0.5
6,Find the latest Nvidia news and email a summary to Tom,1,find,the latest Nvidia news,Find the latest Nvidia news,0.5625,48,carrot_mcp_server_api_log_hours_entry,0.435546875,77.43055555555556,0.0,0.0,26,,
6,Find the latest Nvidia news and email a summary to Tom,1,find,the latest Nvidia news,Find the latest Nvidia news,0.5625,49,github_mcp_server_merge_pull_request,0.435546875,77.43055555555556,0.001953125,0.3472222222222222,26,0.0029296875,0.6666666666666666
6,Find the latest Nvidia news and email a summary to Tom,1,find,the latest Nvidia news,Find the latest Nvidia news,0.5625,50,project_management_tools_list_teams,0.43359375,77.08333333333334,0.0,0.0,27,,
6,Find the latest Nvidia news and email a summary to Tom,1,find,the latest Nvidia news,Find the latest Nvidia news,0.5625,51,carrot_mcp_server_api_work_hours_summary,0.43359375,77.08333333333334,0.0,0.0,27,,
6,Find the latest Nvidia news and email a summary to Tom,1,find,the latest Nvidia news,Find the latest Nvidia news,0.5625,52,office_word_mcp_server_api_copy_document,0.43359375,77.08333333333334,0.0,0.0,27,,
6,Find the latest Nvidia news and email a summary to Tom,1,find,the latest Nvidia news,Find the latest Nvidia news,0.5625,53,project_management_tools_list_projects,0.43359375,77.08333333333334,0.001953125,0.3472222222222222,27,0.001953125,1.0
6,Find the latest Nvidia news and email a summary to Tom,1,find,the latest Nvidia news,Find the latest Nvidia news,0.5625,54,carrot_mcp_server_api_update_employee,0.431640625,76.73611111111111,0.0,0.0,28,,
6,Find the latest Nvidia news and email a summary to Tom,1,find,the latest Nvidia news,Find the latest Nvidia news,0.5625,55,carrot_mcp_server_api_submit_leave_application,0.431640625,76.73611111111111,0.0,0.0,28,,
6,Find the latest Nvidia news and email a summary to Tom,1,find,the latest Nvidia news,Find the latest Nvidia news,0.5625,56,quest_studio_file_storage_get_file_content,0.431640625,76.73611111111111,0.0,0.0,28,,
6,Find the latest Nvidia news and email a summary to Tom,1,find,the latest Nvidia news,Find the latest Nvidia news,0.5625,57,office_word_mcp_server_api_add_paragraph,0.431640625,76.73611111111111,0.001953125,0.3472222222222222,28,0.001953125,1.0
6,Find the latest Nvidia news and email a summary to Tom,1,find,the latest Nvidia news,Find the latest Nvidia news,0.5625,58,office_word_mcp_server_api_get_document_xml,0.4296875,76.38888888888889,0.001953125,0.3472222222222222,29,0.001953125,1.0
6,Find the latest Nvidia news and email a summary to Tom,1,find,the latest Nvidia news,Find the latest Nvidia news,0.5625,59,github_mcp_server_create_branch,0.427734375,76.04166666666666,0.001953125,0.3472222222222222,30,0.001953125,1.0
6,Find the latest Nvidia news and email a summary to Tom,1,find,the latest Nvidia news,Find the latest Nvidia news,0.5625,60,railway_tools_service_delete,0.42578125,75.69444444444444,0.001953125,0.3472222222222222,31,0.001953125,1.0
6,Find the latest Nvidia news and email a summary to Tom,1,find,the latest Nvidia news,Find the latest Nvidia news,0.5625,61,github_mcp_server_get_file_contents,0.423828125,75.34722222222221,0.00390625,0.6944444444444444,32,0.001953125,2.0
6,Find the latest Nvidia news and email a summary to Tom,1,find,the latest Nvidia news,Find the latest Nvidia news,0.5625,62,project_management_tools_get_project,0.419921875,74.65277777777779,0.001953125,0.3472222222222222,33,0.001953125,1.0
6,Find the latest Nvidia news and email a summary to Tom,1,find,the latest Nvidia news,Find the latest Nvidia news,0.5625,63,railway_tools_volume_create,0.41796875,74.30555555555556,0.0,0.0,34,,
6,Find the latest Nvidia news and email a summary to Tom,1,find,the latest Nvidia news,Find the latest Nvidia news,0.5625,64,office_word_mcp_server_api_convert_to_pdf,0.41796875,74.30555555555556,0.001953125,0.3472222222222222,34,0.001953125,1.0
6,Find the latest Nvidia news and email a summary to Tom,1,find,the latest Nvidia news,Find the latest Nvidia news,0.5625,65,carrot_mcp_server_api_create_leave_application,0.416015625,73.95833333333334,0.0,0.0,35,,
6,Find the latest Nvidia news and email a summary to Tom,1,find,the latest Nvidia news,Find the latest Nvidia news,0.5625,66,quest_studio_file_storage_query_files,0.416015625,73.95833333333334,0.0,0.0,35,,
6,Find the latest Nvidia news and email a summary to Tom,1,find,the latest Nvidia news,Find the latest Nvidia news,0.5625,67,project_management_tools_get_user_capacity,0.416015625,73.95833333333334,0.001953125,0.3472222222222222,35,0.001953125,1.0
6,Find the latest Nvidia news and email a summary to Tom,1,find,the latest Nvidia news,Find the latest Nvidia news,0.5625,68,outlook_mail_management_find_email_address,0.4140625,73.61111111111111,0.0,0.0,36,,
6,Find the latest Nvidia news and email a summary to Tom,1,find,the latest Nvidia news,Find the latest Nvidia news,0.5625,69,project_management_tools_list_work_items,0.4140625,73.61111111111111,0.0,0.0,36,,
6,Find the latest Nvidia news and email a summary to Tom,1,find,the latest Nvidia news,Find the latest Nvidia news,0.5625,70,supabase_mcp_get_database_tables,0.4140625,73.61111111111111,0.001953125,0.3472222222222222,36,0.001953125,1.0
6,Find the latest Nvidia news and email a summary to Tom,1,find,the latest Nvidia news,Find the latest Nvidia news,0.5625,71,github_mcp_server_create_repository,0.412109375,73.26388888888889,0.0,0.0,37,,
6,Find the latest Nvidia news and email a summary to Tom,1,find,the latest Nvidia news,Find the latest Nvidia news,0.5625,72,office_word_mcp_server_api_create_word_document,0.412109375,73.26388888888889,0.001953125,0.3472222222222222,37,0.001953125,1.0
6,Find the latest Nvidia news and email a summary to Tom,1,find,the latest Nvidia news,Find the latest Nvidia news,0.5625,73,project_management_tools_create_team,0.41015625,72.91666666666666,0.001953125,0.3472222222222222,38,0.001953125,1.0
6,Find the latest Nvidia news and email a summary to Tom,1,find,the latest Nvidia news,Find the latest Nvidia news,0.5625,74,project_management_tools_get_sprint,0.408203125,72.56944444444444,0.0,0.0,39,,
6,Find the latest Nvidia news and email a summary to Tom,1,find,the latest Nvidia news,Find the latest Nvidia news,0.5625,75,project_management_tools_list_team_members,0.408203125,72.56944444444444,0.001953125,0.3472222222222222,39,0.001953125,1.0
6,Find the latest Nvidia news and email a summary to Tom,1,find,the latest Nvidia news,Find the latest Nvidia news,0.5625,76,project_management_tools_create_work_item,0.40625,72.22222222222221,0.0,0.0,40,,
6,Find the latest Nvidia news and email a summary to Tom,1,find,the latest Nvidia news,Find the latest Nvidia news,0.5625,77,supabase_mcp_select_database_table_data,0.40625,72.22222222222221,0.001953125,0.3472222222222222,40,0.001953125,1.0
6,Find the latest Nvidia news and email a summary to Tom,1,find,the latest Nvidia news,Find the latest Nvidia news,0.5625,78,sharepoint_tools_get_sharepoint_documents,0.404296875,71.875,0.001953125,0.3472222222222222,41,0.001953125,1.0
6,Find the latest Nvidia news and email a summary to Tom,1,find,the latest Nvidia news,Find the latest Nvidia news,0.5625,79,carrot_mcp_server_api_update_leave_application,0.40234375,71.52777777777779,0.0,0.0,42,,
6,Find the latest Nvidia news and email a summary to Tom,1,find,the latest Nvidia news,Find the latest Nvidia news,0.5625,80,office_word_mcp_server_api_add_picture,0.40234375,71.52777777777779,0.0,0.0,42,,
6,Find the latest Nvidia news and email a summary to Tom,1,find,the latest Nvidia news,Find the latest Nvidia news,0.5625,81,outlook_mail_management_search_outlook_mail,0.40234375,71.52777777777779,0.0,0.0,42,,
6,Find the latest Nvidia news and email a summary to Tom,1,find,the latest Nvidia news,Find the latest Nvidia news,0.5625,82,project_management_tools_get_work_item_comments,0.40234375,71.52777777777779,0.0,0.0,42,,
6,Find the latest Nvidia news and email a summary to Tom,1,find,the latest Nvidia news,Find the latest Nvidia news,0.5625,83,project_management_tools_create_project,0.40234375,71.52777777777779,0.0,0.0,42,,
6,Find the latest Nvidia news and email a summary to Tom,1,find,the latest Nvidia news,Find the latest Nvidia news,0.5625,84,project_management_tools_list_sprints,0.40234375,71.52777777777779,0.001953125,0.3472222222222222,42,0.001953125,1.0
6,Find the latest Nvidia news and email a summary to Tom,1,find,the latest Nvidia news,Find the latest Nvidia news,0.5625,85,sharepoint_tools_get_sharepoint_sites,0.400390625,71.18055555555556,0.001953125,0.3472222222222222,43,0.001953125,1.0
6,Find the latest Nvidia news and email a summary to Tom,1,find,the latest Nvidia news,Find the latest Nvidia news,0.5625,86,carrot_mcp_server_api_create_employee,0.3984375,70.83333333333334,0.001953125,0.3472222222222222,44,0.001953125,1.0
6,Find the latest Nvidia news and email a summary to Tom,1,find,the latest Nvidia news,Find the latest Nvidia news,0.5625,87,office_word_mcp_server_api_delete_paragraph,0.396484375,70.48611111111111,0.001953125,0.3472222222222222,45,0.001953125,1.0
6,Find the latest Nvidia news and email a summary to Tom,1,find,the latest Nvidia news,Find the latest Nvidia news,0.5625,88,office_word_mcp_server_api_list_files,0.39453125,70.13888888888889,0.0,0.0,46,,
6,Find the latest Nvidia news and email a summary to Tom,1,find,the latest Nvidia news,Find the latest Nvidia news,0.5625,89,office_word_mcp_server_api_merge_doucments,0.39453125,70.13888888888889,0.0,0.0,46,,
6,Find the latest Nvidia news and email a summary to Tom,1,find,the latest Nvidia news,Find the latest Nvidia news,0.5625,90,office_word_mcp_server_api_add_table,0.39453125,70.13888888888889,0.0,0.0,46,,
6,Find the latest Nvidia news and email a summary to Tom,1,find,the latest Nvidia news,Find the latest Nvidia news,0.5625,91,gmail_tools_delete_google_email,0.39453125,70.13888888888889,0.0,0.0,46,,
6,Find the latest Nvidia news and email a summary to Tom,1,find,the latest Nvidia news,Find the latest Nvidia news,0.5625,92,supabase_mcp_update_database_table_data,0.39453125,70.13888888888889,0.001953125,0.3472222222222222,46,0.001953125,1.0
6,Find the latest Nvidia news and email a summary to Tom,1,find,the latest Nvidia news,Find the latest Nvidia news,0.5625,93,quest_studio_file_storage_get_files,0.392578125,69.79166666666666,0.001953125,0.3472222222222222,47,0.001953125,1.0
6,Find the latest Nvidia news and email a summary to Tom,1,find,the latest Nvidia news,Find the latest Nvidia news,0.5625,94,supabase_mcp_insert_table_data,0.390625,69.44444444444444,0.005859375,1.0416666666666665,48,0.001953125,3.0
6,Find the latest Nvidia news and email a summary to Tom,1,find,the latest Nvidia news,Find the latest Nvidia news,0.5625,95,outlook_mail_management_compose_email,0.384765625,68.40277777777779,0.0,0.0,49,,
6,Find the latest Nvidia news and email a summary to Tom,1,find,the latest Nvidia news,Find the latest Nvidia news,0.5625,96,project_management_tools_get_work_item,0.384765625,68.40277777777779,0.001953125,0.3472222222222222,49,0.001953125,1.0
6,Find the latest Nvidia news and email a summary to Tom,1,find,the latest Nvidia news,Find the latest Nvidia news,0.5625,97,outlook_mail_management_reply_to_email,0.3828125,68.05555555555556,0.0,0.0,50,,
6,Find the latest Nvidia news and email a summary to Tom,1,find,the latest Nvidia news,Find the latest Nvidia news,0.5625,98,carrot_mcp_server_api_list_leave_application,0.3828125,68.05555555555556,0.0,0.0,50,,
6,Find the latest Nvidia news and email a summary to Tom,1,find,the latest Nvidia news,Find the latest Nvidia news,0.5625,99,sharepoint_tools_create_txt_file_in_sharepoint,0.3828125,68.05555555555556,0.00390625,0.6944444444444444,50,0.001953125,2.0
6,Find the latest Nvidia news and email a summary to Tom,1,find,the latest Nvidia news,Find the latest Nvidia news,0.5625,100,quest_studio_file_storage_get_file,0.37890625,67.36111111111111,0.0,0.0,51,,
6,Find the latest Nvidia news and email a summary to Tom,1,find,the latest Nvidia news,Find the latest Nvidia news,0.5625,101,project_management_tools_list_users,0.37890625,67.36111111111111,0.001953125,0.3472222222222222,51,0.001953125,1.0
6,Find the latest Nvidia news and email a summary to Tom,1,find,the latest Nvidia news,Find the latest Nvidia news,0.5625,102,office_word_mcp_server_api_delete_document,0.376953125,67.01388888888889,0.00390625,0.6944444444444444,52,0.001953125,2.0
6,Find the latest Nvidia news and email a summary to Tom,1,find,the latest Nvidia news,Find the latest Nvidia news,0.5625,103,project_management_tools_create_sprint,0.373046875,66.31944444444444,0.001953125,0.3472222222222222,53,0.001953125,1.0
6,Find the latest Nvidia news and email a summary to Tom,1,find,the latest Nvidia news,Find the latest Nvidia news,0.5625,104,project_management_tools_delete_team,0.37109375,65.97222222222221,0.00390625,0.6944444444444444,54,0.001953125,2.0
6,Find the latest Nvidia news and email a summary to Tom,1,find,the latest Nvidia news,Find the latest Nvidia news,0.5625,105,project_management_tools_update_user_capacity,0.3671875,65.27777777777779,0.00390625,0.6944444444444444,55,0.001953125,2.0
6,Find the latest Nvidia news and email a summary to Tom,1,find,the latest Nvidia news,Find the latest Nvidia news,0.5625,106,project_management_tools_update_project,0.36328125,64.58333333333334,0.0078125,1.3888888888888888,56,0.001953125,4.0
6,Find the latest Nvidia news and email a summary to Tom,1,find,the latest Nvidia news,Find the latest Nvidia news,0.5625,107,project_management_tools_update_task_status,0.35546875,63.19444444444444,0.005859375,1.0416666666666665,57,0.001953125,3.0
6,Find the latest Nvidia news and email a summary to Tom,1,find,the latest Nvidia news,Find the latest Nvidia news,0.5625,108,project_management_tools_add_work_item_comment,0.349609375,62.15277777777778,0.005859375,1.0416666666666665,58,0.001953125,3.0
6,Find the latest Nvidia news and email a summary to Tom,1,find,the latest Nvidia news,Find the latest Nvidia news,0.5625,109,quest_studio_file_storage_update_file,0.34375,61.111111111111114,0.001953125,0.3472222222222222,59,0.001953125,1.0
6,Find the latest Nvidia news and email a summary to Tom,1,find,the latest Nvidia news,Find the latest Nvidia news,0.5625,110,outlook_mail_management_get_email_messages,0.341796875,60.763888888888886,0.00390625,0.6944444444444444,60,0.001953125,2.0
6,Find the latest Nvidia news and email a summary to Tom,1,find,the latest Nvidia news,Find the latest Nvidia news,0.5625,111,project_management_tools_export_sprint_to_sharepoint,0.337890625,60.06944444444444,0.0,0.0,61,,
6,Find the latest Nvidia news and email a summary to Tom,1,find,the latest Nvidia news,Find the latest Nvidia news,0.5625,112,project_management_tools_update_work_item,0.337890625,60.06944444444444,0.001953125,0.3472222222222222,61,0.001953125,1.0
6,Find the latest Nvidia news and email a summary to Tom,1,find,the latest Nvidia news,Find the latest Nvidia news,0.5625,113,github_mcp_server_push_files,0.3359375,59.72222222222222,0.005859375,1.0416666666666665,62,0.001953125,3.0
6,Find the latest Nvidia news and email a summary to Tom,1,find,the latest Nvidia news,Find the latest Nvidia news,0.5625,114,outlook_mail_management_forward_email,0.330078125,58.68055555555556,0.00390625,0.6944444444444444,63,0.001953125,2.0
6,Find the latest Nvidia news and email a summary to Tom,1,find,the latest Nvidia news,Find the latest Nvidia news,0.5625,115,outlook_mail_management_send_email,0.326171875,57.986111111111114,0.0,0.0,64,,
6,Find the latest Nvidia news and email a summary to Tom,1,find,the latest Nvidia news,Find the latest Nvidia news,0.5625,116,quest_studio_file_storage_delete_file,0.326171875,57.986111111111114,0.0,0.0,64,,
6,Find the latest Nvidia news and email a summary to Tom,1,find,the latest Nvidia news,Find the latest Nvidia news,0.5625,117,project_management_tools_assign_work_item,0.326171875,57.986111111111114,0.005859375,1.0416666666666665,64,0.001953125,3.0
6,Find the latest Nvidia news and email a summary to Tom,1,find,the latest Nvidia news,Find the latest Nvidia news,0.5625,118,project_management_tools_delete_work_item,0.3203125,56.94444444444444,0.001953125,0.3472222222222222,65,0.001953125,1.0
6,Find the latest Nvidia news and email a summary to Tom,1,find,the latest Nvidia news,Find the latest Nvidia news,0.5625,119,project_management_tools_delete_project,0.318359375,56.59722222222222,0.001953125,0.3472222222222222,66,0.001953125,1.0
6,Find the latest Nvidia news and email a summary to Tom,1,find,the latest Nvidia news,Find the latest Nvidia news,0.5625,120,project_management_tools_delete_sprint,0.31640625,56.25,0.0078125,1.3888888888888888,67,0.001953125,4.0
6,Find the latest Nvidia news and email a summary to Tom,1,find,the latest Nvidia news,Find the latest Nvidia news,0.5625,121,github_mcp_server_delete_file,0.30859375,54.861111111111114,0.0654296875,11.631944444444445,68,0.001953125,33.5
6,Find the latest Nvidia news and email a summary to Tom,1,find,the latest Nvidia news,Find the latest Nvidia news,0.5625,122,outlook_mail_management_delete_email_message,0.2431640625,43.22916666666667,,,69,,
6,Find the latest Nvidia news and email a summary to Tom,2,email,a summary,email a summary to Tom,0.69921875,1,outlook_mail_management_compose_email,0.69921875,100.0,0.02734375,3.910614525139665,0,,
6,Find the latest Nvidia news and email a summary to Tom,2,email,a summary,email a summary to Tom,0.69921875,2,gmail_tools_reply_google_email,0.671875,96.08938547486034,0.00390625,0.5586592178770949,1,,
6,Find the latest Nvidia news and email a summary to Tom,2,email,a summary,email a summary to Tom,0.69921875,3,gmail_tools_send_google_email,0.66796875,95.53072625698324,0.00390625,0.5586592178770949,2,,
6,Find the latest Nvidia news and email a summary to Tom,2,email,a summary,email a summary to Tom,0.69921875,4,outlook_mail_management_reply_to_email,0.6640625,94.97206703910615,0.0078125,1.1173184357541899,3,0.00390625,2.0
6,Find the latest Nvidia news and email a summary to Tom,2,email,a summary,email a summary to Tom,0.69921875,5,outlook_mail_management_send_email,0.65625,93.85474860335195,0.0078125,1.1173184357541899,4,0.005859375,1.3333333333333333
6,Find the latest Nvidia news and email a summary to Tom,2,email,a summary,email a summary to Tom,0.69921875,6,gmail_tools_get_google_emails,0.6484375,92.73743016759776,0.0078125,1.1173184357541899,5,0.0078125,1.0
6,Find the latest Nvidia news and email a summary to Tom,2,email,a summary,email a summary to Tom,0.69921875,7,gmail_tools_forward_google_email,0.640625,91.62011173184358,0.01953125,2.793296089385475,6,0.0078125,2.5
6,Find the latest Nvidia news and email a summary to Tom,2,email,a summary,email a summary to Tom,0.69921875,8,outlook_mail_management_find_email_address,0.62109375,88.8268156424581,0.00390625,0.5586592178770949,7,0.0078125,0.5
6,Find the latest Nvidia news and email a summary to Tom,2,email,a summary,email a summary to Tom,0.69921875,9,gmail_tools_delete_google_email,0.6171875,88.26815642458101,0.01171875,1.675977653631285,8,0.0078125,1.5
6,Find the latest Nvidia news and email a summary to Tom,2,email,a summary,email a summary to Tom,0.69921875,10,outlook_mail_management_forward_email,0.60546875,86.59217877094973,0.00390625,0.5586592178770949,9,0.0078125,0.5
6,Find the latest Nvidia news and email a summary to Tom,2,email,a summary,email a summary to Tom,0.69921875,11,outlook_mail_management_search_outlook_mail,0.6015625,86.03351955307262,0.03125,4.4692737430167595,10,0.0078125,4.0
6,Find the latest Nvidia news and email a summary to Tom,2,email,a summary,email a summary to Tom,0.69921875,12,carrot_mcp_server_api_hr_dashboard_summary,0.5703125,81.56424581005587,0.0078125,1.1173184357541899,11,0.0078125,1.0
6,Find the latest Nvidia news and email a summary to Tom,2,email,a summary,email a summary to Tom,0.69921875,13,office_word_mcp_server_api_add_paragraph,0.5625,80.44692737430168,0.0,0.0,12,,
6,Find the latest Nvidia news and email a summary to Tom,2,email,a summary,email a summary to Tom,0.69921875,14,office_word_mcp_server_api_add_heading,0.5625,80.44692737430168,0.00390625,0.5586592178770949,12,0.0078125,0.5
6,Find the latest Nvidia news and email a summary to Tom,2,email,a summary,email a summary to Tom,0.69921875,15,office_word_mcp_server_api_get_document_outline,0.55859375,79.88826815642457,0.00390625,0.5586592178770949,13,0.0078125,0.5
6,Find the latest Nvidia news and email a summary to Tom,2,email,a summary,email a summary to Tom,0.69921875,16,office_word_mcp_server_api_add_table,0.5546875,79.3296089385475,0.00390625,0.5586592178770949,14,0.0078125,0.5
6,Find the latest Nvidia news and email a summary to Tom,2,email,a summary,email a summary to Tom,0.69921875,17,office_word_mcp_server_api_convert_to_pdf,0.55078125,78.77094972067039,0.0,0.0,15,,
6,Find the latest Nvidia news and email a summary to Tom,2,email,a summary,email a summary to Tom,0.69921875,18,office_word_mcp_server_api_add_picture,0.55078125,78.77094972067039,0.0,0.0,15,,
6,Find the latest Nvidia news and email a summary to Tom,2,email,a summary,email a summary to Tom,0.69921875,19,office_word_mcp_server_api_get_paragraph_text_from_document,0.55078125,78.77094972067039,0.0,0.0,15,,
6,Find the latest Nvidia news and email a summary to Tom,2,email,a summary,email a summary to Tom,0.69921875,20,outlook_mail_management_get_email_messages,0.55078125,78.77094972067039,0.0078125,1.1173184357541899,15,0.0078125,1.0
6,Find the latest Nvidia news and email a summary to Tom,2,email,a summary,email a summary to Tom,0.69921875,21,sharepoint_tools_create_txt_file_in_sharepoint,0.54296875,77.6536312849162,0.00390625,0.5586592178770949,16,0.0078125,0.5
6,Find the latest Nvidia news and email a summary to Tom,2,email,a summary,email a summary to Tom,0.69921875,22,office_word_mcp_server_api_create_word_document,0.5390625,77.09497206703911,0.0,0.0,17,,
6,Find the latest Nvidia news and email a summary to Tom,2,email,a summary,email a summary to Tom,0.69921875,23,office_word_mcp_server_api_copy_document,0.5390625,77.09497206703911,0.0,0.0,17,,
6,Find the latest Nvidia news and email a summary to Tom,2,email,a summary,email a summary to Tom,0.69921875,24,office_word_mcp_server_api_get_document_text,0.5390625,77.09497206703911,0.00390625,0.5586592178770949,17,0.0078125,0.5
6,Find the latest Nvidia news and email a summary to Tom,2,email,a summary,email a summary to Tom,0.69921875,25,office_word_mcp_server_api_find_text_in_document,0.53515625,76.53631284916202,0.0,0.0,18,,
6,Find the latest Nvidia news and email a summary to Tom,2,email,a summary,email a summary to Tom,0.69921875,26,carrot_mcp_server_api_work_hours_summary,0.53515625,76.53631284916202,0.0,0.0,18,,
6,Find the latest Nvidia news and email a summary to Tom,2,email,a summary,email a summary to Tom,0.69921875,27,project_management_tools_export_sprint_to_sharepoint,0.53515625,76.53631284916202,0.0,0.0,18,,
6,Find the latest Nvidia news and email a summary to Tom,2,email,a summary,email a summary to Tom,0.69921875,28,carrot_mcp_server_api_update_employee,0.53515625,76.53631284916202,0.0078125,1.1173184357541899,18,0.005859375,1.3333333333333333
6,Find the latest Nvidia news and email a summary to Tom,2,email,a summary,email a summary to Tom,0.69921875,29,carrot_mcp_server_api_create_employee,0.52734375,75.41899441340783,0.0,0.0,19,,
6,Find the latest Nvidia news and email a summary to Tom,2,email,a summary,email a summary to Tom,0.69921875,30,office_word_mcp_server_api_get_document_info,0.52734375,75.41899441340783,0.00390625,0.5586592178770949,19,0.0078125,0.5
6,Find the latest Nvidia news and email a summary to Tom,2,email,a summary,email a summary to Tom,0.69921875,31,office_word_mcp_server_api_add_page_break,0.5234375,74.86033519553072,0.00390625,0.5586592178770949,20,0.005859375,0.6666666666666666
6,Find the latest Nvidia news and email a summary to Tom,2,email,a summary,email a summary to Tom,0.69921875,32,office_word_mcp_server_api_search_replace,0.51953125,74.30167597765363,0.0,0.0,21,,
6,Find the latest Nvidia news and email a summary to Tom,2,email,a summary,email a summary to Tom,0.69921875,33,office_word_mcp_server_api_delete_paragraph,0.51953125,74.30167597765363,0.0,0.0,21,,
6,Find the latest Nvidia news and email a summary to Tom,2,email,a summary,email a summary to Tom,0.69921875,34,office_word_mcp_server_api_merge_doucments,0.51953125,74.30167597765363,0.0,0.0,21,,
6,Find the latest Nvidia news and email a summary to Tom,2,email,a summary,email a summary to Tom,0.69921875,35,office_word_mcp_server_api_get_document_xml,0.51953125,74.30167597765363,0.00390625,0.5586592178770949,21,0.00390625,1.0
6,Find the latest Nvidia news and email a summary to Tom,2,email,a summary,email a summary to Tom,0.69921875,36,carrot_mcp_server_api_submit_leave_application,0.515625,73.74301675977654,0.0,0.0,22,,
6,Find the latest Nvidia news and email a summary to Tom,2,email,a summary,email a summary to Tom,0.69921875,37,quest_studio_file_storage_get_storage_usage,0.515625,73.74301675977654,0.00390625,0.5586592178770949,22,0.00390625,1.0
6,Find the latest Nvidia news and email a summary to Tom,2,email,a summary,email a summary to Tom,0.69921875,38,carrot_mcp_server_api_create_leave_application,0.51171875,73.18435754189943,0.0078125,1.1173184357541899,23,0.00390625,2.0
6,Find the latest Nvidia news and email a summary to Tom,2,email,a summary,email a summary to Tom,0.69921875,39,carrot_mcp_server_api_get_employee,0.50390625,72.06703910614524,0.0,0.0,24,,
6,Find the latest Nvidia news and email a summary to Tom,2,email,a summary,email a summary to Tom,0.69921875,40,github_mcp_server_pull_request_read,0.50390625,72.06703910614524,0.0,0.0,24,,
6,Find the latest Nvidia news and email a summary to Tom,2,email,a summary,email a summary to Tom,0.69921875,41,railway_tools_project_info,0.50390625,72.06703910614524,0.00390625,0.5586592178770949,24,0.00390625,1.0
6,Find the latest Nvidia news and email a summary to Tom,2,email,a summary,email a summary to Tom,0.69921875,42,carrot_mcp_server_api_update_leave_application,0.5,71.50837988826815,0.0,0.0,25,,
6,Find the latest Nvidia news and email a summary to Tom,2,email,a summary,email a summary to Tom,0.69921875,43,office_word_mcp_server_api_list_files,0.5,71.50837988826815,0.00390625,0.5586592178770949,25,0.00390625,1.0
6,Find the latest Nvidia news and email a summary to Tom,2,email,a summary,email a summary to Tom,0.69921875,44,carrot_mcp_server_api_list_employees,0.49609375,70.94972067039106,0.001953125,0.27932960893854747,26,0.00390625,0.5
6,Find the latest Nvidia news and email a summary to Tom,2,email,a summary,email a summary to Tom,0.69921875,45,outlook_mail_management_delete_email_message,0.494140625,70.6703910614525,0.0,0.0,27,,
6,Find the latest Nvidia news and email a summary to Tom,2,email,a summary,email a summary to Tom,0.69921875,46,github_mcp_server_create_or_update_file,0.494140625,70.6703910614525,0.0,0.0,27,,
6,Find the latest Nvidia news and email a summary to Tom,2,email,a summary,email a summary to Tom,0.69921875,47,office_word_mcp_server_api_delete_document,0.494140625,70.6703910614525,0.005859375,0.8379888268156425,27,0.00390625,1.5
6,Find the latest Nvidia news and email a summary to Tom,2,email,a summary,email a summary to Tom,0.69921875,48,github_mcp_server_get_commit,0.48828125,69.83240223463687,0.0,0.0,28,,
6,Find the latest Nvidia news and email a summary to Tom,2,email,a summary,email a summary to Tom,0.69921875,49,railway_tools_service_info,0.48828125,69.83240223463687,0.0,0.0,28,,
6,Find the latest Nvidia news and email a summary to Tom,2,email,a summary,email a summary to Tom,0.69921875,50,railway_tools_project_environments,0.48828125,69.83240223463687,0.001953125,0.27932960893854747,28,0.00390625,0.5
6,Find the latest Nvidia news and email a summary to Tom,2,email,a summary,email a summary to Tom,0.69921875,51,github_mcp_server_search_repositories,0.486328125,69.55307262569832,0.001953125,0.27932960893854747,29,0.00390625,0.5
6,Find the latest Nvidia news and email a summary to Tom,2,email,a summary,email a summary to Tom,0.69921875,52,carrot_mcp_server_api_log_hours_entry,0.484375,69.27374301675978,0.005859375,0.8379888268156425,30,0.00390625,1.5
6,Find the latest Nvidia news and email a summary to Tom,2,email,a summary,email a summary to Tom,0.69921875,53,railway_tools_service_list,0.478515625,68.43575418994413,0.001953125,0.27932960893854747,31,0.00390625,0.5
6,Find the latest Nvidia news and email a summary to Tom,2,email,a summary,email a summary to Tom,0.69921875,54,railway_tools_service_create_from_repo,0.4765625,68.15642458100558,0.0,0.0,32,,
6,Find the latest Nvidia news and email a summary to Tom,2,email,a summary,email a summary to Tom,0.69921875,55,railway_tools_project_list,0.4765625,68.15642458100558,0.001953125,0.27932960893854747,32,0.00390625,0.5
6,Find the latest Nvidia news and email a summary to Tom,2,email,a summary,email a summary to Tom,0.69921875,56,project_management_tools_create_team,0.474609375,67.87709497206704,0.001953125,0.27932960893854747,33,0.00390625,0.5
6,Find the latest Nvidia news and email a summary to Tom,2,email,a summary,email a summary to Tom,0.69921875,57,project_management_tools_list_work_items,0.47265625,67.59776536312849,0.0,0.0,34,,
6,Find the latest Nvidia news and email a summary to Tom,2,email,a summary,email a summary to Tom,0.69921875,58,quest_studio_file_storage_get_file_content,0.47265625,67.59776536312849,0.001953125,0.27932960893854747,34,0.00390625,0.5
6,Find the latest Nvidia news and email a summary to Tom,2,email,a summary,email a summary to Tom,0.69921875,59,github_mcp_server_list_commits,0.470703125,67.31843575418995,0.001953125,0.27932960893854747,35,0.00390625,0.5
6,Find the latest Nvidia news and email a summary to Tom,2,email,a summary,email a summary to Tom,0.69921875,60,github_mcp_server_get_me,0.46875,67.0391061452514,0.0,0.0,36,,
6,Find the latest Nvidia news and email a summary to Tom,2,email,a summary,email a summary to Tom,0.69921875,61,project_management_tools_list_sprints,0.46875,67.0391061452514,0.0,0.0,36,,
6,Find the latest Nvidia news and email a summary to Tom,2,email,a summary,email a summary to Tom,0.69921875,62,project_management_tools_get_team,0.46875,67.0391061452514,0.001953125,0.27932960893854747,36,0.00390625,0.5
6,Find the latest Nvidia news and email a summary to Tom,2,email,a summary,email a summary to Tom,0.69921875,63,project_management_tools_view_board,0.466796875,66.75977653631286,0.0,0.0,37,,
6,Find the latest Nvidia news and email a summary to Tom,2,email,a summary,email a summary to Tom,0.69921875,64,railway_tools_project_delete,0.466796875,66.75977653631286,0.00390625,0.5586592178770949,37,0.00390625,1.0
6,Find the latest Nvidia news and email a summary to Tom,2,email,a summary,email a summary to Tom,0.69921875,65,railway_tools_service_restart,0.462890625,66.20111731843575,0.0,0.0,38,,
6,Find the latest Nvidia news and email a summary to Tom,2,email,a summary,email a summary to Tom,0.69921875,66,github_mcp_server_list_pull_requests,0.462890625,66.20111731843575,0.001953125,0.27932960893854747,38,0.00390625,0.5
6,Find the latest Nvidia news and email a summary to Tom,2,email,a summary,email a summary to Tom,0.69921875,67,railway_tools_service_update,0.4609375,65.92178770949721,0.0,0.0,39,,
6,Find the latest Nvidia news and email a summary to Tom,2,email,a summary,email a summary to Tom,0.69921875,68,sharepoint_tools_get_sharepoint_documents,0.4609375,65.92178770949721,0.0,0.0,39,,
6,Find the latest Nvidia news and email a summary to Tom,2,email,a summary,email a summary to Tom,0.69921875,69,carrot_mcp_server_api_list_leave_application,0.4609375,65.92178770949721,0.001953125,0.27932960893854747,39,0.00390625,0.5
6,Find the latest Nvidia news and email a summary to Tom,2,email,a summary,email a summary to Tom,0.69921875,70,supabase_mcp_get_table_schema,0.458984375,65.64245810055866,0.001953125,0.27932960893854747,40,0.00390625,0.5
6,Find the latest Nvidia news and email a summary to Tom,2,email,a summary,email a summary to Tom,0.69921875,71,railway_tools_project_create,0.45703125,65.36312849162012,0.0,0.0,41,,
6,Find the latest Nvidia news and email a summary to Tom,2,email,a summary,email a summary to Tom,0.69921875,72,quest_studio_file_storage_delete_file,0.45703125,65.36312849162012,0.0,0.0,41,,
6,Find the latest Nvidia news and email a summary to Tom,2,email,a summary,email a summary to Tom,0.69921875,73,project_management_tools_get_user_capacity,0.45703125,65.36312849162012,0.0,0.0,41,,
6,Find the latest Nvidia news and email a summary to Tom,2,email,a summary,email a summary to Tom,0.69921875,74,github_mcp_server_merge_pull_request,0.45703125,65.36312849162012,0.0,0.0,41,,
6,Find the latest Nvidia news and email a summary to Tom,2,email,a summary,email a summary to Tom,0.69921875,75,project_management_tools_get_sprint,0.45703125,65.36312849162012,0.001953125,0.27932960893854747,41,0.00390625,0.5
6,Find the latest Nvidia news and email a summary to Tom,2,email,a summary,email a summary to Tom,0.69921875,76,project_management_tools_create_sprint,0.455078125,65.08379888268156,0.0,0.0,42,,
6,Find the latest Nvidia news and email a summary to Tom,2,email,a summary,email a summary to Tom,0.69921875,77,github_mcp_server_create_pull_request,0.455078125,65.08379888268156,0.0,0.0,42,,
6,Find the latest Nvidia news and email a summary to Tom,2,email,a summary,email a summary to Tom,0.69921875,78,supabase_mcp_update_database_table_data,0.455078125,65.08379888268156,0.001953125,0.27932960893854747,42,0.00390625,0.5
6,Find the latest Nvidia news and email a summary to Tom,2,email,a summary,email a summary to Tom,0.69921875,79,railway_tools_database_list_types,0.453125,64.80446927374301,0.0,0.0,43,,
6,Find the latest Nvidia news and email a summary to Tom,2,email,a summary,email a summary to Tom,0.69921875,80,quest_studio_file_storage_get_file,0.453125,64.80446927374301,0.001953125,0.27932960893854747,43,0.00390625,0.5
6,Find the latest Nvidia news and email a summary to Tom,2,email,a summary,email a summary to Tom,0.69921875,81,project_management_tools_list_team_members,0.451171875,64.52513966480447,0.001953125,0.27932960893854747,44,0.00390625,0.5
6,Find the latest Nvidia news and email a summary to Tom,2,email,a summary,email a summary to Tom,0.69921875,82,project_management_tools_list_teams,0.44921875,64.24581005586593,0.0,0.0,45,,
6,Find the latest Nvidia news and email a summary to Tom,2,email,a summary,email a summary to Tom,0.69921875,83,railway_tools_volume_delete,0.44921875,64.24581005586593,0.001953125,0.27932960893854747,45,0.00390625,0.5
6,Find the latest Nvidia news and email a summary to Tom,2,email,a summary,email a summary to Tom,0.69921875,84,railway_tools_service_delete,0.447265625,63.96648044692738,0.0,0.0,46,,
6,Find the latest Nvidia news and email a summary to Tom,2,email,a summary,email a summary to Tom,0.69921875,85,supabase_mcp_check_database_health,0.447265625,63.96648044692738,0.0,0.0,46,,
6,Find the latest Nvidia news and email a summary to Tom,2,email,a summary,email a summary to Tom,0.69921875,86,project_management_tools_create_work_item,0.447265625,63.96648044692738,0.001953125,0.27932960893854747,46,0.00390625,0.5
6,Find the latest Nvidia news and email a summary to Tom,2,email,a summary,email a summary to Tom,0.69921875,87,project_management_tools_update_user_capacity,0.4453125,63.687150837988824,0.0,0.0,47,,
6,Find the latest Nvidia news and email a summary to Tom,2,email,a summary,email a summary to Tom,0.69921875,88,quest_studio_file_storage_update_file,0.4453125,63.687150837988824,0.0,0.0,47,,
6,Find the latest Nvidia news and email a summary to Tom,2,email,a summary,email a summary to Tom,0.69921875,89,project_management_tools_add_work_item_comment,0.4453125,63.687150837988824,0.0,0.0,47,,
6,Find the latest Nvidia news and email a summary to Tom,2,email,a summary,email a summary to Tom,0.69921875,90,github_mcp_server_get_file_contents,0.4453125,63.687150837988824,0.001953125,0.27932960893854747,47,0.00390625,0.5
6,Find the latest Nvidia news and email a summary to Tom,2,email,a summary,email a summary to Tom,0.69921875,91,project_management_tools_get_work_item_comments,0.443359375,63.40782122905028,0.0,0.0,48,,
6,Find the latest Nvidia news and email a summary to Tom,2,email,a summary,email a summary to Tom,0.69921875,92,github_mcp_server_create_repository,0.443359375,63.40782122905028,0.0,0.0,48,,
6,Find the latest Nvidia news and email a summary to Tom,2,email,a summary,email a summary to Tom,0.69921875,93,supabase_mcp_insert_table_data,0.443359375,63.40782122905028,0.001953125,0.27932960893854747,48,0.00390625,0.5
6,Find the latest Nvidia news and email a summary to Tom,2,email,a summary,email a summary to Tom,0.69921875,94,project_management_tools_delete_team,0.44140625,63.128491620111724,0.0,0.0,49,,
6,Find the latest Nvidia news and email a summary to Tom,2,email,a summary,email a summary to Tom,0.69921875,95,quest_studio_file_storage_get_files,0.44140625,63.128491620111724,0.001953125,0.27932960893854747,49,0.00390625,0.5
6,Find the latest Nvidia news and email a summary to Tom,2,email,a summary,email a summary to Tom,0.69921875,96,github_mcp_server_update_pull_request,0.439453125,62.849162011173185,0.001953125,0.27932960893854747,50,0.00390625,0.5
6,Find the latest Nvidia news and email a summary to Tom,2,email,a summary,email a summary to Tom,0.69921875,97,github_mcp_server_list_branches,0.4375,62.56983240223464,0.001953125,0.27932960893854747,51,0.00390625,0.5
6,Find the latest Nvidia news and email a summary to Tom,2,email,a summary,email a summary to Tom,0.69921875,98,supabase_mcp_get_all_supabase_projects,0.435546875,62.290502793296085,0.001953125,0.27932960893854747,52,0.00390625,0.5
6,Find the latest Nvidia news and email a summary to Tom,2,email,a summary,email a summary to Tom,0.69921875,99,sharepoint_tools_get_sharepoint_sites,0.43359375,62.01117318435754,0.001953125,0.27932960893854747,53,0.00390625,0.5
6,Find the latest Nvidia news and email a summary to Tom,2,email,a summary,email a summary to Tom,0.69921875,100,project_management_tools_assign_work_item,0.431640625,61.731843575419,0.001953125,0.27932960893854747,54,0.00390625,0.5
6,Find the latest Nvidia news and email a summary to Tom,2,email,a summary,email a summary to Tom,0.69921875,101,project_management_tools_delete_sprint,0.4296875,61.452513966480446,0.0,0.0,55,,
6,Find the latest Nvidia news and email a summary to Tom,2,email,a summary,email a summary to Tom,0.69921875,102,supabase_mcp_get_database_tables,0.4296875,61.452513966480446,0.001953125,0.27932960893854747,55,0.00390625,0.5
6,Find the latest Nvidia news and email a summary to Tom,2,email,a summary,email a summary to Tom,0.69921875,103,railway_tools_service_create_from_image,0.427734375,61.1731843575419,0.00390625,0.5586592178770949,56,0.00390625,1.0
6,Find the latest Nvidia news and email a summary to Tom,2,email,a summary,email a summary to Tom,0.69921875,104,project_management_tools_update_task_status,0.423828125,60.614525139664806,0.0,0.0,57,,
6,Find the latest Nvidia news and email a summary to Tom,2,email,a summary,email a summary to Tom,0.69921875,105,github_mcp_server_create_branch,0.423828125,60.614525139664806,0.001953125,0.27932960893854747,57,0.00390625,0.5
6,Find the latest Nvidia news and email a summary to Tom,2,email,a summary,email a summary to Tom,0.69921875,106,web_search_tools_web_search,0.421875,60.33519553072626,0.001953125,0.27932960893854747,58,0.00390625,0.5
6,Find the latest Nvidia news and email a summary to Tom,2,email,a summary,email a summary to Tom,0.69921875,107,project_management_tools_update_work_item,0.419921875,60.05586592178771,0.0,0.0,59,,
6,Find the latest Nvidia news and email a summary to Tom,2,email,a summary,email a summary to Tom,0.69921875,108,supabase_mcp_select_database_table_data,0.419921875,60.05586592178771,0.005859375,0.8379888268156425,59,0.00390625,1.5
6,Find the latest Nvidia news and email a summary to Tom,2,email,a summary,email a summary to Tom,0.69921875,109,project_management_tools_get_work_item,0.4140625,59.217877094972074,0.001953125,0.27932960893854747,60,0.00390625,0.5
6,Find the latest Nvidia news and email a summary to Tom,2,email,a summary,email a summary to Tom,0.69921875,110,railway_tools_volume_list,0.412109375,58.93854748603352,0.0,0.0,61,,
6,Find the latest Nvidia news and email a summary to Tom,2,email,a summary,email a summary to Tom,0.69921875,111,railway_tools_volume_update,0.412109375,58.93854748603352,0.001953125,0.27932960893854747,61,0.00390625,0.5
6,Find the latest Nvidia news and email a summary to Tom,2,email,a summary,email a summary to Tom,0.69921875,112,github_mcp_server_push_files,0.41015625,58.659217877094974,0.0078125,1.1173184357541899,62,0.0029296875,2.6666666666666665
6,Find the latest Nvidia news and email a summary to Tom,2,email,a summary,email a summary to Tom,0.69921875,113,project_management_tools_create_project,0.40234375,57.54189944134078,0.0,0.0,63,,
6,Find the latest Nvidia news and email a summary to Tom,2,email,a summary,email a summary to Tom,0.69921875,114,project_management_tools_delete_work_item,0.40234375,57.54189944134078,0.005859375,0.8379888268156425,63,0.00390625,1.5
6,Find the latest Nvidia news and email a summary to Tom,2,email,a summary,email a summary to Tom,0.69921875,115,project_management_tools_list_users,0.396484375,56.70391061452514,0.005859375,0.8379888268156425,64,0.00390625,1.5
6,Find the latest Nvidia news and email a summary to Tom,2,email,a summary,email a summary to Tom,0.69921875,116,github_mcp_server_delete_file,0.390625,55.865921787709496,0.00390625,0.5586592178770949,65,0.00390625,1.0
6,Find the latest Nvidia news and email a summary to Tom,2,email,a summary,email a summary to Tom,0.69921875,117,quest_studio_file_storage_query_files,0.38671875,55.3072625698324,0.0,0.0,66,,
6,Find the latest Nvidia news and email a summary to Tom,2,email,a summary,email a summary to Tom,0.69921875,118,railway_tools_volume_create,0.38671875,55.3072625698324,0.0078125,1.1173184357541899,66,0.00390625,2.0
6,Find the latest Nvidia news and email a summary to Tom,2,email,a summary,email a summary to Tom,0.69921875,119,project_management_tools_list_projects,0.37890625,54.18994413407822,0.005859375,0.8379888268156425,67,0.00390625,1.5
6,Find the latest Nvidia news and email a summary to Tom,2,email,a summary,email a summary to Tom,0.69921875,120,project_management_tools_get_project,0.373046875,53.351955307262564,0.01171875,1.675977653631285,68,0.00390625,3.0
6,Find the latest Nvidia news and email a summary to Tom,2,email,a summary,email a summary to Tom,0.69921875,121,project_management_tools_update_project,0.361328125,51.675977653631286,0.021484375,3.072625698324022,69,0.00390625,5.5
6,Find the latest Nvidia news and email a summary to Tom,2,email,a summary,email a summary to Tom,0.69921875,122,project_management_tools_delete_project,0.33984375,48.60335195530726,,,70,,
7,Get the current sprint work items and create a Word report,1,get,the current sprint work items,Get the current sprint work items,0.73828125,1,project_management_tools_list_work_items,0.73828125,100.0,0.0234375,3.1746031746031744,0,,
7,Get the current sprint work items and create a Word report,1,get,the current sprint work items,Get the current sprint work items,0.73828125,2,project_management_tools_list_sprints,0.71484375,96.82539682539682,0.0078125,1.0582010582010581,1,,
7,Get the current sprint work items and create a Word report,1,get,the current sprint work items,Get the current sprint work items,0.73828125,3,project_management_tools_get_sprint,0.70703125,95.76719576719577,0.015625,2.1164021164021163,2,,
7,Get the current sprint work items and create a Word report,1,get,the current sprint work items,Get the current sprint work items,0.73828125,4,project_management_tools_get_work_item,0.69140625,93.65079365079364,0.01171875,1.5873015873015872,3,0.015625,0.75
7,Get the current sprint work items and create a Word report,1,get,the current sprint work items,Get the current sprint work items,0.73828125,5,project_management_tools_export_sprint_to_sharepoint,0.6796875,92.06349206349206,0.015625,2.1164021164021163,4,0.013671875,1.1428571428571428
7,Get the current sprint work items and create a Word report,1,get,the current sprint work items,Get the current sprint work items,0.73828125,6,project_management_tools_create_work_item,0.6640625,89.94708994708994,0.01171875,1.5873015873015872,5,0.015625,0.75
7,Get the current sprint work items and create a Word report,1,get,the current sprint work items,Get the current sprint work items,0.73828125,7,project_management_tools_update_work_item,0.65234375,88.35978835978835,0.0,0.0,6,,
7,Get the current sprint work items and create a Word report,1,get,the current sprint work items,Get the current sprint work items,0.73828125,8,project_management_tools_get_user_capacity,0.65234375,88.35978835978835,0.015625,2.1164021164021163,6,0.013671875,1.1428571428571428
7,Get the current sprint work items and create a Word report,1,get,the current sprint work items,Get the current sprint work items,0.73828125,9,project_management_tools_create_sprint,0.63671875,86.24338624338624,0.01171875,1.5873015873015872,7,0.015625,0.75
7,Get the current sprint work items and create a Word report,1,get,the current sprint work items,Get the current sprint work items,0.73828125,10,project_management_tools_get_work_item_comments,0.625,84.65608465608466,0.00390625,0.5291005291005291,8,0.013671875,0.2857142857142857
7,Get the current sprint work items and create a Word report,1,get,the current sprint work items,Get the current sprint work items,0.73828125,11,project_management_tools_delete_sprint,0.62109375,84.12698412698413,0.0,0.0,9,,
7,Get the current sprint work items and create a Word report,1,get,the current sprint work items,Get the current sprint work items,0.73828125,12,project_management_tools_delete_work_item,0.62109375,84.12698412698413,0.02734375,3.7037037037037033,9,0.01171875,2.3333333333333335
7,Get the current sprint work items and create a Word report,1,get,the current sprint work items,Get the current sprint work items,0.73828125,13,project_management_tools_assign_work_item,0.59375,80.42328042328042,0.01171875,1.5873015873015872,10,0.013671875,0.8571428571428571
7,Get the current sprint work items and create a Word report,1,get,the current sprint work items,Get the current sprint work items,0.73828125,14,project_management_tools_update_user_capacity,0.58203125,78.83597883597884,0.0078125,1.0582010582010581,11,0.01171875,0.6666666666666666
7,Get the current sprint work items and create a Word report,1,get,the current sprint work items,Get the current sprint work items,0.73828125,15,carrot_mcp_server_api_work_hours_summary,0.57421875,77.77777777777779,0.0078125,1.0582010582010581,12,0.01171875,0.6666666666666666
7,Get the current sprint work items and create a Word report,1,get,the current sprint work items,Get the current sprint work items,0.73828125,16,project_management_tools_list_team_members,0.56640625,76.71957671957672,0.0078125,1.0582010582010581,13,0.01171875,0.6666666666666666
7,Get the current sprint work items and create a Word report,1,get,the current sprint work items,Get the current sprint work items,0.73828125,17,project_management_tools_update_task_status,0.55859375,75.66137566137566,0.015625,2.1164021164021163,14,0.01171875,1.3333333333333333
7,Get the current sprint work items and create a Word report,1,get,the current sprint work items,Get the current sprint work items,0.73828125,18,project_management_tools_list_teams,0.54296875,73.54497354497354,0.0,0.0,15,,
7,Get the current sprint work items and create a Word report,1,get,the current sprint work items,Get the current sprint work items,0.73828125,19,project_management_tools_view_board,0.54296875,73.54497354497354,0.00390625,0.5291005291005291,15,0.01171875,0.3333333333333333
7,Get the current sprint work items and create a Word report,1,get,the current sprint work items,Get the current sprint work items,0.73828125,20,railway_tools_project_info,0.5390625,73.01587301587301,0.0,0.0,16,,
7,Get the current sprint work items and create a Word report,1,get,the current sprint work items,Get the current sprint work items,0.73828125,21,railway_tools_project_environments,0.5390625,73.01587301587301,0.01171875,1.5873015873015872,16,0.01171875,1.0
7,Get the current sprint work items and create a Word report,1,get,the current sprint work items,Get the current sprint work items,0.73828125,22,railway_tools_service_list,0.52734375,71.42857142857143,0.0,0.0,17,,
7,Get the current sprint work items and create a Word report,1,get,the current sprint work items,Get the current sprint work items,0.73828125,23,carrot_mcp_server_api_list_employees,0.52734375,71.42857142857143,0.0,0.0,17,,
7,Get the current sprint work items and create a Word report,1,get,the current sprint work items,Get the current sprint work items,0.73828125,24,project_management_tools_get_team,0.52734375,71.42857142857143,0.00390625,0.5291005291005291,17,0.01171875,0.3333333333333333
7,Get the current sprint work items and create a Word report,1,get,the current sprint work items,Get the current sprint work items,0.73828125,25,project_management_tools_list_projects,0.5234375,70.8994708994709,0.00390625,0.5291005291005291,18,0.01171875,0.3333333333333333
7,Get the current sprint work items and create a Word report,1,get,the current sprint work items,Get the current sprint work items,0.73828125,26,railway_tools_project_list,0.51953125,70.37037037037037,0.0,0.0,19,,
7,Get the current sprint work items and create a Word report,1,get,the current sprint work items,Get the current sprint work items,0.73828125,27,carrot_mcp_server_api_log_hours_entry,0.51953125,70.37037037037037,0.00390625,0.5291005291005291,19,0.01171875,0.3333333333333333
7,Get the current sprint work items and create a Word report,1,get,the current sprint work items,Get the current sprint work items,0.73828125,28,project_management_tools_add_work_item_comment,0.515625,69.84126984126983,0.01171875,1.5873015873015872,20,0.01171875,1.0
7,Get the current sprint work items and create a Word report,1,get,the current sprint work items,Get the current sprint work items,0.73828125,29,railway_tools_service_info,0.50390625,68.25396825396825,0.0,0.0,21,,
7,Get the current sprint work items and create a Word report,1,get,the current sprint work items,Get the current sprint work items,0.73828125,30,project_management_tools_list_users,0.50390625,68.25396825396825,0.00390625,0.5291005291005291,21,0.01171875,0.3333333333333333
7,Get the current sprint work items and create a Word report,1,get,the current sprint work items,Get the current sprint work items,0.73828125,31,carrot_mcp_server_api_get_employee,0.5,67.72486772486772,0.0,0.0,22,,
7,Get the current sprint work items and create a Word report,1,get,the current sprint work items,Get the current sprint work items,0.73828125,32,supabase_mcp_select_database_table_data,0.5,67.72486772486772,0.00390625,0.5291005291005291,22,0.01171875,0.3333333333333333
7,Get the current sprint work items and create a Word report,1,get,the current sprint work items,Get the current sprint work items,0.73828125,33,carrot_mcp_server_api_hr_dashboard_summary,0.49609375,67.1957671957672,0.0,0.0,23,,
7,Get the current sprint work items and create a Word report,1,get,the current sprint work items,Get the current sprint work items,0.73828125,34,sharepoint_tools_get_sharepoint_sites,0.49609375,67.1957671957672,0.001953125,0.26455026455026454,23,0.01171875,0.16666666666666666
7,Get the current sprint work items and create a Word report,1,get,the current sprint work items,Get the current sprint work items,0.73828125,35,supabase_mcp_get_all_supabase_projects,0.494140625,66.93121693121694,0.001953125,0.26455026455026454,24,0.009765625,0.2
7,Get the current sprint work items and create a Word report,1,get,the current sprint work items,Get the current sprint work items,0.73828125,36,office_word_mcp_server_api_list_files,0.4921875,66.66666666666666,0.001953125,0.26455026455026454,25,0.0078125,0.25
7,Get the current sprint work items and create a Word report,1,get,the current sprint work items,Get the current sprint work items,0.73828125,37,sharepoint_tools_get_sharepoint_documents,0.490234375,66.4021164021164,0.0,0.0,26,,
7,Get the current sprint work items and create a Word report,1,get,the current sprint work items,Get the current sprint work items,0.73828125,38,project_management_tools_get_project,0.490234375,66.4021164021164,0.009765625,1.3227513227513228,26,0.0078125,1.25
7,Get the current sprint work items and create a Word report,1,get,the current sprint work items,Get the current sprint work items,0.73828125,39,github_mcp_server_list_commits,0.48046875,65.07936507936508,0.001953125,0.26455026455026454,27,0.0078125,0.25
7,Get the current sprint work items and create a Word report,1,get,the current sprint work items,Get the current sprint work items,0.73828125,40,railway_tools_project_create,0.478515625,64.81481481481481,0.0,0.0,28,,
7,Get the current sprint work items and create a Word report,1,get,the current sprint work items,Get the current sprint work items,0.73828125,41,github_mcp_server_pull_request_read,0.478515625,64.81481481481481,0.001953125,0.26455026455026454,28,0.0078125,0.25
7,Get the current sprint work items and create a Word report,1,get,the current sprint work items,Get the current sprint work items,0.73828125,42,github_mcp_server_list_branches,0.4765625,64.55026455026454,0.001953125,0.26455026455026454,29,0.0078125,0.25
7,Get the current sprint work items and create a Word report,1,get,the current sprint work items,Get the current sprint work items,0.73828125,43,railway_tools_project_delete,0.474609375,64.28571428571429,0.001953125,0.26455026455026454,30,0.0078125,0.25
7,Get the current sprint work items and create a Word report,1,get,the current sprint work items,Get the current sprint work items,0.73828125,44,supabase_mcp_get_database_tables,0.47265625,64.02116402116403,0.0,0.0,31,,
7,Get the current sprint work items and create a Word report,1,get,the current sprint work items,Get the current sprint work items,0.73828125,45,quest_studio_file_storage_get_files,0.47265625,64.02116402116403,0.0,0.0,31,,
7,Get the current sprint work items and create a Word report,1,get,the current sprint work items,Get the current sprint work items,0.73828125,46,github_mcp_server_list_pull_requests,0.47265625,64.02116402116403,0.001953125,0.26455026455026454,31,0.0078125,0.25
7,Get the current sprint work items and create a Word report,1,get,the current sprint work items,Get the current sprint work items,0.73828125,47,supabase_mcp_get_table_schema,0.470703125,63.75661375661375,0.00390625,0.5291005291005291,32,0.0078125,0.5
7,Get the current sprint work items and create a Word report,1,get,the current sprint work items,Get the current sprint work items,0.73828125,48,railway_tools_volume_list,0.466796875,63.227513227513235,0.001953125,0.26455026455026454,33,0.0078125,0.25
7,Get the current sprint work items and create a Word report,1,get,the current sprint work items,Get the current sprint work items,0.73828125,49,railway_tools_service_delete,0.46484375,62.96296296296296,0.005859375,0.7936507936507936,34,0.005859375,1.0
7,Get the current sprint work items and create a Word report,1,get,the current sprint work items,Get the current sprint work items,0.73828125,50,carrot_mcp_server_api_create_employee,0.458984375,62.16931216931217,0.001953125,0.26455026455026454,35,0.005859375,0.3333333333333333
7,Get the current sprint work items and create a Word report,1,get,the current sprint work items,Get the current sprint work items,0.73828125,51,office_word_mcp_server_api_get_document_info,0.45703125,61.904761904761905,0.00390625,0.5291005291005291,36,0.0048828125,0.8
7,Get the current sprint work items and create a Word report,1,get,the current sprint work items,Get the current sprint work items,0.73828125,52,project_management_tools_delete_team,0.453125,61.37566137566137,0.0,0.0,37,,
7,Get the current sprint work items and create a Word report,1,get,the current sprint work items,Get the current sprint work items,0.73828125,53,supabase_mcp_check_database_health,0.453125,61.37566137566137,0.0,0.0,37,,
7,Get the current sprint work items and create a Word report,1,get,the current sprint work items,Get the current sprint work items,0.73828125,54,carrot_mcp_server_api_update_employee,0.453125,61.37566137566137,0.001953125,0.26455026455026454,37,0.00390625,0.5
7,Get the current sprint work items and create a Word report,1,get,the current sprint work items,Get the current sprint work items,0.73828125,55,office_word_mcp_server_api_get_document_xml,0.451171875,61.111111111111114,0.0,0.0,38,,
7,Get the current sprint work items and create a Word report,1,get,the current sprint work items,Get the current sprint work items,0.73828125,56,office_word_mcp_server_api_get_document_outline,0.451171875,61.111111111111114,0.001953125,0.26455026455026454,38,0.00390625,0.5
7,Get the current sprint work items and create a Word report,1,get,the current sprint work items,Get the current sprint work items,0.73828125,57,github_mcp_server_get_me,0.44921875,60.84656084656085,0.001953125,0.26455026455026454,39,0.00390625,0.5
7,Get the current sprint work items and create a Word report,1,get,the current sprint work items,Get the current sprint work items,0.73828125,58,office_word_mcp_server_api_copy_document,0.447265625,60.58201058201058,0.0,0.0,40,,
7,Get the current sprint work items and create a Word report,1,get,the current sprint work items,Get the current sprint work items,0.73828125,59,railway_tools_database_list_types,0.447265625,60.58201058201058,0.001953125,0.26455026455026454,40,0.00390625,0.5
7,Get the current sprint work items and create a Word report,1,get,the current sprint work items,Get the current sprint work items,0.73828125,60,supabase_mcp_update_database_table_data,0.4453125,60.317460317460316,0.00390625,0.5291005291005291,41,0.00390625,1.0
7,Get the current sprint work items and create a Word report,1,get,the current sprint work items,Get the current sprint work items,0.73828125,61,quest_studio_file_storage_get_storage_usage,0.44140625,59.78835978835979,0.0,0.0,42,,
7,Get the current sprint work items and create a Word report,1,get,the current sprint work items,Get the current sprint work items,0.73828125,62,railway_tools_service_create_from_repo,0.44140625,59.78835978835979,0.001953125,0.26455026455026454,42,0.00390625,0.5
7,Get the current sprint work items and create a Word report,1,get,the current sprint work items,Get the current sprint work items,0.73828125,63,github_mcp_server_get_commit,0.439453125,59.523809523809526,0.001953125,0.26455026455026454,43,0.00390625,0.5
7,Get the current sprint work items and create a Word report,1,get,the current sprint work items,Get the current sprint work items,0.73828125,64,quest_studio_file_storage_query_files,0.4375,59.25925925925925,0.0,0.0,44,,
7,Get the current sprint work items and create a Word report,1,get,the current sprint work items,Get the current sprint work items,0.73828125,65,github_mcp_server_create_or_update_file,0.4375,59.25925925925925,0.00390625,0.5291005291005291,44,0.00390625,1.0
7,Get the current sprint work items and create a Word report,1,get,the current sprint work items,Get the current sprint work items,0.73828125,66,project_management_tools_create_team,0.43359375,58.730158730158735,0.005859375,0.7936507936507936,45,0.00390625,1.5
7,Get the current sprint work items and create a Word report,1,get,the current sprint work items,Get the current sprint work items,0.73828125,67,github_mcp_server_search_repositories,0.427734375,57.936507936507944,0.0,0.0,46,,
7,Get the current sprint work items and create a Word report,1,get,the current sprint work items,Get the current sprint work items,0.73828125,68,office_word_mcp_server_api_get_document_text,0.427734375,57.936507936507944,0.001953125,0.26455026455026454,46,0.00390625,0.5
7,Get the current sprint work items and create a Word report,1,get,the current sprint work items,Get the current sprint work items,0.73828125,69,supabase_mcp_insert_table_data,0.42578125,57.67195767195767,0.001953125,0.26455026455026454,47,0.00390625,0.5
7,Get the current sprint work items and create a Word report,1,get,the current sprint work items,Get the current sprint work items,0.73828125,70,github_mcp_server_get_file_contents,0.423828125,57.407407407407405,0.001953125,0.26455026455026454,48,0.00390625,0.5
7,Get the current sprint work items and create a Word report,1,get,the current sprint work items,Get the current sprint work items,0.73828125,71,quest_studio_file_storage_get_file,0.421875,57.14285714285714,0.0,0.0,49,,
7,Get the current sprint work items and create a Word report,1,get,the current sprint work items,Get the current sprint work items,0.73828125,72,office_word_mcp_server_api_create_word_document,0.421875,57.14285714285714,0.001953125,0.26455026455026454,49,0.00390625,0.5
7,Get the current sprint work items and create a Word report,1,get,the current sprint work items,Get the current sprint work items,0.73828125,73,carrot_mcp_server_api_list_leave_application,0.419921875,56.87830687830689,0.0,0.0,50,,
7,Get the current sprint work items and create a Word report,1,get,the current sprint work items,Get the current sprint work items,0.73828125,74,sharepoint_tools_create_txt_file_in_sharepoint,0.419921875,56.87830687830689,0.0,0.0,50,,
7,Get the current sprint work items and create a Word report,1,get,the current sprint work items,Get the current sprint work items,0.73828125,75,gmail_tools_get_google_emails,0.419921875,56.87830687830689,0.00390625,0.5291005291005291,50,0.00390625,1.0
7,Get the current sprint work items and create a Word report,1,get,the current sprint work items,Get the current sprint work items,0.73828125,76,railway_tools_service_restart,0.416015625,56.34920634920635,0.001953125,0.26455026455026454,51,0.00390625,0.5
7,Get the current sprint work items and create a Word report,1,get,the current sprint work items,Get the current sprint work items,0.73828125,77,railway_tools_service_update,0.4140625,56.08465608465608,0.001953125,0.26455026455026454,52,0.00390625,0.5
7,Get the current sprint work items and create a Word report,1,get,the current sprint work items,Get the current sprint work items,0.73828125,78,quest_studio_file_storage_get_file_content,0.412109375,55.82010582010582,0.001953125,0.26455026455026454,53,0.00390625,0.5
7,Get the current sprint work items and create a Word report,1,get,the current sprint work items,Get the current sprint work items,0.73828125,79,office_word_mcp_server_api_find_text_in_document,0.41015625,55.55555555555556,0.0,0.0,54,,
7,Get the current sprint work items and create a Word report,1,get,the current sprint work items,Get the current sprint work items,0.73828125,80,office_word_mcp_server_api_merge_doucments,0.41015625,55.55555555555556,0.00390625,0.5291005291005291,54,0.00390625,1.0
7,Get the current sprint work items and create a Word report,1,get,the current sprint work items,Get the current sprint work items,0.73828125,81,github_mcp_server_merge_pull_request,0.40625,55.026455026455025,0.001953125,0.26455026455026454,55,0.00390625,0.5
7,Get the current sprint work items and create a Word report,1,get,the current sprint work items,Get the current sprint work items,0.73828125,82,github_mcp_server_update_pull_request,0.404296875,54.761904761904766,0.001953125,0.26455026455026454,56,0.00390625,0.5
7,Get the current sprint work items and create a Word report,1,get,the current sprint work items,Get the current sprint work items,0.73828125,83,project_management_tools_create_project,0.40234375,54.4973544973545,0.001953125,0.26455026455026454,57,0.00390625,0.5
7,Get the current sprint work items and create a Word report,1,get,the current sprint work items,Get the current sprint work items,0.73828125,84,office_word_mcp_server_api_search_replace,0.400390625,54.232804232804234,0.0,0.0,58,,
7,Get the current sprint work items and create a Word report,1,get,the current sprint work items,Get the current sprint work items,0.73828125,85,office_word_mcp_server_api_delete_document,0.400390625,54.232804232804234,0.001953125,0.26455026455026454,58,0.00390625,0.5
7,Get the current sprint work items and create a Word report,1,get,the current sprint work items,Get the current sprint work items,0.73828125,86,railway_tools_service_create_from_image,0.3984375,53.96825396825397,0.0,0.0,59,,
7,Get the current sprint work items and create a Word report,1,get,the current sprint work items,Get the current sprint work items,0.73828125,87,office_word_mcp_server_api_add_table,0.3984375,53.96825396825397,0.00390625,0.5291005291005291,59,0.00390625,1.0
7,Get the current sprint work items and create a Word report,1,get,the current sprint work items,Get the current sprint work items,0.73828125,88,project_management_tools_update_project,0.39453125,53.43915343915344,0.0,0.0,60,,
7,Get the current sprint work items and create a Word report,1,get,the current sprint work items,Get the current sprint work items,0.73828125,89,office_word_mcp_server_api_convert_to_pdf,0.39453125,53.43915343915344,0.001953125,0.26455026455026454,60,0.00390625,0.5
7,Get the current sprint work items and create a Word report,1,get,the current sprint work items,Get the current sprint work items,0.73828125,90,outlook_mail_management_search_outlook_mail,0.392578125,53.17460317460318,0.0,0.0,61,,
7,Get the current sprint work items and create a Word report,1,get,the current sprint work items,Get the current sprint work items,0.73828125,91,github_mcp_server_create_pull_request,0.392578125,53.17460317460318,0.00390625,0.5291005291005291,61,0.00390625,1.0
7,Get the current sprint work items and create a Word report,1,get,the current sprint work items,Get the current sprint work items,0.73828125,92,office_word_mcp_server_api_get_paragraph_text_from_document,0.388671875,52.64550264550265,0.0,0.0,62,,
7,Get the current sprint work items and create a Word report,1,get,the current sprint work items,Get the current sprint work items,0.73828125,93,railway_tools_volume_delete,0.388671875,52.64550264550265,0.00390625,0.5291005291005291,62,0.00390625,1.0
7,Get the current sprint work items and create a Word report,1,get,the current sprint work items,Get the current sprint work items,0.73828125,94,outlook_mail_management_get_email_messages,0.384765625,52.116402116402114,0.001953125,0.26455026455026454,63,0.00390625,0.5
7,Get the current sprint work items and create a Word report,1,get,the current sprint work items,Get the current sprint work items,0.73828125,95,office_word_mcp_server_api_add_picture,0.3828125,51.85185185185185,0.005859375,0.7936507936507936,64,0.00390625,1.5
7,Get the current sprint work items and create a Word report,1,get,the current sprint work items,Get the current sprint work items,0.73828125,96,carrot_mcp_server_api_update_leave_application,0.376953125,51.05820105820106,0.0,0.0,65,,
7,Get the current sprint work items and create a Word report,1,get,the current sprint work items,Get the current sprint work items,0.73828125,97,project_management_tools_delete_project,0.376953125,51.05820105820106,0.0,0.0,65,,
7,Get the current sprint work items and create a Word report,1,get,the current sprint work items,Get the current sprint work items,0.73828125,98,carrot_mcp_server_api_create_leave_application,0.376953125,51.05820105820106,0.001953125,0.26455026455026454,65,0.00390625,0.5
7,Get the current sprint work items and create a Word report,1,get,the current sprint work items,Get the current sprint work items,0.73828125,99,office_word_mcp_server_api_add_page_break,0.375,50.79365079365079,0.005859375,0.7936507936507936,66,0.00390625,1.5
7,Get the current sprint work items and create a Word report,1,get,the current sprint work items,Get the current sprint work items,0.73828125,100,web_search_tools_web_search,0.369140625,50.0,0.001953125,0.26455026455026454,67,0.00390625,0.5
7,Get the current sprint work items and create a Word report,1,get,the current sprint work items,Get the current sprint work items,0.73828125,101,office_word_mcp_server_api_add_paragraph,0.3671875,49.735449735449734,0.0,0.0,68,,
7,Get the current sprint work items and create a Word report,1,get,the current sprint work items,Get the current sprint work items,0.73828125,102,office_word_mcp_server_api_add_heading,0.3671875,49.735449735449734,0.00390625,0.5291005291005291,68,0.00390625,1.0
7,Get the current sprint work items and create a Word report,1,get,the current sprint work items,Get the current sprint work items,0.73828125,103,gmail_tools_reply_google_email,0.36328125,49.2063492063492,0.001953125,0.26455026455026454,69,0.00390625,0.5
7,Get the current sprint work items and create a Word report,1,get,the current sprint work items,Get the current sprint work items,0.73828125,104,gmail_tools_forward_google_email,0.361328125,48.94179894179894,0.0,0.0,70,,
7,Get the current sprint work items and create a Word report,1,get,the current sprint work items,Get the current sprint work items,0.73828125,105,github_mcp_server_create_branch,0.361328125,48.94179894179894,0.001953125,0.26455026455026454,70,0.00390625,0.5
7,Get the current sprint work items and create a Word report,1,get,the current sprint work items,Get the current sprint work items,0.73828125,106,office_word_mcp_server_api_delete_paragraph,0.359375,48.67724867724868,0.0,0.0,71,,
7,Get the current sprint work items and create a Word report,1,get,the current sprint work items,Get the current sprint work items,0.73828125,107,carrot_mcp_server_api_submit_leave_application,0.359375,48.67724867724868,0.0078125,1.0582010582010581,71,0.00390625,2.0
7,Get the current sprint work items and create a Word report,1,get,the current sprint work items,Get the current sprint work items,0.73828125,108,github_mcp_server_create_repository,0.3515625,47.61904761904761,0.001953125,0.26455026455026454,72,0.00390625,0.5
7,Get the current sprint work items and create a Word report,1,get,the current sprint work items,Get the current sprint work items,0.73828125,109,outlook_mail_management_find_email_address,0.349609375,47.354497354497354,0.009765625,1.3227513227513228,73,0.00390625,2.5
7,Get the current sprint work items and create a Word report,1,get,the current sprint work items,Get the current sprint work items,0.73828125,110,github_mcp_server_push_files,0.33984375,46.03174603174603,0.001953125,0.26455026455026454,74,0.00390625,0.5
7,Get the current sprint work items and create a Word report,1,get,the current sprint work items,Get the current sprint work items,0.73828125,111,gmail_tools_send_google_email,0.337890625,45.767195767195766,0.001953125,0.26455026455026454,75,0.00390625,0.5
7,Get the current sprint work items and create a Word report,1,get,the current sprint work items,Get the current sprint work items,0.73828125,112,railway_tools_volume_create,0.3359375,45.5026455026455,0.00390625,0.5291005291005291,76,0.00390625,1.0
7,Get the current sprint work items and create a Word report,1,get,the current sprint work items,Get the current sprint work items,0.73828125,113,quest_studio_file_storage_delete_file,0.33203125,44.97354497354497,0.00390625,0.5291005291005291,77,0.00390625,1.0
7,Get the current sprint work items and create a Word report,1,get,the current sprint work items,Get the current sprint work items,0.73828125,114,outlook_mail_management_forward_email,0.328125,44.44444444444444,0.00390625,0.5291005291005291,78,0.00390625,1.0
7,Get the current sprint work items and create a Word report,1,get,the current sprint work items,Get the current sprint work items,0.73828125,115,outlook_mail_management_reply_to_email,0.32421875,43.91534391534391,0.001953125,0.26455026455026454,79,0.00390625,0.5
7,Get the current sprint work items and create a Word report,1,get,the current sprint work items,Get the current sprint work items,0.73828125,116,railway_tools_volume_update,0.322265625,43.65079365079365,0.009765625,1.3227513227513228,80,0.00390625,2.5
7,Get the current sprint work items and create a Word report,1,get,the current sprint work items,Get the current sprint work items,0.73828125,117,quest_studio_file_storage_update_file,0.3125,42.32804232804233,0.001953125,0.26455026455026454,81,0.00390625,0.5
7,Get the current sprint work items and create a Word report,1,get,the current sprint work items,Get the current sprint work items,0.73828125,118,gmail_tools_delete_google_email,0.310546875,42.06349206349206,0.009765625,1.3227513227513228,82,0.00390625,2.5
7,Get the current sprint work items and create a Word report,1,get,the current sprint work items,Get the current sprint work items,0.73828125,119,github_mcp_server_delete_file,0.30078125,40.74074074074074,0.0078125,1.0582010582010581,83,0.00390625,2.0
7,Get the current sprint work items and create a Word report,1,get,the current sprint work items,Get the current sprint work items,0.73828125,120,outlook_mail_management_compose_email,0.29296875,39.682539682539684,0.01171875,1.5873015873015872,84,0.00390625,3.0
7,Get the current sprint work items and create a Word report,1,get,the current sprint work items,Get the current sprint work items,0.73828125,121,outlook_mail_management_delete_email_message,0.28125,38.095238095238095,0.0322265625,4.365079365079365,85,0.00390625,8.25
7,Get the current sprint work items and create a Word report,1,get,the current sprint work items,Get the current sprint work items,0.73828125,122,outlook_mail_management_send_email,0.2490234375,33.730158730158735,,,86,,
7,Get the current sprint work items and create a Word report,2,create,a Word report,create a Word report,0.68359375,1,office_word_mcp_server_api_add_table,0.68359375,100.0,0.0,0.0,0,,
7,Get the current sprint work items and create a Word report,2,create,a Word report,create a Word report,0.68359375,2,office_word_mcp_server_api_create_word_document,0.68359375,100.0,0.01171875,1.7142857142857144,0,,
7,Get the current sprint work items and create a Word report,2,create,a Word report,create a Word report,0.68359375,3,office_word_mcp_server_api_add_heading,0.671875,98.28571428571429,0.0,0.0,1,,
7,Get the current sprint work items and create a Word report,2,create,a Word report,create a Word report,0.68359375,4,office_word_mcp_server_api_add_paragraph,0.671875,98.28571428571429,0.03125,4.571428571428571,1,,
7,Get the current sprint work items and create a Word report,2,create,a Word report,create a Word report,0.68359375,5,office_word_mcp_server_api_add_picture,0.640625,93.71428571428572,0.0,0.0,2,,
7,Get the current sprint work items and create a Word report,2,create,a Word report,create a Word report,0.68359375,6,office_word_mcp_server_api_add_page_break,0.640625,93.71428571428572,0.01953125,2.857142857142857,2,,
7,Get the current sprint work items and create a Word report,2,create,a Word report,create a Word report,0.68359375,7,office_word_mcp_server_api_convert_to_pdf,0.62109375,90.85714285714286,0.01171875,1.7142857142857144,3,0.01953125,0.6
7,Get the current sprint work items and create a Word report,2,create,a Word report,create a Word report,0.68359375,8,office_word_mcp_server_api_get_document_outline,0.609375,89.14285714285714,0.0078125,1.1428571428571428,4,0.015625,0.5
7,Get the current sprint work items and create a Word report,2,create,a Word report,create a Word report,0.68359375,9,office_word_mcp_server_api_copy_document,0.6015625,88.0,0.00390625,0.5714285714285714,5,0.01171875,0.3333333333333333
7,Get the current sprint work items and create a Word report,2,create,a Word report,create a Word report,0.68359375,10,office_word_mcp_server_api_get_document_text,0.59765625,87.42857142857143,0.00390625,0.5714285714285714,6,0.01171875,0.3333333333333333
7,Get the current sprint work items and create a Word report,2,create,a Word report,create a Word report,0.68359375,11,office_word_mcp_server_api_get_document_xml,0.59375,86.85714285714286,0.0,0.0,7,,
7,Get the current sprint work items and create a Word report,2,create,a Word report,create a Word report,0.68359375,12,office_word_mcp_server_api_get_document_info,0.59375,86.85714285714286,0.01171875,1.7142857142857144,7,0.01171875,1.0
7,Get the current sprint work items and create a Word report,2,create,a Word report,create a Word report,0.68359375,13,office_word_mcp_server_api_merge_doucments,0.58203125,85.14285714285714,0.0234375,3.428571428571429,8,0.01171875,2.0
7,Get the current sprint work items and create a Word report,2,create,a Word report,create a Word report,0.68359375,14,office_word_mcp_server_api_list_files,0.55859375,81.71428571428572,0.00390625,0.5714285714285714,9,0.01171875,0.3333333333333333
7,Get the current sprint work items and create a Word report,2,create,a Word report,create a Word report,0.68359375,15,office_word_mcp_server_api_find_text_in_document,0.5546875,81.14285714285714,0.0,0.0,10,,
7,Get the current sprint work items and create a Word report,2,create,a Word report,create a Word report,0.68359375,16,sharepoint_tools_create_txt_file_in_sharepoint,0.5546875,81.14285714285714,0.0078125,1.1428571428571428,10,0.01171875,0.6666666666666666
7,Get the current sprint work items and create a Word report,2,create,a Word report,create a Word report,0.68359375,17,office_word_mcp_server_api_delete_document,0.546875,80.0,0.01953125,2.857142857142857,11,0.01171875,1.6666666666666667
7,Get the current sprint work items and create a Word report,2,create,a Word report,create a Word report,0.68359375,18,project_management_tools_create_work_item,0.52734375,77.14285714285715,0.0078125,1.1428571428571428,12,0.01171875,0.6666666666666666
7,Get the current sprint work items and create a Word report,2,create,a Word report,create a Word report,0.68359375,19,office_word_mcp_server_api_get_paragraph_text_from_document,0.51953125,76.0,0.0078125,1.1428571428571428,13,0.01171875,0.6666666666666666
7,Get the current sprint work items and create a Word report,2,create,a Word report,create a Word report,0.68359375,20,office_word_mcp_server_api_delete_paragraph,0.51171875,74.85714285714286,0.00390625,0.5714285714285714,14,0.009765625,0.4
7,Get the current sprint work items and create a Word report,2,create,a Word report,create a Word report,0.68359375,21,carrot_mcp_server_api_create_employee,0.5078125,74.28571428571429,0.0,0.0,15,,
7,Get the current sprint work items and create a Word report,2,create,a Word report,create a Word report,0.68359375,22,carrot_mcp_server_api_hr_dashboard_summary,0.5078125,74.28571428571429,0.009765625,1.4285714285714286,15,0.0078125,1.25
7,Get the current sprint work items and create a Word report,2,create,a Word report,create a Word report,0.68359375,23,project_management_tools_export_sprint_to_sharepoint,0.498046875,72.85714285714285,0.005859375,0.8571428571428572,16,0.0087890625,0.6666666666666666
7,Get the current sprint work items and create a Word report,2,create,a Word report,create a Word report,0.68359375,24,carrot_mcp_server_api_log_hours_entry,0.4921875,72.0,0.00390625,0.5714285714285714,17,0.0078125,0.5
7,Get the current sprint work items and create a Word report,2,create,a Word report,create a Word report,0.68359375,25,carrot_mcp_server_api_create_leave_application,0.48828125,71.42857142857143,0.0,0.0,18,,
7,Get the current sprint work items and create a Word report,2,create,a Word report,create a Word report,0.68359375,26,carrot_mcp_server_api_work_hours_summary,0.48828125,71.42857142857143,0.0,0.0,18,,
7,Get the current sprint work items and create a Word report,2,create,a Word report,create a Word report,0.68359375,27,gmail_tools_send_google_email,0.48828125,71.42857142857143,0.005859375,0.8571428571428572,18,0.0078125,0.75
7,Get the current sprint work items and create a Word report,2,create,a Word report,create a Word report,0.68359375,28,project_management_tools_list_work_items,0.482421875,70.57142857142857,0.00390625,0.5714285714285714,19,0.0078125,0.5
7,Get the current sprint work items and create a Word report,2,create,a Word report,create a Word report,0.68359375,29,outlook_mail_management_compose_email,0.478515625,70.0,0.00390625,0.5714285714285714,20,0.0078125,0.5
7,Get the current sprint work items and create a Word report,2,create,a Word report,create a Word report,0.68359375,30,office_word_mcp_server_api_search_replace,0.474609375,69.42857142857143,0.0078125,1.1428571428571428,21,0.0078125,1.0
7,Get the current sprint work items and create a Word report,2,create,a Word report,create a Word report,0.68359375,31,railway_tools_project_create,0.466796875,68.28571428571428,0.01171875,1.7142857142857144,22,0.0078125,1.5
7,Get the current sprint work items and create a Word report,2,create,a Word report,create a Word report,0.68359375,32,github_mcp_server_create_repository,0.455078125,66.57142857142857,0.0,0.0,23,,
7,Get the current sprint work items and create a Word report,2,create,a Word report,create a Word report,0.68359375,33,carrot_mcp_server_api_list_employees,0.455078125,66.57142857142857,0.0,0.0,23,,
7,Get the current sprint work items and create a Word report,2,create,a Word report,create a Word report,0.68359375,34,railway_tools_database_list_types,0.455078125,66.57142857142857,0.001953125,0.2857142857142857,23,0.0078125,0.25
7,Get the current sprint work items and create a Word report,2,create,a Word report,create a Word report,0.68359375,35,carrot_mcp_server_api_submit_leave_application,0.453125,66.28571428571428,0.0,0.0,24,,
7,Get the current sprint work items and create a Word report,2,create,a Word report,create a Word report,0.68359375,36,quest_studio_file_storage_get_file_content,0.453125,66.28571428571428,0.0,0.0,24,,
7,Get the current sprint work items and create a Word report,2,create,a Word report,create a Word report,0.68359375,37,supabase_mcp_insert_table_data,0.453125,66.28571428571428,0.00390625,0.5714285714285714,24,0.0078125,0.5
7,Get the current sprint work items and create a Word report,2,create,a Word report,create a Word report,0.68359375,38,gmail_tools_reply_google_email,0.44921875,65.71428571428571,0.0,0.0,25,,
7,Get the current sprint work items and create a Word report,2,create,a Word report,create a Word report,0.68359375,39,railway_tools_service_create_from_repo,0.44921875,65.71428571428571,0.005859375,0.8571428571428572,25,0.0078125,0.75
7,Get the current sprint work items and create a Word report,2,create,a Word report,create a Word report,0.68359375,40,project_management_tools_create_project,0.443359375,64.85714285714286,0.00390625,0.5714285714285714,26,0.0078125,0.5
7,Get the current sprint work items and create a Word report,2,create,a Word report,create a Word report,0.68359375,41,github_mcp_server_create_pull_request,0.439453125,64.28571428571429,0.001953125,0.2857142857142857,27,0.0078125,0.25
7,Get the current sprint work items and create a Word report,2,create,a Word report,create a Word report,0.68359375,42,railway_tools_project_info,0.4375,64.0,0.0,0.0,28,,
7,Get the current sprint work items and create a Word report,2,create,a Word report,create a Word report,0.68359375,43,railway_tools_project_environments,0.4375,64.0,0.005859375,0.8571428571428572,28,0.0068359375,0.8571428571428571
7,Get the current sprint work items and create a Word report,2,create,a Word report,create a Word report,0.68359375,44,carrot_mcp_server_api_update_employee,0.431640625,63.142857142857146,0.0,0.0,29,,
7,Get the current sprint work items and create a Word report,2,create,a Word report,create a Word report,0.68359375,45,github_mcp_server_create_branch,0.431640625,63.142857142857146,0.001953125,0.2857142857142857,29,0.005859375,0.3333333333333333
7,Get the current sprint work items and create a Word report,2,create,a Word report,create a Word report,0.68359375,46,sharepoint_tools_get_sharepoint_documents,0.4296875,62.857142857142854,0.001953125,0.2857142857142857,30,0.005859375,0.3333333333333333
7,Get the current sprint work items and create a Word report,2,create,a Word report,create a Word report,0.68359375,47,carrot_mcp_server_api_get_employee,0.427734375,62.57142857142857,0.001953125,0.2857142857142857,31,0.005859375,0.3333333333333333
7,Get the current sprint work items and create a Word report,2,create,a Word report,create a Word report,0.68359375,48,gmail_tools_forward_google_email,0.42578125,62.28571428571429,0.001953125,0.2857142857142857,32,0.005859375,0.3333333333333333
7,Get the current sprint work items and create a Word report,2,create,a Word report,create a Word report,0.68359375,49,outlook_mail_management_send_email,0.423828125,62.0,0.0,0.0,33,,
7,Get the current sprint work items and create a Word report,2,create,a Word report,create a Word report,0.68359375,50,github_mcp_server_create_or_update_file,0.423828125,62.0,0.001953125,0.2857142857142857,33,0.005859375,0.3333333333333333
7,Get the current sprint work items and create a Word report,2,create,a Word report,create a Word report,0.68359375,51,project_management_tools_create_sprint,0.421875,61.71428571428571,0.001953125,0.2857142857142857,34,0.005859375,0.3333333333333333
7,Get the current sprint work items and create a Word report,2,create,a Word report,create a Word report,0.68359375,52,outlook_mail_management_reply_to_email,0.419921875,61.42857142857143,0.0,0.0,35,,
7,Get the current sprint work items and create a Word report,2,create,a Word report,create a Word report,0.68359375,53,supabase_mcp_check_database_health,0.419921875,61.42857142857143,0.0,0.0,35,,
7,Get the current sprint work items and create a Word report,2,create,a Word report,create a Word report,0.68359375,54,project_management_tools_create_team,0.419921875,61.42857142857143,0.001953125,0.2857142857142857,35,0.005859375,0.3333333333333333
7,Get the current sprint work items and create a Word report,2,create,a Word report,create a Word report,0.68359375,55,railway_tools_service_create_from_image,0.41796875,61.142857142857146,0.0,0.0,36,,
7,Get the current sprint work items and create a Word report,2,create,a Word report,create a Word report,0.68359375,56,quest_studio_file_storage_get_storage_usage,0.41796875,61.142857142857146,0.0,0.0,36,,
7,Get the current sprint work items and create a Word report,2,create,a Word report,create a Word report,0.68359375,57,railway_tools_project_list,0.41796875,61.142857142857146,0.001953125,0.2857142857142857,36,0.0048828125,0.4
7,Get the current sprint work items and create a Word report,2,create,a Word report,create a Word report,0.68359375,58,carrot_mcp_server_api_update_leave_application,0.416015625,60.857142857142854,0.0078125,1.1428571428571428,37,0.00390625,2.0
7,Get the current sprint work items and create a Word report,2,create,a Word report,create a Word report,0.68359375,59,carrot_mcp_server_api_list_leave_application,0.408203125,59.71428571428572,0.00390625,0.5714285714285714,38,0.0048828125,0.8
7,Get the current sprint work items and create a Word report,2,create,a Word report,create a Word report,0.68359375,60,project_management_tools_add_work_item_comment,0.404296875,59.14285714285714,0.001953125,0.2857142857142857,39,0.00390625,0.5
7,Get the current sprint work items and create a Word report,2,create,a Word report,create a Word report,0.68359375,61,railway_tools_service_list,0.40234375,58.857142857142854,0.0,0.0,40,,
7,Get the current sprint work items and create a Word report,2,create,a Word report,create a Word report,0.68359375,62,project_management_tools_view_board,0.40234375,58.857142857142854,0.0,0.0,40,,
7,Get the current sprint work items and create a Word report,2,create,a Word report,create a Word report,0.68359375,63,gmail_tools_get_google_emails,0.40234375,58.857142857142854,0.0,0.0,40,,
7,Get the current sprint work items and create a Word report,2,create,a Word report,create a Word report,0.68359375,64,supabase_mcp_update_database_table_data,0.40234375,58.857142857142854,0.001953125,0.2857142857142857,40,0.00390625,0.5
7,Get the current sprint work items and create a Word report,2,create,a Word report,create a Word report,0.68359375,65,railway_tools_service_info,0.400390625,58.57142857142858,0.001953125,0.2857142857142857,41,0.00390625,0.5
7,Get the current sprint work items and create a Word report,2,create,a Word report,create a Word report,0.68359375,66,quest_studio_file_storage_get_files,0.3984375,58.285714285714285,0.0,0.0,42,,
7,Get the current sprint work items and create a Word report,2,create,a Word report,create a Word report,0.68359375,67,supabase_mcp_get_all_supabase_projects,0.3984375,58.285714285714285,0.001953125,0.2857142857142857,42,0.00390625,0.5
7,Get the current sprint work items and create a Word report,2,create,a Word report,create a Word report,0.68359375,68,outlook_mail_management_search_outlook_mail,0.396484375,57.99999999999999,0.001953125,0.2857142857142857,43,0.00390625,0.5
7,Get the current sprint work items and create a Word report,2,create,a Word report,create a Word report,0.68359375,69,project_management_tools_get_work_item,0.39453125,57.714285714285715,0.001953125,0.2857142857142857,44,0.00390625,0.5
7,Get the current sprint work items and create a Word report,2,create,a Word report,create a Word report,0.68359375,70,project_management_tools_get_user_capacity,0.392578125,57.42857142857143,0.0,0.0,45,,
7,Get the current sprint work items and create a Word report,2,create,a Word report,create a Word report,0.68359375,71,railway_tools_project_delete,0.392578125,57.42857142857143,0.0,0.0,45,,
7,Get the current sprint work items and create a Word report,2,create,a Word report,create a Word report,0.68359375,72,supabase_mcp_select_database_table_data,0.392578125,57.42857142857143,0.0,0.0,45,,
7,Get the current sprint work items and create a Word report,2,create,a Word report,create a Word report,0.68359375,73,quest_studio_file_storage_query_files,0.392578125,57.42857142857143,0.001953125,0.2857142857142857,45,0.00390625,0.5
7,Get the current sprint work items and create a Word report,2,create,a Word report,create a Word report,0.68359375,74,github_mcp_server_merge_pull_request,0.390625,57.14285714285714,0.0,0.0,46,,
7,Get the current sprint work items and create a Word report,2,create,a Word report,create a Word report,0.68359375,75,quest_studio_file_storage_update_file,0.390625,57.14285714285714,0.0,0.0,46,,
7,Get the current sprint work items and create a Word report,2,create,a Word report,create a Word report,0.68359375,76,project_management_tools_get_work_item_comments,0.390625,57.14285714285714,0.001953125,0.2857142857142857,46,0.00390625,0.5
7,Get the current sprint work items and create a Word report,2,create,a Word report,create a Word report,0.68359375,77,github_mcp_server_push_files,0.388671875,56.85714285714286,0.001953125,0.2857142857142857,47,0.00390625,0.5
7,Get the current sprint work items and create a Word report,2,create,a Word report,create a Word report,0.68359375,78,railway_tools_volume_create,0.38671875,56.57142857142857,0.0,0.0,48,,
7,Get the current sprint work items and create a Word report,2,create,a Word report,create a Word report,0.68359375,79,quest_studio_file_storage_get_file,0.38671875,56.57142857142857,0.00390625,0.5714285714285714,48,0.00390625,1.0
7,Get the current sprint work items and create a Word report,2,create,a Word report,create a Word report,0.68359375,80,supabase_mcp_get_table_schema,0.3828125,56.00000000000001,0.0,0.0,49,,
7,Get the current sprint work items and create a Word report,2,create,a Word report,create a Word report,0.68359375,81,github_mcp_server_pull_request_read,0.3828125,56.00000000000001,0.001953125,0.2857142857142857,49,0.00390625,0.5
7,Get the current sprint work items and create a Word report,2,create,a Word report,create a Word report,0.68359375,82,web_search_tools_web_search,0.380859375,55.714285714285715,0.0,0.0,50,,
7,Get the current sprint work items and create a Word report,2,create,a Word report,create a Word report,0.68359375,83,supabase_mcp_get_database_tables,0.380859375,55.714285714285715,0.00390625,0.5714285714285714,50,0.00390625,1.0
7,Get the current sprint work items and create a Word report,2,create,a Word report,create a Word report,0.68359375,84,project_management_tools_update_user_capacity,0.376953125,55.14285714285714,0.0,0.0,51,,
7,Get the current sprint work items and create a Word report,2,create,a Word report,create a Word report,0.68359375,85,github_mcp_server_search_repositories,0.376953125,55.14285714285714,0.001953125,0.2857142857142857,51,0.00390625,0.5
7,Get the current sprint work items and create a Word report,2,create,a Word report,create a Word report,0.68359375,86,github_mcp_server_get_file_contents,0.375,54.85714285714286,0.001953125,0.2857142857142857,52,0.00390625,0.5
7,Get the current sprint work items and create a Word report,2,create,a Word report,create a Word report,0.68359375,87,github_mcp_server_get_commit,0.373046875,54.57142857142857,0.001953125,0.2857142857142857,53,0.00390625,0.5
7,Get the current sprint work items and create a Word report,2,create,a Word report,create a Word report,0.68359375,88,quest_studio_file_storage_delete_file,0.37109375,54.285714285714285,0.0,0.0,54,,
7,Get the current sprint work items and create a Word report,2,create,a Word report,create a Word report,0.68359375,89,sharepoint_tools_get_sharepoint_sites,0.37109375,54.285714285714285,0.0,0.0,54,,
7,Get the current sprint work items and create a Word report,2,create,a Word report,create a Word report,0.68359375,90,project_management_tools_list_sprints,0.37109375,54.285714285714285,0.0,0.0,54,,
7,Get the current sprint work items and create a Word report,2,create,a Word report,create a Word report,0.68359375,91,railway_tools_volume_list,0.37109375,54.285714285714285,0.001953125,0.2857142857142857,54,0.00390625,0.5
7,Get the current sprint work items and create a Word report,2,create,a Word report,create a Word report,0.68359375,92,outlook_mail_management_forward_email,0.369140625,54.0,0.001953125,0.2857142857142857,55,0.00390625,0.5
7,Get the current sprint work items and create a Word report,2,create,a Word report,create a Word report,0.68359375,93,project_management_tools_update_work_item,0.3671875,53.714285714285715,0.0,0.0,56,,
7,Get the current sprint work items and create a Word report,2,create,a Word report,create a Word report,0.68359375,94,railway_tools_service_update,0.3671875,53.714285714285715,0.001953125,0.2857142857142857,56,0.00390625,0.5
7,Get the current sprint work items and create a Word report,2,create,a Word report,create a Word report,0.68359375,95,gmail_tools_delete_google_email,0.365234375,53.42857142857142,0.001953125,0.2857142857142857,57,0.00390625,0.5
7,Get the current sprint work items and create a Word report,2,create,a Word report,create a Word report,0.68359375,96,project_management_tools_delete_work_item,0.36328125,53.142857142857146,0.001953125,0.2857142857142857,58,0.00390625,0.5
7,Get the current sprint work items and create a Word report,2,create,a Word report,create a Word report,0.68359375,97,railway_tools_service_restart,0.361328125,52.85714285714286,0.00390625,0.5714285714285714,59,0.00390625,1.0
7,Get the current sprint work items and create a Word report,2,create,a Word report,create a Word report,0.68359375,98,railway_tools_volume_update,0.357421875,52.28571428571429,0.0,0.0,60,,
7,Get the current sprint work items and create a Word report,2,create,a Word report,create a Word report,0.68359375,99,github_mcp_server_update_pull_request,0.357421875,52.28571428571429,0.001953125,0.2857142857142857,60,0.00390625,0.5
7,Get the current sprint work items and create a Word report,2,create,a Word report,create a Word report,0.68359375,100,railway_tools_service_delete,0.35546875,52.0,0.0,0.0,61,,
7,Get the current sprint work items and create a Word report,2,create,a Word report,create a Word report,0.68359375,101,project_management_tools_assign_work_item,0.35546875,52.0,0.001953125,0.2857142857142857,61,0.00390625,0.5
7,Get the current sprint work items and create a Word report,2,create,a Word report,create a Word report,0.68359375,102,project_management_tools_update_task_status,0.353515625,51.714285714285715,0.0,0.0,62,,
7,Get the current sprint work items and create a Word report,2,create,a Word report,create a Word report,0.68359375,103,github_mcp_server_list_commits,0.353515625,51.714285714285715,0.0,0.0,62,,
7,Get the current sprint work items and create a Word report,2,create,a Word report,create a Word report,0.68359375,104,project_management_tools_get_sprint,0.353515625,51.714285714285715,0.0,0.0,62,,
7,Get the current sprint work items and create a Word report,2,create,a Word report,create a Word report,0.68359375,105,outlook_mail_management_find_email_address,0.353515625,51.714285714285715,0.005859375,0.8571428571428572,62,0.00390625,1.5
7,Get the current sprint work items and create a Word report,2,create,a Word report,create a Word report,0.68359375,106,github_mcp_server_list_branches,0.34765625,50.857142857142854,0.001953125,0.2857142857142857,63,0.00390625,0.5
7,Get the current sprint work items and create a Word report,2,create,a Word report,create a Word report,0.68359375,107,project_management_tools_list_projects,0.345703125,50.57142857142857,0.00390625,0.5714285714285714,64,0.00390625,1.0
7,Get the current sprint work items and create a Word report,2,create,a Word report,create a Word report,0.68359375,108,project_management_tools_list_teams,0.341796875,50.0,0.001953125,0.2857142857142857,65,0.00390625,0.5
7,Get the current sprint work items and create a Word report,2,create,a Word report,create a Word report,0.68359375,109,project_management_tools_get_team,0.33984375,49.714285714285715,0.0,0.0,66,,
7,Get the current sprint work items and create a Word report,2,create,a Word report,create a Word report,0.68359375,110,github_mcp_server_list_pull_requests,0.33984375,49.714285714285715,0.00390625,0.5714285714285714,66,0.00390625,1.0
7,Get the current sprint work items and create a Word report,2,create,a Word report,create a Word report,0.68359375,111,project_management_tools_list_users,0.3359375,49.142857142857146,0.0,0.0,67,,
7,Get the current sprint work items and create a Word report,2,create,a Word report,create a Word report,0.68359375,112,github_mcp_server_delete_file,0.3359375,49.142857142857146,0.001953125,0.2857142857142857,67,0.00390625,0.5
7,Get the current sprint work items and create a Word report,2,create,a Word report,create a Word report,0.68359375,113,project_management_tools_list_team_members,0.333984375,48.857142857142854,0.0,0.0,68,,
7,Get the current sprint work items and create a Word report,2,create,a Word report,create a Word report,0.68359375,114,github_mcp_server_get_me,0.333984375,48.857142857142854,0.001953125,0.2857142857142857,68,0.00390625,0.5
7,Get the current sprint work items and create a Word report,2,create,a Word report,create a Word report,0.68359375,115,railway_tools_volume_delete,0.33203125,48.57142857142857,0.0078125,1.1428571428571428,69,0.00390625,2.0
7,Get the current sprint work items and create a Word report,2,create,a Word report,create a Word report,0.68359375,116,project_management_tools_get_project,0.32421875,47.42857142857143,0.005859375,0.8571428571428572,70,0.00390625,1.5
7,Get the current sprint work items and create a Word report,2,create,a Word report,create a Word report,0.68359375,117,outlook_mail_management_get_email_messages,0.318359375,46.57142857142857,0.013671875,2.0,71,0.00390625,3.5
7,Get the current sprint work items and create a Word report,2,create,a Word report,create a Word report,0.68359375,118,project_management_tools_delete_sprint,0.3046875,44.57142857142857,0.0,0.0,72,,
7,Get the current sprint work items and create a Word report,2,create,a Word report,create a Word report,0.68359375,119,project_management_tools_update_project,0.3046875,44.57142857142857,0.009765625,1.4285714285714286,72,0.00390625,2.5
7,Get the current sprint work items and create a Word report,2,create,a Word report,create a Word report,0.68359375,120,project_management_tools_delete_team,0.294921875,43.142857142857146,0.017578125,2.571428571428571,73,0.00390625,4.5
7,Get the current sprint work items and create a Word report,2,create,a Word report,create a Word report,0.68359375,121,project_management_tools_delete_project,0.27734375,40.57142857142857,0.03125,4.571428571428571,74,0.00390625,8.0
7,Get the current sprint work items and create a Word report,2,create,a Word report,create a Word report,0.68359375,122,outlook_mail_management_delete_email_message,0.24609375,36.0,,,75,,
8,"Search for Nvidia news, create a report, and email it to Tom",1,search,Nvidia news,Search for Nvidia news,0.58203125,1,github_mcp_server_search_repositories,0.58203125,100.0,0.0078125,1.342281879194631,0,,
8,"Search for Nvidia news, create a report, and email it to Tom",1,search,Nvidia news,Search for Nvidia news,0.58203125,2,web_search_tools_web_search,0.57421875,98.65771812080537,0.0546875,9.395973154362416,1,,
8,"Search for Nvidia news, create a report, and email it to Tom",1,search,Nvidia news,Search for Nvidia news,0.58203125,3,github_mcp_server_pull_request_read,0.51953125,89.26174496644296,0.0078125,1.342281879194631,2,,
8,"Search for Nvidia news, create a report, and email it to Tom",1,search,Nvidia news,Search for Nvidia news,0.58203125,4,railway_tools_service_info,0.51171875,87.91946308724832,0.00390625,0.6711409395973155,3,0.0078125,0.5
8,"Search for Nvidia news, create a report, and email it to Tom",1,search,Nvidia news,Search for Nvidia news,0.58203125,5,office_word_mcp_server_api_search_replace,0.5078125,87.24832214765101,0.009765625,1.6778523489932886,4,0.0078125,1.25
8,"Search for Nvidia news, create a report, and email it to Tom",1,search,Nvidia news,Search for Nvidia news,0.58203125,6,railway_tools_project_info,0.498046875,85.57046979865773,0.001953125,0.33557046979865773,5,0.0078125,0.25
8,"Search for Nvidia news, create a report, and email it to Tom",1,search,Nvidia news,Search for Nvidia news,0.58203125,7,office_word_mcp_server_api_find_text_in_document,0.49609375,85.23489932885906,0.01171875,2.013422818791946,6,0.0078125,1.5
8,"Search for Nvidia news, create a report, and email it to Tom",1,search,Nvidia news,Search for Nvidia news,0.58203125,8,github_mcp_server_list_pull_requests,0.484375,83.22147651006712,0.005859375,1.006711409395973,7,0.0078125,0.75
8,"Search for Nvidia news, create a report, and email it to Tom",1,search,Nvidia news,Search for Nvidia news,0.58203125,9,github_mcp_server_get_commit,0.478515625,82.21476510067114,0.0,0.0,8,,
8,"Search for Nvidia news, create a report, and email it to Tom",1,search,Nvidia news,Search for Nvidia news,0.58203125,10,github_mcp_server_list_commits,0.478515625,82.21476510067114,0.0,0.0,8,,
8,"Search for Nvidia news, create a report, and email it to Tom",1,search,Nvidia news,Search for Nvidia news,0.58203125,11,gmail_tools_reply_google_email,0.478515625,82.21476510067114,0.001953125,0.33557046979865773,8,0.0078125,0.25
8,"Search for Nvidia news, create a report, and email it to Tom",1,search,Nvidia news,Search for Nvidia news,0.58203125,12,railway_tools_service_create_from_repo,0.4765625,81.87919463087249,0.0,0.0,9,,
8,"Search for Nvidia news, create a report, and email it to Tom",1,search,Nvidia news,Search for Nvidia news,0.58203125,13,gmail_tools_get_google_emails,0.4765625,81.87919463087249,0.001953125,0.33557046979865773,9,0.0078125,0.25
8,"Search for Nvidia news, create a report, and email it to Tom",1,search,Nvidia news,Search for Nvidia news,0.58203125,14,carrot_mcp_server_api_hr_dashboard_summary,0.474609375,81.54362416107382,0.001953125,0.33557046979865773,10,0.0068359375,0.2857142857142857
8,"Search for Nvidia news, create a report, and email it to Tom",1,search,Nvidia news,Search for Nvidia news,0.58203125,15,github_mcp_server_get_me,0.47265625,81.20805369127517,0.0,0.0,11,,
8,"Search for Nvidia news, create a report, and email it to Tom",1,search,Nvidia news,Search for Nvidia news,0.58203125,16,railway_tools_project_environments,0.47265625,81.20805369127517,0.00390625,0.6711409395973155,11,0.005859375,0.6666666666666666
8,"Search for Nvidia news, create a report, and email it to Tom",1,search,Nvidia news,Search for Nvidia news,0.58203125,17,railway_tools_service_list,0.46875,80.53691275167785,0.001953125,0.33557046979865773,12,0.0048828125,0.4
8,"Search for Nvidia news, create a report, and email it to Tom",1,search,Nvidia news,Search for Nvidia news,0.58203125,18,railway_tools_project_list,0.466796875,80.20134228187919,0.00390625,0.6711409395973155,13,0.00390625,1.0
8,"Search for Nvidia news, create a report, and email it to Tom",1,search,Nvidia news,Search for Nvidia news,0.58203125,19,railway_tools_service_update,0.462890625,79.53020134228188,0.0,0.0,14,,
8,"Search for Nvidia news, create a report, and email it to Tom",1,search,Nvidia news,Search for Nvidia news,0.58203125,20,office_word_mcp_server_api_get_document_info,0.462890625,79.53020134228188,0.001953125,0.33557046979865773,14,0.00390625,0.5
8,"Search for Nvidia news, create a report, and email it to Tom",1,search,Nvidia news,Search for Nvidia news,0.58203125,21,quest_studio_file_storage_get_storage_usage,0.4609375,79.19463087248322,0.0,0.0,15,,
8,"Search for Nvidia news, create a report, and email it to Tom",1,search,Nvidia news,Search for Nvidia news,0.58203125,22,office_word_mcp_server_api_get_paragraph_text_from_document,0.4609375,79.19463087248322,0.0,0.0,15,,
8,"Search for Nvidia news, create a report, and email it to Tom",1,search,Nvidia news,Search for Nvidia news,0.58203125,23,gmail_tools_send_google_email,0.4609375,79.19463087248322,0.001953125,0.33557046979865773,15,0.00390625,0.5
8,"Search for Nvidia news, create a report, and email it to Tom",1,search,Nvidia news,Search for Nvidia news,0.58203125,24,railway_tools_database_list_types,0.458984375,78.85906040268456,0.001953125,0.33557046979865773,16,0.00390625,0.5
8,"Search for Nvidia news, create a report, and email it to Tom",1,search,Nvidia news,Search for Nvidia news,0.58203125,25,railway_tools_volume_list,0.45703125,78.52348993288591,0.0,0.0,17,,
8,"Search for Nvidia news, create a report, and email it to Tom",1,search,Nvidia news,Search for Nvidia news,0.58203125,26,github_mcp_server_list_branches,0.45703125,78.52348993288591,0.00390625,0.6711409395973155,17,0.00390625,1.0
8,"Search for Nvidia news, create a report, and email it to Tom",1,search,Nvidia news,Search for Nvidia news,0.58203125,27,gmail_tools_forward_google_email,0.453125,77.85234899328859,0.001953125,0.33557046979865773,18,0.00390625,0.5
8,"Search for Nvidia news, create a report, and email it to Tom",1,search,Nvidia news,Search for Nvidia news,0.58203125,28,office_word_mcp_server_api_add_heading,0.451171875,77.51677852348993,0.001953125,0.33557046979865773,19,0.00390625,0.5
8,"Search for Nvidia news, create a report, and email it to Tom",1,search,Nvidia news,Search for Nvidia news,0.58203125,29,railway_tools_service_create_from_image,0.44921875,77.18120805369128,0.001953125,0.33557046979865773,20,0.0029296875,0.6666666666666666
8,"Search for Nvidia news, create a report, and email it to Tom",1,search,Nvidia news,Search for Nvidia news,0.58203125,30,railway_tools_service_restart,0.447265625,76.84563758389261,0.0,0.0,21,,
8,"Search for Nvidia news, create a report, and email it to Tom",1,search,Nvidia news,Search for Nvidia news,0.58203125,31,github_mcp_server_create_pull_request,0.447265625,76.84563758389261,0.0,0.0,21,,
8,"Search for Nvidia news, create a report, and email it to Tom",1,search,Nvidia news,Search for Nvidia news,0.58203125,32,office_word_mcp_server_api_get_document_outline,0.447265625,76.84563758389261,0.0,0.0,21,,
8,"Search for Nvidia news, create a report, and email it to Tom",1,search,Nvidia news,Search for Nvidia news,0.58203125,33,office_word_mcp_server_api_get_document_text,0.447265625,76.84563758389261,0.001953125,0.33557046979865773,21,0.001953125,1.0
8,"Search for Nvidia news, create a report, and email it to Tom",1,search,Nvidia news,Search for Nvidia news,0.58203125,34,project_management_tools_get_team,0.4453125,76.51006711409396,0.001953125,0.33557046979865773,22,0.001953125,1.0
8,"Search for Nvidia news, create a report, and email it to Tom",1,search,Nvidia news,Search for Nvidia news,0.58203125,35,outlook_mail_management_find_email_address,0.443359375,76.1744966442953,0.0,0.0,23,,
8,"Search for Nvidia news, create a report, and email it to Tom",1,search,Nvidia news,Search for Nvidia news,0.58203125,36,railway_tools_project_create,0.443359375,76.1744966442953,0.001953125,0.33557046979865773,23,0.001953125,1.0
8,"Search for Nvidia news, create a report, and email it to Tom",1,search,Nvidia news,Search for Nvidia news,0.58203125,37,supabase_mcp_get_all_supabase_projects,0.44140625,75.83892617449665,0.00390625,0.6711409395973155,24,0.001953125,2.0
8,"Search for Nvidia news, create a report, and email it to Tom",1,search,Nvidia news,Search for Nvidia news,0.58203125,38,outlook_mail_management_search_outlook_mail,0.4375,75.16778523489933,0.001953125,0.33557046979865773,25,0.001953125,1.0
8,"Search for Nvidia news, create a report, and email it to Tom",1,search,Nvidia news,Search for Nvidia news,0.58203125,39,project_management_tools_view_board,0.435546875,74.83221476510067,0.001953125,0.33557046979865773,26,0.001953125,1.0
8,"Search for Nvidia news, create a report, and email it to Tom",1,search,Nvidia news,Search for Nvidia news,0.58203125,40,carrot_mcp_server_api_list_employees,0.43359375,74.49664429530202,0.001953125,0.33557046979865773,27,0.001953125,1.0
8,"Search for Nvidia news, create a report, and email it to Tom",1,search,Nvidia news,Search for Nvidia news,0.58203125,41,carrot_mcp_server_api_submit_leave_application,0.431640625,74.16107382550335,0.0,0.0,28,,
8,"Search for Nvidia news, create a report, and email it to Tom",1,search,Nvidia news,Search for Nvidia news,0.58203125,42,github_mcp_server_merge_pull_request,0.431640625,74.16107382550335,0.001953125,0.33557046979865773,28,0.001953125,1.0
8,"Search for Nvidia news, create a report, and email it to Tom",1,search,Nvidia news,Search for Nvidia news,0.58203125,43,railway_tools_volume_delete,0.4296875,73.8255033557047,0.0,0.0,29,,
8,"Search for Nvidia news, create a report, and email it to Tom",1,search,Nvidia news,Search for Nvidia news,0.58203125,44,github_mcp_server_create_or_update_file,0.4296875,73.8255033557047,0.0,0.0,29,,
8,"Search for Nvidia news, create a report, and email it to Tom",1,search,Nvidia news,Search for Nvidia news,0.58203125,45,github_mcp_server_update_pull_request,0.4296875,73.8255033557047,0.001953125,0.33557046979865773,29,0.001953125,1.0
8,"Search for Nvidia news, create a report, and email it to Tom",1,search,Nvidia news,Search for Nvidia news,0.58203125,46,carrot_mcp_server_api_get_employee,0.427734375,73.48993288590604,0.0,0.0,30,,
8,"Search for Nvidia news, create a report, and email it to Tom",1,search,Nvidia news,Search for Nvidia news,0.58203125,47,quest_studio_file_storage_query_files,0.427734375,73.48993288590604,0.0,0.0,30,,
8,"Search for Nvidia news, create a report, and email it to Tom",1,search,Nvidia news,Search for Nvidia news,0.58203125,48,project_management_tools_list_teams,0.427734375,73.48993288590604,0.0,0.0,30,,
8,"Search for Nvidia news, create a report, and email it to Tom",1,search,Nvidia news,Search for Nvidia news,0.58203125,49,office_word_mcp_server_api_copy_document,0.427734375,73.48993288590604,0.001953125,0.33557046979865773,30,0.001953125,1.0
8,"Search for Nvidia news, create a report, and email it to Tom",1,search,Nvidia news,Search for Nvidia news,0.58203125,50,office_word_mcp_server_api_add_page_break,0.42578125,73.15436241610739,0.00390625,0.6711409395973155,31,0.001953125,2.0
8,"Search for Nvidia news, create a report, and email it to Tom",1,search,Nvidia news,Search for Nvidia news,0.58203125,51,carrot_mcp_server_api_log_hours_entry,0.421875,72.48322147651007,0.0,0.0,32,,
8,"Search for Nvidia news, create a report, and email it to Tom",1,search,Nvidia news,Search for Nvidia news,0.58203125,52,github_mcp_server_create_branch,0.421875,72.48322147651007,0.0,0.0,32,,
8,"Search for Nvidia news, create a report, and email it to Tom",1,search,Nvidia news,Search for Nvidia news,0.58203125,53,project_management_tools_list_projects,0.421875,72.48322147651007,0.001953125,0.33557046979865773,32,0.001953125,1.0
8,"Search for Nvidia news, create a report, and email it to Tom",1,search,Nvidia news,Search for Nvidia news,0.58203125,54,railway_tools_project_delete,0.419921875,72.14765100671141,0.0,0.0,33,,
8,"Search for Nvidia news, create a report, and email it to Tom",1,search,Nvidia news,Search for Nvidia news,0.58203125,55,supabase_mcp_get_table_schema,0.419921875,72.14765100671141,0.0,0.0,33,,
8,"Search for Nvidia news, create a report, and email it to Tom",1,search,Nvidia news,Search for Nvidia news,0.58203125,56,supabase_mcp_check_database_health,0.419921875,72.14765100671141,0.001953125,0.33557046979865773,33,0.001953125,1.0
8,"Search for Nvidia news, create a report, and email it to Tom",1,search,Nvidia news,Search for Nvidia news,0.58203125,57,quest_studio_file_storage_get_file_content,0.41796875,71.81208053691275,0.0,0.0,34,,
8,"Search for Nvidia news, create a report, and email it to Tom",1,search,Nvidia news,Search for Nvidia news,0.58203125,58,railway_tools_volume_update,0.41796875,71.81208053691275,0.0,0.0,34,,
8,"Search for Nvidia news, create a report, and email it to Tom",1,search,Nvidia news,Search for Nvidia news,0.58203125,59,office_word_mcp_server_api_get_document_xml,0.41796875,71.81208053691275,0.0,0.0,34,,
8,"Search for Nvidia news, create a report, and email it to Tom",1,search,Nvidia news,Search for Nvidia news,0.58203125,60,office_word_mcp_server_api_add_paragraph,0.41796875,71.81208053691275,0.001953125,0.33557046979865773,34,0.001953125,1.0
8,"Search for Nvidia news, create a report, and email it to Tom",1,search,Nvidia news,Search for Nvidia news,0.58203125,61,carrot_mcp_server_api_work_hours_summary,0.416015625,71.47651006711409,0.001953125,0.33557046979865773,35,0.001953125,1.0
8,"Search for Nvidia news, create a report, and email it to Tom",1,search,Nvidia news,Search for Nvidia news,0.58203125,62,carrot_mcp_server_api_update_employee,0.4140625,71.14093959731544,0.0,0.0,36,,
8,"Search for Nvidia news, create a report, and email it to Tom",1,search,Nvidia news,Search for Nvidia news,0.58203125,63,project_management_tools_create_team,0.4140625,71.14093959731544,0.0,0.0,36,,
8,"Search for Nvidia news, create a report, and email it to Tom",1,search,Nvidia news,Search for Nvidia news,0.58203125,64,github_mcp_server_get_file_contents,0.4140625,71.14093959731544,0.0,0.0,36,,
8,"Search for Nvidia news, create a report, and email it to Tom",1,search,Nvidia news,Search for Nvidia news,0.58203125,65,office_word_mcp_server_api_create_word_document,0.4140625,71.14093959731544,0.0,0.0,36,,
8,"Search for Nvidia news, create a report, and email it to Tom",1,search,Nvidia news,Search for Nvidia news,0.58203125,66,carrot_mcp_server_api_create_leave_application,0.4140625,71.14093959731544,0.001953125,0.33557046979865773,36,0.001953125,1.0
8,"Search for Nvidia news, create a report, and email it to Tom",1,search,Nvidia news,Search for Nvidia news,0.58203125,67,railway_tools_service_delete,0.412109375,70.80536912751678,0.0,0.0,37,,
8,"Search for Nvidia news, create a report, and email it to Tom",1,search,Nvidia news,Search for Nvidia news,0.58203125,68,project_management_tools_list_work_items,0.412109375,70.80536912751678,0.0,0.0,37,,
8,"Search for Nvidia news, create a report, and email it to Tom",1,search,Nvidia news,Search for Nvidia news,0.58203125,69,github_mcp_server_create_repository,0.412109375,70.80536912751678,0.0,0.0,37,,
8,"Search for Nvidia news, create a report, and email it to Tom",1,search,Nvidia news,Search for Nvidia news,0.58203125,70,office_word_mcp_server_api_convert_to_pdf,0.412109375,70.80536912751678,0.001953125,0.33557046979865773,37,0.001953125,1.0
8,"Search for Nvidia news, create a report, and email it to Tom",1,search,Nvidia news,Search for Nvidia news,0.58203125,71,railway_tools_volume_create,0.41015625,70.46979865771812,0.001953125,0.33557046979865773,38,0.001953125,1.0
8,"Search for Nvidia news, create a report, and email it to Tom",1,search,Nvidia news,Search for Nvidia news,0.58203125,72,sharepoint_tools_get_sharepoint_documents,0.408203125,70.13422818791946,0.001953125,0.33557046979865773,39,0.001953125,1.0
8,"Search for Nvidia news, create a report, and email it to Tom",1,search,Nvidia news,Search for Nvidia news,0.58203125,73,project_management_tools_create_work_item,0.40625,69.79865771812081,0.001953125,0.33557046979865773,40,0.001953125,1.0
8,"Search for Nvidia news, create a report, and email it to Tom",1,search,Nvidia news,Search for Nvidia news,0.58203125,74,quest_studio_file_storage_get_files,0.404296875,69.46308724832215,0.001953125,0.33557046979865773,41,0.001953125,1.0
8,"Search for Nvidia news, create a report, and email it to Tom",1,search,Nvidia news,Search for Nvidia news,0.58203125,75,office_word_mcp_server_api_list_files,0.40234375,69.12751677852349,0.0,0.0,42,,
8,"Search for Nvidia news, create a report, and email it to Tom",1,search,Nvidia news,Search for Nvidia news,0.58203125,76,project_management_tools_get_project,0.40234375,69.12751677852349,0.0,0.0,42,,
8,"Search for Nvidia news, create a report, and email it to Tom",1,search,Nvidia news,Search for Nvidia news,0.58203125,77,supabase_mcp_get_database_tables,0.40234375,69.12751677852349,0.001953125,0.33557046979865773,42,0.001953125,1.0
8,"Search for Nvidia news, create a report, and email it to Tom",1,search,Nvidia news,Search for Nvidia news,0.58203125,78,sharepoint_tools_get_sharepoint_sites,0.400390625,68.79194630872483,0.0,0.0,43,,
8,"Search for Nvidia news, create a report, and email it to Tom",1,search,Nvidia news,Search for Nvidia news,0.58203125,79,project_management_tools_list_team_members,0.400390625,68.79194630872483,0.001953125,0.33557046979865773,43,0.001953125,1.0
8,"Search for Nvidia news, create a report, and email it to Tom",1,search,Nvidia news,Search for Nvidia news,0.58203125,80,project_management_tools_get_work_item_comments,0.3984375,68.45637583892618,0.0,0.0,44,,
8,"Search for Nvidia news, create a report, and email it to Tom",1,search,Nvidia news,Search for Nvidia news,0.58203125,81,supabase_mcp_select_database_table_data,0.3984375,68.45637583892618,0.001953125,0.33557046979865773,44,0.001953125,1.0
8,"Search for Nvidia news, create a report, and email it to Tom",1,search,Nvidia news,Search for Nvidia news,0.58203125,82,project_management_tools_get_sprint,0.396484375,68.12080536912751,0.0,0.0,45,,
8,"Search for Nvidia news, create a report, and email it to Tom",1,search,Nvidia news,Search for Nvidia news,0.58203125,83,office_word_mcp_server_api_add_picture,0.396484375,68.12080536912751,0.0,0.0,45,,
8,"Search for Nvidia news, create a report, and email it to Tom",1,search,Nvidia news,Search for Nvidia news,0.58203125,84,project_management_tools_get_user_capacity,0.396484375,68.12080536912751,0.0,0.0,45,,
8,"Search for Nvidia news, create a report, and email it to Tom",1,search,Nvidia news,Search for Nvidia news,0.58203125,85,project_management_tools_list_sprints,0.396484375,68.12080536912751,0.0,0.0,45,,
8,"Search for Nvidia news, create a report, and email it to Tom",1,search,Nvidia news,Search for Nvidia news,0.58203125,86,gmail_tools_delete_google_email,0.396484375,68.12080536912751,0.001953125,0.33557046979865773,45,0.001953125,1.0
8,"Search for Nvidia news, create a report, and email it to Tom",1,search,Nvidia news,Search for Nvidia news,0.58203125,87,project_management_tools_create_project,0.39453125,67.78523489932886,0.001953125,0.33557046979865773,46,0.001953125,1.0
8,"Search for Nvidia news, create a report, and email it to Tom",1,search,Nvidia news,Search for Nvidia news,0.58203125,88,office_word_mcp_server_api_merge_doucments,0.392578125,67.4496644295302,0.0,0.0,47,,
8,"Search for Nvidia news, create a report, and email it to Tom",1,search,Nvidia news,Search for Nvidia news,0.58203125,89,carrot_mcp_server_api_create_employee,0.392578125,67.4496644295302,0.0,0.0,47,,
8,"Search for Nvidia news, create a report, and email it to Tom",1,search,Nvidia news,Search for Nvidia news,0.58203125,90,carrot_mcp_server_api_update_leave_application,0.392578125,67.4496644295302,0.00390625,0.6711409395973155,47,0.001953125,2.0
8,"Search for Nvidia news, create a report, and email it to Tom",1,search,Nvidia news,Search for Nvidia news,0.58203125,91,office_word_mcp_server_api_add_table,0.388671875,66.77852348993288,0.0,0.0,48,,
8,"Search for Nvidia news, create a report, and email it to Tom",1,search,Nvidia news,Search for Nvidia news,0.58203125,92,outlook_mail_management_compose_email,0.388671875,66.77852348993288,0.00390625,0.6711409395973155,48,0.001953125,2.0
8,"Search for Nvidia news, create a report, and email it to Tom",1,search,Nvidia news,Search for Nvidia news,0.58203125,93,quest_studio_file_storage_get_file,0.384765625,66.10738255033557,0.0,0.0,49,,
8,"Search for Nvidia news, create a report, and email it to Tom",1,search,Nvidia news,Search for Nvidia news,0.58203125,94,carrot_mcp_server_api_list_leave_application,0.384765625,66.10738255033557,0.0,0.0,49,,
8,"Search for Nvidia news, create a report, and email it to Tom",1,search,Nvidia news,Search for Nvidia news,0.58203125,95,sharepoint_tools_create_txt_file_in_sharepoint,0.384765625,66.10738255033557,0.001953125,0.33557046979865773,49,0.001953125,1.0
8,"Search for Nvidia news, create a report, and email it to Tom",1,search,Nvidia news,Search for Nvidia news,0.58203125,96,supabase_mcp_insert_table_data,0.3828125,65.77181208053692,0.001953125,0.33557046979865773,50,0.001953125,1.0
8,"Search for Nvidia news, create a report, and email it to Tom",1,search,Nvidia news,Search for Nvidia news,0.58203125,97,office_word_mcp_server_api_delete_paragraph,0.380859375,65.43624161073825,0.001953125,0.33557046979865773,51,0.001953125,1.0
8,"Search for Nvidia news, create a report, and email it to Tom",1,search,Nvidia news,Search for Nvidia news,0.58203125,98,office_word_mcp_server_api_delete_document,0.37890625,65.1006711409396,0.001953125,0.33557046979865773,52,0.001953125,1.0
8,"Search for Nvidia news, create a report, and email it to Tom",1,search,Nvidia news,Search for Nvidia news,0.58203125,99,project_management_tools_list_users,0.376953125,64.76510067114094,0.0,0.0,53,,
8,"Search for Nvidia news, create a report, and email it to Tom",1,search,Nvidia news,Search for Nvidia news,0.58203125,100,supabase_mcp_update_database_table_data,0.376953125,64.76510067114094,0.001953125,0.33557046979865773,53,0.001953125,1.0
8,"Search for Nvidia news, create a report, and email it to Tom",1,search,Nvidia news,Search for Nvidia news,0.58203125,101,outlook_mail_management_reply_to_email,0.375,64.42953020134227,0.0,0.0,54,,
8,"Search for Nvidia news, create a report, and email it to Tom",1,search,Nvidia news,Search for Nvidia news,0.58203125,102,project_management_tools_get_work_item,0.375,64.42953020134227,0.009765625,1.6778523489932886,54,0.001953125,5.0
8,"Search for Nvidia news, create a report, and email it to Tom",1,search,Nvidia news,Search for Nvidia news,0.58203125,103,project_management_tools_delete_team,0.365234375,62.751677852349,0.00390625,0.6711409395973155,55,0.001953125,2.0
8,"Search for Nvidia news, create a report, and email it to Tom",1,search,Nvidia news,Search for Nvidia news,0.58203125,104,project_management_tools_create_sprint,0.361328125,62.08053691275168,0.015625,2.684563758389262,56,0.001953125,8.0
8,"Search for Nvidia news, create a report, and email it to Tom",1,search,Nvidia news,Search for Nvidia news,0.58203125,105,project_management_tools_add_work_item_comment,0.345703125,59.395973154362416,0.0,0.0,57,,
8,"Search for Nvidia news, create a report, and email it to Tom",1,search,Nvidia news,Search for Nvidia news,0.58203125,106,project_management_tools_update_user_capacity,0.345703125,59.395973154362416,0.001953125,0.33557046979865773,57,0.001953125,1.0
8,"Search for Nvidia news, create a report, and email it to Tom",1,search,Nvidia news,Search for Nvidia news,0.58203125,107,outlook_mail_management_get_email_messages,0.34375,59.06040268456376,0.001953125,0.33557046979865773,58,0.001953125,1.0
8,"Search for Nvidia news, create a report, and email it to Tom",1,search,Nvidia news,Search for Nvidia news,0.58203125,108,project_management_tools_update_project,0.341796875,58.7248322147651,0.00390625,0.6711409395973155,59,0.001953125,2.0
8,"Search for Nvidia news, create a report, and email it to Tom",1,search,Nvidia news,Search for Nvidia news,0.58203125,109,project_management_tools_update_task_status,0.337890625,58.053691275167786,0.0,0.0,60,,
8,"Search for Nvidia news, create a report, and email it to Tom",1,search,Nvidia news,Search for Nvidia news,0.58203125,110,quest_studio_file_storage_update_file,0.337890625,58.053691275167786,0.005859375,1.006711409395973,60,0.001953125,3.0
8,"Search for Nvidia news, create a report, and email it to Tom",1,search,Nvidia news,Search for Nvidia news,0.58203125,111,github_mcp_server_push_files,0.33203125,57.04697986577181,0.001953125,0.33557046979865773,61,0.001953125,1.0
8,"Search for Nvidia news, create a report, and email it to Tom",1,search,Nvidia news,Search for Nvidia news,0.58203125,112,outlook_mail_management_send_email,0.330078125,56.711409395973156,0.0,0.0,62,,
8,"Search for Nvidia news, create a report, and email it to Tom",1,search,Nvidia news,Search for Nvidia news,0.58203125,113,project_management_tools_export_sprint_to_sharepoint,0.330078125,56.711409395973156,0.001953125,0.33557046979865773,62,0.001953125,1.0
8,"Search for Nvidia news, create a report, and email it to Tom",1,search,Nvidia news,Search for Nvidia news,0.58203125,114,outlook_mail_management_forward_email,0.328125,56.375838926174495,0.001953125,0.33557046979865773,63,0.001953125,1.0
8,"Search for Nvidia news, create a report, and email it to Tom",1,search,Nvidia news,Search for Nvidia news,0.58203125,115,quest_studio_file_storage_delete_file,0.326171875,56.04026845637584,0.001953125,0.33557046979865773,64,0.001953125,1.0
8,"Search for Nvidia news, create a report, and email it to Tom",1,search,Nvidia news,Search for Nvidia news,0.58203125,116,project_management_tools_update_work_item,0.32421875,55.70469798657718,0.00390625,0.6711409395973155,65,0.001953125,2.0
8,"Search for Nvidia news, create a report, and email it to Tom",1,search,Nvidia news,Search for Nvidia news,0.58203125,117,project_management_tools_assign_work_item,0.3203125,55.033557046979865,0.0078125,1.342281879194631,66,0.001953125,4.0
8,"Search for Nvidia news, create a report, and email it to Tom",1,search,Nvidia news,Search for Nvidia news,0.58203125,118,github_mcp_server_delete_file,0.3125,53.691275167785236,0.001953125,0.33557046979865773,67,0.001953125,1.0
8,"Search for Nvidia news, create a report, and email it to Tom",1,search,Nvidia news,Search for Nvidia news,0.58203125,119,project_management_tools_delete_work_item,0.310546875,53.355704697986575,0.00390625,0.6711409395973155,68,0.001953125,2.0
8,"Search for Nvidia news, create a report, and email it to Tom",1,search,Nvidia news,Search for Nvidia news,0.58203125,120,project_management_tools_delete_project,0.306640625,52.68456375838926,0.001953125,0.33557046979865773,69,0.001953125,1.0
8,"Search for Nvidia news, create a report, and email it to Tom",1,search,Nvidia news,Search for Nvidia news,0.58203125,121,project_management_tools_delete_sprint,0.3046875,52.348993288590606,0.0595703125,10.234899328859061,70,0.001953125,30.5
8,"Search for Nvidia news, create a report, and email it to Tom",1,search,Nvidia news,Search for Nvidia news,0.58203125,122,outlook_mail_management_delete_email_message,0.2451171875,42.11409395973154,,,71,,
8,"Search for Nvidia news, create a report, and email it to Tom",2,create,a report,create a report,0.546875,1,carrot_mcp_server_api_hr_dashboard_summary,0.546875,100.0,0.0078125,1.4285714285714286,0,,
8,"Search for Nvidia news, create a report, and email it to Tom",2,create,a report,create a report,0.546875,2,office_word_mcp_server_api_add_heading,0.5390625,98.57142857142858,0.0,0.0,1,,
8,"Search for Nvidia news, create a report, and email it to Tom",2,create,a report,create a report,0.546875,3,office_word_mcp_server_api_add_table,0.5390625,98.57142857142858,0.00390625,0.7142857142857143,1,,
8,"Search for Nvidia news, create a report, and email it to Tom",2,create,a report,create a report,0.546875,4,project_management_tools_create_work_item,0.53515625,97.85714285714285,0.0078125,1.4285714285714286,2,,
8,"Search for Nvidia news, create a report, and email it to Tom",2,create,a report,create a report,0.546875,5,office_word_mcp_server_api_add_page_break,0.52734375,96.42857142857143,0.0,0.0,3,,
8,"Search for Nvidia news, create a report, and email it to Tom",2,create,a report,create a report,0.546875,6,office_word_mcp_server_api_create_word_document,0.52734375,96.42857142857143,0.00390625,0.7142857142857143,3,0.0078125,0.5
8,"Search for Nvidia news, create a report, and email it to Tom",2,create,a report,create a report,0.546875,7,carrot_mcp_server_api_create_leave_application,0.5234375,95.71428571428572,0.0,0.0,4,,
8,"Search for Nvidia news, create a report, and email it to Tom",2,create,a report,create a report,0.546875,8,carrot_mcp_server_api_log_hours_entry,0.5234375,95.71428571428572,0.0078125,1.4285714285714286,4,0.005859375,1.3333333333333333
8,"Search for Nvidia news, create a report, and email it to Tom",2,create,a report,create a report,0.546875,9,office_word_mcp_server_api_add_paragraph,0.515625,94.28571428571428,0.00390625,0.7142857142857143,5,0.0078125,0.5
8,"Search for Nvidia news, create a report, and email it to Tom",2,create,a report,create a report,0.546875,10,carrot_mcp_server_api_work_hours_summary,0.51171875,93.57142857142857,0.00390625,0.7142857142857143,6,0.005859375,0.6666666666666666
8,"Search for Nvidia news, create a report, and email it to Tom",2,create,a report,create a report,0.546875,11,supabase_mcp_insert_table_data,0.5078125,92.85714285714286,0.0,0.0,7,,
8,"Search for Nvidia news, create a report, and email it to Tom",2,create,a report,create a report,0.546875,12,carrot_mcp_server_api_create_employee,0.5078125,92.85714285714286,0.00390625,0.7142857142857143,7,0.00390625,1.0
8,"Search for Nvidia news, create a report, and email it to Tom",2,create,a report,create a report,0.546875,13,railway_tools_project_create,0.50390625,92.14285714285714,0.009765625,1.7857142857142856,8,0.00390625,2.5
8,"Search for Nvidia news, create a report, and email it to Tom",2,create,a report,create a report,0.546875,14,railway_tools_database_list_types,0.494140625,90.35714285714286,0.001953125,0.35714285714285715,9,0.00390625,0.5
8,"Search for Nvidia news, create a report, and email it to Tom",2,create,a report,create a report,0.546875,15,carrot_mcp_server_api_submit_leave_application,0.4921875,90.0,0.0,0.0,10,,
8,"Search for Nvidia news, create a report, and email it to Tom",2,create,a report,create a report,0.546875,16,office_word_mcp_server_api_convert_to_pdf,0.4921875,90.0,0.001953125,0.35714285714285715,10,0.00390625,0.5
8,"Search for Nvidia news, create a report, and email it to Tom",2,create,a report,create a report,0.546875,17,supabase_mcp_check_database_health,0.490234375,89.64285714285715,0.00390625,0.7142857142857143,11,0.00390625,1.0
8,"Search for Nvidia news, create a report, and email it to Tom",2,create,a report,create a report,0.546875,18,project_management_tools_list_work_items,0.486328125,88.92857142857142,0.0,0.0,12,,
8,"Search for Nvidia news, create a report, and email it to Tom",2,create,a report,create a report,0.546875,19,project_management_tools_create_project,0.486328125,88.92857142857142,0.00390625,0.7142857142857143,12,0.00390625,1.0
8,"Search for Nvidia news, create a report, and email it to Tom",2,create,a report,create a report,0.546875,20,railway_tools_service_create_from_repo,0.482421875,88.21428571428571,0.0,0.0,13,,
8,"Search for Nvidia news, create a report, and email it to Tom",2,create,a report,create a report,0.546875,21,office_word_mcp_server_api_get_document_outline,0.482421875,88.21428571428571,0.001953125,0.35714285714285715,13,0.00390625,0.5
8,"Search for Nvidia news, create a report, and email it to Tom",2,create,a report,create a report,0.546875,22,office_word_mcp_server_api_add_picture,0.48046875,87.85714285714286,0.0,0.0,14,,
8,"Search for Nvidia news, create a report, and email it to Tom",2,create,a report,create a report,0.546875,23,sharepoint_tools_create_txt_file_in_sharepoint,0.48046875,87.85714285714286,0.0,0.0,14,,
8,"Search for Nvidia news, create a report, and email it to Tom",2,create,a report,create a report,0.546875,24,github_mcp_server_create_repository,0.48046875,87.85714285714286,0.001953125,0.35714285714285715,14,0.00390625,0.5
8,"Search for Nvidia news, create a report, and email it to Tom",2,create,a report,create a report,0.546875,25,github_mcp_server_create_pull_request,0.478515625,87.5,0.005859375,1.0714285714285714,15,0.00390625,1.5
8,"Search for Nvidia news, create a report, and email it to Tom",2,create,a report,create a report,0.546875,26,railway_tools_project_info,0.47265625,86.42857142857143,0.001953125,0.35714285714285715,16,0.00390625,0.5
8,"Search for Nvidia news, create a report, and email it to Tom",2,create,a report,create a report,0.546875,27,gmail_tools_send_google_email,0.470703125,86.07142857142858,0.0,0.0,17,,
8,"Search for Nvidia news, create a report, and email it to Tom",2,create,a report,create a report,0.546875,28,office_word_mcp_server_api_copy_document,0.470703125,86.07142857142858,0.00390625,0.7142857142857143,17,0.00390625,1.0
8,"Search for Nvidia news, create a report, and email it to Tom",2,create,a report,create a report,0.546875,29,github_mcp_server_create_branch,0.466796875,85.35714285714285,0.00390625,0.7142857142857143,18,0.00390625,1.0
8,"Search for Nvidia news, create a report, and email it to Tom",2,create,a report,create a report,0.546875,30,project_management_tools_create_sprint,0.462890625,84.64285714285714,0.0,0.0,19,,
8,"Search for Nvidia news, create a report, and email it to Tom",2,create,a report,create a report,0.546875,31,railway_tools_project_environments,0.462890625,84.64285714285714,0.001953125,0.35714285714285715,19,0.00390625,0.5
8,"Search for Nvidia news, create a report, and email it to Tom",2,create,a report,create a report,0.546875,32,office_word_mcp_server_api_get_document_info,0.4609375,84.28571428571429,0.001953125,0.35714285714285715,20,0.00390625,0.5
8,"Search for Nvidia news, create a report, and email it to Tom",2,create,a report,create a report,0.546875,33,project_management_tools_export_sprint_to_sharepoint,0.458984375,83.92857142857143,0.001953125,0.35714285714285715,21,0.00390625,0.5
8,"Search for Nvidia news, create a report, and email it to Tom",2,create,a report,create a report,0.546875,34,railway_tools_service_create_from_image,0.45703125,83.57142857142857,0.001953125,0.35714285714285715,22,0.00390625,0.5
8,"Search for Nvidia news, create a report, and email it to Tom",2,create,a report,create a report,0.546875,35,carrot_mcp_server_api_list_employees,0.455078125,83.21428571428572,0.0,0.0,23,,
8,"Search for Nvidia news, create a report, and email it to Tom",2,create,a report,create a report,0.546875,36,railway_tools_service_info,0.455078125,83.21428571428572,0.001953125,0.35714285714285715,23,0.00390625,0.5
8,"Search for Nvidia news, create a report, and email it to Tom",2,create,a report,create a report,0.546875,37,railway_tools_project_list,0.453125,82.85714285714286,0.0,0.0,24,,
8,"Search for Nvidia news, create a report, and email it to Tom",2,create,a report,create a report,0.546875,38,supabase_mcp_get_all_supabase_projects,0.453125,82.85714285714286,0.001953125,0.35714285714285715,24,0.00390625,0.5
8,"Search for Nvidia news, create a report, and email it to Tom",2,create,a report,create a report,0.546875,39,carrot_mcp_server_api_update_employee,0.451171875,82.5,0.0,0.0,25,,
8,"Search for Nvidia news, create a report, and email it to Tom",2,create,a report,create a report,0.546875,40,carrot_mcp_server_api_get_employee,0.451171875,82.5,0.0,0.0,25,,
8,"Search for Nvidia news, create a report, and email it to Tom",2,create,a report,create a report,0.546875,41,office_word_mcp_server_api_get_document_text,0.451171875,82.5,0.0,0.0,25,,
8,"Search for Nvidia news, create a report, and email it to Tom",2,create,a report,create a report,0.546875,42,project_management_tools_create_team,0.451171875,82.5,0.0,0.0,25,,
8,"Search for Nvidia news, create a report, and email it to Tom",2,create,a report,create a report,0.546875,43,supabase_mcp_select_database_table_data,0.451171875,82.5,0.00390625,0.7142857142857143,25,0.00390625,1.0
8,"Search for Nvidia news, create a report, and email it to Tom",2,create,a report,create a report,0.546875,44,carrot_mcp_server_api_update_leave_application,0.447265625,81.78571428571428,0.0,0.0,26,,
8,"Search for Nvidia news, create a report, and email it to Tom",2,create,a report,create a report,0.546875,45,supabase_mcp_update_database_table_data,0.447265625,81.78571428571428,0.001953125,0.35714285714285715,26,0.00390625,0.5
8,"Search for Nvidia news, create a report, and email it to Tom",2,create,a report,create a report,0.546875,46,outlook_mail_management_compose_email,0.4453125,81.42857142857143,0.0,0.0,27,,
8,"Search for Nvidia news, create a report, and email it to Tom",2,create,a report,create a report,0.546875,47,office_word_mcp_server_api_find_text_in_document,0.4453125,81.42857142857143,0.00390625,0.7142857142857143,27,0.00390625,1.0
8,"Search for Nvidia news, create a report, and email it to Tom",2,create,a report,create a report,0.546875,48,office_word_mcp_server_api_merge_doucments,0.44140625,80.71428571428572,0.0,0.0,28,,
8,"Search for Nvidia news, create a report, and email it to Tom",2,create,a report,create a report,0.546875,49,supabase_mcp_get_table_schema,0.44140625,80.71428571428572,0.0,0.0,28,,
8,"Search for Nvidia news, create a report, and email it to Tom",2,create,a report,create a report,0.546875,50,quest_studio_file_storage_get_storage_usage,0.44140625,80.71428571428572,0.001953125,0.35714285714285715,28,0.00390625,0.5
8,"Search for Nvidia news, create a report, and email it to Tom",2,create,a report,create a report,0.546875,51,railway_tools_service_list,0.439453125,80.35714285714286,0.001953125,0.35714285714285715,29,0.00390625,0.5
8,"Search for Nvidia news, create a report, and email it to Tom",2,create,a report,create a report,0.546875,52,railway_tools_project_delete,0.4375,80.0,0.0,0.0,30,,
8,"Search for Nvidia news, create a report, and email it to Tom",2,create,a report,create a report,0.546875,53,gmail_tools_reply_google_email,0.4375,80.0,0.001953125,0.35714285714285715,30,0.00390625,0.5
8,"Search for Nvidia news, create a report, and email it to Tom",2,create,a report,create a report,0.546875,54,office_word_mcp_server_api_get_document_xml,0.435546875,79.64285714285714,0.001953125,0.35714285714285715,31,0.00390625,0.5
8,"Search for Nvidia news, create a report, and email it to Tom",2,create,a report,create a report,0.546875,55,office_word_mcp_server_api_list_files,0.43359375,79.28571428571428,0.0,0.0,32,,
8,"Search for Nvidia news, create a report, and email it to Tom",2,create,a report,create a report,0.546875,56,carrot_mcp_server_api_list_leave_application,0.43359375,79.28571428571428,0.001953125,0.35714285714285715,32,0.0029296875,0.6666666666666666
8,"Search for Nvidia news, create a report, and email it to Tom",2,create,a report,create a report,0.546875,57,office_word_mcp_server_api_get_paragraph_text_from_document,0.431640625,78.92857142857143,0.0,0.0,33,,
8,"Search for Nvidia news, create a report, and email it to Tom",2,create,a report,create a report,0.546875,58,github_mcp_server_create_or_update_file,0.431640625,78.92857142857143,0.0,0.0,33,,
8,"Search for Nvidia news, create a report, and email it to Tom",2,create,a report,create a report,0.546875,59,quest_studio_file_storage_get_file_content,0.431640625,78.92857142857143,0.001953125,0.35714285714285715,33,0.001953125,1.0
8,"Search for Nvidia news, create a report, and email it to Tom",2,create,a report,create a report,0.546875,60,supabase_mcp_get_database_tables,0.4296875,78.57142857142857,0.00390625,0.7142857142857143,34,0.001953125,2.0
8,"Search for Nvidia news, create a report, and email it to Tom",2,create,a report,create a report,0.546875,61,github_mcp_server_pull_request_read,0.42578125,77.85714285714286,0.001953125,0.35714285714285715,35,0.001953125,1.0
8,"Search for Nvidia news, create a report, and email it to Tom",2,create,a report,create a report,0.546875,62,project_management_tools_view_board,0.423828125,77.5,0.001953125,0.35714285714285715,36,0.001953125,1.0
8,"Search for Nvidia news, create a report, and email it to Tom",2,create,a report,create a report,0.546875,63,project_management_tools_get_user_capacity,0.421875,77.14285714285715,0.001953125,0.35714285714285715,37,0.001953125,1.0
8,"Search for Nvidia news, create a report, and email it to Tom",2,create,a report,create a report,0.546875,64,railway_tools_volume_create,0.419921875,76.78571428571429,0.001953125,0.35714285714285715,38,0.001953125,1.0
8,"Search for Nvidia news, create a report, and email it to Tom",2,create,a report,create a report,0.546875,65,railway_tools_service_update,0.41796875,76.42857142857142,0.0,0.0,39,,
8,"Search for Nvidia news, create a report, and email it to Tom",2,create,a report,create a report,0.546875,66,outlook_mail_management_reply_to_email,0.41796875,76.42857142857142,0.001953125,0.35714285714285715,39,0.001953125,1.0
8,"Search for Nvidia news, create a report, and email it to Tom",2,create,a report,create a report,0.546875,67,office_word_mcp_server_api_search_replace,0.416015625,76.07142857142857,0.0,0.0,40,,
8,"Search for Nvidia news, create a report, and email it to Tom",2,create,a report,create a report,0.546875,68,office_word_mcp_server_api_delete_document,0.416015625,76.07142857142857,0.001953125,0.35714285714285715,40,0.001953125,1.0
8,"Search for Nvidia news, create a report, and email it to Tom",2,create,a report,create a report,0.546875,69,github_mcp_server_search_repositories,0.4140625,75.71428571428571,0.001953125,0.35714285714285715,41,0.001953125,1.0
8,"Search for Nvidia news, create a report, and email it to Tom",2,create,a report,create a report,0.546875,70,github_mcp_server_merge_pull_request,0.412109375,75.35714285714286,0.001953125,0.35714285714285715,42,0.001953125,1.0
8,"Search for Nvidia news, create a report, and email it to Tom",2,create,a report,create a report,0.546875,71,office_word_mcp_server_api_delete_paragraph,0.41015625,75.0,0.001953125,0.35714285714285715,43,0.001953125,1.0
8,"Search for Nvidia news, create a report, and email it to Tom",2,create,a report,create a report,0.546875,72,project_management_tools_add_work_item_comment,0.408203125,74.64285714285714,0.0,0.0,44,,
8,"Search for Nvidia news, create a report, and email it to Tom",2,create,a report,create a report,0.546875,73,web_search_tools_web_search,0.408203125,74.64285714285714,0.0,0.0,44,,
8,"Search for Nvidia news, create a report, and email it to Tom",2,create,a report,create a report,0.546875,74,project_management_tools_list_sprints,0.408203125,74.64285714285714,0.001953125,0.35714285714285715,44,0.001953125,1.0
8,"Search for Nvidia news, create a report, and email it to Tom",2,create,a report,create a report,0.546875,75,railway_tools_volume_list,0.40625,74.28571428571429,0.0,0.0,45,,
8,"Search for Nvidia news, create a report, and email it to Tom",2,create,a report,create a report,0.546875,76,project_management_tools_update_user_capacity,0.40625,74.28571428571429,0.001953125,0.35714285714285715,45,0.001953125,1.0
8,"Search for Nvidia news, create a report, and email it to Tom",2,create,a report,create a report,0.546875,77,railway_tools_service_restart,0.404296875,73.92857142857143,0.0,0.0,46,,
8,"Search for Nvidia news, create a report, and email it to Tom",2,create,a report,create a report,0.546875,78,quest_studio_file_storage_get_files,0.404296875,73.92857142857143,0.001953125,0.35714285714285715,46,0.001953125,1.0
8,"Search for Nvidia news, create a report, and email it to Tom",2,create,a report,create a report,0.546875,79,github_mcp_server_get_commit,0.40234375,73.57142857142858,0.001953125,0.35714285714285715,47,0.001953125,1.0
8,"Search for Nvidia news, create a report, and email it to Tom",2,create,a report,create a report,0.546875,80,project_management_tools_get_work_item,0.400390625,73.21428571428571,0.0,0.0,48,,
8,"Search for Nvidia news, create a report, and email it to Tom",2,create,a report,create a report,0.546875,81,gmail_tools_forward_google_email,0.400390625,73.21428571428571,0.001953125,0.35714285714285715,48,0.001953125,1.0
8,"Search for Nvidia news, create a report, and email it to Tom",2,create,a report,create a report,0.546875,82,railway_tools_service_delete,0.3984375,72.85714285714285,0.00390625,0.7142857142857143,49,0.001953125,2.0
8,"Search for Nvidia news, create a report, and email it to Tom",2,create,a report,create a report,0.546875,83,project_management_tools_get_sprint,0.39453125,72.14285714285714,0.0,0.0,50,,
8,"Search for Nvidia news, create a report, and email it to Tom",2,create,a report,create a report,0.546875,84,github_mcp_server_update_pull_request,0.39453125,72.14285714285714,0.0,0.0,50,,
8,"Search for Nvidia news, create a report, and email it to Tom",2,create,a report,create a report,0.546875,85,project_management_tools_get_work_item_comments,0.39453125,72.14285714285714,0.00390625,0.7142857142857143,50,0.001953125,2.0
8,"Search for Nvidia news, create a report, and email it to Tom",2,create,a report,create a report,0.546875,86,outlook_mail_management_send_email,0.390625,71.42857142857143,0.00390625,0.7142857142857143,51,0.001953125,2.0
8,"Search for Nvidia news, create a report, and email it to Tom",2,create,a report,create a report,0.546875,87,gmail_tools_get_google_emails,0.38671875,70.71428571428572,0.001953125,0.35714285714285715,52,0.001953125,1.0
8,"Search for Nvidia news, create a report, and email it to Tom",2,create,a report,create a report,0.546875,88,project_management_tools_list_projects,0.384765625,70.35714285714286,0.001953125,0.35714285714285715,53,0.001953125,1.0
8,"Search for Nvidia news, create a report, and email it to Tom",2,create,a report,create a report,0.546875,89,github_mcp_server_list_commits,0.3828125,70.0,0.0,0.0,54,,
8,"Search for Nvidia news, create a report, and email it to Tom",2,create,a report,create a report,0.546875,90,github_mcp_server_list_branches,0.3828125,70.0,0.00390625,0.7142857142857143,54,0.001953125,2.0
8,"Search for Nvidia news, create a report, and email it to Tom",2,create,a report,create a report,0.546875,91,quest_studio_file_storage_get_file,0.37890625,69.28571428571428,0.0,0.0,55,,
8,"Search for Nvidia news, create a report, and email it to Tom",2,create,a report,create a report,0.546875,92,github_mcp_server_list_pull_requests,0.37890625,69.28571428571428,0.0,0.0,55,,
8,"Search for Nvidia news, create a report, and email it to Tom",2,create,a report,create a report,0.546875,93,github_mcp_server_get_me,0.37890625,69.28571428571428,0.001953125,0.35714285714285715,55,0.001953125,1.0
8,"Search for Nvidia news, create a report, and email it to Tom",2,create,a report,create a report,0.546875,94,quest_studio_file_storage_update_file,0.376953125,68.92857142857143,0.0,0.0,56,,
8,"Search for Nvidia news, create a report, and email it to Tom",2,create,a report,create a report,0.546875,95,project_management_tools_assign_work_item,0.376953125,68.92857142857143,0.001953125,0.35714285714285715,56,0.001953125,1.0
8,"Search for Nvidia news, create a report, and email it to Tom",2,create,a report,create a report,0.546875,96,project_management_tools_get_team,0.375,68.57142857142857,0.0,0.0,57,,
8,"Search for Nvidia news, create a report, and email it to Tom",2,create,a report,create a report,0.546875,97,project_management_tools_delete_work_item,0.375,68.57142857142857,0.001953125,0.35714285714285715,57,0.001953125,1.0
8,"Search for Nvidia news, create a report, and email it to Tom",2,create,a report,create a report,0.546875,98,github_mcp_server_get_file_contents,0.373046875,68.21428571428572,0.0,0.0,58,,
8,"Search for Nvidia news, create a report, and email it to Tom",2,create,a report,create a report,0.546875,99,github_mcp_server_push_files,0.373046875,68.21428571428572,0.0,0.0,58,,
8,"Search for Nvidia news, create a report, and email it to Tom",2,create,a report,create a report,0.546875,100,project_management_tools_update_task_status,0.373046875,68.21428571428572,0.001953125,0.35714285714285715,58,0.001953125,1.0
8,"Search for Nvidia news, create a report, and email it to Tom",2,create,a report,create a report,0.546875,101,project_management_tools_list_teams,0.37109375,67.85714285714286,0.0,0.0,59,,
8,"Search for Nvidia news, create a report, and email it to Tom",2,create,a report,create a report,0.546875,102,quest_studio_file_storage_query_files,0.37109375,67.85714285714286,0.001953125,0.35714285714285715,59,0.001953125,1.0
8,"Search for Nvidia news, create a report, and email it to Tom",2,create,a report,create a report,0.546875,103,project_management_tools_get_project,0.369140625,67.5,0.001953125,0.35714285714285715,60,0.001953125,1.0
8,"Search for Nvidia news, create a report, and email it to Tom",2,create,a report,create a report,0.546875,104,railway_tools_volume_update,0.3671875,67.14285714285714,0.001953125,0.35714285714285715,61,0.001953125,1.0
8,"Search for Nvidia news, create a report, and email it to Tom",2,create,a report,create a report,0.546875,105,outlook_mail_management_search_outlook_mail,0.365234375,66.78571428571428,0.0,0.0,62,,
8,"Search for Nvidia news, create a report, and email it to Tom",2,create,a report,create a report,0.546875,106,project_management_tools_update_work_item,0.365234375,66.78571428571428,0.0,0.0,62,,
8,"Search for Nvidia news, create a report, and email it to Tom",2,create,a report,create a report,0.546875,107,sharepoint_tools_get_sharepoint_documents,0.365234375,66.78571428571428,0.00390625,0.7142857142857143,62,0.001953125,2.0
8,"Search for Nvidia news, create a report, and email it to Tom",2,create,a report,create a report,0.546875,108,quest_studio_file_storage_delete_file,0.361328125,66.07142857142857,0.001953125,0.35714285714285715,63,0.001953125,1.0
8,"Search for Nvidia news, create a report, and email it to Tom",2,create,a report,create a report,0.546875,109,gmail_tools_delete_google_email,0.359375,65.71428571428571,0.0,0.0,64,,
8,"Search for Nvidia news, create a report, and email it to Tom",2,create,a report,create a report,0.546875,110,railway_tools_volume_delete,0.359375,65.71428571428571,0.001953125,0.35714285714285715,64,0.001953125,1.0
8,"Search for Nvidia news, create a report, and email it to Tom",2,create,a report,create a report,0.546875,111,project_management_tools_list_users,0.357421875,65.35714285714286,0.00390625,0.7142857142857143,65,0.001953125,2.0
8,"Search for Nvidia news, create a report, and email it to Tom",2,create,a report,create a report,0.546875,112,project_management_tools_list_team_members,0.353515625,64.64285714285715,0.001953125,0.35714285714285715,66,0.001953125,1.0
8,"Search for Nvidia news, create a report, and email it to Tom",2,create,a report,create a report,0.546875,113,sharepoint_tools_get_sharepoint_sites,0.3515625,64.28571428571429,0.00390625,0.7142857142857143,67,0.001953125,2.0
8,"Search for Nvidia news, create a report, and email it to Tom",2,create,a report,create a report,0.546875,114,project_management_tools_delete_sprint,0.34765625,63.57142857142857,0.001953125,0.35714285714285715,68,0.001953125,1.0
8,"Search for Nvidia news, create a report, and email it to Tom",2,create,a report,create a report,0.546875,115,outlook_mail_management_find_email_address,0.345703125,63.21428571428571,0.001953125,0.35714285714285715,69,0.001953125,1.0
8,"Search for Nvidia news, create a report, and email it to Tom",2,create,a report,create a report,0.546875,116,outlook_mail_management_forward_email,0.34375,62.857142857142854,0.001953125,0.35714285714285715,70,0.001953125,1.0
8,"Search for Nvidia news, create a report, and email it to Tom",2,create,a report,create a report,0.546875,117,project_management_tools_update_project,0.341796875,62.5,0.009765625,1.7857142857142856,71,0.001953125,5.0
8,"Search for Nvidia news, create a report, and email it to Tom",2,create,a report,create a report,0.546875,118,github_mcp_server_delete_file,0.33203125,60.71428571428571,0.00390625,0.7142857142857143,72,0.001953125,2.0
8,"Search for Nvidia news, create a report, and email it to Tom",2,create,a report,create a report,0.546875,119,project_management_tools_delete_team,0.328125,60.0,0.00390625,0.7142857142857143,73,0.001953125,2.0
8,"Search for Nvidia news, create a report, and email it to Tom",2,create,a report,create a report,0.546875,120,outlook_mail_management_get_email_messages,0.32421875,59.285714285714285,0.00390625,0.7142857142857143,74,0.001953125,2.0
8,"Search for Nvidia news, create a report, and email it to Tom",2,create,a report,create a report,0.546875,121,project_management_tools_delete_project,0.3203125,58.57142857142858,0.064453125,11.785714285714285,75,0.001953125,33.0
8,"Search for Nvidia news, create a report, and email it to Tom",2,create,a report,create a report,0.546875,122,outlook_mail_management_delete_email_message,0.255859375,46.785714285714285,,,76,,
8,"Search for Nvidia news, create a report, and email it to Tom",3,email,it,email it to Tom,0.7109375,1,outlook_mail_management_compose_email,0.7109375,100.0,0.0078125,1.098901098901099,0,,
8,"Search for Nvidia news, create a report, and email it to Tom",3,email,it,email it to Tom,0.7109375,2,gmail_tools_send_google_email,0.703125,98.9010989010989,0.015625,2.197802197802198,1,,
8,"Search for Nvidia news, create a report, and email it to Tom",3,email,it,email it to Tom,0.7109375,3,outlook_mail_management_send_email,0.6875,96.7032967032967,0.0078125,1.098901098901099,2,,
8,"Search for Nvidia news, create a report, and email it to Tom",3,email,it,email it to Tom,0.7109375,4,outlook_mail_management_reply_to_email,0.6796875,95.6043956043956,0.015625,2.197802197802198,3,0.0078125,2.0
8,"Search for Nvidia news, create a report, and email it to Tom",3,email,it,email it to Tom,0.7109375,5,gmail_tools_reply_google_email,0.6640625,93.4065934065934,0.01171875,1.6483516483516485,4,0.01171875,1.0
8,"Search for Nvidia news, create a report, and email it to Tom",3,email,it,email it to Tom,0.7109375,6,gmail_tools_forward_google_email,0.65234375,91.75824175824175,0.01171875,1.6483516483516485,5,0.01171875,1.0
8,"Search for Nvidia news, create a report, and email it to Tom",3,email,it,email it to Tom,0.7109375,7,gmail_tools_get_google_emails,0.640625,90.10989010989012,0.015625,2.197802197802198,6,0.01171875,1.3333333333333333
8,"Search for Nvidia news, create a report, and email it to Tom",3,email,it,email it to Tom,0.7109375,8,outlook_mail_management_forward_email,0.625,87.91208791208791,0.0078125,1.098901098901099,7,0.01171875,0.6666666666666666
8,"Search for Nvidia news, create a report, and email it to Tom",3,email,it,email it to Tom,0.7109375,9,gmail_tools_delete_google_email,0.6171875,86.81318681318682,0.01171875,1.6483516483516485,8,0.01171875,1.0
8,"Search for Nvidia news, create a report, and email it to Tom",3,email,it,email it to Tom,0.7109375,10,outlook_mail_management_find_email_address,0.60546875,85.16483516483517,0.0,0.0,9,,
8,"Search for Nvidia news, create a report, and email it to Tom",3,email,it,email it to Tom,0.7109375,11,outlook_mail_management_search_outlook_mail,0.60546875,85.16483516483517,0.0546875,7.6923076923076925,9,0.01171875,4.666666666666667
8,"Search for Nvidia news, create a report, and email it to Tom",3,email,it,email it to Tom,0.7109375,12,outlook_mail_management_get_email_messages,0.55078125,77.47252747252747,0.00390625,0.5494505494505495,10,0.01171875,0.3333333333333333
8,"Search for Nvidia news, create a report, and email it to Tom",3,email,it,email it to Tom,0.7109375,13,office_word_mcp_server_api_convert_to_pdf,0.546875,76.92307692307693,0.00390625,0.5494505494505495,11,0.01171875,0.3333333333333333
8,"Search for Nvidia news, create a report, and email it to Tom",3,email,it,email it to Tom,0.7109375,14,office_word_mcp_server_api_add_picture,0.54296875,76.37362637362637,0.01171875,1.6483516483516485,12,0.01171875,1.0
8,"Search for Nvidia news, create a report, and email it to Tom",3,email,it,email it to Tom,0.7109375,15,office_word_mcp_server_api_add_table,0.53125,74.72527472527473,0.0,0.0,13,,
8,"Search for Nvidia news, create a report, and email it to Tom",3,email,it,email it to Tom,0.7109375,16,sharepoint_tools_create_txt_file_in_sharepoint,0.53125,74.72527472527473,0.0,0.0,13,,
8,"Search for Nvidia news, create a report, and email it to Tom",3,email,it,email it to Tom,0.7109375,17,office_word_mcp_server_api_create_word_document,0.53125,74.72527472527473,0.015625,2.197802197802198,13,0.01171875,1.3333333333333333
8,"Search for Nvidia news, create a report, and email it to Tom",3,email,it,email it to Tom,0.7109375,18,office_word_mcp_server_api_add_paragraph,0.515625,72.52747252747253,0.0,0.0,14,,
8,"Search for Nvidia news, create a report, and email it to Tom",3,email,it,email it to Tom,0.7109375,19,office_word_mcp_server_api_add_heading,0.515625,72.52747252747253,0.00390625,0.5494505494505495,14,0.01171875,0.3333333333333333
8,"Search for Nvidia news, create a report, and email it to Tom",3,email,it,email it to Tom,0.7109375,20,carrot_mcp_server_api_create_employee,0.51171875,71.97802197802197,0.0,0.0,15,,
8,"Search for Nvidia news, create a report, and email it to Tom",3,email,it,email it to Tom,0.7109375,21,project_management_tools_export_sprint_to_sharepoint,0.51171875,71.97802197802197,0.00390625,0.5494505494505495,15,0.01171875,0.3333333333333333
8,"Search for Nvidia news, create a report, and email it to Tom",3,email,it,email it to Tom,0.7109375,22,office_word_mcp_server_api_copy_document,0.5078125,71.42857142857143,0.00390625,0.5494505494505495,16,0.01171875,0.3333333333333333
8,"Search for Nvidia news, create a report, and email it to Tom",3,email,it,email it to Tom,0.7109375,23,outlook_mail_management_delete_email_message,0.50390625,70.87912087912088,0.005859375,0.8241758241758242,17,0.01171875,0.5
8,"Search for Nvidia news, create a report, and email it to Tom",3,email,it,email it to Tom,0.7109375,24,carrot_mcp_server_api_update_employee,0.498046875,70.05494505494505,0.0,0.0,18,,
8,"Search for Nvidia news, create a report, and email it to Tom",3,email,it,email it to Tom,0.7109375,25,office_word_mcp_server_api_get_document_outline,0.498046875,70.05494505494505,0.001953125,0.27472527472527475,18,0.009765625,0.2
8,"Search for Nvidia news, create a report, and email it to Tom",3,email,it,email it to Tom,0.7109375,26,office_word_mcp_server_api_get_document_text,0.49609375,69.78021978021978,0.0,0.0,19,,
8,"Search for Nvidia news, create a report, and email it to Tom",3,email,it,email it to Tom,0.7109375,27,office_word_mcp_server_api_find_text_in_document,0.49609375,69.78021978021978,0.0,0.0,19,,
8,"Search for Nvidia news, create a report, and email it to Tom",3,email,it,email it to Tom,0.7109375,28,office_word_mcp_server_api_add_page_break,0.49609375,69.78021978021978,0.00390625,0.5494505494505495,19,0.0078125,0.5
8,"Search for Nvidia news, create a report, and email it to Tom",3,email,it,email it to Tom,0.7109375,29,office_word_mcp_server_api_get_document_xml,0.4921875,69.23076923076923,0.001953125,0.27472527472527475,20,0.0078125,0.25
8,"Search for Nvidia news, create a report, and email it to Tom",3,email,it,email it to Tom,0.7109375,30,carrot_mcp_server_api_submit_leave_application,0.490234375,68.95604395604396,0.001953125,0.27472527472527475,21,0.0078125,0.25
8,"Search for Nvidia news, create a report, and email it to Tom",3,email,it,email it to Tom,0.7109375,31,carrot_mcp_server_api_create_leave_application,0.48828125,68.68131868131869,0.0,0.0,22,,
8,"Search for Nvidia news, create a report, and email it to Tom",3,email,it,email it to Tom,0.7109375,32,office_word_mcp_server_api_get_document_info,0.48828125,68.68131868131869,0.001953125,0.27472527472527475,22,0.0078125,0.25
8,"Search for Nvidia news, create a report, and email it to Tom",3,email,it,email it to Tom,0.7109375,33,office_word_mcp_server_api_delete_document,0.486328125,68.4065934065934,0.001953125,0.27472527472527475,23,0.0078125,0.25
8,"Search for Nvidia news, create a report, and email it to Tom",3,email,it,email it to Tom,0.7109375,34,office_word_mcp_server_api_search_replace,0.484375,68.13186813186813,0.001953125,0.27472527472527475,24,0.0068359375,0.2857142857142857
8,"Search for Nvidia news, create a report, and email it to Tom",3,email,it,email it to Tom,0.7109375,35,railway_tools_project_info,0.482421875,67.85714285714286,0.00390625,0.5494505494505495,25,0.005859375,0.6666666666666666
8,"Search for Nvidia news, create a report, and email it to Tom",3,email,it,email it to Tom,0.7109375,36,railway_tools_project_environments,0.478515625,67.3076923076923,0.001953125,0.27472527472527475,26,0.0048828125,0.4
8,"Search for Nvidia news, create a report, and email it to Tom",3,email,it,email it to Tom,0.7109375,37,office_word_mcp_server_api_get_paragraph_text_from_document,0.4765625,67.03296703296702,0.001953125,0.27472527472527475,27,0.00390625,0.5
8,"Search for Nvidia news, create a report, and email it to Tom",3,email,it,email it to Tom,0.7109375,38,office_word_mcp_server_api_merge_doucments,0.474609375,66.75824175824175,0.001953125,0.27472527472527475,28,0.00390625,0.5
8,"Search for Nvidia news, create a report, and email it to Tom",3,email,it,email it to Tom,0.7109375,39,carrot_mcp_server_api_get_employee,0.47265625,66.48351648351648,0.00390625,0.5494505494505495,29,0.00390625,1.0
8,"Search for Nvidia news, create a report, and email it to Tom",3,email,it,email it to Tom,0.7109375,40,office_word_mcp_server_api_delete_paragraph,0.46875,65.93406593406593,0.001953125,0.27472527472527475,30,0.00390625,0.5
8,"Search for Nvidia news, create a report, and email it to Tom",3,email,it,email it to Tom,0.7109375,41,carrot_mcp_server_api_hr_dashboard_summary,0.466796875,65.65934065934066,0.001953125,0.27472527472527475,31,0.00390625,0.5
8,"Search for Nvidia news, create a report, and email it to Tom",3,email,it,email it to Tom,0.7109375,42,carrot_mcp_server_api_list_employees,0.46484375,65.38461538461539,0.00390625,0.5494505494505495,32,0.00390625,1.0
8,"Search for Nvidia news, create a report, and email it to Tom",3,email,it,email it to Tom,0.7109375,43,github_mcp_server_create_or_update_file,0.4609375,64.83516483516483,0.0,0.0,33,,
8,"Search for Nvidia news, create a report, and email it to Tom",3,email,it,email it to Tom,0.7109375,44,carrot_mcp_server_api_update_leave_application,0.4609375,64.83516483516483,0.0,0.0,33,,
8,"Search for Nvidia news, create a report, and email it to Tom",3,email,it,email it to Tom,0.7109375,45,railway_tools_project_list,0.4609375,64.83516483516483,0.001953125,0.27472527472527475,33,0.00390625,0.5
8,"Search for Nvidia news, create a report, and email it to Tom",3,email,it,email it to Tom,0.7109375,46,office_word_mcp_server_api_list_files,0.458984375,64.56043956043956,0.001953125,0.27472527472527475,34,0.00390625,0.5
8,"Search for Nvidia news, create a report, and email it to Tom",3,email,it,email it to Tom,0.7109375,47,railway_tools_service_list,0.45703125,64.28571428571429,0.0,0.0,35,,
8,"Search for Nvidia news, create a report, and email it to Tom",3,email,it,email it to Tom,0.7109375,48,project_management_tools_list_work_items,0.45703125,64.28571428571429,0.005859375,0.8241758241758242,35,0.00390625,1.5
8,"Search for Nvidia news, create a report, and email it to Tom",3,email,it,email it to Tom,0.7109375,49,github_mcp_server_pull_request_read,0.451171875,63.46153846153846,0.001953125,0.27472527472527475,36,0.00390625,0.5
8,"Search for Nvidia news, create a report, and email it to Tom",3,email,it,email it to Tom,0.7109375,50,railway_tools_project_delete,0.44921875,63.18681318681318,0.001953125,0.27472527472527475,37,0.00390625,0.5
8,"Search for Nvidia news, create a report, and email it to Tom",3,email,it,email it to Tom,0.7109375,51,railway_tools_project_create,0.447265625,62.91208791208791,0.001953125,0.27472527472527475,38,0.00390625,0.5
8,"Search for Nvidia news, create a report, and email it to Tom",3,email,it,email it to Tom,0.7109375,52,railway_tools_service_create_from_repo,0.4453125,62.637362637362635,0.0,0.0,39,,
8,"Search for Nvidia news, create a report, and email it to Tom",3,email,it,email it to Tom,0.7109375,53,quest_studio_file_storage_get_storage_usage,0.4453125,62.637362637362635,0.001953125,0.27472527472527475,39,0.00390625,0.5
8,"Search for Nvidia news, create a report, and email it to Tom",3,email,it,email it to Tom,0.7109375,54,quest_studio_file_storage_delete_file,0.443359375,62.362637362637365,0.0,0.0,40,,
8,"Search for Nvidia news, create a report, and email it to Tom",3,email,it,email it to Tom,0.7109375,55,project_management_tools_create_work_item,0.443359375,62.362637362637365,0.001953125,0.27472527472527475,40,0.00390625,0.5
8,"Search for Nvidia news, create a report, and email it to Tom",3,email,it,email it to Tom,0.7109375,56,railway_tools_service_info,0.44140625,62.08791208791209,0.0,0.0,41,,
8,"Search for Nvidia news, create a report, and email it to Tom",3,email,it,email it to Tom,0.7109375,57,carrot_mcp_server_api_log_hours_entry,0.44140625,62.08791208791209,0.0,0.0,41,,
8,"Search for Nvidia news, create a report, and email it to Tom",3,email,it,email it to Tom,0.7109375,58,project_management_tools_create_team,0.44140625,62.08791208791209,0.00390625,0.5494505494505495,41,0.00390625,1.0
8,"Search for Nvidia news, create a report, and email it to Tom",3,email,it,email it to Tom,0.7109375,59,project_management_tools_assign_work_item,0.4375,61.53846153846154,0.001953125,0.27472527472527475,42,0.00390625,0.5
8,"Search for Nvidia news, create a report, and email it to Tom",3,email,it,email it to Tom,0.7109375,60,railway_tools_database_list_types,0.435546875,61.26373626373627,0.001953125,0.27472527472527475,43,0.00390625,0.5
8,"Search for Nvidia news, create a report, and email it to Tom",3,email,it,email it to Tom,0.7109375,61,project_management_tools_list_sprints,0.43359375,60.98901098901099,0.001953125,0.27472527472527475,44,0.00390625,0.5
8,"Search for Nvidia news, create a report, and email it to Tom",3,email,it,email it to Tom,0.7109375,62,carrot_mcp_server_api_list_leave_application,0.431640625,60.71428571428571,0.0,0.0,45,,
8,"Search for Nvidia news, create a report, and email it to Tom",3,email,it,email it to Tom,0.7109375,63,github_mcp_server_get_commit,0.431640625,60.71428571428571,0.0,0.0,45,,
8,"Search for Nvidia news, create a report, and email it to Tom",3,email,it,email it to Tom,0.7109375,64,project_management_tools_view_board,0.431640625,60.71428571428571,0.0,0.0,45,,
8,"Search for Nvidia news, create a report, and email it to Tom",3,email,it,email it to Tom,0.7109375,65,sharepoint_tools_get_sharepoint_documents,0.431640625,60.71428571428571,0.0,0.0,45,,
8,"Search for Nvidia news, create a report, and email it to Tom",3,email,it,email it to Tom,0.7109375,66,quest_studio_file_storage_get_file_content,0.431640625,60.71428571428571,0.001953125,0.27472527472527475,45,0.00390625,0.5
8,"Search for Nvidia news, create a report, and email it to Tom",3,email,it,email it to Tom,0.7109375,67,carrot_mcp_server_api_work_hours_summary,0.4296875,60.43956043956044,0.0,0.0,46,,
8,"Search for Nvidia news, create a report, and email it to Tom",3,email,it,email it to Tom,0.7109375,68,project_management_tools_get_team,0.4296875,60.43956043956044,0.001953125,0.27472527472527475,46,0.00390625,0.5
8,"Search for Nvidia news, create a report, and email it to Tom",3,email,it,email it to Tom,0.7109375,69,railway_tools_service_restart,0.427734375,60.16483516483516,0.0,0.0,47,,
8,"Search for Nvidia news, create a report, and email it to Tom",3,email,it,email it to Tom,0.7109375,70,github_mcp_server_create_repository,0.427734375,60.16483516483516,0.001953125,0.27472527472527475,47,0.00390625,0.5
8,"Search for Nvidia news, create a report, and email it to Tom",3,email,it,email it to Tom,0.7109375,71,project_management_tools_create_sprint,0.42578125,59.89010989010989,0.0,0.0,48,,
8,"Search for Nvidia news, create a report, and email it to Tom",3,email,it,email it to Tom,0.7109375,72,github_mcp_server_search_repositories,0.42578125,59.89010989010989,0.0,0.0,48,,
8,"Search for Nvidia news, create a report, and email it to Tom",3,email,it,email it to Tom,0.7109375,73,quest_studio_file_storage_get_file,0.42578125,59.89010989010989,0.0,0.0,48,,
8,"Search for Nvidia news, create a report, and email it to Tom",3,email,it,email it to Tom,0.7109375,74,supabase_mcp_insert_table_data,0.42578125,59.89010989010989,0.0,0.0,48,,
8,"Search for Nvidia news, create a report, and email it to Tom",3,email,it,email it to Tom,0.7109375,75,supabase_mcp_update_database_table_data,0.42578125,59.89010989010989,0.0,0.0,48,,
8,"Search for Nvidia news, create a report, and email it to Tom",3,email,it,email it to Tom,0.7109375,76,project_management_tools_list_team_members,0.42578125,59.89010989010989,0.001953125,0.27472527472527475,48,0.0029296875,0.6666666666666666
8,"Search for Nvidia news, create a report, and email it to Tom",3,email,it,email it to Tom,0.7109375,77,project_management_tools_add_work_item_comment,0.423828125,59.61538461538461,0.001953125,0.27472527472527475,49,0.001953125,1.0
8,"Search for Nvidia news, create a report, and email it to Tom",3,email,it,email it to Tom,0.7109375,78,project_management_tools_delete_team,0.421875,59.34065934065934,0.0,0.0,50,,
8,"Search for Nvidia news, create a report, and email it to Tom",3,email,it,email it to Tom,0.7109375,79,github_mcp_server_create_pull_request,0.421875,59.34065934065934,0.001953125,0.27472527472527475,50,0.001953125,1.0
8,"Search for Nvidia news, create a report, and email it to Tom",3,email,it,email it to Tom,0.7109375,80,project_management_tools_list_teams,0.419921875,59.065934065934066,0.0,0.0,51,,
8,"Search for Nvidia news, create a report, and email it to Tom",3,email,it,email it to Tom,0.7109375,81,github_mcp_server_get_me,0.419921875,59.065934065934066,0.0,0.0,51,,
8,"Search for Nvidia news, create a report, and email it to Tom",3,email,it,email it to Tom,0.7109375,82,github_mcp_server_list_commits,0.419921875,59.065934065934066,0.001953125,0.27472527472527475,51,0.001953125,1.0
8,"Search for Nvidia news, create a report, and email it to Tom",3,email,it,email it to Tom,0.7109375,83,github_mcp_server_list_pull_requests,0.41796875,58.791208791208796,0.0,0.0,52,,
8,"Search for Nvidia news, create a report, and email it to Tom",3,email,it,email it to Tom,0.7109375,84,quest_studio_file_storage_update_file,0.41796875,58.791208791208796,0.001953125,0.27472527472527475,52,0.001953125,1.0
8,"Search for Nvidia news, create a report, and email it to Tom",3,email,it,email it to Tom,0.7109375,85,project_management_tools_update_task_status,0.416015625,58.51648351648352,0.001953125,0.27472527472527475,53,0.001953125,1.0
8,"Search for Nvidia news, create a report, and email it to Tom",3,email,it,email it to Tom,0.7109375,86,project_management_tools_get_work_item_comments,0.4140625,58.24175824175825,0.0,0.0,54,,
8,"Search for Nvidia news, create a report, and email it to Tom",3,email,it,email it to Tom,0.7109375,87,project_management_tools_get_sprint,0.4140625,58.24175824175825,0.001953125,0.27472527472527475,54,0.001953125,1.0
8,"Search for Nvidia news, create a report, and email it to Tom",3,email,it,email it to Tom,0.7109375,88,railway_tools_service_update,0.412109375,57.96703296703297,0.0,0.0,55,,
8,"Search for Nvidia news, create a report, and email it to Tom",3,email,it,email it to Tom,0.7109375,89,railway_tools_service_delete,0.412109375,57.96703296703297,0.0,0.0,55,,
8,"Search for Nvidia news, create a report, and email it to Tom",3,email,it,email it to Tom,0.7109375,90,github_mcp_server_merge_pull_request,0.412109375,57.96703296703297,0.0,0.0,55,,
8,"Search for Nvidia news, create a report, and email it to Tom",3,email,it,email it to Tom,0.7109375,91,railway_tools_service_create_from_image,0.412109375,57.96703296703297,0.0,0.0,55,,
8,"Search for Nvidia news, create a report, and email it to Tom",3,email,it,email it to Tom,0.7109375,92,project_management_tools_update_work_item,0.412109375,57.96703296703297,0.001953125,0.27472527472527475,55,0.001953125,1.0
8,"Search for Nvidia news, create a report, and email it to Tom",3,email,it,email it to Tom,0.7109375,93,supabase_mcp_check_database_health,0.41015625,57.692307692307686,0.0,0.0,56,,
8,"Search for Nvidia news, create a report, and email it to Tom",3,email,it,email it to Tom,0.7109375,94,supabase_mcp_get_table_schema,0.41015625,57.692307692307686,0.001953125,0.27472527472527475,56,0.001953125,1.0
8,"Search for Nvidia news, create a report, and email it to Tom",3,email,it,email it to Tom,0.7109375,95,project_management_tools_get_user_capacity,0.408203125,57.417582417582416,0.0,0.0,57,,
8,"Search for Nvidia news, create a report, and email it to Tom",3,email,it,email it to Tom,0.7109375,96,quest_studio_file_storage_get_files,0.408203125,57.417582417582416,0.00390625,0.5494505494505495,57,0.001953125,2.0
8,"Search for Nvidia news, create a report, and email it to Tom",3,email,it,email it to Tom,0.7109375,97,github_mcp_server_get_file_contents,0.404296875,56.86813186813187,0.001953125,0.27472527472527475,58,0.001953125,1.0
8,"Search for Nvidia news, create a report, and email it to Tom",3,email,it,email it to Tom,0.7109375,98,project_management_tools_delete_work_item,0.40234375,56.59340659340659,0.001953125,0.27472527472527475,59,0.001953125,1.0
8,"Search for Nvidia news, create a report, and email it to Tom",3,email,it,email it to Tom,0.7109375,99,project_management_tools_update_user_capacity,0.400390625,56.31868131868132,0.0,0.0,60,,
8,"Search for Nvidia news, create a report, and email it to Tom",3,email,it,email it to Tom,0.7109375,100,project_management_tools_delete_sprint,0.400390625,56.31868131868132,0.001953125,0.27472527472527475,60,0.001953125,1.0
8,"Search for Nvidia news, create a report, and email it to Tom",3,email,it,email it to Tom,0.7109375,101,sharepoint_tools_get_sharepoint_sites,0.3984375,56.043956043956044,0.0,0.0,61,,
8,"Search for Nvidia news, create a report, and email it to Tom",3,email,it,email it to Tom,0.7109375,102,project_management_tools_get_work_item,0.3984375,56.043956043956044,0.001953125,0.27472527472527475,61,0.001953125,1.0
8,"Search for Nvidia news, create a report, and email it to Tom",3,email,it,email it to Tom,0.7109375,103,github_mcp_server_update_pull_request,0.396484375,55.769230769230774,0.0,0.0,62,,
8,"Search for Nvidia news, create a report, and email it to Tom",3,email,it,email it to Tom,0.7109375,104,supabase_mcp_get_database_tables,0.396484375,55.769230769230774,0.001953125,0.27472527472527475,62,0.001953125,1.0
8,"Search for Nvidia news, create a report, and email it to Tom",3,email,it,email it to Tom,0.7109375,105,github_mcp_server_create_branch,0.39453125,55.494505494505496,0.0,0.0,63,,
8,"Search for Nvidia news, create a report, and email it to Tom",3,email,it,email it to Tom,0.7109375,106,github_mcp_server_push_files,0.39453125,55.494505494505496,0.001953125,0.27472527472527475,63,0.001953125,1.0
8,"Search for Nvidia news, create a report, and email it to Tom",3,email,it,email it to Tom,0.7109375,107,github_mcp_server_list_branches,0.392578125,55.219780219780226,0.001953125,0.27472527472527475,64,0.001953125,1.0
8,"Search for Nvidia news, create a report, and email it to Tom",3,email,it,email it to Tom,0.7109375,108,railway_tools_volume_delete,0.390625,54.94505494505495,0.001953125,0.27472527472527475,65,0.001953125,1.0
8,"Search for Nvidia news, create a report, and email it to Tom",3,email,it,email it to Tom,0.7109375,109,supabase_mcp_select_database_table_data,0.388671875,54.670329670329664,0.00390625,0.5494505494505495,66,0.001953125,2.0
8,"Search for Nvidia news, create a report, and email it to Tom",3,email,it,email it to Tom,0.7109375,110,supabase_mcp_get_all_supabase_projects,0.384765625,54.12087912087912,0.001953125,0.27472527472527475,67,0.001953125,1.0
8,"Search for Nvidia news, create a report, and email it to Tom",3,email,it,email it to Tom,0.7109375,111,project_management_tools_create_project,0.3828125,53.84615384615385,0.001953125,0.27472527472527475,68,0.001953125,1.0
8,"Search for Nvidia news, create a report, and email it to Tom",3,email,it,email it to Tom,0.7109375,112,github_mcp_server_delete_file,0.380859375,53.57142857142857,0.00390625,0.5494505494505495,69,0.001953125,2.0
8,"Search for Nvidia news, create a report, and email it to Tom",3,email,it,email it to Tom,0.7109375,113,railway_tools_volume_update,0.376953125,53.02197802197802,0.001953125,0.27472527472527475,70,0.001953125,1.0
8,"Search for Nvidia news, create a report, and email it to Tom",3,email,it,email it to Tom,0.7109375,114,web_search_tools_web_search,0.375,52.74725274725275,0.00390625,0.5494505494505495,71,0.001953125,2.0
8,"Search for Nvidia news, create a report, and email it to Tom",3,email,it,email it to Tom,0.7109375,115,railway_tools_volume_list,0.37109375,52.197802197802204,0.00390625,0.5494505494505495,72,0.001953125,2.0
8,"Search for Nvidia news, create a report, and email it to Tom",3,email,it,email it to Tom,0.7109375,116,project_management_tools_list_users,0.3671875,51.64835164835166,0.013671875,1.9230769230769231,73,0.001953125,7.0
8,"Search for Nvidia news, create a report, and email it to Tom",3,email,it,email it to Tom,0.7109375,117,railway_tools_volume_create,0.353515625,49.72527472527473,0.00390625,0.5494505494505495,74,0.001953125,2.0
8,"Search for Nvidia news, create a report, and email it to Tom",3,email,it,email it to Tom,0.7109375,118,project_management_tools_list_projects,0.349609375,49.175824175824175,0.00390625,0.5494505494505495,75,0.001953125,2.0
8,"Search for Nvidia news, create a report, and email it to Tom",3,email,it,email it to Tom,0.7109375,119,project_management_tools_get_project,0.345703125,48.62637362637363,0.005859375,0.8241758241758242,76,0.001953125,3.0
8,"Search for Nvidia news, create a report, and email it to Tom",3,email,it,email it to Tom,0.7109375,120,quest_studio_file_storage_query_files,0.33984375,47.8021978021978,0.005859375,0.8241758241758242,77,0.001953125,3.0
8,"Search for Nvidia news, create a report, and email it to Tom",3,email,it,email it to Tom,0.7109375,121,project_management_tools_update_project,0.333984375,46.97802197802198,0.00390625,0.5494505494505495,78,0.001953125,2.0
8,"Search for Nvidia news, create a report, and email it to Tom",3,email,it,email it to Tom,0.7109375,122,project_management_tools_delete_project,0.330078125,46.42857142857143,,,79,,
9,Schedule a meeting with Tom,1,schedule,a meeting with Tom,Schedule a meeting with Tom,0.55859375,1,project_management_tools_create_sprint,0.55859375,100.0,0.015625,2.797202797202797,0,,
9,Schedule a meeting with Tom,1,schedule,a meeting with Tom,Schedule a meeting with Tom,0.55859375,2,project_management_tools_create_team,0.54296875,97.2027972027972,0.0,0.0,1,,
9,Schedule a meeting with Tom,1,schedule,a meeting with Tom,Schedule a meeting with Tom,0.55859375,3,carrot_mcp_server_api_create_employee,0.54296875,97.2027972027972,0.00390625,0.6993006993006993,1,,
9,Schedule a meeting with Tom,1,schedule,a meeting with Tom,Schedule a meeting with Tom,0.55859375,4,carrot_mcp_server_api_log_hours_entry,0.5390625,96.5034965034965,0.01953125,3.4965034965034967,2,,
9,Schedule a meeting with Tom,1,schedule,a meeting with Tom,Schedule a meeting with Tom,0.55859375,5,project_management_tools_list_sprints,0.51953125,93.00699300699301,0.0078125,1.3986013986013985,3,0.015625,0.5
9,Schedule a meeting with Tom,1,schedule,a meeting with Tom,Schedule a meeting with Tom,0.55859375,6,office_word_mcp_server_api_add_table,0.51171875,91.6083916083916,0.0,0.0,4,,
9,Schedule a meeting with Tom,1,schedule,a meeting with Tom,Schedule a meeting with Tom,0.55859375,7,carrot_mcp_server_api_create_leave_application,0.51171875,91.6083916083916,0.0,0.0,4,,
9,Schedule a meeting with Tom,1,schedule,a meeting with Tom,Schedule a meeting with Tom,0.55859375,8,carrot_mcp_server_api_hr_dashboard_summary,0.51171875,91.6083916083916,0.00390625,0.6993006993006993,4,0.01171875,0.3333333333333333
9,Schedule a meeting with Tom,1,schedule,a meeting with Tom,Schedule a meeting with Tom,0.55859375,9,office_word_mcp_server_api_create_word_document,0.5078125,90.9090909090909,0.0,0.0,5,,
9,Schedule a meeting with Tom,1,schedule,a meeting with Tom,Schedule a meeting with Tom,0.55859375,10,project_management_tools_update_user_capacity,0.5078125,90.9090909090909,0.0,0.0,5,,
9,Schedule a meeting with Tom,1,schedule,a meeting with Tom,Schedule a meeting with Tom,0.55859375,11,office_word_mcp_server_api_add_heading,0.5078125,90.9090909090909,0.00390625,0.6993006993006993,5,0.0078125,0.5
9,Schedule a meeting with Tom,1,schedule,a meeting with Tom,Schedule a meeting with Tom,0.55859375,12,railway_tools_project_create,0.50390625,90.20979020979021,0.0,0.0,6,,
9,Schedule a meeting with Tom,1,schedule,a meeting with Tom,Schedule a meeting with Tom,0.55859375,13,gmail_tools_send_google_email,0.50390625,90.20979020979021,0.005859375,1.048951048951049,6,0.005859375,1.0
9,Schedule a meeting with Tom,1,schedule,a meeting with Tom,Schedule a meeting with Tom,0.55859375,14,railway_tools_service_create_from_repo,0.498046875,89.16083916083916,0.0,0.0,7,,
9,Schedule a meeting with Tom,1,schedule,a meeting with Tom,Schedule a meeting with Tom,0.55859375,15,project_management_tools_get_user_capacity,0.498046875,89.16083916083916,0.001953125,0.34965034965034963,7,0.005859375,0.3333333333333333
9,Schedule a meeting with Tom,1,schedule,a meeting with Tom,Schedule a meeting with Tom,0.55859375,16,project_management_tools_get_sprint,0.49609375,88.81118881118881,0.0,0.0,8,,
9,Schedule a meeting with Tom,1,schedule,a meeting with Tom,Schedule a meeting with Tom,0.55859375,17,carrot_mcp_server_api_work_hours_summary,0.49609375,88.81118881118881,0.0,0.0,8,,
9,Schedule a meeting with Tom,1,schedule,a meeting with Tom,Schedule a meeting with Tom,0.55859375,18,project_management_tools_list_work_items,0.49609375,88.81118881118881,0.001953125,0.34965034965034963,8,0.0048828125,0.4
9,Schedule a meeting with Tom,1,schedule,a meeting with Tom,Schedule a meeting with Tom,0.55859375,19,project_management_tools_delete_team,0.494140625,88.46153846153845,0.0,0.0,9,,
9,Schedule a meeting with Tom,1,schedule,a meeting with Tom,Schedule a meeting with Tom,0.55859375,20,project_management_tools_delete_sprint,0.494140625,88.46153846153845,0.0,0.0,9,,
9,Schedule a meeting with Tom,1,schedule,a meeting with Tom,Schedule a meeting with Tom,0.55859375,21,carrot_mcp_server_api_submit_leave_application,0.494140625,88.46153846153845,0.001953125,0.34965034965034963,9,0.00390625,0.5
9,Schedule a meeting with Tom,1,schedule,a meeting with Tom,Schedule a meeting with Tom,0.55859375,22,railway_tools_service_info,0.4921875,88.11188811188812,0.001953125,0.34965034965034963,10,0.00390625,0.5
9,Schedule a meeting with Tom,1,schedule,a meeting with Tom,Schedule a meeting with Tom,0.55859375,23,railway_tools_project_info,0.490234375,87.76223776223776,0.0,0.0,11,,
9,Schedule a meeting with Tom,1,schedule,a meeting with Tom,Schedule a meeting with Tom,0.55859375,24,office_word_mcp_server_api_add_paragraph,0.490234375,87.76223776223776,0.001953125,0.34965034965034963,11,0.00390625,0.5
9,Schedule a meeting with Tom,1,schedule,a meeting with Tom,Schedule a meeting with Tom,0.55859375,25,office_word_mcp_server_api_add_picture,0.48828125,87.41258741258741,0.001953125,0.34965034965034963,12,0.00390625,0.5
9,Schedule a meeting with Tom,1,schedule,a meeting with Tom,Schedule a meeting with Tom,0.55859375,26,project_management_tools_create_work_item,0.486328125,87.06293706293707,0.0,0.0,13,,
9,Schedule a meeting with Tom,1,schedule,a meeting with Tom,Schedule a meeting with Tom,0.55859375,27,project_management_tools_get_team,0.486328125,87.06293706293707,0.00390625,0.6993006993006993,13,0.00390625,1.0
9,Schedule a meeting with Tom,1,schedule,a meeting with Tom,Schedule a meeting with Tom,0.55859375,28,project_management_tools_export_sprint_to_sharepoint,0.482421875,86.36363636363636,0.0,0.0,14,,
9,Schedule a meeting with Tom,1,schedule,a meeting with Tom,Schedule a meeting with Tom,0.55859375,29,project_management_tools_list_team_members,0.482421875,86.36363636363636,0.001953125,0.34965034965034963,14,0.00390625,0.5
9,Schedule a meeting with Tom,1,schedule,a meeting with Tom,Schedule a meeting with Tom,0.55859375,30,project_management_tools_view_board,0.48046875,86.01398601398601,0.0,0.0,15,,
9,Schedule a meeting with Tom,1,schedule,a meeting with Tom,Schedule a meeting with Tom,0.55859375,31,office_word_mcp_server_api_convert_to_pdf,0.48046875,86.01398601398601,0.001953125,0.34965034965034963,15,0.00390625,0.5
9,Schedule a meeting with Tom,1,schedule,a meeting with Tom,Schedule a meeting with Tom,0.55859375,32,railway_tools_service_list,0.478515625,85.66433566433567,0.0,0.0,16,,
9,Schedule a meeting with Tom,1,schedule,a meeting with Tom,Schedule a meeting with Tom,0.55859375,33,sharepoint_tools_create_txt_file_in_sharepoint,0.478515625,85.66433566433567,0.0,0.0,16,,
9,Schedule a meeting with Tom,1,schedule,a meeting with Tom,Schedule a meeting with Tom,0.55859375,34,gmail_tools_forward_google_email,0.478515625,85.66433566433567,0.0,0.0,16,,
9,Schedule a meeting with Tom,1,schedule,a meeting with Tom,Schedule a meeting with Tom,0.55859375,35,project_management_tools_list_teams,0.478515625,85.66433566433567,0.00390625,0.6993006993006993,16,0.0029296875,1.3333333333333333
9,Schedule a meeting with Tom,1,schedule,a meeting with Tom,Schedule a meeting with Tom,0.55859375,36,railway_tools_service_create_from_image,0.474609375,84.96503496503497,0.0,0.0,17,,
9,Schedule a meeting with Tom,1,schedule,a meeting with Tom,Schedule a meeting with Tom,0.55859375,37,office_word_mcp_server_api_merge_doucments,0.474609375,84.96503496503497,0.001953125,0.34965034965034963,17,0.00390625,0.5
9,Schedule a meeting with Tom,1,schedule,a meeting with Tom,Schedule a meeting with Tom,0.55859375,38,outlook_mail_management_compose_email,0.47265625,84.61538461538461,0.001953125,0.34965034965034963,18,0.0029296875,0.6666666666666666
9,Schedule a meeting with Tom,1,schedule,a meeting with Tom,Schedule a meeting with Tom,0.55859375,39,railway_tools_service_delete,0.470703125,84.26573426573427,0.0,0.0,19,,
9,Schedule a meeting with Tom,1,schedule,a meeting with Tom,Schedule a meeting with Tom,0.55859375,40,railway_tools_database_list_types,0.470703125,84.26573426573427,0.001953125,0.34965034965034963,19,0.001953125,1.0
9,Schedule a meeting with Tom,1,schedule,a meeting with Tom,Schedule a meeting with Tom,0.55859375,41,carrot_mcp_server_api_get_employee,0.46875,83.91608391608392,0.0,0.0,20,,
9,Schedule a meeting with Tom,1,schedule,a meeting with Tom,Schedule a meeting with Tom,0.55859375,42,project_management_tools_assign_work_item,0.46875,83.91608391608392,0.0,0.0,20,,
9,Schedule a meeting with Tom,1,schedule,a meeting with Tom,Schedule a meeting with Tom,0.55859375,43,office_word_mcp_server_api_find_text_in_document,0.46875,83.91608391608392,0.001953125,0.34965034965034963,20,0.001953125,1.0
9,Schedule a meeting with Tom,1,schedule,a meeting with Tom,Schedule a meeting with Tom,0.55859375,44,carrot_mcp_server_api_update_employee,0.466796875,83.56643356643356,0.0,0.0,21,,
9,Schedule a meeting with Tom,1,schedule,a meeting with Tom,Schedule a meeting with Tom,0.55859375,45,railway_tools_project_delete,0.466796875,83.56643356643356,0.0,0.0,21,,
9,Schedule a meeting with Tom,1,schedule,a meeting with Tom,Schedule a meeting with Tom,0.55859375,46,gmail_tools_reply_google_email,0.466796875,83.56643356643356,0.001953125,0.34965034965034963,21,0.001953125,1.0
9,Schedule a meeting with Tom,1,schedule,a meeting with Tom,Schedule a meeting with Tom,0.55859375,47,railway_tools_service_update,0.46484375,83.21678321678321,0.0,0.0,22,,
9,Schedule a meeting with Tom,1,schedule,a meeting with Tom,Schedule a meeting with Tom,0.55859375,48,supabase_mcp_check_database_health,0.46484375,83.21678321678321,0.001953125,0.34965034965034963,22,0.001953125,1.0
9,Schedule a meeting with Tom,1,schedule,a meeting with Tom,Schedule a meeting with Tom,0.55859375,49,carrot_mcp_server_api_list_employees,0.462890625,82.86713286713287,0.0,0.0,23,,
9,Schedule a meeting with Tom,1,schedule,a meeting with Tom,Schedule a meeting with Tom,0.55859375,50,railway_tools_project_list,0.462890625,82.86713286713287,0.0,0.0,23,,
9,Schedule a meeting with Tom,1,schedule,a meeting with Tom,Schedule a meeting with Tom,0.55859375,51,github_mcp_server_create_repository,0.462890625,82.86713286713287,0.0,0.0,23,,
9,Schedule a meeting with Tom,1,schedule,a meeting with Tom,Schedule a meeting with Tom,0.55859375,52,gmail_tools_delete_google_email,0.462890625,82.86713286713287,0.0,0.0,23,,
9,Schedule a meeting with Tom,1,schedule,a meeting with Tom,Schedule a meeting with Tom,0.55859375,53,railway_tools_service_restart,0.462890625,82.86713286713287,0.0,0.0,23,,
9,Schedule a meeting with Tom,1,schedule,a meeting with Tom,Schedule a meeting with Tom,0.55859375,54,outlook_mail_management_find_email_address,0.462890625,82.86713286713287,0.001953125,0.34965034965034963,23,0.001953125,1.0
9,Schedule a meeting with Tom,1,schedule,a meeting with Tom,Schedule a meeting with Tom,0.55859375,55,carrot_mcp_server_api_update_leave_application,0.4609375,82.51748251748252,0.0,0.0,24,,
9,Schedule a meeting with Tom,1,schedule,a meeting with Tom,Schedule a meeting with Tom,0.55859375,56,office_word_mcp_server_api_add_page_break,0.4609375,82.51748251748252,0.0,0.0,24,,
9,Schedule a meeting with Tom,1,schedule,a meeting with Tom,Schedule a meeting with Tom,0.55859375,57,supabase_mcp_insert_table_data,0.4609375,82.51748251748252,0.005859375,1.048951048951049,24,0.001953125,3.0
9,Schedule a meeting with Tom,1,schedule,a meeting with Tom,Schedule a meeting with Tom,0.55859375,58,github_mcp_server_search_repositories,0.455078125,81.46853146853147,0.0,0.0,25,,
9,Schedule a meeting with Tom,1,schedule,a meeting with Tom,Schedule a meeting with Tom,0.55859375,59,gmail_tools_get_google_emails,0.455078125,81.46853146853147,0.0,0.0,25,,
9,Schedule a meeting with Tom,1,schedule,a meeting with Tom,Schedule a meeting with Tom,0.55859375,60,quest_studio_file_storage_get_storage_usage,0.455078125,81.46853146853147,0.001953125,0.34965034965034963,25,0.001953125,1.0
9,Schedule a meeting with Tom,1,schedule,a meeting with Tom,Schedule a meeting with Tom,0.55859375,61,office_word_mcp_server_api_get_document_outline,0.453125,81.11888111888112,0.0,0.0,26,,
9,Schedule a meeting with Tom,1,schedule,a meeting with Tom,Schedule a meeting with Tom,0.55859375,62,supabase_mcp_update_database_table_data,0.453125,81.11888111888112,0.001953125,0.34965034965034963,26,0.001953125,1.0
9,Schedule a meeting with Tom,1,schedule,a meeting with Tom,Schedule a meeting with Tom,0.55859375,63,office_word_mcp_server_api_copy_document,0.451171875,80.76923076923077,0.0,0.0,27,,
9,Schedule a meeting with Tom,1,schedule,a meeting with Tom,Schedule a meeting with Tom,0.55859375,64,github_mcp_server_create_or_update_file,0.451171875,80.76923076923077,0.001953125,0.34965034965034963,27,0.001953125,1.0
9,Schedule a meeting with Tom,1,schedule,a meeting with Tom,Schedule a meeting with Tom,0.55859375,65,railway_tools_project_environments,0.44921875,80.41958041958041,0.0,0.0,28,,
9,Schedule a meeting with Tom,1,schedule,a meeting with Tom,Schedule a meeting with Tom,0.55859375,66,supabase_mcp_get_table_schema,0.44921875,80.41958041958041,0.001953125,0.34965034965034963,28,0.001953125,1.0
9,Schedule a meeting with Tom,1,schedule,a meeting with Tom,Schedule a meeting with Tom,0.55859375,67,office_word_mcp_server_api_search_replace,0.447265625,80.06993006993007,0.00390625,0.6993006993006993,29,0.001953125,2.0
9,Schedule a meeting with Tom,1,schedule,a meeting with Tom,Schedule a meeting with Tom,0.55859375,68,github_mcp_server_merge_pull_request,0.443359375,79.37062937062937,0.0,0.0,30,,
9,Schedule a meeting with Tom,1,schedule,a meeting with Tom,Schedule a meeting with Tom,0.55859375,69,office_word_mcp_server_api_delete_document,0.443359375,79.37062937062937,0.0,0.0,30,,
9,Schedule a meeting with Tom,1,schedule,a meeting with Tom,Schedule a meeting with Tom,0.55859375,70,supabase_mcp_get_database_tables,0.443359375,79.37062937062937,0.0,0.0,30,,
9,Schedule a meeting with Tom,1,schedule,a meeting with Tom,Schedule a meeting with Tom,0.55859375,71,outlook_mail_management_forward_email,0.443359375,79.37062937062937,0.0,0.0,30,,
9,Schedule a meeting with Tom,1,schedule,a meeting with Tom,Schedule a meeting with Tom,0.55859375,72,railway_tools_volume_delete,0.443359375,79.37062937062937,0.001953125,0.34965034965034963,30,0.001953125,1.0
9,Schedule a meeting with Tom,1,schedule,a meeting with Tom,Schedule a meeting with Tom,0.55859375,73,github_mcp_server_get_me,0.44140625,79.02097902097903,0.001953125,0.34965034965034963,31,0.001953125,1.0
9,Schedule a meeting with Tom,1,schedule,a meeting with Tom,Schedule a meeting with Tom,0.55859375,74,office_word_mcp_server_api_list_files,0.439453125,78.67132867132867,0.0,0.0,32,,
9,Schedule a meeting with Tom,1,schedule,a meeting with Tom,Schedule a meeting with Tom,0.55859375,75,railway_tools_volume_create,0.439453125,78.67132867132867,0.001953125,0.34965034965034963,32,0.001953125,1.0
9,Schedule a meeting with Tom,1,schedule,a meeting with Tom,Schedule a meeting with Tom,0.55859375,76,project_management_tools_create_project,0.4375,78.32167832167832,0.0,0.0,33,,
9,Schedule a meeting with Tom,1,schedule,a meeting with Tom,Schedule a meeting with Tom,0.55859375,77,project_management_tools_update_work_item,0.4375,78.32167832167832,0.0,0.0,33,,
9,Schedule a meeting with Tom,1,schedule,a meeting with Tom,Schedule a meeting with Tom,0.55859375,78,office_word_mcp_server_api_get_document_info,0.4375,78.32167832167832,0.001953125,0.34965034965034963,33,0.001953125,1.0
9,Schedule a meeting with Tom,1,schedule,a meeting with Tom,Schedule a meeting with Tom,0.55859375,79,office_word_mcp_server_api_delete_paragraph,0.435546875,77.97202797202797,0.0,0.0,34,,
9,Schedule a meeting with Tom,1,schedule,a meeting with Tom,Schedule a meeting with Tom,0.55859375,80,github_mcp_server_pull_request_read,0.435546875,77.97202797202797,0.0,0.0,34,,
9,Schedule a meeting with Tom,1,schedule,a meeting with Tom,Schedule a meeting with Tom,0.55859375,81,github_mcp_server_get_commit,0.435546875,77.97202797202797,0.0,0.0,34,,
9,Schedule a meeting with Tom,1,schedule,a meeting with Tom,Schedule a meeting with Tom,0.55859375,82,outlook_mail_management_search_outlook_mail,0.435546875,77.97202797202797,0.0,0.0,34,,
9,Schedule a meeting with Tom,1,schedule,a meeting with Tom,Schedule a meeting with Tom,0.55859375,83,outlook_mail_management_send_email,0.435546875,77.97202797202797,0.001953125,0.34965034965034963,34,0.001953125,1.0
9,Schedule a meeting with Tom,1,schedule,a meeting with Tom,Schedule a meeting with Tom,0.55859375,84,quest_studio_file_storage_get_files,0.43359375,77.62237762237763,0.001953125,0.34965034965034963,35,0.001953125,1.0
9,Schedule a meeting with Tom,1,schedule,a meeting with Tom,Schedule a meeting with Tom,0.55859375,85,office_word_mcp_server_api_get_document_text,0.431640625,77.27272727272727,0.0,0.0,36,,
9,Schedule a meeting with Tom,1,schedule,a meeting with Tom,Schedule a meeting with Tom,0.55859375,86,office_word_mcp_server_api_get_paragraph_text_from_document,0.431640625,77.27272727272727,0.0,0.0,36,,
9,Schedule a meeting with Tom,1,schedule,a meeting with Tom,Schedule a meeting with Tom,0.55859375,87,github_mcp_server_create_pull_request,0.431640625,77.27272727272727,0.00390625,0.6993006993006993,36,0.001953125,2.0
9,Schedule a meeting with Tom,1,schedule,a meeting with Tom,Schedule a meeting with Tom,0.55859375,88,project_management_tools_add_work_item_comment,0.427734375,76.57342657342657,0.0,0.0,37,,
9,Schedule a meeting with Tom,1,schedule,a meeting with Tom,Schedule a meeting with Tom,0.55859375,89,project_management_tools_delete_work_item,0.427734375,76.57342657342657,0.0,0.0,37,,
9,Schedule a meeting with Tom,1,schedule,a meeting with Tom,Schedule a meeting with Tom,0.55859375,90,quest_studio_file_storage_get_file,0.427734375,76.57342657342657,0.0,0.0,37,,
9,Schedule a meeting with Tom,1,schedule,a meeting with Tom,Schedule a meeting with Tom,0.55859375,91,quest_studio_file_storage_delete_file,0.427734375,76.57342657342657,0.0,0.0,37,,
9,Schedule a meeting with Tom,1,schedule,a meeting with Tom,Schedule a meeting with Tom,0.55859375,92,supabase_mcp_get_all_supabase_projects,0.427734375,76.57342657342657,0.001953125,0.34965034965034963,37,0.001953125,1.0
9,Schedule a meeting with Tom,1,schedule,a meeting with Tom,Schedule a meeting with Tom,0.55859375,93,outlook_mail_management_reply_to_email,0.42578125,76.22377622377621,0.0,0.0,38,,
9,Schedule a meeting with Tom,1,schedule,a meeting with Tom,Schedule a meeting with Tom,0.55859375,94,carrot_mcp_server_api_list_leave_application,0.42578125,76.22377622377621,0.0,0.0,38,,
9,Schedule a meeting with Tom,1,schedule,a meeting with Tom,Schedule a meeting with Tom,0.55859375,95,project_management_tools_get_work_item,0.42578125,76.22377622377621,0.005859375,1.048951048951049,38,0.001953125,3.0
9,Schedule a meeting with Tom,1,schedule,a meeting with Tom,Schedule a meeting with Tom,0.55859375,96,project_management_tools_update_task_status,0.419921875,75.17482517482517,0.0,0.0,39,,
9,Schedule a meeting with Tom,1,schedule,a meeting with Tom,Schedule a meeting with Tom,0.55859375,97,quest_studio_file_storage_update_file,0.419921875,75.17482517482517,0.0,0.0,39,,
9,Schedule a meeting with Tom,1,schedule,a meeting with Tom,Schedule a meeting with Tom,0.55859375,98,supabase_mcp_select_database_table_data,0.419921875,75.17482517482517,0.001953125,0.34965034965034963,39,0.001953125,1.0
9,Schedule a meeting with Tom,1,schedule,a meeting with Tom,Schedule a meeting with Tom,0.55859375,99,github_mcp_server_create_branch,0.41796875,74.82517482517483,0.001953125,0.34965034965034963,40,0.001953125,1.0
9,Schedule a meeting with Tom,1,schedule,a meeting with Tom,Schedule a meeting with Tom,0.55859375,100,railway_tools_volume_list,0.416015625,74.47552447552448,0.001953125,0.34965034965034963,41,0.001953125,1.0
9,Schedule a meeting with Tom,1,schedule,a meeting with Tom,Schedule a meeting with Tom,0.55859375,101,office_word_mcp_server_api_get_document_xml,0.4140625,74.12587412587412,0.00390625,0.6993006993006993,42,0.001953125,2.0
9,Schedule a meeting with Tom,1,schedule,a meeting with Tom,Schedule a meeting with Tom,0.55859375,102,railway_tools_volume_update,0.41015625,73.42657342657343,0.005859375,1.048951048951049,43,0.001953125,3.0
9,Schedule a meeting with Tom,1,schedule,a meeting with Tom,Schedule a meeting with Tom,0.55859375,103,sharepoint_tools_get_sharepoint_sites,0.404296875,72.37762237762237,0.001953125,0.34965034965034963,44,0.001953125,1.0
9,Schedule a meeting with Tom,1,schedule,a meeting with Tom,Schedule a meeting with Tom,0.55859375,104,github_mcp_server_list_commits,0.40234375,72.02797202797203,0.00390625,0.6993006993006993,45,0.001953125,2.0
9,Schedule a meeting with Tom,1,schedule,a meeting with Tom,Schedule a meeting with Tom,0.55859375,105,github_mcp_server_list_branches,0.3984375,71.32867132867133,0.0,0.0,46,,
9,Schedule a meeting with Tom,1,schedule,a meeting with Tom,Schedule a meeting with Tom,0.55859375,106,github_mcp_server_list_pull_requests,0.3984375,71.32867132867133,0.001953125,0.34965034965034963,46,0.001953125,1.0
9,Schedule a meeting with Tom,1,schedule,a meeting with Tom,Schedule a meeting with Tom,0.55859375,107,quest_studio_file_storage_get_file_content,0.396484375,70.97902097902097,0.001953125,0.34965034965034963,47,0.001953125,1.0
9,Schedule a meeting with Tom,1,schedule,a meeting with Tom,Schedule a meeting with Tom,0.55859375,108,github_mcp_server_update_pull_request,0.39453125,70.62937062937063,0.001953125,0.34965034965034963,48,0.001953125,1.0
9,Schedule a meeting with Tom,1,schedule,a meeting with Tom,Schedule a meeting with Tom,0.55859375,109,project_management_tools_list_users,0.392578125,70.27972027972028,0.001953125,0.34965034965034963,49,0.001953125,1.0
9,Schedule a meeting with Tom,1,schedule,a meeting with Tom,Schedule a meeting with Tom,0.55859375,110,project_management_tools_get_work_item_comments,0.390625,69.93006993006993,0.00390625,0.6993006993006993,50,0.001953125,2.0
9,Schedule a meeting with Tom,1,schedule,a meeting with Tom,Schedule a meeting with Tom,0.55859375,111,web_search_tools_web_search,0.38671875,69.23076923076923,0.005859375,1.048951048951049,51,0.001953125,3.0
9,Schedule a meeting with Tom,1,schedule,a meeting with Tom,Schedule a meeting with Tom,0.55859375,112,project_management_tools_get_project,0.380859375,68.18181818181817,0.00390625,0.6993006993006993,52,0.001953125,2.0
9,Schedule a meeting with Tom,1,schedule,a meeting with Tom,Schedule a meeting with Tom,0.55859375,113,github_mcp_server_push_files,0.376953125,67.48251748251748,0.0,0.0,53,,
9,Schedule a meeting with Tom,1,schedule,a meeting with Tom,Schedule a meeting with Tom,0.55859375,114,project_management_tools_list_projects,0.376953125,67.48251748251748,0.005859375,1.048951048951049,53,0.001953125,3.0
9,Schedule a meeting with Tom,1,schedule,a meeting with Tom,Schedule a meeting with Tom,0.55859375,115,sharepoint_tools_get_sharepoint_documents,0.37109375,66.43356643356644,0.001953125,0.34965034965034963,54,0.001953125,1.0
9,Schedule a meeting with Tom,1,schedule,a meeting with Tom,Schedule a meeting with Tom,0.55859375,116,github_mcp_server_get_file_contents,0.369140625,66.08391608391608,0.0,0.0,55,,
9,Schedule a meeting with Tom,1,schedule,a meeting with Tom,Schedule a meeting with Tom,0.55859375,117,github_mcp_server_delete_file,0.369140625,66.08391608391608,0.00390625,0.6993006993006993,55,0.001953125,2.0
9,Schedule a meeting with Tom,1,schedule,a meeting with Tom,Schedule a meeting with Tom,0.55859375,118,project_management_tools_update_project,0.365234375,65.38461538461539,0.0,0.0,56,,
9,Schedule a meeting with Tom,1,schedule,a meeting with Tom,Schedule a meeting with Tom,0.55859375,119,outlook_mail_management_delete_email_message,0.365234375,65.38461538461539,0.001953125,0.34965034965034963,56,0.001953125,1.0
9,Schedule a meeting with Tom,1,schedule,a meeting with Tom,Schedule a meeting with Tom,0.55859375,120,project_management_tools_delete_project,0.36328125,65.03496503496503,0.0234375,4.195804195804196,57,0.001953125,12.0
9,Schedule a meeting with Tom,1,schedule,a meeting with Tom,Schedule a meeting with Tom,0.55859375,121,outlook_mail_management_get_email_messages,0.33984375,60.83916083916085,0.0078125,1.3986013986013985,58,0.001953125,4.0
9,Schedule a meeting with Tom,1,schedule,a meeting with Tom,Schedule a meeting with Tom,0.55859375,122,quest_studio_file_storage_query_files,0.33203125,59.44055944055944,,,59,,
10,Get my leave applications,1,get,my leave applications,Get my leave applications,0.8984375,1,carrot_mcp_server_api_list_leave_application,0.8984375,100.0,0.06640625,7.391304347826087,0,,
10,Get my leave applications,1,get,my leave applications,Get my leave applications,0.8984375,2,carrot_mcp_server_api_update_leave_application,0.83203125,92.6086956521739,0.00390625,0.43478260869565216,1,,
10,Get my leave applications,1,get,my leave applications,Get my leave applications,0.8984375,3,carrot_mcp_server_api_create_leave_application,0.828125,92.17391304347827,0.01171875,1.3043478260869565,2,,
10,Get my leave applications,1,get,my leave applications,Get my leave applications,0.8984375,4,carrot_mcp_server_api_submit_leave_application,0.81640625,90.8695652173913,0.16015625,17.82608695652174,3,0.01171875,13.666666666666666
10,Get my leave applications,1,get,my leave applications,Get my leave applications,0.8984375,5,carrot_mcp_server_api_hr_dashboard_summary,0.65625,73.04347826086956,0.0234375,2.608695652173913,4,0.0390625,0.6
10,Get my leave applications,1,get,my leave applications,Get my leave applications,0.8984375,6,carrot_mcp_server_api_list_employees,0.6328125,70.43478260869566,0.0390625,4.3478260869565215,5,0.0234375,1.6666666666666667
10,Get my leave applications,1,get,my leave applications,Get my leave applications,0.8984375,7,carrot_mcp_server_api_get_employee,0.59375,66.08695652173913,0.03125,3.4782608695652173,6,0.03125,1.0
10,Get my leave applications,1,get,my leave applications,Get my leave applications,0.8984375,8,office_word_mcp_server_api_list_files,0.5625,62.60869565217392,0.0,0.0,7,,
10,Get my leave applications,1,get,my leave applications,Get my leave applications,0.8984375,9,carrot_mcp_server_api_work_hours_summary,0.5625,62.60869565217392,0.0078125,0.8695652173913043,7,0.03125,0.25
10,Get my leave applications,1,get,my leave applications,Get my leave applications,0.8984375,10,project_management_tools_list_work_items,0.5546875,61.73913043478261,0.0078125,0.8695652173913043,8,0.02734375,0.2857142857142857
10,Get my leave applications,1,get,my leave applications,Get my leave applications,0.8984375,11,railway_tools_project_list,0.546875,60.86956521739131,0.0,0.0,9,,
10,Get my leave applications,1,get,my leave applications,Get my leave applications,0.8984375,12,quest_studio_file_storage_get_files,0.546875,60.86956521739131,0.0078125,0.8695652173913043,9,0.0234375,0.3333333333333333
10,Get my leave applications,1,get,my leave applications,Get my leave applications,0.8984375,13,carrot_mcp_server_api_update_employee,0.5390625,60.0,0.0078125,0.8695652173913043,10,0.017578125,0.4444444444444444
10,Get my leave applications,1,get,my leave applications,Get my leave applications,0.8984375,14,project_management_tools_list_users,0.53125,59.130434782608695,0.00390625,0.43478260869565216,11,0.01171875,0.3333333333333333
10,Get my leave applications,1,get,my leave applications,Get my leave applications,0.8984375,15,railway_tools_project_info,0.52734375,58.69565217391305,0.0,0.0,12,,
10,Get my leave applications,1,get,my leave applications,Get my leave applications,0.8984375,16,railway_tools_service_info,0.52734375,58.69565217391305,0.0,0.0,12,,
10,Get my leave applications,1,get,my leave applications,Get my leave applications,0.8984375,17,railway_tools_project_delete,0.52734375,58.69565217391305,0.0078125,0.8695652173913043,12,0.009765625,0.8
10,Get my leave applications,1,get,my leave applications,Get my leave applications,0.8984375,18,railway_tools_service_list,0.51953125,57.826086956521735,0.0,0.0,13,,
10,Get my leave applications,1,get,my leave applications,Get my leave applications,0.8984375,19,quest_studio_file_storage_get_storage_usage,0.51953125,57.826086956521735,0.0,0.0,13,,
10,Get my leave applications,1,get,my leave applications,Get my leave applications,0.8984375,20,project_management_tools_list_projects,0.51953125,57.826086956521735,0.0078125,0.8695652173913043,13,0.0078125,1.0
10,Get my leave applications,1,get,my leave applications,Get my leave applications,0.8984375,21,carrot_mcp_server_api_create_employee,0.51171875,56.95652173913044,0.0,0.0,14,,
10,Get my leave applications,1,get,my leave applications,Get my leave applications,0.8984375,22,project_management_tools_view_board,0.51171875,56.95652173913044,0.00390625,0.43478260869565216,14,0.0078125,0.5
10,Get my leave applications,1,get,my leave applications,Get my leave applications,0.8984375,23,railway_tools_project_environments,0.5078125,56.52173913043478,0.00390625,0.43478260869565216,15,0.0078125,0.5
10,Get my leave applications,1,get,my leave applications,Get my leave applications,0.8984375,24,supabase_mcp_select_database_table_data,0.50390625,56.086956521739125,0.00390625,0.43478260869565216,16,0.0078125,0.5
10,Get my leave applications,1,get,my leave applications,Get my leave applications,0.8984375,25,gmail_tools_get_google_emails,0.5,55.65217391304348,0.00390625,0.43478260869565216,17,0.0078125,0.5
10,Get my leave applications,1,get,my leave applications,Get my leave applications,0.8984375,26,supabase_mcp_get_all_supabase_projects,0.49609375,55.21739130434783,0.001953125,0.21739130434782608,18,0.0078125,0.25
10,Get my leave applications,1,get,my leave applications,Get my leave applications,0.8984375,27,project_management_tools_list_team_members,0.494140625,55.00000000000001,0.001953125,0.21739130434782608,19,0.0078125,0.25
10,Get my leave applications,1,get,my leave applications,Get my leave applications,0.8984375,28,carrot_mcp_server_api_log_hours_entry,0.4921875,54.78260869565217,0.00390625,0.43478260869565216,20,0.0078125,0.5
10,Get my leave applications,1,get,my leave applications,Get my leave applications,0.8984375,29,railway_tools_service_delete,0.48828125,54.347826086956516,0.0,0.0,21,,
10,Get my leave applications,1,get,my leave applications,Get my leave applications,0.8984375,30,sharepoint_tools_get_sharepoint_sites,0.48828125,54.347826086956516,0.001953125,0.21739130434782608,21,0.0078125,0.25
10,Get my leave applications,1,get,my leave applications,Get my leave applications,0.8984375,31,project_management_tools_list_teams,0.486328125,54.130434782608695,0.00390625,0.43478260869565216,22,0.0078125,0.5
10,Get my leave applications,1,get,my leave applications,Get my leave applications,0.8984375,32,supabase_mcp_get_database_tables,0.482421875,53.69565217391305,0.00390625,0.43478260869565216,23,0.0078125,0.5
10,Get my leave applications,1,get,my leave applications,Get my leave applications,0.8984375,33,outlook_mail_management_get_email_messages,0.478515625,53.2608695652174,0.00390625,0.43478260869565216,24,0.005859375,0.6666666666666666
10,Get my leave applications,1,get,my leave applications,Get my leave applications,0.8984375,34,project_management_tools_get_user_capacity,0.474609375,52.826086956521735,0.0,0.0,25,,
10,Get my leave applications,1,get,my leave applications,Get my leave applications,0.8984375,35,railway_tools_database_list_types,0.474609375,52.826086956521735,0.001953125,0.21739130434782608,25,0.00390625,0.5
10,Get my leave applications,1,get,my leave applications,Get my leave applications,0.8984375,36,railway_tools_volume_list,0.47265625,52.60869565217391,0.0,0.0,26,,
10,Get my leave applications,1,get,my leave applications,Get my leave applications,0.8984375,37,office_word_mcp_server_api_delete_document,0.47265625,52.60869565217391,0.0,0.0,26,,
10,Get my leave applications,1,get,my leave applications,Get my leave applications,0.8984375,38,quest_studio_file_storage_get_file,0.47265625,52.60869565217391,0.00390625,0.43478260869565216,26,0.00390625,1.0
10,Get my leave applications,1,get,my leave applications,Get my leave applications,0.8984375,39,github_mcp_server_list_pull_requests,0.46875,52.17391304347826,0.001953125,0.21739130434782608,27,0.00390625,0.5
10,Get my leave applications,1,get,my leave applications,Get my leave applications,0.8984375,40,sharepoint_tools_get_sharepoint_documents,0.466796875,51.95652173913044,0.0,0.0,28,,
10,Get my leave applications,1,get,my leave applications,Get my leave applications,0.8984375,41,quest_studio_file_storage_query_files,0.466796875,51.95652173913044,0.001953125,0.21739130434782608,28,0.00390625,0.5
10,Get my leave applications,1,get,my leave applications,Get my leave applications,0.8984375,42,railway_tools_volume_delete,0.46484375,51.73913043478261,0.001953125,0.21739130434782608,29,0.00390625,0.5
10,Get my leave applications,1,get,my leave applications,Get my leave applications,0.8984375,43,railway_tools_project_create,0.462890625,51.52173913043478,0.0,0.0,30,,
10,Get my leave applications,1,get,my leave applications,Get my leave applications,0.8984375,44,quest_studio_file_storage_delete_file,0.462890625,51.52173913043478,0.001953125,0.21739130434782608,30,0.00390625,0.5
10,Get my leave applications,1,get,my leave applications,Get my leave applications,0.8984375,45,project_management_tools_list_sprints,0.4609375,51.30434782608696,0.001953125,0.21739130434782608,31,0.00390625,0.5
10,Get my leave applications,1,get,my leave applications,Get my leave applications,0.8984375,46,github_mcp_server_list_commits,0.458984375,51.08695652173913,0.005859375,0.6521739130434783,32,0.00390625,1.5
10,Get my leave applications,1,get,my leave applications,Get my leave applications,0.8984375,47,project_management_tools_get_team,0.453125,50.43478260869565,0.0,0.0,33,,
10,Get my leave applications,1,get,my leave applications,Get my leave applications,0.8984375,48,supabase_mcp_check_database_health,0.453125,50.43478260869565,0.0,0.0,33,,
10,Get my leave applications,1,get,my leave applications,Get my leave applications,0.8984375,49,github_mcp_server_list_branches,0.453125,50.43478260869565,0.001953125,0.21739130434782608,33,0.00390625,0.5
10,Get my leave applications,1,get,my leave applications,Get my leave applications,0.8984375,50,github_mcp_server_get_me,0.451171875,50.21739130434783,0.001953125,0.21739130434782608,34,0.00390625,0.5
10,Get my leave applications,1,get,my leave applications,Get my leave applications,0.8984375,51,office_word_mcp_server_api_get_document_outline,0.44921875,50.0,0.001953125,0.21739130434782608,35,0.00390625,0.5
10,Get my leave applications,1,get,my leave applications,Get my leave applications,0.8984375,52,outlook_mail_management_search_outlook_mail,0.447265625,49.78260869565217,0.001953125,0.21739130434782608,36,0.00390625,0.5
10,Get my leave applications,1,get,my leave applications,Get my leave applications,0.8984375,53,office_word_mcp_server_api_get_document_info,0.4453125,49.56521739130435,0.00390625,0.43478260869565216,37,0.00390625,1.0
10,Get my leave applications,1,get,my leave applications,Get my leave applications,0.8984375,54,supabase_mcp_get_table_schema,0.44140625,49.130434782608695,0.001953125,0.21739130434782608,38,0.00390625,0.5
10,Get my leave applications,1,get,my leave applications,Get my leave applications,0.8984375,55,github_mcp_server_pull_request_read,0.439453125,48.91304347826087,0.001953125,0.21739130434782608,39,0.00390625,0.5
10,Get my leave applications,1,get,my leave applications,Get my leave applications,0.8984375,56,project_management_tools_get_work_item_comments,0.4375,48.69565217391305,0.001953125,0.21739130434782608,40,0.00390625,0.5
10,Get my leave applications,1,get,my leave applications,Get my leave applications,0.8984375,57,office_word_mcp_server_api_get_document_xml,0.435546875,48.47826086956522,0.0,0.0,41,,
10,Get my leave applications,1,get,my leave applications,Get my leave applications,0.8984375,58,project_management_tools_delete_team,0.435546875,48.47826086956522,0.001953125,0.21739130434782608,41,0.00390625,0.5
10,Get my leave applications,1,get,my leave applications,Get my leave applications,0.8984375,59,gmail_tools_delete_google_email,0.43359375,48.26086956521739,0.001953125,0.21739130434782608,42,0.00390625,0.5
10,Get my leave applications,1,get,my leave applications,Get my leave applications,0.8984375,60,railway_tools_service_restart,0.431640625,48.04347826086956,0.0,0.0,43,,
10,Get my leave applications,1,get,my leave applications,Get my leave applications,0.8984375,61,office_word_mcp_server_api_copy_document,0.431640625,48.04347826086956,0.0,0.0,43,,
10,Get my leave applications,1,get,my leave applications,Get my leave applications,0.8984375,62,office_word_mcp_server_api_get_document_text,0.431640625,48.04347826086956,0.00390625,0.43478260869565216,43,0.00390625,1.0
10,Get my leave applications,1,get,my leave applications,Get my leave applications,0.8984375,63,project_management_tools_get_project,0.427734375,47.608695652173914,0.0,0.0,44,,
10,Get my leave applications,1,get,my leave applications,Get my leave applications,0.8984375,64,project_management_tools_export_sprint_to_sharepoint,0.427734375,47.608695652173914,0.001953125,0.21739130434782608,44,0.00390625,0.5
10,Get my leave applications,1,get,my leave applications,Get my leave applications,0.8984375,65,office_word_mcp_server_api_merge_doucments,0.42578125,47.391304347826086,0.0,0.0,45,,
10,Get my leave applications,1,get,my leave applications,Get my leave applications,0.8984375,66,quest_studio_file_storage_get_file_content,0.42578125,47.391304347826086,0.001953125,0.21739130434782608,45,0.00390625,0.5
10,Get my leave applications,1,get,my leave applications,Get my leave applications,0.8984375,67,railway_tools_service_update,0.423828125,47.17391304347826,0.001953125,0.21739130434782608,46,0.00390625,0.5
10,Get my leave applications,1,get,my leave applications,Get my leave applications,0.8984375,68,project_management_tools_get_work_item,0.421875,46.95652173913044,0.0,0.0,47,,
10,Get my leave applications,1,get,my leave applications,Get my leave applications,0.8984375,69,office_word_mcp_server_api_add_page_break,0.421875,46.95652173913044,0.0,0.0,47,,
10,Get my leave applications,1,get,my leave applications,Get my leave applications,0.8984375,70,project_management_tools_delete_work_item,0.421875,46.95652173913044,0.0,0.0,47,,
10,Get my leave applications,1,get,my leave applications,Get my leave applications,0.8984375,71,outlook_mail_management_find_email_address,0.421875,46.95652173913044,0.001953125,0.21739130434782608,47,0.00390625,0.5
10,Get my leave applications,1,get,my leave applications,Get my leave applications,0.8984375,72,office_word_mcp_server_api_create_word_document,0.419921875,46.73913043478261,0.0,0.0,48,,
10,Get my leave applications,1,get,my leave applications,Get my leave applications,0.8984375,73,office_word_mcp_server_api_delete_paragraph,0.419921875,46.73913043478261,0.001953125,0.21739130434782608,48,0.00390625,0.5
10,Get my leave applications,1,get,my leave applications,Get my leave applications,0.8984375,74,project_management_tools_create_work_item,0.41796875,46.52173913043478,0.00390625,0.43478260869565216,49,0.00390625,1.0
10,Get my leave applications,1,get,my leave applications,Get my leave applications,0.8984375,75,supabase_mcp_update_database_table_data,0.4140625,46.08695652173913,0.0,0.0,50,,
10,Get my leave applications,1,get,my leave applications,Get my leave applications,0.8984375,76,office_word_mcp_server_api_convert_to_pdf,0.4140625,46.08695652173913,0.001953125,0.21739130434782608,50,0.00390625,0.5
10,Get my leave applications,1,get,my leave applications,Get my leave applications,0.8984375,77,gmail_tools_reply_google_email,0.412109375,45.869565217391305,0.0,0.0,51,,
10,Get my leave applications,1,get,my leave applications,Get my leave applications,0.8984375,78,project_management_tools_get_sprint,0.412109375,45.869565217391305,0.00390625,0.43478260869565216,51,0.00390625,1.0
10,Get my leave applications,1,get,my leave applications,Get my leave applications,0.8984375,79,project_management_tools_update_user_capacity,0.408203125,45.43478260869565,0.001953125,0.21739130434782608,52,0.00390625,0.5
10,Get my leave applications,1,get,my leave applications,Get my leave applications,0.8984375,80,office_word_mcp_server_api_find_text_in_document,0.40625,45.21739130434783,0.001953125,0.21739130434782608,53,0.00390625,0.5
10,Get my leave applications,1,get,my leave applications,Get my leave applications,0.8984375,81,project_management_tools_delete_project,0.404296875,45.0,0.001953125,0.21739130434782608,54,0.00390625,0.5
10,Get my leave applications,1,get,my leave applications,Get my leave applications,0.8984375,82,office_word_mcp_server_api_add_table,0.40234375,44.78260869565218,0.0,0.0,55,,
10,Get my leave applications,1,get,my leave applications,Get my leave applications,0.8984375,83,office_word_mcp_server_api_get_paragraph_text_from_document,0.40234375,44.78260869565218,0.001953125,0.21739130434782608,55,0.00390625,0.5
10,Get my leave applications,1,get,my leave applications,Get my leave applications,0.8984375,84,project_management_tools_delete_sprint,0.400390625,44.565217391304344,0.001953125,0.21739130434782608,56,0.0029296875,0.6666666666666666
10,Get my leave applications,1,get,my leave applications,Get my leave applications,0.8984375,85,railway_tools_service_create_from_repo,0.3984375,44.34782608695652,0.0078125,0.8695652173913043,57,0.001953125,4.0
10,Get my leave applications,1,get,my leave applications,Get my leave applications,0.8984375,86,github_mcp_server_search_repositories,0.390625,43.47826086956522,0.001953125,0.21739130434782608,58,0.0029296875,0.6666666666666666
10,Get my leave applications,1,get,my leave applications,Get my leave applications,0.8984375,87,office_word_mcp_server_api_search_replace,0.388671875,43.26086956521739,0.0,0.0,59,,
10,Get my leave applications,1,get,my leave applications,Get my leave applications,0.8984375,88,github_mcp_server_merge_pull_request,0.388671875,43.26086956521739,0.005859375,0.6521739130434783,59,0.001953125,3.0
10,Get my leave applications,1,get,my leave applications,Get my leave applications,0.8984375,89,github_mcp_server_update_pull_request,0.3828125,42.608695652173914,0.001953125,0.21739130434782608,60,0.0029296875,0.6666666666666666
10,Get my leave applications,1,get,my leave applications,Get my leave applications,0.8984375,90,gmail_tools_forward_google_email,0.380859375,42.391304347826086,0.00390625,0.43478260869565216,61,0.001953125,2.0
10,Get my leave applications,1,get,my leave applications,Get my leave applications,0.8984375,91,outlook_mail_management_reply_to_email,0.376953125,41.95652173913044,0.001953125,0.21739130434782608,62,0.0029296875,0.6666666666666666
10,Get my leave applications,1,get,my leave applications,Get my leave applications,0.8984375,92,gmail_tools_send_google_email,0.375,41.73913043478261,0.00390625,0.43478260869565216,63,0.001953125,2.0
10,Get my leave applications,1,get,my leave applications,Get my leave applications,0.8984375,93,github_mcp_server_get_commit,0.37109375,41.30434782608695,0.0,0.0,64,,
10,Get my leave applications,1,get,my leave applications,Get my leave applications,0.8984375,94,github_mcp_server_create_pull_request,0.37109375,41.30434782608695,0.0,0.0,64,,
10,Get my leave applications,1,get,my leave applications,Get my leave applications,0.8984375,95,project_management_tools_assign_work_item,0.37109375,41.30434782608695,0.001953125,0.21739130434782608,64,0.0029296875,0.6666666666666666
10,Get my leave applications,1,get,my leave applications,Get my leave applications,0.8984375,96,github_mcp_server_get_file_contents,0.369140625,41.08695652173913,0.0,0.0,65,,
10,Get my leave applications,1,get,my leave applications,Get my leave applications,0.8984375,97,project_management_tools_update_task_status,0.369140625,41.08695652173913,0.001953125,0.21739130434782608,65,0.001953125,1.0
10,Get my leave applications,1,get,my leave applications,Get my leave applications,0.8984375,98,supabase_mcp_insert_table_data,0.3671875,40.869565217391305,0.001953125,0.21739130434782608,66,0.001953125,1.0
10,Get my leave applications,1,get,my leave applications,Get my leave applications,0.8984375,99,github_mcp_server_create_or_update_file,0.365234375,40.65217391304348,0.005859375,0.6521739130434783,67,0.001953125,3.0
10,Get my leave applications,1,get,my leave applications,Get my leave applications,0.8984375,100,project_management_tools_create_team,0.359375,40.0,0.0,0.0,68,,
10,Get my leave applications,1,get,my leave applications,Get my leave applications,0.8984375,101,sharepoint_tools_create_txt_file_in_sharepoint,0.359375,40.0,0.001953125,0.21739130434782608,68,0.001953125,1.0
10,Get my leave applications,1,get,my leave applications,Get my leave applications,0.8984375,102,outlook_mail_management_delete_email_message,0.357421875,39.78260869565217,0.001953125,0.21739130434782608,69,0.001953125,1.0
10,Get my leave applications,1,get,my leave applications,Get my leave applications,0.8984375,103,project_management_tools_create_sprint,0.35546875,39.565217391304344,0.001953125,0.21739130434782608,70,0.001953125,1.0
10,Get my leave applications,1,get,my leave applications,Get my leave applications,0.8984375,104,office_word_mcp_server_api_add_picture,0.353515625,39.34782608695652,0.001953125,0.21739130434782608,71,0.001953125,1.0
10,Get my leave applications,1,get,my leave applications,Get my leave applications,0.8984375,105,railway_tools_service_create_from_image,0.3515625,39.130434782608695,0.00390625,0.43478260869565216,72,0.001953125,2.0
10,Get my leave applications,1,get,my leave applications,Get my leave applications,0.8984375,106,railway_tools_volume_create,0.34765625,38.69565217391304,0.0,0.0,73,,
10,Get my leave applications,1,get,my leave applications,Get my leave applications,0.8984375,107,project_management_tools_create_project,0.34765625,38.69565217391304,0.00390625,0.43478260869565216,73,0.001953125,2.0
10,Get my leave applications,1,get,my leave applications,Get my leave applications,0.8984375,108,github_mcp_server_create_branch,0.34375,38.26086956521739,0.0078125,0.8695652173913043,74,0.001953125,4.0
10,Get my leave applications,1,get,my leave applications,Get my leave applications,0.8984375,109,office_word_mcp_server_api_add_paragraph,0.3359375,37.391304347826086,0.0,0.0,75,,
10,Get my leave applications,1,get,my leave applications,Get my leave applications,0.8984375,110,office_word_mcp_server_api_add_heading,0.3359375,37.391304347826086,0.00390625,0.43478260869565216,75,0.001953125,2.0
10,Get my leave applications,1,get,my leave applications,Get my leave applications,0.8984375,111,github_mcp_server_delete_file,0.33203125,36.95652173913043,0.005859375,0.6521739130434783,76,0.001953125,3.0
10,Get my leave applications,1,get,my leave applications,Get my leave applications,0.8984375,112,web_search_tools_web_search,0.326171875,36.30434782608696,0.0078125,0.8695652173913043,77,0.001953125,4.0
10,Get my leave applications,1,get,my leave applications,Get my leave applications,0.8984375,113,outlook_mail_management_forward_email,0.318359375,35.434782608695656,0.00390625,0.43478260869565216,78,0.0029296875,1.3333333333333333
10,Get my leave applications,1,get,my leave applications,Get my leave applications,0.8984375,114,outlook_mail_management_compose_email,0.314453125,35.0,0.001953125,0.21739130434782608,79,0.00390625,0.5
10,Get my leave applications,1,get,my leave applications,Get my leave applications,0.8984375,115,github_mcp_server_create_repository,0.3125,34.78260869565217,0.001953125,0.21739130434782608,80,0.0029296875,0.6666666666666666
10,Get my leave applications,1,get,my leave applications,Get my leave applications,0.8984375,116,railway_tools_volume_update,0.310546875,34.56521739130435,0.0078125,0.8695652173913043,81,0.001953125,4.0
10,Get my leave applications,1,get,my leave applications,Get my leave applications,0.8984375,117,github_mcp_server_push_files,0.302734375,33.69565217391305,0.00390625,0.43478260869565216,82,0.0029296875,1.3333333333333333
10,Get my leave applications,1,get,my leave applications,Get my leave applications,0.8984375,118,project_management_tools_update_project,0.298828125,33.26086956521739,0.001953125,0.21739130434782608,83,0.00390625,0.5
10,Get my leave applications,1,get,my leave applications,Get my leave applications,0.8984375,119,quest_studio_file_storage_update_file,0.296875,33.04347826086956,0.01171875,1.3043478260869565,84,0.0029296875,4.0
10,Get my leave applications,1,get,my leave applications,Get my leave applications,0.8984375,120,project_management_tools_update_work_item,0.28515625,31.73913043478261,0.0,0.0,85,,
10,Get my leave applications,1,get,my leave applications,Get my leave applications,0.8984375,121,project_management_tools_add_work_item_comment,0.28515625,31.73913043478261,0.00390625,0.43478260869565216,85,0.00390625,1.0
10,Get my leave applications,1,get,my leave applications,Get my leave applications,0.8984375,122,outlook_mail_management_send_email,0.28125,31.30434782608696,,,86,,
11,Submit a leave application,1,submit,a leave application,Submit a leave application,0.89453125,1,carrot_mcp_server_api_submit_leave_application,0.89453125,100.0,0.01953125,2.1834061135371177,0,,
11,Submit a leave application,1,submit,a leave application,Submit a leave application,0.89453125,2,carrot_mcp_server_api_create_leave_application,0.875,97.81659388646288,0.03125,3.4934497816593884,1,,
11,Submit a leave application,1,submit,a leave application,Submit a leave application,0.89453125,3,carrot_mcp_server_api_update_leave_application,0.84375,94.32314410480349,0.078125,8.73362445414847,2,,
11,Submit a leave application,1,submit,a leave application,Submit a leave application,0.89453125,4,carrot_mcp_server_api_list_leave_application,0.765625,85.58951965065502,0.203125,22.707423580786028,3,0.03125,6.5
11,Submit a leave application,1,submit,a leave application,Submit a leave application,0.89453125,5,carrot_mcp_server_api_hr_dashboard_summary,0.5625,62.882096069869,0.01953125,2.1834061135371177,4,0.0546875,0.35714285714285715
11,Submit a leave application,1,submit,a leave application,Submit a leave application,0.89453125,6,carrot_mcp_server_api_create_employee,0.54296875,60.698689956331876,0.03515625,3.9301310043668125,5,0.03125,1.125
11,Submit a leave application,1,submit,a leave application,Submit a leave application,0.89453125,7,carrot_mcp_server_api_update_employee,0.5078125,56.76855895196506,0.00390625,0.43668122270742354,6,0.033203125,0.11764705882352941
11,Submit a leave application,1,submit,a leave application,Submit a leave application,0.89453125,8,carrot_mcp_server_api_log_hours_entry,0.50390625,56.33187772925764,0.048828125,5.458515283842795,7,0.03125,1.5625
11,Submit a leave application,1,submit,a leave application,Submit a leave application,0.89453125,9,carrot_mcp_server_api_get_employee,0.455078125,50.87336244541485,0.005859375,0.6550218340611353,8,0.033203125,0.17647058823529413
11,Submit a leave application,1,submit,a leave application,Submit a leave application,0.89453125,10,carrot_mcp_server_api_work_hours_summary,0.44921875,50.21834061135371,0.00390625,0.43668122270742354,9,0.03125,0.125
11,Submit a leave application,1,submit,a leave application,Submit a leave application,0.89453125,11,railway_tools_project_create,0.4453125,49.78165938864629,0.0078125,0.8733624454148471,10,0.025390625,0.3076923076923077
11,Submit a leave application,1,submit,a leave application,Submit a leave application,0.89453125,12,carrot_mcp_server_api_list_employees,0.4375,48.90829694323144,0.00390625,0.43668122270742354,11,0.01953125,0.2
11,Submit a leave application,1,submit,a leave application,Submit a leave application,0.89453125,13,office_word_mcp_server_api_create_word_document,0.43359375,48.47161572052402,0.0078125,0.8733624454148471,12,0.01953125,0.4
11,Submit a leave application,1,submit,a leave application,Submit a leave application,0.89453125,14,railway_tools_project_delete,0.42578125,47.59825327510917,0.005859375,0.6550218340611353,13,0.01953125,0.3
11,Submit a leave application,1,submit,a leave application,Submit a leave application,0.89453125,15,project_management_tools_update_user_capacity,0.419921875,46.943231441048034,0.00390625,0.43668122270742354,14,0.013671875,0.2857142857142857
11,Submit a leave application,1,submit,a leave application,Submit a leave application,0.89453125,16,gmail_tools_send_google_email,0.416015625,46.50655021834061,0.001953125,0.21834061135371177,15,0.0078125,0.25
11,Submit a leave application,1,submit,a leave application,Submit a leave application,0.89453125,17,railway_tools_project_info,0.4140625,46.288209606986904,0.00390625,0.43668122270742354,16,0.0078125,0.5
11,Submit a leave application,1,submit,a leave application,Submit a leave application,0.89453125,18,project_management_tools_create_work_item,0.41015625,45.851528384279476,0.0,0.0,17,,
11,Submit a leave application,1,submit,a leave application,Submit a leave application,0.89453125,19,github_mcp_server_create_pull_request,0.41015625,45.851528384279476,0.0078125,0.8733624454148471,17,0.0078125,1.0
11,Submit a leave application,1,submit,a leave application,Submit a leave application,0.89453125,20,office_word_mcp_server_api_add_page_break,0.40234375,44.97816593886463,0.001953125,0.21834061135371177,18,0.0078125,0.25
11,Submit a leave application,1,submit,a leave application,Submit a leave application,0.89453125,21,railway_tools_project_list,0.400390625,44.75982532751092,0.0,0.0,19,,
11,Submit a leave application,1,submit,a leave application,Submit a leave application,0.89453125,22,railway_tools_service_list,0.400390625,44.75982532751092,0.0,0.0,19,,
11,Submit a leave application,1,submit,a leave application,Submit a leave application,0.89453125,23,railway_tools_service_delete,0.400390625,44.75982532751092,0.00390625,0.43668122270742354,19,0.0078125,0.5
11,Submit a leave application,1,submit,a leave application,Submit a leave application,0.89453125,24,office_word_mcp_server_api_convert_to_pdf,0.396484375,44.32314410480349,0.0,0.0,20,,
11,Submit a leave application,1,submit,a leave application,Submit a leave application,0.89453125,25,office_word_mcp_server_api_add_picture,0.396484375,44.32314410480349,0.001953125,0.21834061135371177,20,0.0068359375,0.2857142857142857
11,Submit a leave application,1,submit,a leave application,Submit a leave application,0.89453125,26,railway_tools_project_environments,0.39453125,44.10480349344978,0.0,0.0,21,,
11,Submit a leave application,1,submit,a leave application,Submit a leave application,0.89453125,27,railway_tools_service_create_from_repo,0.39453125,44.10480349344978,0.00390625,0.43668122270742354,21,0.005859375,0.6666666666666666
11,Submit a leave application,1,submit,a leave application,Submit a leave application,0.89453125,28,railway_tools_service_info,0.390625,43.66812227074236,0.0,0.0,22,,
11,Submit a leave application,1,submit,a leave application,Submit a leave application,0.89453125,29,office_word_mcp_server_api_add_table,0.390625,43.66812227074236,0.0,0.0,22,,
11,Submit a leave application,1,submit,a leave application,Submit a leave application,0.89453125,30,github_mcp_server_create_branch,0.390625,43.66812227074236,0.00390625,0.43668122270742354,22,0.005859375,0.6666666666666666
11,Submit a leave application,1,submit,a leave application,Submit a leave application,0.89453125,31,office_word_mcp_server_api_add_paragraph,0.38671875,43.23144104803494,0.0,0.0,23,,
11,Submit a leave application,1,submit,a leave application,Submit a leave application,0.89453125,32,project_management_tools_create_sprint,0.38671875,43.23144104803494,0.0,0.0,23,,
11,Submit a leave application,1,submit,a leave application,Submit a leave application,0.89453125,33,sharepoint_tools_create_txt_file_in_sharepoint,0.38671875,43.23144104803494,0.00390625,0.43668122270742354,23,0.005859375,0.6666666666666666
11,Submit a leave application,1,submit,a leave application,Submit a leave application,0.89453125,34,railway_tools_service_update,0.3828125,42.79475982532751,0.0,0.0,24,,
11,Submit a leave application,1,submit,a leave application,Submit a leave application,0.89453125,35,project_management_tools_export_sprint_to_sharepoint,0.3828125,42.79475982532751,0.0,0.0,24,,
11,Submit a leave application,1,submit,a leave application,Submit a leave application,0.89453125,36,github_mcp_server_update_pull_request,0.3828125,42.79475982532751,0.00390625,0.43668122270742354,24,0.0048828125,0.8
11,Submit a leave application,1,submit,a leave application,Submit a leave application,0.89453125,37,supabase_mcp_insert_table_data,0.37890625,42.35807860262008,0.0,0.0,25,,
11,Submit a leave application,1,submit,a leave application,Submit a leave application,0.89453125,38,railway_tools_volume_update,0.37890625,42.35807860262008,0.0,0.0,25,,
11,Submit a leave application,1,submit,a leave application,Submit a leave application,0.89453125,39,project_management_tools_list_work_items,0.37890625,42.35807860262008,0.001953125,0.21834061135371177,25,0.00390625,0.5
11,Submit a leave application,1,submit,a leave application,Submit a leave application,0.89453125,40,office_word_mcp_server_api_add_heading,0.376953125,42.13973799126637,0.0,0.0,26,,
11,Submit a leave application,1,submit,a leave application,Submit a leave application,0.89453125,41,project_management_tools_get_user_capacity,0.376953125,42.13973799126637,0.0,0.0,26,,
11,Submit a leave application,1,submit,a leave application,Submit a leave application,0.89453125,42,gmail_tools_reply_google_email,0.376953125,42.13973799126637,0.0,0.0,26,,
11,Submit a leave application,1,submit,a leave application,Submit a leave application,0.89453125,43,github_mcp_server_merge_pull_request,0.376953125,42.13973799126637,0.0,0.0,26,,
11,Submit a leave application,1,submit,a leave application,Submit a leave application,0.89453125,44,project_management_tools_create_project,0.376953125,42.13973799126637,0.001953125,0.21834061135371177,26,0.00390625,0.5
11,Submit a leave application,1,submit,a leave application,Submit a leave application,0.89453125,45,gmail_tools_forward_google_email,0.375,41.92139737991266,0.001953125,0.21834061135371177,27,0.00390625,0.5
11,Submit a leave application,1,submit,a leave application,Submit a leave application,0.89453125,46,project_management_tools_create_team,0.373046875,41.70305676855895,0.0,0.0,28,,
11,Submit a leave application,1,submit,a leave application,Submit a leave application,0.89453125,47,office_word_mcp_server_api_delete_document,0.373046875,41.70305676855895,0.0,0.0,28,,
11,Submit a leave application,1,submit,a leave application,Submit a leave application,0.89453125,48,project_management_tools_add_work_item_comment,0.373046875,41.70305676855895,0.0,0.0,28,,
11,Submit a leave application,1,submit,a leave application,Submit a leave application,0.89453125,49,project_management_tools_assign_work_item,0.373046875,41.70305676855895,0.001953125,0.21834061135371177,28,0.00390625,0.5
11,Submit a leave application,1,submit,a leave application,Submit a leave application,0.89453125,50,railway_tools_service_restart,0.37109375,41.48471615720524,0.00390625,0.43668122270742354,29,0.00390625,1.0
11,Submit a leave application,1,submit,a leave application,Submit a leave application,0.89453125,51,project_management_tools_view_board,0.3671875,41.04803493449782,0.001953125,0.21834061135371177,30,0.00390625,0.5
11,Submit a leave application,1,submit,a leave application,Submit a leave application,0.89453125,52,supabase_mcp_update_database_table_data,0.365234375,40.8296943231441,0.0,0.0,31,,
11,Submit a leave application,1,submit,a leave application,Submit a leave application,0.89453125,53,quest_studio_file_storage_get_storage_usage,0.365234375,40.8296943231441,0.0,0.0,31,,
11,Submit a leave application,1,submit,a leave application,Submit a leave application,0.89453125,54,project_management_tools_update_task_status,0.365234375,40.8296943231441,0.001953125,0.21834061135371177,31,0.00390625,0.5
11,Submit a leave application,1,submit,a leave application,Submit a leave application,0.89453125,55,railway_tools_volume_delete,0.36328125,40.61135371179039,0.0,0.0,32,,
11,Submit a leave application,1,submit,a leave application,Submit a leave application,0.89453125,56,github_mcp_server_create_repository,0.36328125,40.61135371179039,0.001953125,0.21834061135371177,32,0.00390625,0.5
11,Submit a leave application,1,submit,a leave application,Submit a leave application,0.89453125,57,quest_studio_file_storage_delete_file,0.361328125,40.39301310043668,0.0,0.0,33,,
11,Submit a leave application,1,submit,a leave application,Submit a leave application,0.89453125,58,project_management_tools_delete_sprint,0.361328125,40.39301310043668,0.001953125,0.21834061135371177,33,0.00390625,0.5
11,Submit a leave application,1,submit,a leave application,Submit a leave application,0.89453125,59,railway_tools_database_list_types,0.359375,40.174672489082965,0.001953125,0.21834061135371177,34,0.00390625,0.5
11,Submit a leave application,1,submit,a leave application,Submit a leave application,0.89453125,60,railway_tools_volume_create,0.357421875,39.956331877729255,0.0,0.0,35,,
11,Submit a leave application,1,submit,a leave application,Submit a leave application,0.89453125,61,github_mcp_server_push_files,0.357421875,39.956331877729255,0.001953125,0.21834061135371177,35,0.00390625,0.5
11,Submit a leave application,1,submit,a leave application,Submit a leave application,0.89453125,62,outlook_mail_management_reply_to_email,0.35546875,39.737991266375545,0.0,0.0,36,,
11,Submit a leave application,1,submit,a leave application,Submit a leave application,0.89453125,63,gmail_tools_delete_google_email,0.35546875,39.737991266375545,0.001953125,0.21834061135371177,36,0.00390625,0.5
11,Submit a leave application,1,submit,a leave application,Submit a leave application,0.89453125,64,railway_tools_service_create_from_image,0.353515625,39.519650655021834,0.0,0.0,37,,
11,Submit a leave application,1,submit,a leave application,Submit a leave application,0.89453125,65,github_mcp_server_create_or_update_file,0.353515625,39.519650655021834,0.0,0.0,37,,
11,Submit a leave application,1,submit,a leave application,Submit a leave application,0.89453125,66,office_word_mcp_server_api_delete_paragraph,0.353515625,39.519650655021834,0.0,0.0,37,,
11,Submit a leave application,1,submit,a leave application,Submit a leave application,0.89453125,67,office_word_mcp_server_api_merge_doucments,0.353515625,39.519650655021834,0.001953125,0.21834061135371177,37,0.00390625,0.5
11,Submit a leave application,1,submit,a leave application,Submit a leave application,0.89453125,68,github_mcp_server_pull_request_read,0.3515625,39.30131004366812,0.001953125,0.21834061135371177,38,0.00390625,0.5
11,Submit a leave application,1,submit,a leave application,Submit a leave application,0.89453125,69,project_management_tools_delete_work_item,0.349609375,39.082969432314414,0.001953125,0.21834061135371177,39,0.00390625,0.5
11,Submit a leave application,1,submit,a leave application,Submit a leave application,0.89453125,70,quest_studio_file_storage_update_file,0.34765625,38.864628820960704,0.0,0.0,40,,
11,Submit a leave application,1,submit,a leave application,Submit a leave application,0.89453125,71,project_management_tools_list_sprints,0.34765625,38.864628820960704,0.0,0.0,40,,
11,Submit a leave application,1,submit,a leave application,Submit a leave application,0.89453125,72,project_management_tools_delete_team,0.34765625,38.864628820960704,0.00390625,0.43668122270742354,40,0.00390625,1.0
11,Submit a leave application,1,submit,a leave application,Submit a leave application,0.89453125,73,office_word_mcp_server_api_copy_document,0.34375,38.427947598253276,0.001953125,0.21834061135371177,41,0.00390625,0.5
11,Submit a leave application,1,submit,a leave application,Submit a leave application,0.89453125,74,quest_studio_file_storage_get_files,0.341796875,38.209606986899566,0.0,0.0,42,,
11,Submit a leave application,1,submit,a leave application,Submit a leave application,0.89453125,75,sharepoint_tools_get_sharepoint_sites,0.341796875,38.209606986899566,0.0,0.0,42,,
11,Submit a leave application,1,submit,a leave application,Submit a leave application,0.89453125,76,github_mcp_server_get_me,0.341796875,38.209606986899566,0.0,0.0,42,,
11,Submit a leave application,1,submit,a leave application,Submit a leave application,0.89453125,77,office_word_mcp_server_api_list_files,0.341796875,38.209606986899566,0.0,0.0,42,,
11,Submit a leave application,1,submit,a leave application,Submit a leave application,0.89453125,78,outlook_mail_management_compose_email,0.341796875,38.209606986899566,0.001953125,0.21834061135371177,42,0.00390625,0.5
11,Submit a leave application,1,submit,a leave application,Submit a leave application,0.89453125,79,project_management_tools_list_team_members,0.33984375,37.99126637554585,0.0,0.0,43,,
11,Submit a leave application,1,submit,a leave application,Submit a leave application,0.89453125,80,supabase_mcp_get_all_supabase_projects,0.33984375,37.99126637554585,0.001953125,0.21834061135371177,43,0.00390625,0.5
11,Submit a leave application,1,submit,a leave application,Submit a leave application,0.89453125,81,office_word_mcp_server_api_search_replace,0.337890625,37.77292576419214,0.0,0.0,44,,
11,Submit a leave application,1,submit,a leave application,Submit a leave application,0.89453125,82,project_management_tools_list_users,0.337890625,37.77292576419214,0.0,0.0,44,,
11,Submit a leave application,1,submit,a leave application,Submit a leave application,0.89453125,83,gmail_tools_get_google_emails,0.337890625,37.77292576419214,0.001953125,0.21834061135371177,44,0.00390625,0.5
11,Submit a leave application,1,submit,a leave application,Submit a leave application,0.89453125,84,office_word_mcp_server_api_get_document_outline,0.3359375,37.55458515283843,0.0,0.0,45,,
11,Submit a leave application,1,submit,a leave application,Submit a leave application,0.89453125,85,github_mcp_server_get_commit,0.3359375,37.55458515283843,0.001953125,0.21834061135371177,45,0.00390625,0.5
11,Submit a leave application,1,submit,a leave application,Submit a leave application,0.89453125,86,project_management_tools_get_work_item_comments,0.333984375,37.33624454148472,0.0,0.0,46,,
11,Submit a leave application,1,submit,a leave application,Submit a leave application,0.89453125,87,office_word_mcp_server_api_get_document_xml,0.333984375,37.33624454148472,0.001953125,0.21834061135371177,46,0.00390625,0.5
11,Submit a leave application,1,submit,a leave application,Submit a leave application,0.89453125,88,project_management_tools_list_teams,0.33203125,37.117903930131,0.0,0.0,47,,
11,Submit a leave application,1,submit,a leave application,Submit a leave application,0.89453125,89,office_word_mcp_server_api_get_document_info,0.33203125,37.117903930131,0.0,0.0,47,,
11,Submit a leave application,1,submit,a leave application,Submit a leave application,0.89453125,90,github_mcp_server_list_pull_requests,0.33203125,37.117903930131,0.0,0.0,47,,
11,Submit a leave application,1,submit,a leave application,Submit a leave application,0.89453125,91,outlook_mail_management_forward_email,0.33203125,37.117903930131,0.0,0.0,47,,
11,Submit a leave application,1,submit,a leave application,Submit a leave application,0.89453125,92,github_mcp_server_list_commits,0.33203125,37.117903930131,0.001953125,0.21834061135371177,47,0.00390625,0.5
11,Submit a leave application,1,submit,a leave application,Submit a leave application,0.89453125,93,project_management_tools_update_work_item,0.330078125,36.8995633187773,0.001953125,0.21834061135371177,48,0.0029296875,0.6666666666666666
11,Submit a leave application,1,submit,a leave application,Submit a leave application,0.89453125,94,project_management_tools_get_team,0.328125,36.681222707423586,0.001953125,0.21834061135371177,49,0.001953125,1.0
11,Submit a leave application,1,submit,a leave application,Submit a leave application,0.89453125,95,project_management_tools_get_sprint,0.326171875,36.46288209606987,0.0,0.0,50,,
11,Submit a leave application,1,submit,a leave application,Submit a leave application,0.89453125,96,outlook_mail_management_send_email,0.326171875,36.46288209606987,0.001953125,0.21834061135371177,50,0.001953125,1.0
11,Submit a leave application,1,submit,a leave application,Submit a leave application,0.89453125,97,github_mcp_server_list_branches,0.32421875,36.24454148471616,0.0,0.0,51,,
11,Submit a leave application,1,submit,a leave application,Submit a leave application,0.89453125,98,supabase_mcp_check_database_health,0.32421875,36.24454148471616,0.0,0.0,51,,
11,Submit a leave application,1,submit,a leave application,Submit a leave application,0.89453125,99,office_word_mcp_server_api_get_document_text,0.32421875,36.24454148471616,0.001953125,0.21834061135371177,51,0.001953125,1.0
11,Submit a leave application,1,submit,a leave application,Submit a leave application,0.89453125,100,project_management_tools_delete_project,0.322265625,36.02620087336245,0.001953125,0.21834061135371177,52,0.001953125,1.0
11,Submit a leave application,1,submit,a leave application,Submit a leave application,0.89453125,101,project_management_tools_update_project,0.3203125,35.80786026200873,0.0,0.0,53,,
11,Submit a leave application,1,submit,a leave application,Submit a leave application,0.89453125,102,railway_tools_volume_list,0.3203125,35.80786026200873,0.001953125,0.21834061135371177,53,0.001953125,1.0
11,Submit a leave application,1,submit,a leave application,Submit a leave application,0.89453125,103,project_management_tools_list_projects,0.318359375,35.58951965065502,0.0,0.0,54,,
11,Submit a leave application,1,submit,a leave application,Submit a leave application,0.89453125,104,quest_studio_file_storage_get_file,0.318359375,35.58951965065502,0.00390625,0.43668122270742354,54,0.001953125,2.0
11,Submit a leave application,1,submit,a leave application,Submit a leave application,0.89453125,105,office_word_mcp_server_api_find_text_in_document,0.314453125,35.1528384279476,0.001953125,0.21834061135371177,55,0.001953125,1.0
11,Submit a leave application,1,submit,a leave application,Submit a leave application,0.89453125,106,github_mcp_server_delete_file,0.3125,34.93449781659388,0.00390625,0.43668122270742354,56,0.001953125,2.0
11,Submit a leave application,1,submit,a leave application,Submit a leave application,0.89453125,107,project_management_tools_get_work_item,0.30859375,34.49781659388647,0.0078125,0.8733624454148471,57,0.001953125,4.0
11,Submit a leave application,1,submit,a leave application,Submit a leave application,0.89453125,108,project_management_tools_get_project,0.30078125,33.624454148471614,0.001953125,0.21834061135371177,58,0.001953125,1.0
11,Submit a leave application,1,submit,a leave application,Submit a leave application,0.89453125,109,office_word_mcp_server_api_get_paragraph_text_from_document,0.298828125,33.4061135371179,0.0,0.0,59,,
11,Submit a leave application,1,submit,a leave application,Submit a leave application,0.89453125,110,supabase_mcp_select_database_table_data,0.298828125,33.4061135371179,0.001953125,0.21834061135371177,59,0.001953125,1.0
11,Submit a leave application,1,submit,a leave application,Submit a leave application,0.89453125,111,outlook_mail_management_search_outlook_mail,0.296875,33.18777292576419,0.001953125,0.21834061135371177,60,0.001953125,1.0
11,Submit a leave application,1,submit,a leave application,Submit a leave application,0.89453125,112,quest_studio_file_storage_get_file_content,0.294921875,32.96943231441048,0.001953125,0.21834061135371177,61,0.001953125,1.0
11,Submit a leave application,1,submit,a leave application,Submit a leave application,0.89453125,113,sharepoint_tools_get_sharepoint_documents,0.29296875,32.751091703056765,0.0,0.0,62,,
11,Submit a leave application,1,submit,a leave application,Submit a leave application,0.89453125,114,outlook_mail_management_find_email_address,0.29296875,32.751091703056765,0.009765625,1.0917030567685588,62,0.001953125,5.0
11,Submit a leave application,1,submit,a leave application,Submit a leave application,0.89453125,115,github_mcp_server_search_repositories,0.283203125,31.65938864628821,0.005859375,0.6550218340611353,63,0.001953125,3.0
11,Submit a leave application,1,submit,a leave application,Submit a leave application,0.89453125,116,github_mcp_server_get_file_contents,0.27734375,31.004366812227076,0.00390625,0.43668122270742354,64,0.001953125,2.0
11,Submit a leave application,1,submit,a leave application,Submit a leave application,0.89453125,117,supabase_mcp_get_database_tables,0.2734375,30.567685589519648,0.00390625,0.43668122270742354,65,0.001953125,2.0
11,Submit a leave application,1,submit,a leave application,Submit a leave application,0.89453125,118,supabase_mcp_get_table_schema,0.26953125,30.131004366812224,0.001953125,0.21834061135371177,66,0.001953125,1.0
11,Submit a leave application,1,submit,a leave application,Submit a leave application,0.89453125,119,quest_studio_file_storage_query_files,0.267578125,29.912663755458514,0.025390625,2.8384279475982535,67,0.001953125,13.0
11,Submit a leave application,1,submit,a leave application,Submit a leave application,0.89453125,120,outlook_mail_management_delete_email_message,0.2421875,27.074235807860266,0.001953125,0.21834061135371177,68,0.001953125,1.0
11,Submit a leave application,1,submit,a leave application,Submit a leave application,0.89453125,121,web_search_tools_web_search,0.240234375,26.85589519650655,0.0068359375,0.7641921397379913,69,0.001953125,3.5
11,Submit a leave application,1,submit,a leave application,Submit a leave application,0.89453125,122,outlook_mail_management_get_email_messages,0.2333984375,26.091703056768562,,,70,,
12,Find a GitHub repository,1,find,a GitHub repository,Find a GitHub repository,0.82421875,1,github_mcp_server_search_repositories,0.82421875,100.0,0.0390625,4.739336492890995,0,,
12,Find a GitHub repository,1,find,a GitHub repository,Find a GitHub repository,0.82421875,2,github_mcp_server_get_commit,0.78515625,95.260663507109,0.01171875,1.4218009478672986,1,,
12,Find a GitHub repository,1,find,a GitHub repository,Find a GitHub repository,0.82421875,3,github_mcp_server_pull_request_read,0.7734375,93.8388625592417,0.00390625,0.47393364928909953,2,,
12,Find a GitHub repository,1,find,a GitHub repository,Find a GitHub repository,0.82421875,4,github_mcp_server_create_repository,0.76953125,93.36492890995261,0.00390625,0.47393364928909953,3,0.01171875,0.3333333333333333
12,Find a GitHub repository,1,find,a GitHub repository,Find a GitHub repository,0.82421875,5,github_mcp_server_get_file_contents,0.765625,92.89099526066352,0.01953125,2.3696682464454977,4,0.0078125,2.5
12,Find a GitHub repository,1,find,a GitHub repository,Find a GitHub repository,0.82421875,6,github_mcp_server_get_me,0.74609375,90.52132701421802,0.00390625,0.47393364928909953,5,0.01171875,0.3333333333333333
12,Find a GitHub repository,1,find,a GitHub repository,Find a GitHub repository,0.82421875,7,github_mcp_server_create_or_update_file,0.7421875,90.04739336492891,0.00390625,0.47393364928909953,6,0.0078125,0.5
12,Find a GitHub repository,1,find,a GitHub repository,Find a GitHub repository,0.82421875,8,github_mcp_server_list_pull_requests,0.73828125,89.57345971563981,0.00390625,0.47393364928909953,7,0.00390625,1.0
12,Find a GitHub repository,1,find,a GitHub repository,Find a GitHub repository,0.82421875,9,github_mcp_server_list_branches,0.734375,89.0995260663507,0.00390625,0.47393364928909953,8,0.00390625,1.0
12,Find a GitHub repository,1,find,a GitHub repository,Find a GitHub repository,0.82421875,10,github_mcp_server_list_commits,0.73046875,88.62559241706161,0.02734375,3.3175355450236967,9,0.00390625,7.0
12,Find a GitHub repository,1,find,a GitHub repository,Find a GitHub repository,0.82421875,11,github_mcp_server_merge_pull_request,0.703125,85.30805687203792,0.0,0.0,10,,
12,Find a GitHub repository,1,find,a GitHub repository,Find a GitHub repository,0.82421875,12,github_mcp_server_create_pull_request,0.703125,85.30805687203792,0.01171875,1.4218009478672986,10,0.00390625,3.0
12,Find a GitHub repository,1,find,a GitHub repository,Find a GitHub repository,0.82421875,13,github_mcp_server_create_branch,0.69140625,83.88625592417061,0.01171875,1.4218009478672986,11,0.00390625,3.0
12,Find a GitHub repository,1,find,a GitHub repository,Find a GitHub repository,0.82421875,14,github_mcp_server_update_pull_request,0.6796875,82.46445497630332,0.0234375,2.843601895734597,12,0.0078125,3.0
12,Find a GitHub repository,1,find,a GitHub repository,Find a GitHub repository,0.82421875,15,railway_tools_service_create_from_repo,0.65625,79.62085308056872,0.00390625,0.47393364928909953,13,0.01171875,0.3333333333333333
12,Find a GitHub repository,1,find,a GitHub repository,Find a GitHub repository,0.82421875,16,github_mcp_server_delete_file,0.65234375,79.14691943127961,0.0703125,8.530805687203792,14,0.0078125,9.0
12,Find a GitHub repository,1,find,a GitHub repository,Find a GitHub repository,0.82421875,17,web_search_tools_web_search,0.58203125,70.61611374407583,0.01953125,2.3696682464454977,15,0.01171875,1.6666666666666667
12,Find a GitHub repository,1,find,a GitHub repository,Find a GitHub repository,0.82421875,18,github_mcp_server_push_files,0.5625,68.24644549763033,0.0,0.0,16,,
12,Find a GitHub repository,1,find,a GitHub repository,Find a GitHub repository,0.82421875,19,office_word_mcp_server_api_search_replace,0.5625,68.24644549763033,0.0078125,0.9478672985781991,16,0.01171875,0.6666666666666666
12,Find a GitHub repository,1,find,a GitHub repository,Find a GitHub repository,0.82421875,20,office_word_mcp_server_api_find_text_in_document,0.5546875,67.29857819905213,0.00390625,0.47393364928909953,17,0.01171875,0.3333333333333333
12,Find a GitHub repository,1,find,a GitHub repository,Find a GitHub repository,0.82421875,21,outlook_mail_management_find_email_address,0.55078125,66.82464454976304,0.01171875,1.4218009478672986,18,0.009765625,1.2
12,Find a GitHub repository,1,find,a GitHub repository,Find a GitHub repository,0.82421875,22,railway_tools_project_create,0.5390625,65.40284360189574,0.0,0.0,19,,
12,Find a GitHub repository,1,find,a GitHub repository,Find a GitHub repository,0.82421875,23,railway_tools_project_environments,0.5390625,65.40284360189574,0.01953125,2.3696682464454977,19,0.01171875,1.6666666666666667
12,Find a GitHub repository,1,find,a GitHub repository,Find a GitHub repository,0.82421875,24,railway_tools_project_info,0.51953125,63.03317535545023,0.0,0.0,20,,
12,Find a GitHub repository,1,find,a GitHub repository,Find a GitHub repository,0.82421875,25,project_management_tools_get_team,0.51953125,63.03317535545023,0.00390625,0.47393364928909953,20,0.01171875,0.3333333333333333
12,Find a GitHub repository,1,find,a GitHub repository,Find a GitHub repository,0.82421875,26,gmail_tools_reply_google_email,0.515625,62.55924170616114,0.00390625,0.47393364928909953,21,0.01171875,0.3333333333333333
12,Find a GitHub repository,1,find,a GitHub repository,Find a GitHub repository,0.82421875,27,project_management_tools_get_project,0.51171875,62.08530805687204,0.0,0.0,22,,
12,Find a GitHub repository,1,find,a GitHub repository,Find a GitHub repository,0.82421875,28,supabase_mcp_check_database_health,0.51171875,62.08530805687204,0.00390625,0.47393364928909953,22,0.009765625,0.4
12,Find a GitHub repository,1,find,a GitHub repository,Find a GitHub repository,0.82421875,29,project_management_tools_list_projects,0.5078125,61.61137440758294,0.0,0.0,23,,
12,Find a GitHub repository,1,find,a GitHub repository,Find a GitHub repository,0.82421875,30,quest_studio_file_storage_get_file_content,0.5078125,61.61137440758294,0.00390625,0.47393364928909953,23,0.0078125,0.5
12,Find a GitHub repository,1,find,a GitHub repository,Find a GitHub repository,0.82421875,31,gmail_tools_get_google_emails,0.50390625,61.137440758293835,0.00390625,0.47393364928909953,24,0.005859375,0.6666666666666666
12,Find a GitHub repository,1,find,a GitHub repository,Find a GitHub repository,0.82421875,32,project_management_tools_list_teams,0.5,60.66350710900474,0.0,0.0,25,,
12,Find a GitHub repository,1,find,a GitHub repository,Find a GitHub repository,0.82421875,33,supabase_mcp_select_database_table_data,0.5,60.66350710900474,0.0,0.0,25,,
12,Find a GitHub repository,1,find,a GitHub repository,Find a GitHub repository,0.82421875,34,project_management_tools_list_team_members,0.5,60.66350710900474,0.0,0.0,25,,
12,Find a GitHub repository,1,find,a GitHub repository,Find a GitHub repository,0.82421875,35,gmail_tools_send_google_email,0.5,60.66350710900474,0.00390625,0.47393364928909953,25,0.00390625,1.0
12,Find a GitHub repository,1,find,a GitHub repository,Find a GitHub repository,0.82421875,36,project_management_tools_create_project,0.49609375,60.18957345971564,0.001953125,0.23696682464454977,26,0.00390625,0.5
12,Find a GitHub repository,1,find,a GitHub repository,Find a GitHub repository,0.82421875,37,project_management_tools_view_board,0.494140625,59.95260663507109,0.001953125,0.23696682464454977,27,0.00390625,0.5
12,Find a GitHub repository,1,find,a GitHub repository,Find a GitHub repository,0.82421875,38,quest_studio_file_storage_get_file,0.4921875,59.71563981042654,0.00390625,0.47393364928909953,28,0.00390625,1.0
12,Find a GitHub repository,1,find,a GitHub repository,Find a GitHub repository,0.82421875,39,quest_studio_file_storage_get_storage_usage,0.48828125,59.241706161137444,0.001953125,0.23696682464454977,29,0.00390625,0.5
12,Find a GitHub repository,1,find,a GitHub repository,Find a GitHub repository,0.82421875,40,railway_tools_service_create_from_image,0.486328125,59.0047393364929,0.0,0.0,30,,
12,Find a GitHub repository,1,find,a GitHub repository,Find a GitHub repository,0.82421875,41,supabase_mcp_get_all_supabase_projects,0.486328125,59.0047393364929,0.0,0.0,30,,
12,Find a GitHub repository,1,find,a GitHub repository,Find a GitHub repository,0.82421875,42,project_management_tools_list_users,0.486328125,59.0047393364929,0.00390625,0.47393364928909953,30,0.00390625,1.0
12,Find a GitHub repository,1,find,a GitHub repository,Find a GitHub repository,0.82421875,43,gmail_tools_forward_google_email,0.482421875,58.53080568720379,0.0,0.0,31,,
12,Find a GitHub repository,1,find,a GitHub repository,Find a GitHub repository,0.82421875,44,office_word_mcp_server_api_copy_document,0.482421875,58.53080568720379,0.001953125,0.23696682464454977,31,0.00390625,0.5
12,Find a GitHub repository,1,find,a GitHub repository,Find a GitHub repository,0.82421875,45,railway_tools_project_list,0.48046875,58.29383886255924,0.00390625,0.47393364928909953,32,0.00390625,1.0
12,Find a GitHub repository,1,find,a GitHub repository,Find a GitHub repository,0.82421875,46,outlook_mail_management_search_outlook_mail,0.4765625,57.81990521327014,0.0,0.0,33,,
12,Find a GitHub repository,1,find,a GitHub repository,Find a GitHub repository,0.82421875,47,project_management_tools_get_user_capacity,0.4765625,57.81990521327014,0.0,0.0,33,,
12,Find a GitHub repository,1,find,a GitHub repository,Find a GitHub repository,0.82421875,48,office_word_mcp_server_api_get_document_info,0.4765625,57.81990521327014,0.001953125,0.23696682464454977,33,0.00390625,0.5
12,Find a GitHub repository,1,find,a GitHub repository,Find a GitHub repository,0.82421875,49,railway_tools_service_info,0.474609375,57.58293838862559,0.0,0.0,34,,
12,Find a GitHub repository,1,find,a GitHub repository,Find a GitHub repository,0.82421875,50,railway_tools_service_list,0.474609375,57.58293838862559,0.0,0.0,34,,
12,Find a GitHub repository,1,find,a GitHub repository,Find a GitHub repository,0.82421875,51,railway_tools_project_delete,0.474609375,57.58293838862559,0.001953125,0.23696682464454977,34,0.00390625,0.5
12,Find a GitHub repository,1,find,a GitHub repository,Find a GitHub repository,0.82421875,52,supabase_mcp_get_table_schema,0.47265625,57.345971563981045,0.0,0.0,35,,
12,Find a GitHub repository,1,find,a GitHub repository,Find a GitHub repository,0.82421875,53,railway_tools_database_list_types,0.47265625,57.345971563981045,0.0,0.0,35,,
12,Find a GitHub repository,1,find,a GitHub repository,Find a GitHub repository,0.82421875,54,project_management_tools_create_team,0.47265625,57.345971563981045,0.005859375,0.7109004739336493,35,0.00390625,1.5
12,Find a GitHub repository,1,find,a GitHub repository,Find a GitHub repository,0.82421875,55,sharepoint_tools_get_sharepoint_sites,0.466796875,56.6350710900474,0.0,0.0,36,,
12,Find a GitHub repository,1,find,a GitHub repository,Find a GitHub repository,0.82421875,56,project_management_tools_delete_team,0.466796875,56.6350710900474,0.0,0.0,36,,
12,Find a GitHub repository,1,find,a GitHub repository,Find a GitHub repository,0.82421875,57,project_management_tools_get_work_item_comments,0.466796875,56.6350710900474,0.001953125,0.23696682464454977,36,0.00390625,0.5
12,Find a GitHub repository,1,find,a GitHub repository,Find a GitHub repository,0.82421875,58,carrot_mcp_server_api_hr_dashboard_summary,0.46484375,56.39810426540285,0.001953125,0.23696682464454977,37,0.00390625,0.5
12,Find a GitHub repository,1,find,a GitHub repository,Find a GitHub repository,0.82421875,59,carrot_mcp_server_api_get_employee,0.462890625,56.16113744075829,0.0,0.0,38,,
12,Find a GitHub repository,1,find,a GitHub repository,Find a GitHub repository,0.82421875,60,project_management_tools_get_work_item,0.462890625,56.16113744075829,0.001953125,0.23696682464454977,38,0.00390625,0.5
12,Find a GitHub repository,1,find,a GitHub repository,Find a GitHub repository,0.82421875,61,supabase_mcp_get_database_tables,0.4609375,55.92417061611374,0.001953125,0.23696682464454977,39,0.00390625,0.5
12,Find a GitHub repository,1,find,a GitHub repository,Find a GitHub repository,0.82421875,62,railway_tools_volume_list,0.458984375,55.687203791469194,0.0,0.0,40,,
12,Find a GitHub repository,1,find,a GitHub repository,Find a GitHub repository,0.82421875,63,project_management_tools_get_sprint,0.458984375,55.687203791469194,0.0,0.0,40,,
12,Find a GitHub repository,1,find,a GitHub repository,Find a GitHub repository,0.82421875,64,office_word_mcp_server_api_get_document_text,0.458984375,55.687203791469194,0.0,0.0,40,,
12,Find a GitHub repository,1,find,a GitHub repository,Find a GitHub repository,0.82421875,65,office_word_mcp_server_api_get_document_outline,0.458984375,55.687203791469194,0.0,0.0,40,,
12,Find a GitHub repository,1,find,a GitHub repository,Find a GitHub repository,0.82421875,66,gmail_tools_delete_google_email,0.458984375,55.687203791469194,0.001953125,0.23696682464454977,40,0.00390625,0.5
12,Find a GitHub repository,1,find,a GitHub repository,Find a GitHub repository,0.82421875,67,project_management_tools_list_sprints,0.45703125,55.45023696682464,0.0,0.0,41,,
12,Find a GitHub repository,1,find,a GitHub repository,Find a GitHub repository,0.82421875,68,project_management_tools_create_work_item,0.45703125,55.45023696682464,0.001953125,0.23696682464454977,41,0.00390625,0.5
12,Find a GitHub repository,1,find,a GitHub repository,Find a GitHub repository,0.82421875,69,quest_studio_file_storage_get_files,0.455078125,55.21327014218009,0.00390625,0.47393364928909953,42,0.00390625,1.0
12,Find a GitHub repository,1,find,a GitHub repository,Find a GitHub repository,0.82421875,70,quest_studio_file_storage_query_files,0.451171875,54.739336492891,0.0,0.0,43,,
12,Find a GitHub repository,1,find,a GitHub repository,Find a GitHub repository,0.82421875,71,sharepoint_tools_get_sharepoint_documents,0.451171875,54.739336492891,0.005859375,0.7109004739336493,43,0.00390625,1.5
12,Find a GitHub repository,1,find,a GitHub repository,Find a GitHub repository,0.82421875,72,railway_tools_service_delete,0.4453125,54.02843601895735,0.0,0.0,44,,
12,Find a GitHub repository,1,find,a GitHub repository,Find a GitHub repository,0.82421875,73,railway_tools_service_restart,0.4453125,54.02843601895735,0.001953125,0.23696682464454977,44,0.00390625,0.5
12,Find a GitHub repository,1,find,a GitHub repository,Find a GitHub repository,0.82421875,74,carrot_mcp_server_api_list_employees,0.443359375,53.79146919431279,0.001953125,0.23696682464454977,45,0.00390625,0.5
12,Find a GitHub repository,1,find,a GitHub repository,Find a GitHub repository,0.82421875,75,office_word_mcp_server_api_get_paragraph_text_from_document,0.44140625,53.55450236966824,0.001953125,0.23696682464454977,46,0.00390625,0.5
12,Find a GitHub repository,1,find,a GitHub repository,Find a GitHub repository,0.82421875,76,project_management_tools_list_work_items,0.439453125,53.317535545023695,0.001953125,0.23696682464454977,47,0.00390625,0.5
12,Find a GitHub repository,1,find,a GitHub repository,Find a GitHub repository,0.82421875,77,project_management_tools_delete_project,0.4375,53.08056872037915,0.0,0.0,48,,
12,Find a GitHub repository,1,find,a GitHub repository,Find a GitHub repository,0.82421875,78,carrot_mcp_server_api_log_hours_entry,0.4375,53.08056872037915,0.0,0.0,48,,
12,Find a GitHub repository,1,find,a GitHub repository,Find a GitHub repository,0.82421875,79,office_word_mcp_server_api_get_document_xml,0.4375,53.08056872037915,0.001953125,0.23696682464454977,48,0.00390625,0.5
12,Find a GitHub repository,1,find,a GitHub repository,Find a GitHub repository,0.82421875,80,supabase_mcp_insert_table_data,0.435546875,52.843601895734594,0.0,0.0,49,,
12,Find a GitHub repository,1,find,a GitHub repository,Find a GitHub repository,0.82421875,81,carrot_mcp_server_api_create_employee,0.435546875,52.843601895734594,0.001953125,0.23696682464454977,49,0.00390625,0.5
12,Find a GitHub repository,1,find,a GitHub repository,Find a GitHub repository,0.82421875,82,office_word_mcp_server_api_create_word_document,0.43359375,52.60663507109005,0.001953125,0.23696682464454977,50,0.00390625,0.5
12,Find a GitHub repository,1,find,a GitHub repository,Find a GitHub repository,0.82421875,83,office_word_mcp_server_api_list_files,0.431640625,52.3696682464455,0.0,0.0,51,,
12,Find a GitHub repository,1,find,a GitHub repository,Find a GitHub repository,0.82421875,84,sharepoint_tools_create_txt_file_in_sharepoint,0.431640625,52.3696682464455,0.00390625,0.47393364928909953,51,0.00390625,1.0
12,Find a GitHub repository,1,find,a GitHub repository,Find a GitHub repository,0.82421875,85,carrot_mcp_server_api_update_employee,0.427734375,51.8957345971564,0.001953125,0.23696682464454977,52,0.00390625,0.5
12,Find a GitHub repository,1,find,a GitHub repository,Find a GitHub repository,0.82421875,86,office_word_mcp_server_api_delete_document,0.42578125,51.65876777251185,0.001953125,0.23696682464454977,53,0.00390625,0.5
12,Find a GitHub repository,1,find,a GitHub repository,Find a GitHub repository,0.82421875,87,outlook_mail_management_compose_email,0.423828125,51.421800947867304,0.0,0.0,54,,
12,Find a GitHub repository,1,find,a GitHub repository,Find a GitHub repository,0.82421875,88,quest_studio_file_storage_delete_file,0.423828125,51.421800947867304,0.0,0.0,54,,
12,Find a GitHub repository,1,find,a GitHub repository,Find a GitHub repository,0.82421875,89,office_word_mcp_server_api_convert_to_pdf,0.423828125,51.421800947867304,0.001953125,0.23696682464454977,54,0.00390625,0.5
12,Find a GitHub repository,1,find,a GitHub repository,Find a GitHub repository,0.82421875,90,carrot_mcp_server_api_work_hours_summary,0.421875,51.18483412322274,0.0,0.0,55,,
12,Find a GitHub repository,1,find,a GitHub repository,Find a GitHub repository,0.82421875,91,supabase_mcp_update_database_table_data,0.421875,51.18483412322274,0.0,0.0,55,,
12,Find a GitHub repository,1,find,a GitHub repository,Find a GitHub repository,0.82421875,92,office_word_mcp_server_api_add_picture,0.421875,51.18483412322274,0.001953125,0.23696682464454977,55,0.00390625,0.5
12,Find a GitHub repository,1,find,a GitHub repository,Find a GitHub repository,0.82421875,93,project_management_tools_delete_work_item,0.419921875,50.947867298578196,0.0,0.0,56,,
12,Find a GitHub repository,1,find,a GitHub repository,Find a GitHub repository,0.82421875,94,office_word_mcp_server_api_merge_doucments,0.419921875,50.947867298578196,0.0,0.0,56,,
12,Find a GitHub repository,1,find,a GitHub repository,Find a GitHub repository,0.82421875,95,project_management_tools_export_sprint_to_sharepoint,0.419921875,50.947867298578196,0.00390625,0.47393364928909953,56,0.00390625,1.0
12,Find a GitHub repository,1,find,a GitHub repository,Find a GitHub repository,0.82421875,96,project_management_tools_update_project,0.416015625,50.4739336492891,0.001953125,0.23696682464454977,57,0.00390625,0.5
12,Find a GitHub repository,1,find,a GitHub repository,Find a GitHub repository,0.82421875,97,office_word_mcp_server_api_add_heading,0.4140625,50.23696682464455,0.0,0.0,58,,
12,Find a GitHub repository,1,find,a GitHub repository,Find a GitHub repository,0.82421875,98,railway_tools_volume_delete,0.4140625,50.23696682464455,0.0,0.0,58,,
12,Find a GitHub repository,1,find,a GitHub repository,Find a GitHub repository,0.82421875,99,project_management_tools_create_sprint,0.4140625,50.23696682464455,0.00390625,0.47393364928909953,58,0.00390625,1.0
12,Find a GitHub repository,1,find,a GitHub repository,Find a GitHub repository,0.82421875,100,outlook_mail_management_reply_to_email,0.41015625,49.763033175355446,0.001953125,0.23696682464454977,59,0.00390625,0.5
12,Find a GitHub repository,1,find,a GitHub repository,Find a GitHub repository,0.82421875,101,carrot_mcp_server_api_submit_leave_application,0.408203125,49.5260663507109,0.001953125,0.23696682464454977,60,0.00390625,0.5
12,Find a GitHub repository,1,find,a GitHub repository,Find a GitHub repository,0.82421875,102,project_management_tools_add_work_item_comment,0.40625,49.28909952606635,0.0,0.0,61,,
12,Find a GitHub repository,1,find,a GitHub repository,Find a GitHub repository,0.82421875,103,quest_studio_file_storage_update_file,0.40625,49.28909952606635,0.001953125,0.23696682464454977,61,0.00390625,0.5
12,Find a GitHub repository,1,find,a GitHub repository,Find a GitHub repository,0.82421875,104,railway_tools_service_update,0.404296875,49.052132701421804,0.0078125,0.9478672985781991,62,0.00390625,2.0
12,Find a GitHub repository,1,find,a GitHub repository,Find a GitHub repository,0.82421875,105,office_word_mcp_server_api_add_page_break,0.396484375,48.1042654028436,0.0,0.0,63,,
12,Find a GitHub repository,1,find,a GitHub repository,Find a GitHub repository,0.82421875,106,project_management_tools_delete_sprint,0.396484375,48.1042654028436,0.001953125,0.23696682464454977,63,0.00390625,0.5
12,Find a GitHub repository,1,find,a GitHub repository,Find a GitHub repository,0.82421875,107,railway_tools_volume_create,0.39453125,47.867298578199055,0.001953125,0.23696682464454977,64,0.00390625,0.5
12,Find a GitHub repository,1,find,a GitHub repository,Find a GitHub repository,0.82421875,108,project_management_tools_update_user_capacity,0.392578125,47.6303317535545,0.001953125,0.23696682464454977,65,0.00390625,0.5
12,Find a GitHub repository,1,find,a GitHub repository,Find a GitHub repository,0.82421875,109,carrot_mcp_server_api_create_leave_application,0.390625,47.39336492890995,0.001953125,0.23696682464454977,66,0.00390625,0.5
12,Find a GitHub repository,1,find,a GitHub repository,Find a GitHub repository,0.82421875,110,office_word_mcp_server_api_add_table,0.388671875,47.1563981042654,0.00390625,0.47393364928909953,67,0.00390625,1.0
12,Find a GitHub repository,1,find,a GitHub repository,Find a GitHub repository,0.82421875,111,project_management_tools_assign_work_item,0.384765625,46.682464454976305,0.01171875,1.4218009478672986,68,0.00390625,3.0
12,Find a GitHub repository,1,find,a GitHub repository,Find a GitHub repository,0.82421875,112,railway_tools_volume_update,0.373046875,45.26066350710901,0.0,0.0,69,,
12,Find a GitHub repository,1,find,a GitHub repository,Find a GitHub repository,0.82421875,113,outlook_mail_management_send_email,0.373046875,45.26066350710901,0.0,0.0,69,,
12,Find a GitHub repository,1,find,a GitHub repository,Find a GitHub repository,0.82421875,114,office_word_mcp_server_api_delete_paragraph,0.373046875,45.26066350710901,0.0078125,0.9478672985781991,69,0.00390625,2.0
12,Find a GitHub repository,1,find,a GitHub repository,Find a GitHub repository,0.82421875,115,outlook_mail_management_get_email_messages,0.365234375,44.312796208530806,0.0,0.0,70,,
12,Find a GitHub repository,1,find,a GitHub repository,Find a GitHub repository,0.82421875,116,office_word_mcp_server_api_add_paragraph,0.365234375,44.312796208530806,0.0,0.0,70,,
12,Find a GitHub repository,1,find,a GitHub repository,Find a GitHub repository,0.82421875,117,carrot_mcp_server_api_update_leave_application,0.365234375,44.312796208530806,0.00390625,0.47393364928909953,70,0.00390625,1.0
12,Find a GitHub repository,1,find,a GitHub repository,Find a GitHub repository,0.82421875,118,project_management_tools_update_task_status,0.361328125,43.838862559241704,0.009765625,1.1848341232227488,71,0.00390625,2.5
12,Find a GitHub repository,1,find,a GitHub repository,Find a GitHub repository,0.82421875,119,carrot_mcp_server_api_list_leave_application,0.3515625,42.65402843601896,0.00390625,0.47393364928909953,72,0.00390625,1.0
12,Find a GitHub repository,1,find,a GitHub repository,Find a GitHub repository,0.82421875,120,outlook_mail_management_forward_email,0.34765625,42.18009478672986,0.0,0.0,73,,
12,Find a GitHub repository,1,find,a GitHub repository,Find a GitHub repository,0.82421875,121,project_management_tools_update_work_item,0.34765625,42.18009478672986,0.052734375,6.398104265402843,73,0.00390625,13.5
12,Find a GitHub repository,1,find,a GitHub repository,Find a GitHub repository,0.82421875,122,outlook_mail_management_delete_email_message,0.294921875,35.78199052132701,,,74,,
13,Get a file from SharePoint,1,get,a file,Get a file from SharePoint,0.75390625,1,sharepoint_tools_get_sharepoint_documents,0.75390625,100.0,0.03515625,4.66321243523316,0,,
13,Get a file from SharePoint,1,get,a file,Get a file from SharePoint,0.75390625,2,sharepoint_tools_create_txt_file_in_sharepoint,0.71875,95.33678756476684,0.01171875,1.5544041450777202,1,,
13,Get a file from SharePoint,1,get,a file,Get a file from SharePoint,0.75390625,3,quest_studio_file_storage_get_file_content,0.70703125,93.78238341968913,0.03125,4.145077720207254,2,,
13,Get a file from SharePoint,1,get,a file,Get a file from SharePoint,0.75390625,4,quest_studio_file_storage_get_file,0.67578125,89.63730569948186,0.015625,2.072538860103627,3,0.03125,0.5
13,Get a file from SharePoint,1,get,a file,Get a file from SharePoint,0.75390625,5,office_word_mcp_server_api_copy_document,0.66015625,87.56476683937824,0.0078125,1.0362694300518136,4,0.0234375,0.3333333333333333
13,Get a file from SharePoint,1,get,a file,Get a file from SharePoint,0.75390625,6,office_word_mcp_server_api_get_document_info,0.65234375,86.52849740932642,0.0078125,1.0362694300518136,5,0.015625,0.5
13,Get a file from SharePoint,1,get,a file,Get a file from SharePoint,0.75390625,7,sharepoint_tools_get_sharepoint_sites,0.64453125,85.49222797927462,0.0,0.0,6,,
13,Get a file from SharePoint,1,get,a file,Get a file from SharePoint,0.75390625,8,office_word_mcp_server_api_get_document_text,0.64453125,85.49222797927462,0.0078125,1.0362694300518136,6,0.013671875,0.5714285714285714
13,Get a file from SharePoint,1,get,a file,Get a file from SharePoint,0.75390625,9,project_management_tools_export_sprint_to_sharepoint,0.63671875,84.4559585492228,0.01171875,1.5544041450777202,7,0.01171875,1.0
13,Get a file from SharePoint,1,get,a file,Get a file from SharePoint,0.75390625,10,office_word_mcp_server_api_delete_document,0.625,82.90155440414507,0.0078125,1.0362694300518136,8,0.01171875,0.6666666666666666
13,Get a file from SharePoint,1,get,a file,Get a file from SharePoint,0.75390625,11,github_mcp_server_get_file_contents,0.6171875,81.86528497409327,0.0,0.0,9,,
13,Get a file from SharePoint,1,get,a file,Get a file from SharePoint,0.75390625,12,office_word_mcp_server_api_get_document_xml,0.6171875,81.86528497409327,0.01171875,1.5544041450777202,9,0.01171875,1.0
13,Get a file from SharePoint,1,get,a file,Get a file from SharePoint,0.75390625,13,office_word_mcp_server_api_list_files,0.60546875,80.31088082901555,0.00390625,0.5181347150259068,10,0.01171875,0.3333333333333333
13,Get a file from SharePoint,1,get,a file,Get a file from SharePoint,0.75390625,14,office_word_mcp_server_api_create_word_document,0.6015625,79.79274611398964,0.0,0.0,11,,
13,Get a file from SharePoint,1,get,a file,Get a file from SharePoint,0.75390625,15,office_word_mcp_server_api_convert_to_pdf,0.6015625,79.79274611398964,0.00390625,0.5181347150259068,11,0.01171875,0.3333333333333333
13,Get a file from SharePoint,1,get,a file,Get a file from SharePoint,0.75390625,16,office_word_mcp_server_api_merge_doucments,0.59765625,79.27461139896373,0.00390625,0.5181347150259068,12,0.009765625,0.4
13,Get a file from SharePoint,1,get,a file,Get a file from SharePoint,0.75390625,17,quest_studio_file_storage_get_files,0.59375,78.75647668393782,0.0,0.0,13,,
13,Get a file from SharePoint,1,get,a file,Get a file from SharePoint,0.75390625,18,quest_studio_file_storage_query_files,0.59375,78.75647668393782,0.00390625,0.5181347150259068,13,0.0078125,0.5
13,Get a file from SharePoint,1,get,a file,Get a file from SharePoint,0.75390625,19,quest_studio_file_storage_delete_file,0.58984375,78.23834196891191,0.00390625,0.5181347150259068,14,0.0078125,0.5
13,Get a file from SharePoint,1,get,a file,Get a file from SharePoint,0.75390625,20,quest_studio_file_storage_update_file,0.5859375,77.720207253886,0.01171875,1.5544041450777202,15,0.0078125,1.5
13,Get a file from SharePoint,1,get,a file,Get a file from SharePoint,0.75390625,21,office_word_mcp_server_api_get_document_outline,0.57421875,76.16580310880829,0.00390625,0.5181347150259068,16,0.0078125,0.5
13,Get a file from SharePoint,1,get,a file,Get a file from SharePoint,0.75390625,22,office_word_mcp_server_api_find_text_in_document,0.5703125,75.64766839378238,0.0078125,1.0362694300518136,17,0.0078125,1.0
13,Get a file from SharePoint,1,get,a file,Get a file from SharePoint,0.75390625,23,office_word_mcp_server_api_add_picture,0.5625,74.61139896373057,0.01171875,1.5544041450777202,18,0.0078125,1.5
13,Get a file from SharePoint,1,get,a file,Get a file from SharePoint,0.75390625,24,office_word_mcp_server_api_get_paragraph_text_from_document,0.55078125,73.05699481865285,0.015625,2.072538860103627,19,0.0078125,2.0
13,Get a file from SharePoint,1,get,a file,Get a file from SharePoint,0.75390625,25,github_mcp_server_delete_file,0.53515625,70.98445595854922,0.0078125,1.0362694300518136,20,0.0078125,1.0
13,Get a file from SharePoint,1,get,a file,Get a file from SharePoint,0.75390625,26,github_mcp_server_create_or_update_file,0.52734375,69.94818652849742,0.0078125,1.0362694300518136,21,0.0078125,1.0
13,Get a file from SharePoint,1,get,a file,Get a file from SharePoint,0.75390625,27,office_word_mcp_server_api_search_replace,0.51953125,68.9119170984456,0.01171875,1.5544041450777202,22,0.0078125,1.5
13,Get a file from SharePoint,1,get,a file,Get a file from SharePoint,0.75390625,28,office_word_mcp_server_api_add_table,0.5078125,67.35751295336787,0.0078125,1.0362694300518136,23,0.0078125,1.0
13,Get a file from SharePoint,1,get,a file,Get a file from SharePoint,0.75390625,29,outlook_mail_management_search_outlook_mail,0.5,66.32124352331607,0.00390625,0.5181347150259068,24,0.0078125,0.5
13,Get a file from SharePoint,1,get,a file,Get a file from SharePoint,0.75390625,30,quest_studio_file_storage_get_storage_usage,0.49609375,65.80310880829016,0.01171875,1.5544041450777202,25,0.0078125,1.5
13,Get a file from SharePoint,1,get,a file,Get a file from SharePoint,0.75390625,31,office_word_mcp_server_api_delete_paragraph,0.484375,64.24870466321244,0.005859375,0.7772020725388601,26,0.0078125,0.75
13,Get a file from SharePoint,1,get,a file,Get a file from SharePoint,0.75390625,32,project_management_tools_get_work_item,0.478515625,63.47150259067358,0.0,0.0,27,,
13,Get a file from SharePoint,1,get,a file,Get a file from SharePoint,0.75390625,33,office_word_mcp_server_api_add_heading,0.478515625,63.47150259067358,0.001953125,0.2590673575129534,27,0.0078125,0.25
13,Get a file from SharePoint,1,get,a file,Get a file from SharePoint,0.75390625,34,office_word_mcp_server_api_add_paragraph,0.4765625,63.212435233160626,0.0,0.0,28,,
13,Get a file from SharePoint,1,get,a file,Get a file from SharePoint,0.75390625,35,office_word_mcp_server_api_add_page_break,0.4765625,63.212435233160626,0.01953125,2.5906735751295336,28,0.0078125,2.5
13,Get a file from SharePoint,1,get,a file,Get a file from SharePoint,0.75390625,36,supabase_mcp_select_database_table_data,0.45703125,60.62176165803109,0.001953125,0.2590673575129534,29,0.0078125,0.25
13,Get a file from SharePoint,1,get,a file,Get a file from SharePoint,0.75390625,37,gmail_tools_forward_google_email,0.455078125,60.362694300518136,0.00390625,0.5181347150259068,30,0.0078125,0.5
13,Get a file from SharePoint,1,get,a file,Get a file from SharePoint,0.75390625,38,gmail_tools_get_google_emails,0.451171875,59.84455958549223,0.0078125,1.0362694300518136,31,0.0078125,1.0
13,Get a file from SharePoint,1,get,a file,Get a file from SharePoint,0.75390625,39,project_management_tools_list_work_items,0.443359375,58.80829015544041,0.0,0.0,32,,
13,Get a file from SharePoint,1,get,a file,Get a file from SharePoint,0.75390625,40,project_management_tools_get_work_item_comments,0.443359375,58.80829015544041,0.001953125,0.2590673575129534,32,0.0078125,0.25
13,Get a file from SharePoint,1,get,a file,Get a file from SharePoint,0.75390625,41,project_management_tools_list_team_members,0.44140625,58.549222797927456,0.001953125,0.2590673575129534,33,0.0078125,0.25
13,Get a file from SharePoint,1,get,a file,Get a file from SharePoint,0.75390625,42,project_management_tools_get_project,0.439453125,58.2901554404145,0.0,0.0,34,,
13,Get a file from SharePoint,1,get,a file,Get a file from SharePoint,0.75390625,43,project_management_tools_get_team,0.439453125,58.2901554404145,0.0,0.0,34,,
13,Get a file from SharePoint,1,get,a file,Get a file from SharePoint,0.75390625,44,project_management_tools_view_board,0.439453125,58.2901554404145,0.001953125,0.2590673575129534,34,0.0078125,0.25
13,Get a file from SharePoint,1,get,a file,Get a file from SharePoint,0.75390625,45,carrot_mcp_server_api_get_employee,0.4375,58.03108808290155,0.0,0.0,35,,
13,Get a file from SharePoint,1,get,a file,Get a file from SharePoint,0.75390625,46,outlook_mail_management_find_email_address,0.4375,58.03108808290155,0.0,0.0,35,,
13,Get a file from SharePoint,1,get,a file,Get a file from SharePoint,0.75390625,47,github_mcp_server_push_files,0.4375,58.03108808290155,0.00390625,0.5181347150259068,35,0.0078125,0.5
13,Get a file from SharePoint,1,get,a file,Get a file from SharePoint,0.75390625,48,project_management_tools_list_users,0.43359375,57.51295336787565,0.001953125,0.2590673575129534,36,0.0078125,0.25
13,Get a file from SharePoint,1,get,a file,Get a file from SharePoint,0.75390625,49,github_mcp_server_pull_request_read,0.431640625,57.2538860103627,0.001953125,0.2590673575129534,37,0.0078125,0.25
13,Get a file from SharePoint,1,get,a file,Get a file from SharePoint,0.75390625,50,railway_tools_service_create_from_repo,0.4296875,56.994818652849744,0.001953125,0.2590673575129534,38,0.0078125,0.25
13,Get a file from SharePoint,1,get,a file,Get a file from SharePoint,0.75390625,51,project_management_tools_get_user_capacity,0.427734375,56.73575129533679,0.00390625,0.5181347150259068,39,0.0078125,0.5
13,Get a file from SharePoint,1,get,a file,Get a file from SharePoint,0.75390625,52,carrot_mcp_server_api_list_employees,0.423828125,56.21761658031088,0.001953125,0.2590673575129534,40,0.0078125,0.25
13,Get a file from SharePoint,1,get,a file,Get a file from SharePoint,0.75390625,53,project_management_tools_list_teams,0.421875,55.95854922279793,0.0,0.0,41,,
13,Get a file from SharePoint,1,get,a file,Get a file from SharePoint,0.75390625,54,project_management_tools_get_sprint,0.421875,55.95854922279793,0.001953125,0.2590673575129534,41,0.0078125,0.25
13,Get a file from SharePoint,1,get,a file,Get a file from SharePoint,0.75390625,55,project_management_tools_list_projects,0.419921875,55.69948186528497,0.0,0.0,42,,
13,Get a file from SharePoint,1,get,a file,Get a file from SharePoint,0.75390625,56,supabase_mcp_get_table_schema,0.419921875,55.69948186528497,0.0,0.0,42,,
13,Get a file from SharePoint,1,get,a file,Get a file from SharePoint,0.75390625,57,project_management_tools_delete_work_item,0.419921875,55.69948186528497,0.0,0.0,42,,
13,Get a file from SharePoint,1,get,a file,Get a file from SharePoint,0.75390625,58,outlook_mail_management_get_email_messages,0.419921875,55.69948186528497,0.0,0.0,42,,
13,Get a file from SharePoint,1,get,a file,Get a file from SharePoint,0.75390625,59,github_mcp_server_merge_pull_request,0.419921875,55.69948186528497,0.00390625,0.5181347150259068,42,0.0068359375,0.5714285714285714
13,Get a file from SharePoint,1,get,a file,Get a file from SharePoint,0.75390625,60,project_management_tools_create_work_item,0.416015625,55.181347150259064,0.001953125,0.2590673575129534,43,0.005859375,0.3333333333333333
13,Get a file from SharePoint,1,get,a file,Get a file from SharePoint,0.75390625,61,gmail_tools_reply_google_email,0.4140625,54.92227979274611,0.0,0.0,44,,
13,Get a file from SharePoint,1,get,a file,Get a file from SharePoint,0.75390625,62,github_mcp_server_get_commit,0.4140625,54.92227979274611,0.001953125,0.2590673575129534,44,0.0048828125,0.4
13,Get a file from SharePoint,1,get,a file,Get a file from SharePoint,0.75390625,63,gmail_tools_delete_google_email,0.412109375,54.66321243523316,0.005859375,0.7772020725388601,45,0.00390625,1.5
13,Get a file from SharePoint,1,get,a file,Get a file from SharePoint,0.75390625,64,gmail_tools_send_google_email,0.40625,53.8860103626943,0.0,0.0,46,,
13,Get a file from SharePoint,1,get,a file,Get a file from SharePoint,0.75390625,65,railway_tools_project_environments,0.40625,53.8860103626943,0.00390625,0.5181347150259068,46,0.0048828125,0.8
13,Get a file from SharePoint,1,get,a file,Get a file from SharePoint,0.75390625,66,project_management_tools_assign_work_item,0.40234375,53.36787564766839,0.0,0.0,47,,
13,Get a file from SharePoint,1,get,a file,Get a file from SharePoint,0.75390625,67,github_mcp_server_list_branches,0.40234375,53.36787564766839,0.001953125,0.2590673575129534,47,0.00390625,0.5
13,Get a file from SharePoint,1,get,a file,Get a file from SharePoint,0.75390625,68,project_management_tools_list_sprints,0.400390625,53.10880829015544,0.001953125,0.2590673575129534,48,0.00390625,0.5
13,Get a file from SharePoint,1,get,a file,Get a file from SharePoint,0.75390625,69,railway_tools_project_info,0.3984375,52.84974093264248,0.001953125,0.2590673575129534,49,0.00390625,0.5
13,Get a file from SharePoint,1,get,a file,Get a file from SharePoint,0.75390625,70,github_mcp_server_list_pull_requests,0.396484375,52.59067357512953,0.001953125,0.2590673575129534,50,0.00390625,0.5
13,Get a file from SharePoint,1,get,a file,Get a file from SharePoint,0.75390625,71,carrot_mcp_server_api_update_employee,0.39453125,52.331606217616574,0.0,0.0,51,,
13,Get a file from SharePoint,1,get,a file,Get a file from SharePoint,0.75390625,72,railway_tools_service_list,0.39453125,52.331606217616574,0.001953125,0.2590673575129534,51,0.00390625,0.5
13,Get a file from SharePoint,1,get,a file,Get a file from SharePoint,0.75390625,73,supabase_mcp_get_database_tables,0.392578125,52.07253886010362,0.001953125,0.2590673575129534,52,0.00390625,0.5
13,Get a file from SharePoint,1,get,a file,Get a file from SharePoint,0.75390625,74,github_mcp_server_search_repositories,0.390625,51.813471502590666,0.001953125,0.2590673575129534,53,0.00390625,0.5
13,Get a file from SharePoint,1,get,a file,Get a file from SharePoint,0.75390625,75,project_management_tools_delete_team,0.388671875,51.554404145077726,0.001953125,0.2590673575129534,54,0.00390625,0.5
13,Get a file from SharePoint,1,get,a file,Get a file from SharePoint,0.75390625,76,github_mcp_server_list_commits,0.38671875,51.29533678756477,0.0,0.0,55,,
13,Get a file from SharePoint,1,get,a file,Get a file from SharePoint,0.75390625,77,project_management_tools_update_task_status,0.38671875,51.29533678756477,0.0,0.0,55,,
13,Get a file from SharePoint,1,get,a file,Get a file from SharePoint,0.75390625,78,supabase_mcp_get_all_supabase_projects,0.38671875,51.29533678756477,0.0,0.0,55,,
13,Get a file from SharePoint,1,get,a file,Get a file from SharePoint,0.75390625,79,railway_tools_service_info,0.38671875,51.29533678756477,0.0,0.0,55,,
13,Get a file from SharePoint,1,get,a file,Get a file from SharePoint,0.75390625,80,railway_tools_volume_list,0.38671875,51.29533678756477,0.0,0.0,55,,
13,Get a file from SharePoint,1,get,a file,Get a file from SharePoint,0.75390625,81,railway_tools_volume_delete,0.38671875,51.29533678756477,0.00390625,0.5181347150259068,55,0.00390625,1.0
13,Get a file from SharePoint,1,get,a file,Get a file from SharePoint,0.75390625,82,github_mcp_server_update_pull_request,0.3828125,50.77720207253886,0.0,0.0,56,,
13,Get a file from SharePoint,1,get,a file,Get a file from SharePoint,0.75390625,83,railway_tools_service_delete,0.3828125,50.77720207253886,0.0,0.0,56,,
13,Get a file from SharePoint,1,get,a file,Get a file from SharePoint,0.75390625,84,github_mcp_server_create_pull_request,0.3828125,50.77720207253886,0.00390625,0.5181347150259068,56,0.00390625,1.0
13,Get a file from SharePoint,1,get,a file,Get a file from SharePoint,0.75390625,85,outlook_mail_management_forward_email,0.37890625,50.259067357512954,0.001953125,0.2590673575129534,57,0.00390625,0.5
13,Get a file from SharePoint,1,get,a file,Get a file from SharePoint,0.75390625,86,carrot_mcp_server_api_create_employee,0.376953125,50.0,0.0,0.0,58,,
13,Get a file from SharePoint,1,get,a file,Get a file from SharePoint,0.75390625,87,web_search_tools_web_search,0.376953125,50.0,0.0,0.0,58,,
13,Get a file from SharePoint,1,get,a file,Get a file from SharePoint,0.75390625,88,github_mcp_server_create_branch,0.376953125,50.0,0.001953125,0.2590673575129534,58,0.00390625,0.5
13,Get a file from SharePoint,1,get,a file,Get a file from SharePoint,0.75390625,89,project_management_tools_delete_sprint,0.375,49.740932642487046,0.0,0.0,59,,
13,Get a file from SharePoint,1,get,a file,Get a file from SharePoint,0.75390625,90,supabase_mcp_check_database_health,0.375,49.740932642487046,0.001953125,0.2590673575129534,59,0.00390625,0.5
13,Get a file from SharePoint,1,get,a file,Get a file from SharePoint,0.75390625,91,railway_tools_service_create_from_image,0.373046875,49.48186528497409,0.001953125,0.2590673575129534,60,0.00390625,0.5
13,Get a file from SharePoint,1,get,a file,Get a file from SharePoint,0.75390625,92,github_mcp_server_get_me,0.37109375,49.22279792746114,0.001953125,0.2590673575129534,61,0.00390625,0.5
13,Get a file from SharePoint,1,get,a file,Get a file from SharePoint,0.75390625,93,carrot_mcp_server_api_work_hours_summary,0.369140625,48.96373056994819,0.0,0.0,62,,
13,Get a file from SharePoint,1,get,a file,Get a file from SharePoint,0.75390625,94,railway_tools_project_create,0.369140625,48.96373056994819,0.0,0.0,62,,
13,Get a file from SharePoint,1,get,a file,Get a file from SharePoint,0.75390625,95,railway_tools_project_list,0.369140625,48.96373056994819,0.0,0.0,62,,
13,Get a file from SharePoint,1,get,a file,Get a file from SharePoint,0.75390625,96,project_management_tools_create_sprint,0.369140625,48.96373056994819,0.0,0.0,62,,
13,Get a file from SharePoint,1,get,a file,Get a file from SharePoint,0.75390625,97,project_management_tools_delete_project,0.369140625,48.96373056994819,0.0,0.0,62,,
13,Get a file from SharePoint,1,get,a file,Get a file from SharePoint,0.75390625,98,project_management_tools_update_user_capacity,0.369140625,48.96373056994819,0.0,0.0,62,,
13,Get a file from SharePoint,1,get,a file,Get a file from SharePoint,0.75390625,99,project_management_tools_add_work_item_comment,0.369140625,48.96373056994819,0.0,0.0,62,,
13,Get a file from SharePoint,1,get,a file,Get a file from SharePoint,0.75390625,100,supabase_mcp_insert_table_data,0.369140625,48.96373056994819,0.00390625,0.5181347150259068,62,0.00390625,1.0
13,Get a file from SharePoint,1,get,a file,Get a file from SharePoint,0.75390625,101,carrot_mcp_server_api_log_hours_entry,0.365234375,48.44559585492228,0.0,0.0,63,,
13,Get a file from SharePoint,1,get,a file,Get a file from SharePoint,0.75390625,102,github_mcp_server_create_repository,0.365234375,48.44559585492228,0.001953125,0.2590673575129534,63,0.00390625,0.5
13,Get a file from SharePoint,1,get,a file,Get a file from SharePoint,0.75390625,103,supabase_mcp_update_database_table_data,0.36328125,48.18652849740933,0.001953125,0.2590673575129534,64,0.00390625,0.5
13,Get a file from SharePoint,1,get,a file,Get a file from SharePoint,0.75390625,104,railway_tools_service_restart,0.361328125,47.92746113989637,0.001953125,0.2590673575129534,65,0.00390625,0.5
13,Get a file from SharePoint,1,get,a file,Get a file from SharePoint,0.75390625,105,carrot_mcp_server_api_hr_dashboard_summary,0.359375,47.66839378238342,0.001953125,0.2590673575129534,66,0.00390625,0.5
13,Get a file from SharePoint,1,get,a file,Get a file from SharePoint,0.75390625,106,project_management_tools_create_team,0.357421875,47.40932642487047,0.0,0.0,67,,
13,Get a file from SharePoint,1,get,a file,Get a file from SharePoint,0.75390625,107,railway_tools_project_delete,0.357421875,47.40932642487047,0.001953125,0.2590673575129534,67,0.00390625,0.5
13,Get a file from SharePoint,1,get,a file,Get a file from SharePoint,0.75390625,108,railway_tools_database_list_types,0.35546875,47.15025906735752,0.0,0.0,68,,
13,Get a file from SharePoint,1,get,a file,Get a file from SharePoint,0.75390625,109,outlook_mail_management_reply_to_email,0.35546875,47.15025906735752,0.00390625,0.5181347150259068,68,0.00390625,1.0
13,Get a file from SharePoint,1,get,a file,Get a file from SharePoint,0.75390625,110,project_management_tools_create_project,0.3515625,46.63212435233161,0.005859375,0.7772020725388601,69,0.00390625,1.5
13,Get a file from SharePoint,1,get,a file,Get a file from SharePoint,0.75390625,111,outlook_mail_management_compose_email,0.345703125,45.854922279792746,0.00390625,0.5181347150259068,70,0.00390625,1.0
13,Get a file from SharePoint,1,get,a file,Get a file from SharePoint,0.75390625,112,project_management_tools_update_work_item,0.341796875,45.33678756476684,0.005859375,0.7772020725388601,71,0.00390625,1.5
13,Get a file from SharePoint,1,get,a file,Get a file from SharePoint,0.75390625,113,railway_tools_volume_create,0.3359375,44.559585492227974,0.00390625,0.5181347150259068,72,0.00390625,1.0
13,Get a file from SharePoint,1,get,a file,Get a file from SharePoint,0.75390625,114,project_management_tools_update_project,0.33203125,44.04145077720207,0.001953125,0.2590673575129534,73,0.00390625,0.5
13,Get a file from SharePoint,1,get,a file,Get a file from SharePoint,0.75390625,115,railway_tools_service_update,0.330078125,43.78238341968912,0.001953125,0.2590673575129534,74,0.00390625,0.5
13,Get a file from SharePoint,1,get,a file,Get a file from SharePoint,0.75390625,116,outlook_mail_management_delete_email_message,0.328125,43.523316062176164,0.017578125,2.33160621761658,75,0.00390625,4.5
13,Get a file from SharePoint,1,get,a file,Get a file from SharePoint,0.75390625,117,carrot_mcp_server_api_create_leave_application,0.310546875,41.19170984455959,0.0,0.0,76,,
13,Get a file from SharePoint,1,get,a file,Get a file from SharePoint,0.75390625,118,carrot_mcp_server_api_update_leave_application,0.310546875,41.19170984455959,0.001953125,0.2590673575129534,76,0.00390625,0.5
13,Get a file from SharePoint,1,get,a file,Get a file from SharePoint,0.75390625,119,carrot_mcp_server_api_list_leave_application,0.30859375,40.932642487046635,0.0,0.0,77,,
13,Get a file from SharePoint,1,get,a file,Get a file from SharePoint,0.75390625,120,railway_tools_volume_update,0.30859375,40.932642487046635,0.0,0.0,77,,
13,Get a file from SharePoint,1,get,a file,Get a file from SharePoint,0.75390625,121,outlook_mail_management_send_email,0.30859375,40.932642487046635,0.0078125,1.0362694300518136,77,0.00390625,2.0
13,Get a file from SharePoint,1,get,a file,Get a file from SharePoint,0.75390625,122,carrot_mcp_server_api_submit_leave_application,0.30078125,39.89637305699482,,,78,,
14,Run a query against the database,1,run,a query,Run a query against the database,0.5625,1,supabase_mcp_select_database_table_data,0.5625,100.0,0.0,0.0,0,,
14,Run a query against the database,1,run,a query,Run a query against the database,0.5625,2,supabase_mcp_check_database_health,0.5625,100.0,0.0390625,6.944444444444445,0,,
14,Run a query against the database,1,run,a query,Run a query against the database,0.5625,3,supabase_mcp_update_database_table_data,0.5234375,93.05555555555556,0.029296875,5.208333333333334,1,,
14,Run a query against the database,1,run,a query,Run a query against the database,0.5625,4,supabase_mcp_insert_table_data,0.494140625,87.84722222222221,0.009765625,1.7361111111111112,2,,
14,Run a query against the database,1,run,a query,Run a query against the database,0.5625,5,supabase_mcp_get_database_tables,0.484375,86.11111111111111,0.01171875,2.083333333333333,3,0.029296875,0.4
14,Run a query against the database,1,run,a query,Run a query against the database,0.5625,6,railway_tools_database_list_types,0.47265625,84.02777777777779,0.0078125,1.3888888888888888,4,0.0205078125,0.38095238095238093
14,Run a query against the database,1,run,a query,Run a query against the database,0.5625,7,supabase_mcp_get_table_schema,0.46484375,82.63888888888889,0.015625,2.7777777777777777,5,0.01171875,1.3333333333333333
14,Run a query against the database,1,run,a query,Run a query against the database,0.5625,8,supabase_mcp_get_all_supabase_projects,0.44921875,79.86111111111111,0.009765625,1.7361111111111112,6,0.013671875,0.7142857142857143
14,Run a query against the database,1,run,a query,Run a query against the database,0.5625,9,railway_tools_project_create,0.439453125,78.125,0.0078125,1.3888888888888888,7,0.01171875,0.6666666666666666
14,Run a query against the database,1,run,a query,Run a query against the database,0.5625,10,railway_tools_volume_list,0.431640625,76.73611111111111,0.009765625,1.7361111111111112,8,0.0107421875,0.9090909090909091
14,Run a query against the database,1,run,a query,Run a query against the database,0.5625,11,railway_tools_project_environments,0.421875,75.0,0.00390625,0.6944444444444444,9,0.009765625,0.4
14,Run a query against the database,1,run,a query,Run a query against the database,0.5625,12,office_word_mcp_server_api_search_replace,0.41796875,74.30555555555556,0.001953125,0.3472222222222222,10,0.009765625,0.2
14,Run a query against the database,1,run,a query,Run a query against the database,0.5625,13,railway_tools_service_restart,0.416015625,73.95833333333334,0.01171875,2.083333333333333,11,0.009765625,1.2
14,Run a query against the database,1,run,a query,Run a query against the database,0.5625,14,railway_tools_project_info,0.404296875,71.875,0.001953125,0.3472222222222222,12,0.009765625,0.2
14,Run a query against the database,1,run,a query,Run a query against the database,0.5625,15,railway_tools_project_list,0.40234375,71.52777777777779,0.001953125,0.3472222222222222,13,0.009765625,0.2
14,Run a query against the database,1,run,a query,Run a query against the database,0.5625,16,railway_tools_project_delete,0.400390625,71.18055555555556,0.01171875,2.083333333333333,14,0.009765625,1.2
14,Run a query against the database,1,run,a query,Run a query against the database,0.5625,17,railway_tools_volume_create,0.388671875,69.09722222222221,0.0,0.0,15,,
14,Run a query against the database,1,run,a query,Run a query against the database,0.5625,18,railway_tools_service_create_from_image,0.388671875,69.09722222222221,0.0078125,1.3888888888888888,15,0.009765625,0.8
14,Run a query against the database,1,run,a query,Run a query against the database,0.5625,19,office_word_mcp_server_api_add_table,0.380859375,67.70833333333334,0.005859375,1.0416666666666665,16,0.009765625,0.6
14,Run a query against the database,1,run,a query,Run a query against the database,0.5625,20,railway_tools_service_list,0.375,66.66666666666666,0.001953125,0.3472222222222222,17,0.009765625,0.2
14,Run a query against the database,1,run,a query,Run a query against the database,0.5625,21,railway_tools_service_info,0.373046875,66.31944444444444,0.0,0.0,18,,
14,Run a query against the database,1,run,a query,Run a query against the database,0.5625,22,office_word_mcp_server_api_convert_to_pdf,0.373046875,66.31944444444444,0.0,0.0,18,,
14,Run a query against the database,1,run,a query,Run a query against the database,0.5625,23,web_search_tools_web_search,0.373046875,66.31944444444444,0.001953125,0.3472222222222222,18,0.0087890625,0.2222222222222222
14,Run a query against the database,1,run,a query,Run a query against the database,0.5625,24,quest_studio_file_storage_query_files,0.37109375,65.97222222222221,0.0,0.0,19,,
14,Run a query against the database,1,run,a query,Run a query against the database,0.5625,25,office_word_mcp_server_api_find_text_in_document,0.37109375,65.97222222222221,0.001953125,0.3472222222222222,19,0.0078125,0.25
14,Run a query against the database,1,run,a query,Run a query against the database,0.5625,26,railway_tools_service_create_from_repo,0.369140625,65.625,0.005859375,1.0416666666666665,20,0.0078125,0.75
14,Run a query against the database,1,run,a query,Run a query against the database,0.5625,27,project_management_tools_list_work_items,0.36328125,64.58333333333334,0.00390625,0.6944444444444444,21,0.0078125,0.5
14,Run a query against the database,1,run,a query,Run a query against the database,0.5625,28,carrot_mcp_server_api_log_hours_entry,0.359375,63.888888888888886,0.001953125,0.3472222222222222,22,0.0078125,0.25
14,Run a query against the database,1,run,a query,Run a query against the database,0.5625,29,office_word_mcp_server_api_delete_document,0.357421875,63.541666666666664,0.00390625,0.6944444444444444,23,0.0078125,0.5
14,Run a query against the database,1,run,a query,Run a query against the database,0.5625,30,office_word_mcp_server_api_create_word_document,0.353515625,62.84722222222222,0.001953125,0.3472222222222222,24,0.0068359375,0.2857142857142857
14,Run a query against the database,1,run,a query,Run a query against the database,0.5625,31,railway_tools_service_delete,0.3515625,62.5,0.0,0.0,25,,
14,Run a query against the database,1,run,a query,Run a query against the database,0.5625,32,github_mcp_server_pull_request_read,0.3515625,62.5,0.001953125,0.3472222222222222,25,0.005859375,0.3333333333333333
14,Run a query against the database,1,run,a query,Run a query against the database,0.5625,33,office_word_mcp_server_api_copy_document,0.349609375,62.15277777777778,0.001953125,0.3472222222222222,26,0.005859375,0.3333333333333333
14,Run a query against the database,1,run,a query,Run a query against the database,0.5625,34,carrot_mcp_server_api_list_employees,0.34765625,61.80555555555556,0.0,0.0,27,,
14,Run a query against the database,1,run,a query,Run a query against the database,0.5625,35,gmail_tools_reply_google_email,0.34765625,61.80555555555556,0.0,0.0,27,,
14,Run a query against the database,1,run,a query,Run a query against the database,0.5625,36,github_mcp_server_search_repositories,0.34765625,61.80555555555556,0.001953125,0.3472222222222222,27,0.005859375,0.3333333333333333
14,Run a query against the database,1,run,a query,Run a query against the database,0.5625,37,railway_tools_volume_delete,0.345703125,61.458333333333336,0.0,0.0,28,,
14,Run a query against the database,1,run,a query,Run a query against the database,0.5625,38,project_management_tools_create_work_item,0.345703125,61.458333333333336,0.001953125,0.3472222222222222,28,0.0048828125,0.4
14,Run a query against the database,1,run,a query,Run a query against the database,0.5625,39,office_word_mcp_server_api_get_document_outline,0.34375,61.111111111111114,0.001953125,0.3472222222222222,29,0.00390625,0.5
14,Run a query against the database,1,run,a query,Run a query against the database,0.5625,40,railway_tools_service_update,0.341796875,60.763888888888886,0.0,0.0,30,,
14,Run a query against the database,1,run,a query,Run a query against the database,0.5625,41,office_word_mcp_server_api_get_document_text,0.341796875,60.763888888888886,0.0,0.0,30,,
14,Run a query against the database,1,run,a query,Run a query against the database,0.5625,42,office_word_mcp_server_api_get_document_xml,0.341796875,60.763888888888886,0.001953125,0.3472222222222222,30,0.00390625,0.5
14,Run a query against the database,1,run,a query,Run a query against the database,0.5625,43,quest_studio_file_storage_get_storage_usage,0.33984375,60.416666666666664,0.0,0.0,31,,
14,Run a query against the database,1,run,a query,Run a query against the database,0.5625,44,outlook_mail_management_search_outlook_mail,0.33984375,60.416666666666664,0.0,0.0,31,,
14,Run a query against the database,1,run,a query,Run a query against the database,0.5625,45,office_word_mcp_server_api_get_document_info,0.33984375,60.416666666666664,0.0,0.0,31,,
14,Run a query against the database,1,run,a query,Run a query against the database,0.5625,46,gmail_tools_send_google_email,0.33984375,60.416666666666664,0.001953125,0.3472222222222222,31,0.00390625,0.5
14,Run a query against the database,1,run,a query,Run a query against the database,0.5625,47,github_mcp_server_list_pull_requests,0.337890625,60.06944444444444,0.0,0.0,32,,
14,Run a query against the database,1,run,a query,Run a query against the database,0.5625,48,office_word_mcp_server_api_list_files,0.337890625,60.06944444444444,0.001953125,0.3472222222222222,32,0.00390625,0.5
14,Run a query against the database,1,run,a query,Run a query against the database,0.5625,49,github_mcp_server_create_pull_request,0.3359375,59.72222222222222,0.0,0.0,33,,
14,Run a query against the database,1,run,a query,Run a query against the database,0.5625,50,office_word_mcp_server_api_add_page_break,0.3359375,59.72222222222222,0.001953125,0.3472222222222222,33,0.00390625,0.5
14,Run a query against the database,1,run,a query,Run a query against the database,0.5625,51,office_word_mcp_server_api_merge_doucments,0.333984375,59.375,0.0,0.0,34,,
14,Run a query against the database,1,run,a query,Run a query against the database,0.5625,52,github_mcp_server_update_pull_request,0.333984375,59.375,0.0,0.0,34,,
14,Run a query against the database,1,run,a query,Run a query against the database,0.5625,53,project_management_tools_list_projects,0.333984375,59.375,0.0,0.0,34,,
14,Run a query against the database,1,run,a query,Run a query against the database,0.5625,54,project_management_tools_list_sprints,0.333984375,59.375,0.001953125,0.3472222222222222,34,0.0029296875,0.6666666666666666
14,Run a query against the database,1,run,a query,Run a query against the database,0.5625,55,github_mcp_server_merge_pull_request,0.33203125,59.02777777777778,0.001953125,0.3472222222222222,35,0.001953125,1.0
14,Run a query against the database,1,run,a query,Run a query against the database,0.5625,56,carrot_mcp_server_api_get_employee,0.330078125,58.68055555555556,0.0,0.0,36,,
14,Run a query against the database,1,run,a query,Run a query against the database,0.5625,57,carrot_mcp_server_api_update_employee,0.330078125,58.68055555555556,0.001953125,0.3472222222222222,36,0.001953125,1.0
14,Run a query against the database,1,run,a query,Run a query against the database,0.5625,58,project_management_tools_view_board,0.328125,58.333333333333336,0.0,0.0,37,,
14,Run a query against the database,1,run,a query,Run a query against the database,0.5625,59,gmail_tools_forward_google_email,0.328125,58.333333333333336,0.001953125,0.3472222222222222,37,0.001953125,1.0
14,Run a query against the database,1,run,a query,Run a query against the database,0.5625,60,carrot_mcp_server_api_create_employee,0.326171875,57.986111111111114,0.0,0.0,38,,
14,Run a query against the database,1,run,a query,Run a query against the database,0.5625,61,github_mcp_server_create_repository,0.326171875,57.986111111111114,0.0,0.0,38,,
14,Run a query against the database,1,run,a query,Run a query against the database,0.5625,62,railway_tools_volume_update,0.326171875,57.986111111111114,0.0,0.0,38,,
14,Run a query against the database,1,run,a query,Run a query against the database,0.5625,63,project_management_tools_export_sprint_to_sharepoint,0.326171875,57.986111111111114,0.0,0.0,38,,
14,Run a query against the database,1,run,a query,Run a query against the database,0.5625,64,office_word_mcp_server_api_delete_paragraph,0.326171875,57.986111111111114,0.001953125,0.3472222222222222,38,0.001953125,1.0
14,Run a query against the database,1,run,a query,Run a query against the database,0.5625,65,project_management_tools_get_sprint,0.32421875,57.638888888888886,0.0,0.0,39,,
14,Run a query against the database,1,run,a query,Run a query against the database,0.5625,66,project_management_tools_create_sprint,0.32421875,57.638888888888886,0.0,0.0,39,,
14,Run a query against the database,1,run,a query,Run a query against the database,0.5625,67,carrot_mcp_server_api_hr_dashboard_summary,0.32421875,57.638888888888886,0.001953125,0.3472222222222222,39,0.001953125,1.0
14,Run a query against the database,1,run,a query,Run a query against the database,0.5625,68,office_word_mcp_server_api_add_paragraph,0.322265625,57.291666666666664,0.001953125,0.3472222222222222,40,0.001953125,1.0
14,Run a query against the database,1,run,a query,Run a query against the database,0.5625,69,github_mcp_server_list_commits,0.3203125,56.94444444444444,0.0,0.0,41,,
14,Run a query against the database,1,run,a query,Run a query against the database,0.5625,70,office_word_mcp_server_api_get_paragraph_text_from_document,0.3203125,56.94444444444444,0.001953125,0.3472222222222222,41,0.001953125,1.0
14,Run a query against the database,1,run,a query,Run a query against the database,0.5625,71,gmail_tools_get_google_emails,0.318359375,56.59722222222222,0.001953125,0.3472222222222222,42,0.001953125,1.0
14,Run a query against the database,1,run,a query,Run a query against the database,0.5625,72,project_management_tools_get_user_capacity,0.31640625,56.25,0.001953125,0.3472222222222222,43,0.001953125,1.0
14,Run a query against the database,1,run,a query,Run a query against the database,0.5625,73,github_mcp_server_get_me,0.314453125,55.90277777777778,0.0,0.0,44,,
14,Run a query against the database,1,run,a query,Run a query against the database,0.5625,74,github_mcp_server_get_commit,0.314453125,55.90277777777778,0.0,0.0,44,,
14,Run a query against the database,1,run,a query,Run a query against the database,0.5625,75,carrot_mcp_server_api_work_hours_summary,0.314453125,55.90277777777778,0.0,0.0,44,,
14,Run a query against the database,1,run,a query,Run a query against the database,0.5625,76,office_word_mcp_server_api_add_picture,0.314453125,55.90277777777778,0.005859375,1.0416666666666665,44,0.001953125,3.0
14,Run a query against the database,1,run,a query,Run a query against the database,0.5625,77,outlook_mail_management_reply_to_email,0.30859375,54.861111111111114,0.001953125,0.3472222222222222,45,0.001953125,1.0
14,Run a query against the database,1,run,a query,Run a query against the database,0.5625,78,project_management_tools_list_teams,0.306640625,54.513888888888886,0.0,0.0,46,,
14,Run a query against the database,1,run,a query,Run a query against the database,0.5625,79,gmail_tools_delete_google_email,0.306640625,54.513888888888886,0.0,0.0,46,,
14,Run a query against the database,1,run,a query,Run a query against the database,0.5625,80,github_mcp_server_list_branches,0.306640625,54.513888888888886,0.0,0.0,46,,
14,Run a query against the database,1,run,a query,Run a query against the database,0.5625,81,quest_studio_file_storage_get_files,0.306640625,54.513888888888886,0.001953125,0.3472222222222222,46,0.001953125,1.0
14,Run a query against the database,1,run,a query,Run a query against the database,0.5625,82,project_management_tools_get_project,0.3046875,54.166666666666664,0.0,0.0,47,,
14,Run a query against the database,1,run,a query,Run a query against the database,0.5625,83,sharepoint_tools_get_sharepoint_documents,0.3046875,54.166666666666664,0.0,0.0,47,,
14,Run a query against the database,1,run,a query,Run a query against the database,0.5625,84,office_word_mcp_server_api_add_heading,0.3046875,54.166666666666664,0.001953125,0.3472222222222222,47,0.001953125,1.0
14,Run a query against the database,1,run,a query,Run a query against the database,0.5625,85,github_mcp_server_create_branch,0.302734375,53.81944444444444,0.0,0.0,48,,
14,Run a query against the database,1,run,a query,Run a query against the database,0.5625,86,outlook_mail_management_find_email_address,0.302734375,53.81944444444444,0.0,0.0,48,,
14,Run a query against the database,1,run,a query,Run a query against the database,0.5625,87,project_management_tools_create_project,0.302734375,53.81944444444444,0.001953125,0.3472222222222222,48,0.001953125,1.0
14,Run a query against the database,1,run,a query,Run a query against the database,0.5625,88,project_management_tools_get_work_item,0.30078125,53.47222222222222,0.0,0.0,49,,
14,Run a query against the database,1,run,a query,Run a query against the database,0.5625,89,github_mcp_server_create_or_update_file,0.30078125,53.47222222222222,0.0,0.0,49,,
14,Run a query against the database,1,run,a query,Run a query against the database,0.5625,90,github_mcp_server_get_file_contents,0.30078125,53.47222222222222,0.001953125,0.3472222222222222,49,0.001953125,1.0
14,Run a query against the database,1,run,a query,Run a query against the database,0.5625,91,quest_studio_file_storage_get_file_content,0.298828125,53.125,0.0,0.0,50,,
14,Run a query against the database,1,run,a query,Run a query against the database,0.5625,92,project_management_tools_list_users,0.298828125,53.125,0.001953125,0.3472222222222222,50,0.001953125,1.0
14,Run a query against the database,1,run,a query,Run a query against the database,0.5625,93,project_management_tools_update_task_status,0.296875,52.77777777777778,0.001953125,0.3472222222222222,51,0.001953125,1.0
14,Run a query against the database,1,run,a query,Run a query against the database,0.5625,94,project_management_tools_delete_sprint,0.294921875,52.43055555555556,0.0,0.0,52,,
14,Run a query against the database,1,run,a query,Run a query against the database,0.5625,95,carrot_mcp_server_api_submit_leave_application,0.294921875,52.43055555555556,0.001953125,0.3472222222222222,52,0.001953125,1.0
14,Run a query against the database,1,run,a query,Run a query against the database,0.5625,96,project_management_tools_get_team,0.29296875,52.083333333333336,0.0,0.0,53,,
14,Run a query against the database,1,run,a query,Run a query against the database,0.5625,97,quest_studio_file_storage_delete_file,0.29296875,52.083333333333336,0.001953125,0.3472222222222222,53,0.001953125,1.0
14,Run a query against the database,1,run,a query,Run a query against the database,0.5625,98,outlook_mail_management_get_email_messages,0.291015625,51.736111111111114,0.0,0.0,54,,
14,Run a query against the database,1,run,a query,Run a query against the database,0.5625,99,sharepoint_tools_create_txt_file_in_sharepoint,0.291015625,51.736111111111114,0.001953125,0.3472222222222222,54,0.001953125,1.0
14,Run a query against the database,1,run,a query,Run a query against the database,0.5625,100,project_management_tools_update_user_capacity,0.2890625,51.388888888888886,0.001953125,0.3472222222222222,55,0.001953125,1.0
14,Run a query against the database,1,run,a query,Run a query against the database,0.5625,101,project_management_tools_delete_work_item,0.287109375,51.041666666666664,0.0,0.0,56,,
14,Run a query against the database,1,run,a query,Run a query against the database,0.5625,102,carrot_mcp_server_api_list_leave_application,0.287109375,51.041666666666664,0.001953125,0.3472222222222222,56,0.001953125,1.0
14,Run a query against the database,1,run,a query,Run a query against the database,0.5625,103,project_management_tools_list_team_members,0.28515625,50.69444444444444,0.0,0.0,57,,
14,Run a query against the database,1,run,a query,Run a query against the database,0.5625,104,project_management_tools_get_work_item_comments,0.28515625,50.69444444444444,0.0,0.0,57,,
14,Run a query against the database,1,run,a query,Run a query against the database,0.5625,105,quest_studio_file_storage_get_file,0.28515625,50.69444444444444,0.0,0.0,57,,
14,Run a query against the database,1,run,a query,Run a query against the database,0.5625,106,carrot_mcp_server_api_create_leave_application,0.28515625,50.69444444444444,0.001953125,0.3472222222222222,57,0.001953125,1.0
14,Run a query against the database,1,run,a query,Run a query against the database,0.5625,107,project_management_tools_assign_work_item,0.283203125,50.34722222222222,0.00390625,0.6944444444444444,58,0.001953125,2.0
14,Run a query against the database,1,run,a query,Run a query against the database,0.5625,108,sharepoint_tools_get_sharepoint_sites,0.279296875,49.65277777777778,0.005859375,1.0416666666666665,59,0.001953125,3.0
14,Run a query against the database,1,run,a query,Run a query against the database,0.5625,109,project_management_tools_delete_project,0.2734375,48.61111111111111,0.001953125,0.3472222222222222,60,0.001953125,1.0
14,Run a query against the database,1,run,a query,Run a query against the database,0.5625,110,outlook_mail_management_forward_email,0.271484375,48.26388888888889,0.0,0.0,61,,
14,Run a query against the database,1,run,a query,Run a query against the database,0.5625,111,project_management_tools_delete_team,0.271484375,48.26388888888889,0.0,0.0,61,,
14,Run a query against the database,1,run,a query,Run a query against the database,0.5625,112,carrot_mcp_server_api_update_leave_application,0.271484375,48.26388888888889,0.0,0.0,61,,
14,Run a query against the database,1,run,a query,Run a query against the database,0.5625,113,github_mcp_server_push_files,0.271484375,48.26388888888889,0.0,0.0,61,,
14,Run a query against the database,1,run,a query,Run a query against the database,0.5625,114,project_management_tools_create_team,0.271484375,48.26388888888889,0.005859375,1.0416666666666665,61,0.001953125,3.0
14,Run a query against the database,1,run,a query,Run a query against the database,0.5625,115,outlook_mail_management_compose_email,0.265625,47.22222222222222,0.001953125,0.3472222222222222,62,0.001953125,1.0
14,Run a query against the database,1,run,a query,Run a query against the database,0.5625,116,github_mcp_server_delete_file,0.263671875,46.875,0.0078125,1.3888888888888888,63,0.001953125,4.0
14,Run a query against the database,1,run,a query,Run a query against the database,0.5625,117,project_management_tools_update_project,0.255859375,45.48611111111111,0.001953125,0.3472222222222222,64,0.001953125,1.0
14,Run a query against the database,1,run,a query,Run a query against the database,0.5625,118,project_management_tools_update_work_item,0.25390625,45.13888888888889,0.0087890625,1.5625,65,0.001953125,4.5
14,Run a query against the database,1,run,a query,Run a query against the database,0.5625,119,quest_studio_file_storage_update_file,0.2451171875,43.57638888888889,0.001953125,0.3472222222222222,66,0.001953125,1.0
14,Run a query against the database,1,run,a query,Run a query against the database,0.5625,120,outlook_mail_management_send_email,0.2431640625,43.22916666666667,0.0068359375,1.215277777777778,67,0.001953125,3.5
14,Run a query against the database,1,run,a query,Run a query against the database,0.5625,121,project_management_tools_add_work_item_comment,0.236328125,42.01388888888889,0.0107421875,1.9097222222222223,68,0.001953125,5.5
14,Run a query against the database,1,run,a query,Run a query against the database,0.5625,122,outlook_mail_management_delete_email_message,0.2255859375,40.10416666666667,,,69,,
15,Check the deployment status on Railway,1,check,the deployment status on Railway,Check the deployment status on Railway,0.80078125,1,railway_tools_service_info,0.80078125,100.0,0.015625,1.951219512195122,0,,
15,Check the deployment status on Railway,1,check,the deployment status on Railway,Check the deployment status on Railway,0.80078125,2,railway_tools_service_list,0.78515625,98.04878048780488,0.02734375,3.414634146341464,1,,
15,Check the deployment status on Railway,1,check,the deployment status on Railway,Check the deployment status on Railway,0.80078125,3,railway_tools_project_info,0.7578125,94.6341463414634,0.015625,1.951219512195122,2,,
15,Check the deployment status on Railway,1,check,the deployment status on Railway,Check the deployment status on Railway,0.80078125,4,railway_tools_project_list,0.7421875,92.6829268292683,0.0078125,0.975609756097561,3,0.015625,0.5
15,Check the deployment status on Railway,1,check,the deployment status on Railway,Check the deployment status on Railway,0.80078125,5,railway_tools_service_restart,0.734375,91.70731707317074,0.015625,1.951219512195122,4,0.015625,1.0
15,Check the deployment status on Railway,1,check,the deployment status on Railway,Check the deployment status on Railway,0.80078125,6,railway_tools_project_delete,0.71875,89.75609756097562,0.00390625,0.4878048780487805,5,0.015625,0.25
15,Check the deployment status on Railway,1,check,the deployment status on Railway,Check the deployment status on Railway,0.80078125,7,railway_tools_project_environments,0.71484375,89.26829268292683,0.01171875,1.4634146341463417,6,0.015625,0.75
15,Check the deployment status on Railway,1,check,the deployment status on Railway,Check the deployment status on Railway,0.80078125,8,railway_tools_service_update,0.703125,87.8048780487805,0.00390625,0.4878048780487805,7,0.015625,0.25
15,Check the deployment status on Railway,1,check,the deployment status on Railway,Check the deployment status on Railway,0.80078125,9,railway_tools_database_list_types,0.69921875,87.3170731707317,0.01171875,1.4634146341463417,8,0.013671875,0.8571428571428571
15,Check the deployment status on Railway,1,check,the deployment status on Railway,Check the deployment status on Railway,0.80078125,10,railway_tools_project_create,0.6875,85.85365853658537,0.046875,5.853658536585367,9,0.01171875,4.0
15,Check the deployment status on Railway,1,check,the deployment status on Railway,Check the deployment status on Railway,0.80078125,11,railway_tools_service_create_from_repo,0.640625,80.0,0.0,0.0,10,,
15,Check the deployment status on Railway,1,check,the deployment status on Railway,Check the deployment status on Railway,0.80078125,12,railway_tools_service_delete,0.640625,80.0,0.03125,3.902439024390244,10,0.013671875,2.2857142857142856
15,Check the deployment status on Railway,1,check,the deployment status on Railway,Check the deployment status on Railway,0.80078125,13,railway_tools_service_create_from_image,0.609375,76.09756097560975,0.00390625,0.4878048780487805,11,0.015625,0.25
15,Check the deployment status on Railway,1,check,the deployment status on Railway,Check the deployment status on Railway,0.80078125,14,supabase_mcp_check_database_health,0.60546875,75.60975609756098,0.00390625,0.4878048780487805,12,0.013671875,0.2857142857142857
15,Check the deployment status on Railway,1,check,the deployment status on Railway,Check the deployment status on Railway,0.80078125,15,railway_tools_volume_list,0.6015625,75.1219512195122,0.01171875,1.4634146341463417,13,0.01171875,1.0
15,Check the deployment status on Railway,1,check,the deployment status on Railway,Check the deployment status on Railway,0.80078125,16,railway_tools_volume_delete,0.58984375,73.65853658536585,0.02734375,3.414634146341464,14,0.01171875,2.3333333333333335
15,Check the deployment status on Railway,1,check,the deployment status on Railway,Check the deployment status on Railway,0.80078125,17,carrot_mcp_server_api_hr_dashboard_summary,0.5625,70.24390243902438,0.00390625,0.4878048780487805,15,0.01171875,0.3333333333333333
15,Check the deployment status on Railway,1,check,the deployment status on Railway,Check the deployment status on Railway,0.80078125,18,carrot_mcp_server_api_get_employee,0.55859375,69.7560975609756,0.015625,1.951219512195122,16,0.01171875,1.3333333333333333
15,Check the deployment status on Railway,1,check,the deployment status on Railway,Check the deployment status on Railway,0.80078125,19,project_management_tools_get_user_capacity,0.54296875,67.8048780487805,0.00390625,0.4878048780487805,17,0.01171875,0.3333333333333333
15,Check the deployment status on Railway,1,check,the deployment status on Railway,Check the deployment status on Railway,0.80078125,20,carrot_mcp_server_api_list_employees,0.5390625,67.31707317073172,0.0,0.0,18,,
15,Check the deployment status on Railway,1,check,the deployment status on Railway,Check the deployment status on Railway,0.80078125,21,railway_tools_volume_update,0.5390625,67.31707317073172,0.0,0.0,18,,
15,Check the deployment status on Railway,1,check,the deployment status on Railway,Check the deployment status on Railway,0.80078125,22,project_management_tools_view_board,0.5390625,67.31707317073172,0.01171875,1.4634146341463417,18,0.01171875,1.0
15,Check the deployment status on Railway,1,check,the deployment status on Railway,Check the deployment status on Railway,0.80078125,23,project_management_tools_get_team,0.52734375,65.85365853658537,0.0,0.0,19,,
15,Check the deployment status on Railway,1,check,the deployment status on Railway,Check the deployment status on Railway,0.80078125,24,project_management_tools_get_sprint,0.52734375,65.85365853658537,0.0,0.0,19,,
15,Check the deployment status on Railway,1,check,the deployment status on Railway,Check the deployment status on Railway,0.80078125,25,github_mcp_server_list_branches,0.52734375,65.85365853658537,0.00390625,0.4878048780487805,19,0.01171875,0.3333333333333333
15,Check the deployment status on Railway,1,check,the deployment status on Railway,Check the deployment status on Railway,0.80078125,26,carrot_mcp_server_api_update_employee,0.5234375,65.3658536585366,0.0,0.0,20,,
15,Check the deployment status on Railway,1,check,the deployment status on Railway,Check the deployment status on Railway,0.80078125,27,project_management_tools_list_teams,0.5234375,65.3658536585366,0.00390625,0.4878048780487805,20,0.01171875,0.3333333333333333
15,Check the deployment status on Railway,1,check,the deployment status on Railway,Check the deployment status on Railway,0.80078125,28,github_mcp_server_pull_request_read,0.51953125,64.8780487804878,0.00390625,0.4878048780487805,21,0.01171875,0.3333333333333333
15,Check the deployment status on Railway,1,check,the deployment status on Railway,Check the deployment status on Railway,0.80078125,29,railway_tools_volume_create,0.515625,64.39024390243902,0.0,0.0,22,,
15,Check the deployment status on Railway,1,check,the deployment status on Railway,Check the deployment status on Railway,0.80078125,30,carrot_mcp_server_api_update_leave_application,0.515625,64.39024390243902,0.0,0.0,22,,
15,Check the deployment status on Railway,1,check,the deployment status on Railway,Check the deployment status on Railway,0.80078125,31,project_management_tools_list_sprints,0.515625,64.39024390243902,0.00390625,0.4878048780487805,22,0.01171875,0.3333333333333333
15,Check the deployment status on Railway,1,check,the deployment status on Railway,Check the deployment status on Railway,0.80078125,32,carrot_mcp_server_api_submit_leave_application,0.51171875,63.90243902439025,0.0,0.0,23,,
15,Check the deployment status on Railway,1,check,the deployment status on Railway,Check the deployment status on Railway,0.80078125,33,project_management_tools_list_work_items,0.51171875,63.90243902439025,0.0,0.0,23,,
15,Check the deployment status on Railway,1,check,the deployment status on Railway,Check the deployment status on Railway,0.80078125,34,project_management_tools_update_task_status,0.51171875,63.90243902439025,0.0,0.0,23,,
15,Check the deployment status on Railway,1,check,the deployment status on Railway,Check the deployment status on Railway,0.80078125,35,quest_studio_file_storage_get_storage_usage,0.51171875,63.90243902439025,0.00390625,0.4878048780487805,23,0.01171875,0.3333333333333333
15,Check the deployment status on Railway,1,check,the deployment status on Railway,Check the deployment status on Railway,0.80078125,36,project_management_tools_delete_team,0.5078125,63.41463414634146,0.0,0.0,24,,
15,Check the deployment status on Railway,1,check,the deployment status on Railway,Check the deployment status on Railway,0.80078125,37,project_management_tools_list_projects,0.5078125,63.41463414634146,0.0,0.0,24,,
15,Check the deployment status on Railway,1,check,the deployment status on Railway,Check the deployment status on Railway,0.80078125,38,carrot_mcp_server_api_work_hours_summary,0.5078125,63.41463414634146,0.00390625,0.4878048780487805,24,0.009765625,0.4
15,Check the deployment status on Railway,1,check,the deployment status on Railway,Check the deployment status on Railway,0.80078125,39,project_management_tools_list_team_members,0.50390625,62.926829268292686,0.0,0.0,25,,
15,Check the deployment status on Railway,1,check,the deployment status on Railway,Check the deployment status on Railway,0.80078125,40,carrot_mcp_server_api_log_hours_entry,0.50390625,62.926829268292686,0.00390625,0.4878048780487805,25,0.0078125,0.5
15,Check the deployment status on Railway,1,check,the deployment status on Railway,Check the deployment status on Railway,0.80078125,41,carrot_mcp_server_api_create_leave_application,0.5,62.4390243902439,0.0,0.0,26,,
15,Check the deployment status on Railway,1,check,the deployment status on Railway,Check the deployment status on Railway,0.80078125,42,carrot_mcp_server_api_list_leave_application,0.5,62.4390243902439,0.0,0.0,26,,
15,Check the deployment status on Railway,1,check,the deployment status on Railway,Check the deployment status on Railway,0.80078125,43,supabase_mcp_get_all_supabase_projects,0.5,62.4390243902439,0.0,0.0,26,,
15,Check the deployment status on Railway,1,check,the deployment status on Railway,Check the deployment status on Railway,0.80078125,44,github_mcp_server_get_me,0.5,62.4390243902439,0.0,0.0,26,,
15,Check the deployment status on Railway,1,check,the deployment status on Railway,Check the deployment status on Railway,0.80078125,45,quest_studio_file_storage_get_files,0.5,62.4390243902439,0.001953125,0.24390243902439024,26,0.005859375,0.3333333333333333
15,Check the deployment status on Railway,1,check,the deployment status on Railway,Check the deployment status on Railway,0.80078125,46,supabase_mcp_get_table_schema,0.498046875,62.19512195121951,0.0,0.0,27,,
15,Check the deployment status on Railway,1,check,the deployment status on Railway,Check the deployment status on Railway,0.80078125,47,github_mcp_server_get_commit,0.498046875,62.19512195121951,0.001953125,0.24390243902439024,27,0.00390625,0.5
15,Check the deployment status on Railway,1,check,the deployment status on Railway,Check the deployment status on Railway,0.80078125,48,project_management_tools_get_project,0.49609375,61.951219512195124,0.001953125,0.24390243902439024,28,0.00390625,0.5
15,Check the deployment status on Railway,1,check,the deployment status on Railway,Check the deployment status on Railway,0.80078125,49,github_mcp_server_merge_pull_request,0.494140625,61.70731707317073,0.001953125,0.24390243902439024,29,0.00390625,0.5
15,Check the deployment status on Railway,1,check,the deployment status on Railway,Check the deployment status on Railway,0.80078125,50,project_management_tools_delete_sprint,0.4921875,61.46341463414634,0.001953125,0.24390243902439024,30,0.00390625,0.5
15,Check the deployment status on Railway,1,check,the deployment status on Railway,Check the deployment status on Railway,0.80078125,51,project_management_tools_get_work_item,0.490234375,61.21951219512195,0.00390625,0.4878048780487805,31,0.00390625,1.0
15,Check the deployment status on Railway,1,check,the deployment status on Railway,Check the deployment status on Railway,0.80078125,52,carrot_mcp_server_api_create_employee,0.486328125,60.731707317073166,0.0,0.0,32,,
15,Check the deployment status on Railway,1,check,the deployment status on Railway,Check the deployment status on Railway,0.80078125,53,github_mcp_server_list_commits,0.486328125,60.731707317073166,0.001953125,0.24390243902439024,32,0.00390625,0.5
15,Check the deployment status on Railway,1,check,the deployment status on Railway,Check the deployment status on Railway,0.80078125,54,supabase_mcp_get_database_tables,0.484375,60.48780487804878,0.0,0.0,33,,
15,Check the deployment status on Railway,1,check,the deployment status on Railway,Check the deployment status on Railway,0.80078125,55,github_mcp_server_create_or_update_file,0.484375,60.48780487804878,0.001953125,0.24390243902439024,33,0.00390625,0.5
15,Check the deployment status on Railway,1,check,the deployment status on Railway,Check the deployment status on Railway,0.80078125,56,project_management_tools_list_users,0.482421875,60.24390243902439,0.0,0.0,34,,
15,Check the deployment status on Railway,1,check,the deployment status on Railway,Check the deployment status on Railway,0.80078125,57,github_mcp_server_list_pull_requests,0.482421875,60.24390243902439,0.0,0.0,34,,
15,Check the deployment status on Railway,1,check,the deployment status on Railway,Check the deployment status on Railway,0.80078125,58,supabase_mcp_select_database_table_data,0.482421875,60.24390243902439,0.00390625,0.4878048780487805,34,0.00390625,1.0
15,Check the deployment status on Railway,1,check,the deployment status on Railway,Check the deployment status on Railway,0.80078125,59,project_management_tools_delete_work_item,0.478515625,59.756097560975604,0.0,0.0,35,,
15,Check the deployment status on Railway,1,check,the deployment status on Railway,Check the deployment status on Railway,0.80078125,60,github_mcp_server_search_repositories,0.478515625,59.756097560975604,0.001953125,0.24390243902439024,35,0.00390625,0.5
15,Check the deployment status on Railway,1,check,the deployment status on Railway,Check the deployment status on Railway,0.80078125,61,office_word_mcp_server_api_get_document_info,0.4765625,59.512195121951216,0.005859375,0.7317073170731708,36,0.00390625,1.5
15,Check the deployment status on Railway,1,check,the deployment status on Railway,Check the deployment status on Railway,0.80078125,62,project_management_tools_update_user_capacity,0.470703125,58.78048780487804,0.0078125,0.975609756097561,37,0.00390625,2.0
15,Check the deployment status on Railway,1,check,the deployment status on Railway,Check the deployment status on Railway,0.80078125,63,project_management_tools_create_sprint,0.462890625,57.80487804878048,0.0,0.0,38,,
15,Check the deployment status on Railway,1,check,the deployment status on Railway,Check the deployment status on Railway,0.80078125,64,project_management_tools_delete_project,0.462890625,57.80487804878048,0.001953125,0.24390243902439024,38,0.00390625,0.5
15,Check the deployment status on Railway,1,check,the deployment status on Railway,Check the deployment status on Railway,0.80078125,65,github_mcp_server_update_pull_request,0.4609375,57.56097560975609,0.0,0.0,39,,
15,Check the deployment status on Railway,1,check,the deployment status on Railway,Check the deployment status on Railway,0.80078125,66,project_management_tools_create_work_item,0.4609375,57.56097560975609,0.0,0.0,39,,
15,Check the deployment status on Railway,1,check,the deployment status on Railway,Check the deployment status on Railway,0.80078125,67,project_management_tools_get_work_item_comments,0.4609375,57.56097560975609,0.0,0.0,39,,
15,Check the deployment status on Railway,1,check,the deployment status on Railway,Check the deployment status on Railway,0.80078125,68,office_word_mcp_server_api_get_document_outline,0.4609375,57.56097560975609,0.0,0.0,39,,
15,Check the deployment status on Railway,1,check,the deployment status on Railway,Check the deployment status on Railway,0.80078125,69,sharepoint_tools_get_sharepoint_sites,0.4609375,57.56097560975609,0.001953125,0.24390243902439024,39,0.00390625,0.5
15,Check the deployment status on Railway,1,check,the deployment status on Railway,Check the deployment status on Railway,0.80078125,70,gmail_tools_delete_google_email,0.458984375,57.3170731707317,0.0,0.0,40,,
15,Check the deployment status on Railway,1,check,the deployment status on Railway,Check the deployment status on Railway,0.80078125,71,office_word_mcp_server_api_delete_document,0.458984375,57.3170731707317,0.001953125,0.24390243902439024,40,0.00390625,0.5
15,Check the deployment status on Railway,1,check,the deployment status on Railway,Check the deployment status on Railway,0.80078125,72,github_mcp_server_create_branch,0.45703125,57.073170731707314,0.001953125,0.24390243902439024,41,0.00390625,0.5
15,Check the deployment status on Railway,1,check,the deployment status on Railway,Check the deployment status on Railway,0.80078125,73,project_management_tools_create_team,0.455078125,56.82926829268292,0.00390625,0.4878048780487805,42,0.00390625,1.0
15,Check the deployment status on Railway,1,check,the deployment status on Railway,Check the deployment status on Railway,0.80078125,74,office_word_mcp_server_api_convert_to_pdf,0.451171875,56.34146341463414,0.0,0.0,43,,
15,Check the deployment status on Railway,1,check,the deployment status on Railway,Check the deployment status on Railway,0.80078125,75,office_word_mcp_server_api_list_files,0.451171875,56.34146341463414,0.0,0.0,43,,
15,Check the deployment status on Railway,1,check,the deployment status on Railway,Check the deployment status on Railway,0.80078125,76,supabase_mcp_update_database_table_data,0.451171875,56.34146341463414,0.001953125,0.24390243902439024,43,0.00390625,0.5
15,Check the deployment status on Railway,1,check,the deployment status on Railway,Check the deployment status on Railway,0.80078125,77,github_mcp_server_get_file_contents,0.44921875,56.09756097560976,0.0,0.0,44,,
15,Check the deployment status on Railway,1,check,the deployment status on Railway,Check the deployment status on Railway,0.80078125,78,gmail_tools_reply_google_email,0.44921875,56.09756097560976,0.001953125,0.24390243902439024,44,0.00390625,0.5
15,Check the deployment status on Railway,1,check,the deployment status on Railway,Check the deployment status on Railway,0.80078125,79,github_mcp_server_create_pull_request,0.447265625,55.85365853658537,0.0,0.0,45,,
15,Check the deployment status on Railway,1,check,the deployment status on Railway,Check the deployment status on Railway,0.80078125,80,project_management_tools_export_sprint_to_sharepoint,0.447265625,55.85365853658537,0.001953125,0.24390243902439024,45,0.00390625,0.5
15,Check the deployment status on Railway,1,check,the deployment status on Railway,Check the deployment status on Railway,0.80078125,81,quest_studio_file_storage_get_file_content,0.4453125,55.60975609756098,0.001953125,0.24390243902439024,46,0.00390625,0.5
15,Check the deployment status on Railway,1,check,the deployment status on Railway,Check the deployment status on Railway,0.80078125,82,office_word_mcp_server_api_copy_document,0.443359375,55.365853658536594,0.001953125,0.24390243902439024,47,0.00390625,0.5
15,Check the deployment status on Railway,1,check,the deployment status on Railway,Check the deployment status on Railway,0.80078125,83,github_mcp_server_create_repository,0.44140625,55.1219512195122,0.0,0.0,48,,
15,Check the deployment status on Railway,1,check,the deployment status on Railway,Check the deployment status on Railway,0.80078125,84,office_word_mcp_server_api_find_text_in_document,0.44140625,55.1219512195122,0.0,0.0,48,,
15,Check the deployment status on Railway,1,check,the deployment status on Railway,Check the deployment status on Railway,0.80078125,85,supabase_mcp_insert_table_data,0.44140625,55.1219512195122,0.001953125,0.24390243902439024,48,0.00390625,0.5
15,Check the deployment status on Railway,1,check,the deployment status on Railway,Check the deployment status on Railway,0.80078125,86,office_word_mcp_server_api_get_document_xml,0.439453125,54.87804878048781,0.0,0.0,49,,
15,Check the deployment status on Railway,1,check,the deployment status on Railway,Check the deployment status on Railway,0.80078125,87,gmail_tools_get_google_emails,0.439453125,54.87804878048781,0.00390625,0.4878048780487805,49,0.00390625,1.0
15,Check the deployment status on Railway,1,check,the deployment status on Railway,Check the deployment status on Railway,0.80078125,88,office_word_mcp_server_api_add_page_break,0.435546875,54.390243902439025,0.0,0.0,50,,
15,Check the deployment status on Railway,1,check,the deployment status on Railway,Check the deployment status on Railway,0.80078125,89,office_word_mcp_server_api_merge_doucments,0.435546875,54.390243902439025,0.001953125,0.24390243902439024,50,0.00390625,0.5
15,Check the deployment status on Railway,1,check,the deployment status on Railway,Check the deployment status on Railway,0.80078125,90,office_word_mcp_server_api_delete_paragraph,0.43359375,54.146341463414636,0.001953125,0.24390243902439024,51,0.00390625,0.5
15,Check the deployment status on Railway,1,check,the deployment status on Railway,Check the deployment status on Railway,0.80078125,91,gmail_tools_forward_google_email,0.431640625,53.90243902439025,0.0,0.0,52,,
15,Check the deployment status on Railway,1,check,the deployment status on Railway,Check the deployment status on Railway,0.80078125,92,quest_studio_file_storage_query_files,0.431640625,53.90243902439025,0.001953125,0.24390243902439024,52,0.00390625,0.5
15,Check the deployment status on Railway,1,check,the deployment status on Railway,Check the deployment status on Railway,0.80078125,93,project_management_tools_create_project,0.4296875,53.65853658536586,0.001953125,0.24390243902439024,53,0.00390625,0.5
15,Check the deployment status on Railway,1,check,the deployment status on Railway,Check the deployment status on Railway,0.80078125,94,office_word_mcp_server_api_get_document_text,0.427734375,53.41463414634147,0.0,0.0,54,,
15,Check the deployment status on Railway,1,check,the deployment status on Railway,Check the deployment status on Railway,0.80078125,95,gmail_tools_send_google_email,0.427734375,53.41463414634147,0.0,0.0,54,,
15,Check the deployment status on Railway,1,check,the deployment status on Railway,Check the deployment status on Railway,0.80078125,96,quest_studio_file_storage_delete_file,0.427734375,53.41463414634147,0.0,0.0,54,,
15,Check the deployment status on Railway,1,check,the deployment status on Railway,Check the deployment status on Railway,0.80078125,97,office_word_mcp_server_api_create_word_document,0.427734375,53.41463414634147,0.0,0.0,54,,
15,Check the deployment status on Railway,1,check,the deployment status on Railway,Check the deployment status on Railway,0.80078125,98,sharepoint_tools_get_sharepoint_documents,0.427734375,53.41463414634147,0.00390625,0.4878048780487805,54,0.00390625,1.0
15,Check the deployment status on Railway,1,check,the deployment status on Railway,Check the deployment status on Railway,0.80078125,99,office_word_mcp_server_api_search_replace,0.423828125,52.926829268292686,0.001953125,0.24390243902439024,55,0.00390625,0.5
15,Check the deployment status on Railway,1,check,the deployment status on Railway,Check the deployment status on Railway,0.80078125,100,quest_studio_file_storage_get_file,0.421875,52.6829268292683,0.001953125,0.24390243902439024,56,0.00390625,0.5
15,Check the deployment status on Railway,1,check,the deployment status on Railway,Check the deployment status on Railway,0.80078125,101,github_mcp_server_delete_file,0.419921875,52.4390243902439,0.005859375,0.7317073170731708,57,0.00390625,1.5
15,Check the deployment status on Railway,1,check,the deployment status on Railway,Check the deployment status on Railway,0.80078125,102,project_management_tools_assign_work_item,0.4140625,51.707317073170735,0.00390625,0.4878048780487805,58,0.00390625,1.0
15,Check the deployment status on Railway,1,check,the deployment status on Railway,Check the deployment status on Railway,0.80078125,103,office_word_mcp_server_api_get_paragraph_text_from_document,0.41015625,51.21951219512195,0.001953125,0.24390243902439024,59,0.00390625,0.5
15,Check the deployment status on Railway,1,check,the deployment status on Railway,Check the deployment status on Railway,0.80078125,104,outlook_mail_management_reply_to_email,0.408203125,50.97560975609756,0.001953125,0.24390243902439024,60,0.00390625,0.5
15,Check the deployment status on Railway,1,check,the deployment status on Railway,Check the deployment status on Railway,0.80078125,105,office_word_mcp_server_api_add_table,0.40625,50.73170731707317,0.0,0.0,61,,
15,Check the deployment status on Railway,1,check,the deployment status on Railway,Check the deployment status on Railway,0.80078125,106,project_management_tools_update_project,0.40625,50.73170731707317,0.005859375,0.7317073170731708,61,0.00390625,1.5
15,Check the deployment status on Railway,1,check,the deployment status on Railway,Check the deployment status on Railway,0.80078125,107,outlook_mail_management_search_outlook_mail,0.400390625,50.0,0.00390625,0.4878048780487805,62,0.00390625,1.0
15,Check the deployment status on Railway,1,check,the deployment status on Railway,Check the deployment status on Railway,0.80078125,108,office_word_mcp_server_api_add_heading,0.396484375,49.51219512195122,0.001953125,0.24390243902439024,63,0.00390625,0.5
15,Check the deployment status on Railway,1,check,the deployment status on Railway,Check the deployment status on Railway,0.80078125,109,project_management_tools_update_work_item,0.39453125,49.26829268292683,0.001953125,0.24390243902439024,64,0.00390625,0.5
15,Check the deployment status on Railway,1,check,the deployment status on Railway,Check the deployment status on Railway,0.80078125,110,outlook_mail_management_delete_email_message,0.392578125,49.02439024390244,0.0,0.0,65,,
15,Check the deployment status on Railway,1,check,the deployment status on Railway,Check the deployment status on Railway,0.80078125,111,github_mcp_server_push_files,0.392578125,49.02439024390244,0.001953125,0.24390243902439024,65,0.00390625,0.5
15,Check the deployment status on Railway,1,check,the deployment status on Railway,Check the deployment status on Railway,0.80078125,112,office_word_mcp_server_api_add_paragraph,0.390625,48.78048780487805,0.0,0.0,66,,
15,Check the deployment status on Railway,1,check,the deployment status on Railway,Check the deployment status on Railway,0.80078125,113,web_search_tools_web_search,0.390625,48.78048780487805,0.001953125,0.24390243902439024,66,0.00390625,0.5
15,Check the deployment status on Railway,1,check,the deployment status on Railway,Check the deployment status on Railway,0.80078125,114,office_word_mcp_server_api_add_picture,0.388671875,48.536585365853654,0.0,0.0,67,,
15,Check the deployment status on Railway,1,check,the deployment status on Railway,Check the deployment status on Railway,0.80078125,115,sharepoint_tools_create_txt_file_in_sharepoint,0.388671875,48.536585365853654,0.001953125,0.24390243902439024,67,0.00390625,0.5
15,Check the deployment status on Railway,1,check,the deployment status on Railway,Check the deployment status on Railway,0.80078125,116,outlook_mail_management_get_email_messages,0.38671875,48.292682926829265,0.009765625,1.2195121951219512,68,0.00390625,2.5
15,Check the deployment status on Railway,1,check,the deployment status on Railway,Check the deployment status on Railway,0.80078125,117,outlook_mail_management_forward_email,0.376953125,47.073170731707314,0.00390625,0.4878048780487805,69,0.00390625,1.0
15,Check the deployment status on Railway,1,check,the deployment status on Railway,Check the deployment status on Railway,0.80078125,118,outlook_mail_management_find_email_address,0.373046875,46.58536585365854,0.0,0.0,70,,
15,Check the deployment status on Railway,1,check,the deployment status on Railway,Check the deployment status on Railway,0.80078125,119,quest_studio_file_storage_update_file,0.373046875,46.58536585365854,0.001953125,0.24390243902439024,70,0.00390625,0.5
15,Check the deployment status on Railway,1,check,the deployment status on Railway,Check the deployment status on Railway,0.80078125,120,project_management_tools_add_work_item_comment,0.37109375,46.34146341463415,0.021484375,2.682926829268293,71,0.00390625,5.5
15,Check the deployment status on Railway,1,check,the deployment status on Railway,Check the deployment status on Railway,0.80078125,121,outlook_mail_management_compose_email,0.349609375,43.65853658536585,0.029296875,3.6585365853658534,72,0.00390625,7.5
15,Check the deployment status on Railway,1,check,the deployment status on Railway,Check the deployment status on Railway,0.80078125,122,outlook_mail_management_send_email,0.3203125,40.0,,,73,,
