query_number,query,intent_number,action,target,intent_text,rank,tool_name,score,score_retention,next_score,gap,cliff_percentage
1,Send an email to Tom,1,send,an email,Send an email to Tom,1,gmail_tools_send_google_email,0.7109375,100.0,0.6796875,0.03125,4.395604395604396
1,Send an email to Tom,1,send,an email,Send an email to Tom,2,outlook_mail_management_compose_email,0.6796875,95.6043956043956,0.67578125,0.00390625,0.5494505494505495
1,Send an email to Tom,1,send,an email,Send an email to Tom,3,outlook_mail_management_send_email,0.67578125,95.05494505494505,0.65234375,0.0234375,3.296703296703297
1,Send an email to Tom,1,send,an email,Send an email to Tom,4,outlook_mail_management_reply_to_email,0.65234375,91.75824175824175,0.640625,0.01171875,1.6483516483516485
1,Send an email to Tom,1,send,an email,Send an email to Tom,5,gmail_tools_reply_google_email,0.640625,90.10989010989012,0.625,0.015625,2.197802197802198
1,Send an email to Tom,1,send,an email,Send an email to Tom,6,gmail_tools_forward_google_email,0.625,87.91208791208791,0.609375,0.015625,2.197802197802198
1,Send an email to Tom,1,send,an email,Send an email to Tom,7,gmail_tools_get_google_emails,0.609375,85.71428571428571,0.6015625,0.0078125,1.098901098901099
1,Send an email to Tom,1,send,an email,Send an email to Tom,8,gmail_tools_delete_google_email,0.6015625,84.61538461538461,0.58984375,0.01171875,1.6483516483516485
1,Send an email to Tom,1,send,an email,Send an email to Tom,9,outlook_mail_management_forward_email,0.58984375,82.96703296703298,0.578125,0.01171875,1.6483516483516485
1,Send an email to Tom,1,send,an email,Send an email to Tom,10,outlook_mail_management_find_email_address,0.578125,81.31868131868131,0.5625,0.015625,2.197802197802198
1,Send an email to Tom,1,send,an email,Send an email to Tom,11,outlook_mail_management_search_outlook_mail,0.5625,79.12087912087912,0.51953125,0.04296875,6.043956043956044
1,Send an email to Tom,1,send,an email,Send an email to Tom,12,outlook_mail_management_get_email_messages,0.51953125,73.07692307692307,0.515625,0.00390625,0.5494505494505495
1,Send an email to Tom,1,send,an email,Send an email to Tom,13,office_word_mcp_server_api_add_picture,0.515625,72.52747252747253,0.50390625,0.01171875,1.6483516483516485
1,Send an email to Tom,1,send,an email,Send an email to Tom,14,office_word_mcp_server_api_convert_to_pdf,0.50390625,70.87912087912088,0.498046875,0.005859375,0.8241758241758242
1,Send an email to Tom,1,send,an email,Send an email to Tom,15,office_word_mcp_server_api_add_table,0.498046875,70.05494505494505,0.494140625,0.00390625,0.5494505494505495
1,Send an email to Tom,1,send,an email,Send an email to Tom,16,carrot_mcp_server_api_create_employee,0.494140625,69.5054945054945,0.490234375,0.00390625,0.5494505494505495
1,Send an email to Tom,1,send,an email,Send an email to Tom,17,sharepoint_tools_create_txt_file_in_sharepoint,0.490234375,68.95604395604396,0.490234375,0.0,0.0
1,Send an email to Tom,1,send,an email,Send an email to Tom,18,office_word_mcp_server_api_add_heading,0.490234375,68.95604395604396,0.490234375,0.0,0.0
1,Send an email to Tom,1,send,an email,Send an email to Tom,19,office_word_mcp_server_api_add_paragraph,0.490234375,68.95604395604396,0.486328125,0.00390625,0.5494505494505495
1,Send an email to Tom,1,send,an email,Send an email to Tom,20,office_word_mcp_server_api_create_word_document,0.486328125,68.4065934065934,0.478515625,0.0078125,1.098901098901099
1,Send an email to Tom,1,send,an email,Send an email to Tom,21,carrot_mcp_server_api_update_employee,0.478515625,67.3076923076923,0.478515625,0.0,0.0
1,Send an email to Tom,1,send,an email,Send an email to Tom,22,outlook_mail_management_delete_email_message,0.478515625,67.3076923076923,0.47265625,0.005859375,0.8241758241758242
1,Send an email to Tom,1,send,an email,Send an email to Tom,23,office_word_mcp_server_api_add_page_break,0.47265625,66.48351648351648,0.47265625,0.0,0.0
1,Send an email to Tom,1,send,an email,Send an email to Tom,24,railway_tools_project_environments,0.47265625,66.48351648351648,0.466796875,0.005859375,0.8241758241758242
1,Send an email to Tom,1,send,an email,Send an email to Tom,25,railway_tools_project_info,0.466796875,65.65934065934066,0.46484375,0.001953125,0.27472527472527475
1,Send an email to Tom,1,send,an email,Send an email to Tom,26,office_word_mcp_server_api_search_replace,0.46484375,65.38461538461539,0.462890625,0.001953125,0.27472527472527475
1,Send an email to Tom,1,send,an email,Send an email to Tom,27,project_management_tools_export_sprint_to_sharepoint,0.462890625,65.10989010989012,0.462890625,0.0,0.0
1,Send an email to Tom,1,send,an email,Send an email to Tom,28,office_word_mcp_server_api_find_text_in_document,0.462890625,65.10989010989012,0.44921875,0.013671875,1.9230769230769231
1,Send an email to Tom,1,send,an email,Send an email to Tom,29,carrot_mcp_server_api_create_leave_application,0.44921875,63.18681318681318,0.44921875,0.0,0.0
1,Send an email to Tom,1,send,an email,Send an email to Tom,30,carrot_mcp_server_api_submit_leave_application,0.44921875,63.18681318681318,0.44921875,0.0,0.0
1,Send an email to Tom,1,send,an email,Send an email to Tom,31,office_word_mcp_server_api_copy_document,0.44921875,63.18681318681318,0.4453125,0.00390625,0.5494505494505495
1,Send an email to Tom,1,send,an email,Send an email to Tom,32,railway_tools_project_list,0.4453125,62.637362637362635,0.4453125,0.0,0.0
1,Send an email to Tom,1,send,an email,Send an email to Tom,33,carrot_mcp_server_api_get_employee,0.4453125,62.637362637362635,0.4453125,0.0,0.0
1,Send an email to Tom,1,send,an email,Send an email to Tom,34,office_word_mcp_server_api_get_document_text,0.4453125,62.637362637362635,0.443359375,0.001953125,0.27472527472527475
1,Send an email to Tom,1,send,an email,Send an email to Tom,35,railway_tools_service_list,0.443359375,62.362637362637365,0.44140625,0.001953125,0.27472527472527475
1,Send an email to Tom,1,send,an email,Send an email to Tom,36,railway_tools_project_create,0.44140625,62.08791208791209,0.44140625,0.0,0.0
1,Send an email to Tom,1,send,an email,Send an email to Tom,37,carrot_mcp_server_api_list_employees,0.44140625,62.08791208791209,0.44140625,0.0,0.0
1,Send an email to Tom,1,send,an email,Send an email to Tom,38,office_word_mcp_server_api_get_document_outline,0.44140625,62.08791208791209,0.44140625,0.0,0.0
1,Send an email to Tom,1,send,an email,Send an email to Tom,39,office_word_mcp_server_api_get_document_xml,0.44140625,62.08791208791209,0.439453125,0.001953125,0.27472527472527475
1,Send an email to Tom,1,send,an email,Send an email to Tom,40,office_word_mcp_server_api_get_paragraph_text_from_document,0.439453125,61.81318681318682,0.439453125,0.0,0.0
1,Send an email to Tom,1,send,an email,Send an email to Tom,41,office_word_mcp_server_api_delete_document,0.439453125,61.81318681318682,0.439453125,0.0,0.0
1,Send an email to Tom,1,send,an email,Send an email to Tom,42,office_word_mcp_server_api_delete_paragraph,0.439453125,61.81318681318682,0.435546875,0.00390625,0.5494505494505495
1,Send an email to Tom,1,send,an email,Send an email to Tom,43,office_word_mcp_server_api_get_document_info,0.435546875,61.26373626373627,0.43359375,0.001953125,0.27472527472527475
1,Send an email to Tom,1,send,an email,Send an email to Tom,44,railway_tools_project_delete,0.43359375,60.98901098901099,0.431640625,0.001953125,0.27472527472527475
1,Send an email to Tom,1,send,an email,Send an email to Tom,45,railway_tools_service_restart,0.431640625,60.71428571428571,0.427734375,0.00390625,0.5494505494505495
1,Send an email to Tom,1,send,an email,Send an email to Tom,46,railway_tools_service_create_from_repo,0.427734375,60.16483516483516,0.427734375,0.0,0.0
1,Send an email to Tom,1,send,an email,Send an email to Tom,47,carrot_mcp_server_api_hr_dashboard_summary,0.427734375,60.16483516483516,0.423828125,0.00390625,0.5494505494505495
1,Send an email to Tom,1,send,an email,Send an email to Tom,48,railway_tools_service_info,0.423828125,59.61538461538461,0.423828125,0.0,0.0
1,Send an email to Tom,1,send,an email,Send an email to Tom,49,supabase_mcp_insert_table_data,0.423828125,59.61538461538461,0.419921875,0.00390625,0.5494505494505495
1,Send an email to Tom,1,send,an email,Send an email to Tom,50,github_mcp_server_create_or_update_file,0.419921875,59.065934065934066,0.419921875,0.0,0.0
1,Send an email to Tom,1,send,an email,Send an email to Tom,51,project_management_tools_create_team,0.419921875,59.065934065934066,0.41796875,0.001953125,0.27472527472527475
1,Send an email to Tom,1,send,an email,Send an email to Tom,52,railway_tools_database_list_types,0.41796875,58.791208791208796,0.41796875,0.0,0.0
1,Send an email to Tom,1,send,an email,Send an email to Tom,53,carrot_mcp_server_api_log_hours_entry,0.41796875,58.791208791208796,0.41796875,0.0,0.0
1,Send an email to Tom,1,send,an email,Send an email to Tom,54,carrot_mcp_server_api_update_leave_application,0.41796875,58.791208791208796,0.41796875,0.0,0.0
1,Send an email to Tom,1,send,an email,Send an email to Tom,55,office_word_mcp_server_api_merge_doucments,0.41796875,58.791208791208796,0.41796875,0.0,0.0
1,Send an email to Tom,1,send,an email,Send an email to Tom,56,project_management_tools_list_work_items,0.41796875,58.791208791208796,0.416015625,0.001953125,0.27472527472527475
1,Send an email to Tom,1,send,an email,Send an email to Tom,57,supabase_mcp_update_database_table_data,0.416015625,58.51648351648352,0.416015625,0.0,0.0
1,Send an email to Tom,1,send,an email,Send an email to Tom,58,project_management_tools_create_work_item,0.416015625,58.51648351648352,0.412109375,0.00390625,0.5494505494505495
1,Send an email to Tom,1,send,an email,Send an email to Tom,59,quest_studio_file_storage_get_storage_usage,0.412109375,57.96703296703297,0.41015625,0.001953125,0.27472527472527475
1,Send an email to Tom,1,send,an email,Send an email to Tom,60,project_management_tools_create_sprint,0.41015625,57.692307692307686,0.408203125,0.001953125,0.27472527472527475
1,Send an email to Tom,1,send,an email,Send an email to Tom,61,project_management_tools_list_sprints,0.408203125,57.417582417582416,0.408203125,0.0,0.0
1,Send an email to Tom,1,send,an email,Send an email to Tom,62,github_mcp_server_create_repository,0.408203125,57.417582417582416,0.408203125,0.0,0.0
1,Send an email to Tom,1,send,an email,Send an email to Tom,63,quest_studio_file_storage_get_file_content,0.408203125,57.417582417582416,0.40625,0.001953125,0.27472527472527475
1,Send an email to Tom,1,send,an email,Send an email to Tom,64,github_mcp_server_pull_request_read,0.40625,57.14285714285714,0.404296875,0.001953125,0.27472527472527475
1,Send an email to Tom,1,send,an email,Send an email to Tom,65,railway_tools_service_update,0.404296875,56.86813186813187,0.404296875,0.0,0.0
1,Send an email to Tom,1,send,an email,Send an email to Tom,66,quest_studio_file_storage_delete_file,0.404296875,56.86813186813187,0.404296875,0.0,0.0
1,Send an email to Tom,1,send,an email,Send an email to Tom,67,supabase_mcp_check_database_health,0.404296875,56.86813186813187,0.40234375,0.001953125,0.27472527472527475
1,Send an email to Tom,1,send,an email,Send an email to Tom,68,railway_tools_service_create_from_image,0.40234375,56.59340659340659,0.400390625,0.001953125,0.27472527472527475
1,Send an email to Tom,1,send,an email,Send an email to Tom,69,project_management_tools_get_team,0.400390625,56.31868131868132,0.400390625,0.0,0.0
1,Send an email to Tom,1,send,an email,Send an email to Tom,70,railway_tools_service_delete,0.400390625,56.31868131868132,0.3984375,0.001953125,0.27472527472527475
1,Send an email to Tom,1,send,an email,Send an email to Tom,71,office_word_mcp_server_api_list_files,0.3984375,56.043956043956044,0.396484375,0.001953125,0.27472527472527475
1,Send an email to Tom,1,send,an email,Send an email to Tom,72,github_mcp_server_get_commit,0.396484375,55.769230769230774,0.396484375,0.0,0.0
1,Send an email to Tom,1,send,an email,Send an email to Tom,73,github_mcp_server_create_pull_request,0.396484375,55.769230769230774,0.396484375,0.0,0.0
1,Send an email to Tom,1,send,an email,Send an email to Tom,74,web_search_tools_web_search,0.396484375,55.769230769230774,0.39453125,0.001953125,0.27472527472527475
1,Send an email to Tom,1,send,an email,Send an email to Tom,75,project_management_tools_list_team_members,0.39453125,55.494505494505496,0.392578125,0.001953125,0.27472527472527475
1,Send an email to Tom,1,send,an email,Send an email to Tom,76,carrot_mcp_server_api_list_leave_application,0.392578125,55.219780219780226,0.392578125,0.0,0.0
1,Send an email to Tom,1,send,an email,Send an email to Tom,77,project_management_tools_view_board,0.392578125,55.219780219780226,0.392578125,0.0,0.0
1,Send an email to Tom,1,send,an email,Send an email to Tom,78,project_management_tools_list_teams,0.392578125,55.219780219780226,0.392578125,0.0,0.0
1,Send an email to Tom,1,send,an email,Send an email to Tom,79,project_management_tools_delete_team,0.392578125,55.219780219780226,0.390625,0.001953125,0.27472527472527475
1,Send an email to Tom,1,send,an email,Send an email to Tom,80,project_management_tools_get_sprint,0.390625,54.94505494505495,0.390625,0.0,0.0
1,Send an email to Tom,1,send,an email,Send an email to Tom,81,carrot_mcp_server_api_work_hours_summary,0.390625,54.94505494505495,0.390625,0.0,0.0
1,Send an email to Tom,1,send,an email,Send an email to Tom,82,project_management_tools_assign_work_item,0.390625,54.94505494505495,0.388671875,0.001953125,0.27472527472527475
1,Send an email to Tom,1,send,an email,Send an email to Tom,83,project_management_tools_add_work_item_comment,0.388671875,54.670329670329664,0.38671875,0.001953125,0.27472527472527475
1,Send an email to Tom,1,send,an email,Send an email to Tom,84,github_mcp_server_get_me,0.38671875,54.395604395604394,0.38671875,0.0,0.0
1,Send an email to Tom,1,send,an email,Send an email to Tom,85,github_mcp_server_search_repositories,0.38671875,54.395604395604394,0.38671875,0.0,0.0
1,Send an email to Tom,1,send,an email,Send an email to Tom,86,github_mcp_server_list_commits,0.38671875,54.395604395604394,0.384765625,0.001953125,0.27472527472527475
1,Send an email to Tom,1,send,an email,Send an email to Tom,87,github_mcp_server_create_branch,0.384765625,54.12087912087912,0.384765625,0.0,0.0
1,Send an email to Tom,1,send,an email,Send an email to Tom,88,sharepoint_tools_get_sharepoint_documents,0.384765625,54.12087912087912,0.3828125,0.001953125,0.27472527472527475
1,Send an email to Tom,1,send,an email,Send an email to Tom,89,supabase_mcp_get_table_schema,0.3828125,53.84615384615385,0.3828125,0.0,0.0
1,Send an email to Tom,1,send,an email,Send an email to Tom,90,supabase_mcp_select_database_table_data,0.3828125,53.84615384615385,0.3828125,0.0,0.0
1,Send an email to Tom,1,send,an email,Send an email to Tom,91,project_management_tools_update_task_status,0.3828125,53.84615384615385,0.3828125,0.0,0.0
1,Send an email to Tom,1,send,an email,Send an email to Tom,92,quest_studio_file_storage_update_file,0.3828125,53.84615384615385,0.380859375,0.001953125,0.27472527472527475
1,Send an email to Tom,1,send,an email,Send an email to Tom,93,github_mcp_server_merge_pull_request,0.380859375,53.57142857142857,0.380859375,0.0,0.0
1,Send an email to Tom,1,send,an email,Send an email to Tom,94,project_management_tools_delete_sprint,0.380859375,53.57142857142857,0.37890625,0.001953125,0.27472527472527475
1,Send an email to Tom,1,send,an email,Send an email to Tom,95,project_management_tools_create_project,0.37890625,53.2967032967033,0.376953125,0.001953125,0.27472527472527475
1,Send an email to Tom,1,send,an email,Send an email to Tom,96,project_management_tools_get_user_capacity,0.376953125,53.02197802197802,0.376953125,0.0,0.0
1,Send an email to Tom,1,send,an email,Send an email to Tom,97,github_mcp_server_get_file_contents,0.376953125,53.02197802197802,0.375,0.001953125,0.27472527472527475
1,Send an email to Tom,1,send,an email,Send an email to Tom,98,github_mcp_server_push_files,0.375,52.74725274725275,0.375,0.0,0.0
1,Send an email to Tom,1,send,an email,Send an email to Tom,99,quest_studio_file_storage_get_file,0.375,52.74725274725275,0.373046875,0.001953125,0.27472527472527475
1,Send an email to Tom,1,send,an email,Send an email to Tom,100,project_management_tools_update_work_item,0.373046875,52.472527472527474,0.373046875,0.0,0.0
1,Send an email to Tom,1,send,an email,Send an email to Tom,101,project_management_tools_update_user_capacity,0.373046875,52.472527472527474,0.373046875,0.0,0.0
1,Send an email to Tom,1,send,an email,Send an email to Tom,102,github_mcp_server_list_pull_requests,0.373046875,52.472527472527474,0.369140625,0.00390625,0.5494505494505495
1,Send an email to Tom,1,send,an email,Send an email to Tom,103,project_management_tools_get_work_item_comments,0.369140625,51.92307692307693,0.3671875,0.001953125,0.27472527472527475
1,Send an email to Tom,1,send,an email,Send an email to Tom,104,project_management_tools_delete_work_item,0.3671875,51.64835164835166,0.3671875,0.0,0.0
1,Send an email to Tom,1,send,an email,Send an email to Tom,105,github_mcp_server_update_pull_request,0.3671875,51.64835164835166,0.3671875,0.0,0.0
1,Send an email to Tom,1,send,an email,Send an email to Tom,106,supabase_mcp_get_database_tables,0.3671875,51.64835164835166,0.365234375,0.001953125,0.27472527472527475
1,Send an email to Tom,1,send,an email,Send an email to Tom,107,sharepoint_tools_get_sharepoint_sites,0.365234375,51.373626373626365,0.365234375,0.0,0.0
1,Send an email to Tom,1,send,an email,Send an email to Tom,108,railway_tools_volume_delete,0.365234375,51.373626373626365,0.36328125,0.001953125,0.27472527472527475
1,Send an email to Tom,1,send,an email,Send an email to Tom,109,railway_tools_volume_update,0.36328125,51.098901098901095,0.36328125,0.0,0.0
1,Send an email to Tom,1,send,an email,Send an email to Tom,110,quest_studio_file_storage_get_files,0.36328125,51.098901098901095,0.36328125,0.0,0.0
1,Send an email to Tom,1,send,an email,Send an email to Tom,111,supabase_mcp_get_all_supabase_projects,0.36328125,51.098901098901095,0.361328125,0.001953125,0.27472527472527475
1,Send an email to Tom,1,send,an email,Send an email to Tom,112,github_mcp_server_list_branches,0.361328125,50.824175824175825,0.359375,0.001953125,0.27472527472527475
1,Send an email to Tom,1,send,an email,Send an email to Tom,113,project_management_tools_get_work_item,0.359375,50.54945054945055,0.353515625,0.005859375,0.8241758241758242
1,Send an email to Tom,1,send,an email,Send an email to Tom,114,railway_tools_volume_list,0.353515625,49.72527472527473,0.349609375,0.00390625,0.5494505494505495
1,Send an email to Tom,1,send,an email,Send an email to Tom,115,github_mcp_server_delete_file,0.349609375,49.175824175824175,0.341796875,0.0078125,1.098901098901099
1,Send an email to Tom,1,send,an email,Send an email to Tom,116,railway_tools_volume_create,0.341796875,48.07692307692308,0.337890625,0.00390625,0.5494505494505495
1,Send an email to Tom,1,send,an email,Send an email to Tom,117,project_management_tools_list_users,0.337890625,47.527472527472526,0.337890625,0.0,0.0
1,Send an email to Tom,1,send,an email,Send an email to Tom,118,project_management_tools_list_projects,0.337890625,47.527472527472526,0.328125,0.009765625,1.3736263736263736
1,Send an email to Tom,1,send,an email,Send an email to Tom,119,project_management_tools_get_project,0.328125,46.15384615384615,0.3203125,0.0078125,1.098901098901099
1,Send an email to Tom,1,send,an email,Send an email to Tom,120,project_management_tools_update_project,0.3203125,45.05494505494506,0.31640625,0.00390625,0.5494505494505495
1,Send an email to Tom,1,send,an email,Send an email to Tom,121,project_management_tools_delete_project,0.31640625,44.505494505494504,0.294921875,0.021484375,3.021978021978022
1,Send an email to Tom,1,send,an email,Send an email to Tom,122,quest_studio_file_storage_query_files,0.294921875,41.48351648351649,,,
2,Reply to Tom's email,1,reply,Tom email,Reply to Tom 's email,1,gmail_tools_reply_google_email,0.72265625,100.0,0.703125,0.01953125,2.7027027027027026
2,Reply to Tom's email,1,reply,Tom email,Reply to Tom 's email,2,outlook_mail_management_reply_to_email,0.703125,97.2972972972973,0.625,0.078125,10.81081081081081
2,Reply to Tom's email,1,reply,Tom email,Reply to Tom 's email,3,gmail_tools_send_google_email,0.625,86.48648648648648,0.6171875,0.0078125,1.0810810810810811
2,Reply to Tom's email,1,reply,Tom email,Reply to Tom 's email,4,outlook_mail_management_compose_email,0.6171875,85.4054054054054,0.609375,0.0078125,1.0810810810810811
2,Reply to Tom's email,1,reply,Tom email,Reply to Tom 's email,5,gmail_tools_forward_google_email,0.609375,84.32432432432432,0.58984375,0.01953125,2.7027027027027026
2,Reply to Tom's email,1,reply,Tom email,Reply to Tom 's email,6,gmail_tools_get_google_emails,0.58984375,81.62162162162161,0.5703125,0.01953125,2.7027027027027026
2,Reply to Tom's email,1,reply,Tom email,Reply to Tom 's email,7,gmail_tools_delete_google_email,0.5703125,78.91891891891892,0.56640625,0.00390625,0.5405405405405406
2,Reply to Tom's email,1,reply,Tom email,Reply to Tom 's email,8,outlook_mail_management_send_email,0.56640625,78.37837837837837,0.55078125,0.015625,2.1621621621621623
2,Reply to Tom's email,1,reply,Tom email,Reply to Tom 's email,9,outlook_mail_management_forward_email,0.55078125,76.21621621621621,0.54296875,0.0078125,1.0810810810810811
2,Reply to Tom's email,1,reply,Tom email,Reply to Tom 's email,10,outlook_mail_management_find_email_address,0.54296875,75.13513513513513,0.53125,0.01171875,1.6216216216216217
2,Reply to Tom's email,1,reply,Tom email,Reply to Tom 's email,11,outlook_mail_management_search_outlook_mail,0.53125,73.51351351351352,0.498046875,0.033203125,4.594594594594595
2,Reply to Tom's email,1,reply,Tom email,Reply to Tom 's email,12,office_word_mcp_server_api_search_replace,0.498046875,68.91891891891892,0.49609375,0.001953125,0.2702702702702703
2,Reply to Tom's email,1,reply,Tom email,Reply to Tom 's email,13,outlook_mail_management_get_email_messages,0.49609375,68.64864864864865,0.494140625,0.001953125,0.2702702702702703
2,Reply to Tom's email,1,reply,Tom email,Reply to Tom 's email,14,github_mcp_server_pull_request_read,0.494140625,68.37837837837839,0.494140625,0.0,0.0
2,Reply to Tom's email,1,reply,Tom email,Reply to Tom 's email,15,carrot_mcp_server_api_update_employee,0.494140625,68.37837837837839,0.48828125,0.005859375,0.8108108108108109
2,Reply to Tom's email,1,reply,Tom email,Reply to Tom 's email,16,office_word_mcp_server_api_convert_to_pdf,0.48828125,67.56756756756756,0.484375,0.00390625,0.5405405405405406
2,Reply to Tom's email,1,reply,Tom email,Reply to Tom 's email,17,office_word_mcp_server_api_add_table,0.484375,67.02702702702703,0.484375,0.0,0.0
2,Reply to Tom's email,1,reply,Tom email,Reply to Tom 's email,18,carrot_mcp_server_api_submit_leave_application,0.484375,67.02702702702703,0.482421875,0.001953125,0.2702702702702703
2,Reply to Tom's email,1,reply,Tom email,Reply to Tom 's email,19,office_word_mcp_server_api_add_picture,0.482421875,66.75675675675676,0.4765625,0.005859375,0.8108108108108109
2,Reply to Tom's email,1,reply,Tom email,Reply to Tom 's email,20,office_word_mcp_server_api_copy_document,0.4765625,65.94594594594595,0.474609375,0.001953125,0.2702702702702703
2,Reply to Tom's email,1,reply,Tom email,Reply to Tom 's email,21,office_word_mcp_server_api_add_paragraph,0.474609375,65.67567567567568,0.47265625,0.001953125,0.2702702702702703
2,Reply to Tom's email,1,reply,Tom email,Reply to Tom 's email,22,github_mcp_server_search_repositories,0.47265625,65.4054054054054,0.47265625,0.0,0.0
2,Reply to Tom's email,1,reply,Tom email,Reply to Tom 's email,23,carrot_mcp_server_api_create_employee,0.47265625,65.4054054054054,0.47265625,0.0,0.0
2,Reply to Tom's email,1,reply,Tom email,Reply to Tom 's email,24,github_mcp_server_get_commit,0.47265625,65.4054054054054,0.470703125,0.001953125,0.2702702702702703
2,Reply to Tom's email,1,reply,Tom email,Reply to Tom 's email,25,railway_tools_project_info,0.470703125,65.13513513513513,0.470703125,0.0,0.0
2,Reply to Tom's email,1,reply,Tom email,Reply to Tom 's email,26,office_word_mcp_server_api_find_text_in_document,0.470703125,65.13513513513513,0.470703125,0.0,0.0
2,Reply to Tom's email,1,reply,Tom email,Reply to Tom 's email,27,office_word_mcp_server_api_add_heading,0.470703125,65.13513513513513,0.470703125,0.0,0.0
2,Reply to Tom's email,1,reply,Tom email,Reply to Tom 's email,28,office_word_mcp_server_api_get_document_outline,0.470703125,65.13513513513513,0.46875,0.001953125,0.2702702702702703
2,Reply to Tom's email,1,reply,Tom email,Reply to Tom 's email,29,github_mcp_server_create_or_update_file,0.46875,64.86486486486487,0.46875,0.0,0.0
2,Reply to Tom's email,1,reply,Tom email,Reply to Tom 's email,30,sharepoint_tools_create_txt_file_in_sharepoint,0.46875,64.86486486486487,0.466796875,0.001953125,0.2702702702702703
2,Reply to Tom's email,1,reply,Tom email,Reply to Tom 's email,31,carrot_mcp_server_api_create_leave_application,0.466796875,64.5945945945946,0.466796875,0.0,0.0
2,Reply to Tom's email,1,reply,Tom email,Reply to Tom 's email,32,office_word_mcp_server_api_create_word_document,0.466796875,64.5945945945946,0.462890625,0.00390625,0.5405405405405406
2,Reply to Tom's email,1,reply,Tom email,Reply to Tom 's email,33,office_word_mcp_server_api_get_paragraph_text_from_document,0.462890625,64.05405405405405,0.462890625,0.0,0.0
2,Reply to Tom's email,1,reply,Tom email,Reply to Tom 's email,34,carrot_mcp_server_api_update_leave_application,0.462890625,64.05405405405405,0.4609375,0.001953125,0.2702702702702703
2,Reply to Tom's email,1,reply,Tom email,Reply to Tom 's email,35,outlook_mail_management_delete_email_message,0.4609375,63.78378378378379,0.4609375,0.0,0.0
2,Reply to Tom's email,1,reply,Tom email,Reply to Tom 's email,36,office_word_mcp_server_api_get_document_text,0.4609375,63.78378378378379,0.4609375,0.0,0.0
2,Reply to Tom's email,1,reply,Tom email,Reply to Tom 's email,37,github_mcp_server_get_me,0.4609375,63.78378378378379,0.4609375,0.0,0.0
2,Reply to Tom's email,1,reply,Tom email,Reply to Tom 's email,38,office_word_mcp_server_api_get_document_info,0.4609375,63.78378378378379,0.458984375,0.001953125,0.2702702702702703
2,Reply to Tom's email,1,reply,Tom email,Reply to Tom 's email,39,github_mcp_server_list_commits,0.458984375,63.51351351351351,0.45703125,0.001953125,0.2702702702702703
2,Reply to Tom's email,1,reply,Tom email,Reply to Tom 's email,40,office_word_mcp_server_api_get_document_xml,0.45703125,63.24324324324324,0.455078125,0.001953125,0.2702702702702703
2,Reply to Tom's email,1,reply,Tom email,Reply to Tom 's email,41,carrot_mcp_server_api_get_employee,0.455078125,62.972972972972975,0.455078125,0.0,0.0
2,Reply to Tom's email,1,reply,Tom email,Reply to Tom 's email,42,github_mcp_server_list_pull_requests,0.455078125,62.972972972972975,0.455078125,0.0,0.0
2,Reply to Tom's email,1,reply,Tom email,Reply to Tom 's email,43,office_word_mcp_server_api_add_page_break,0.455078125,62.972972972972975,0.455078125,0.0,0.0
2,Reply to Tom's email,1,reply,Tom email,Reply to Tom 's email,44,project_management_tools_get_team,0.455078125,62.972972972972975,0.453125,0.001953125,0.2702702702702703
2,Reply to Tom's email,1,reply,Tom email,Reply to Tom 's email,45,railway_tools_project_environments,0.453125,62.70270270270271,0.453125,0.0,0.0
2,Reply to Tom's email,1,reply,Tom email,Reply to Tom 's email,46,office_word_mcp_server_api_delete_paragraph,0.453125,62.70270270270271,0.451171875,0.001953125,0.2702702702702703
2,Reply to Tom's email,1,reply,Tom email,Reply to Tom 's email,47,carrot_mcp_server_api_list_employees,0.451171875,62.43243243243243,0.44921875,0.001953125,0.2702702702702703
2,Reply to Tom's email,1,reply,Tom email,Reply to Tom 's email,48,railway_tools_service_restart,0.44921875,62.16216216216216,0.44921875,0.0,0.0
2,Reply to Tom's email,1,reply,Tom email,Reply to Tom 's email,49,carrot_mcp_server_api_hr_dashboard_summary,0.44921875,62.16216216216216,0.447265625,0.001953125,0.2702702702702703
2,Reply to Tom's email,1,reply,Tom email,Reply to Tom 's email,50,office_word_mcp_server_api_delete_document,0.447265625,61.891891891891895,0.447265625,0.0,0.0
2,Reply to Tom's email,1,reply,Tom email,Reply to Tom 's email,51,github_mcp_server_merge_pull_request,0.447265625,61.891891891891895,0.447265625,0.0,0.0
2,Reply to Tom's email,1,reply,Tom email,Reply to Tom 's email,52,railway_tools_service_create_from_repo,0.447265625,61.891891891891895,0.447265625,0.0,0.0
2,Reply to Tom's email,1,reply,Tom email,Reply to Tom 's email,53,supabase_mcp_update_database_table_data,0.447265625,61.891891891891895,0.447265625,0.0,0.0
2,Reply to Tom's email,1,reply,Tom email,Reply to Tom 's email,54,project_management_tools_list_work_items,0.447265625,61.891891891891895,0.4453125,0.001953125,0.2702702702702703
2,Reply to Tom's email,1,reply,Tom email,Reply to Tom 's email,55,project_management_tools_create_team,0.4453125,61.62162162162163,0.4453125,0.0,0.0
2,Reply to Tom's email,1,reply,Tom email,Reply to Tom 's email,56,project_management_tools_get_work_item_comments,0.4453125,61.62162162162163,0.443359375,0.001953125,0.2702702702702703
2,Reply to Tom's email,1,reply,Tom email,Reply to Tom 's email,57,office_word_mcp_server_api_merge_doucments,0.443359375,61.35135135135135,0.443359375,0.0,0.0
2,Reply to Tom's email,1,reply,Tom email,Reply to Tom 's email,58,github_mcp_server_update_pull_request,0.443359375,61.35135135135135,0.443359375,0.0,0.0
2,Reply to Tom's email,1,reply,Tom email,Reply to Tom 's email,59,railway_tools_service_list,0.443359375,61.35135135135135,0.44140625,0.001953125,0.2702702702702703
2,Reply to Tom's email,1,reply,Tom email,Reply to Tom 's email,60,project_management_tools_view_board,0.44140625,61.08108108108108,0.439453125,0.001953125,0.2702702702702703
2,Reply to Tom's email,1,reply,Tom email,Reply to Tom 's email,61,github_mcp_server_create_pull_request,0.439453125,60.810810810810814,0.439453125,0.0,0.0
2,Reply to Tom's email,1,reply,Tom email,Reply to Tom 's email,62,railway_tools_project_list,0.439453125,60.810810810810814,0.439453125,0.0,0.0
2,Reply to Tom's email,1,reply,Tom email,Reply to Tom 's email,63,project_management_tools_list_teams,0.439453125,60.810810810810814,0.439453125,0.0,0.0
2,Reply to Tom's email,1,reply,Tom email,Reply to Tom 's email,64,railway_tools_service_info,0.439453125,60.810810810810814,0.4375,0.001953125,0.2702702702702703
2,Reply to Tom's email,1,reply,Tom email,Reply to Tom 's email,65,project_management_tools_export_sprint_to_sharepoint,0.4375,60.54054054054055,0.435546875,0.001953125,0.2702702702702703
2,Reply to Tom's email,1,reply,Tom email,Reply to Tom 's email,66,project_management_tools_delete_team,0.435546875,60.27027027027027,0.435546875,0.0,0.0
2,Reply to Tom's email,1,reply,Tom email,Reply to Tom 's email,67,quest_studio_file_storage_get_storage_usage,0.435546875,60.27027027027027,0.435546875,0.0,0.0
2,Reply to Tom's email,1,reply,Tom email,Reply to Tom 's email,68,railway_tools_project_delete,0.435546875,60.27027027027027,0.43359375,0.001953125,0.2702702702702703
2,Reply to Tom's email,1,reply,Tom email,Reply to Tom 's email,69,project_management_tools_list_team_members,0.43359375,60.0,0.43359375,0.0,0.0
2,Reply to Tom's email,1,reply,Tom email,Reply to Tom 's email,70,project_management_tools_update_task_status,0.43359375,60.0,0.431640625,0.001953125,0.2702702702702703
2,Reply to Tom's email,1,reply,Tom email,Reply to Tom 's email,71,github_mcp_server_get_file_contents,0.431640625,59.72972972972973,0.431640625,0.0,0.0
2,Reply to Tom's email,1,reply,Tom email,Reply to Tom 's email,72,github_mcp_server_create_repository,0.431640625,59.72972972972973,0.4296875,0.001953125,0.2702702702702703
2,Reply to Tom's email,1,reply,Tom email,Reply to Tom 's email,73,railway_tools_service_update,0.4296875,59.45945945945946,0.427734375,0.001953125,0.2702702702702703
2,Reply to Tom's email,1,reply,Tom email,Reply to Tom 's email,74,railway_tools_project_create,0.427734375,59.189189189189186,0.42578125,0.001953125,0.2702702702702703
2,Reply to Tom's email,1,reply,Tom email,Reply to Tom 's email,75,github_mcp_server_list_branches,0.42578125,58.91891891891892,0.423828125,0.001953125,0.2702702702702703
2,Reply to Tom's email,1,reply,Tom email,Reply to Tom 's email,76,web_search_tools_web_search,0.423828125,58.648648648648646,0.423828125,0.0,0.0
2,Reply to Tom's email,1,reply,Tom email,Reply to Tom 's email,77,office_word_mcp_server_api_list_files,0.423828125,58.648648648648646,0.421875,0.001953125,0.2702702702702703
2,Reply to Tom's email,1,reply,Tom email,Reply to Tom 's email,78,supabase_mcp_get_table_schema,0.421875,58.37837837837838,0.421875,0.0,0.0
2,Reply to Tom's email,1,reply,Tom email,Reply to Tom 's email,79,railway_tools_database_list_types,0.421875,58.37837837837838,0.421875,0.0,0.0
2,Reply to Tom's email,1,reply,Tom email,Reply to Tom 's email,80,quest_studio_file_storage_get_file_content,0.421875,58.37837837837838,0.421875,0.0,0.0
2,Reply to Tom's email,1,reply,Tom email,Reply to Tom 's email,81,project_management_tools_list_sprints,0.421875,58.37837837837838,0.421875,0.0,0.0
2,Reply to Tom's email,1,reply,Tom email,Reply to Tom 's email,82,project_management_tools_add_work_item_comment,0.421875,58.37837837837838,0.421875,0.0,0.0
2,Reply to Tom's email,1,reply,Tom email,Reply to Tom 's email,83,supabase_mcp_check_database_health,0.421875,58.37837837837838,0.419921875,0.001953125,0.2702702702702703
2,Reply to Tom's email,1,reply,Tom email,Reply to Tom 's email,84,quest_studio_file_storage_delete_file,0.419921875,58.108108108108105,0.416015625,0.00390625,0.5405405405405406
2,Reply to Tom's email,1,reply,Tom email,Reply to Tom 's email,85,carrot_mcp_server_api_work_hours_summary,0.416015625,57.567567567567565,0.416015625,0.0,0.0
2,Reply to Tom's email,1,reply,Tom email,Reply to Tom 's email,86,carrot_mcp_server_api_log_hours_entry,0.416015625,57.567567567567565,0.412109375,0.00390625,0.5405405405405406
2,Reply to Tom's email,1,reply,Tom email,Reply to Tom 's email,87,project_management_tools_assign_work_item,0.412109375,57.027027027027025,0.412109375,0.0,0.0
2,Reply to Tom's email,1,reply,Tom email,Reply to Tom 's email,88,carrot_mcp_server_api_list_leave_application,0.412109375,57.027027027027025,0.41015625,0.001953125,0.2702702702702703
2,Reply to Tom's email,1,reply,Tom email,Reply to Tom 's email,89,project_management_tools_get_sprint,0.41015625,56.75675675675676,0.41015625,0.0,0.0
2,Reply to Tom's email,1,reply,Tom email,Reply to Tom 's email,90,supabase_mcp_insert_table_data,0.41015625,56.75675675675676,0.408203125,0.001953125,0.2702702702702703
2,Reply to Tom's email,1,reply,Tom email,Reply to Tom 's email,91,railway_tools_service_create_from_image,0.408203125,56.486486486486484,0.408203125,0.0,0.0
2,Reply to Tom's email,1,reply,Tom email,Reply to Tom 's email,92,project_management_tools_get_user_capacity,0.408203125,56.486486486486484,0.40625,0.001953125,0.2702702702702703
2,Reply to Tom's email,1,reply,Tom email,Reply to Tom 's email,93,railway_tools_service_delete,0.40625,56.21621621621622,0.40625,0.0,0.0
2,Reply to Tom's email,1,reply,Tom email,Reply to Tom 's email,94,quest_studio_file_storage_update_file,0.40625,56.21621621621622,0.404296875,0.001953125,0.2702702702702703
2,Reply to Tom's email,1,reply,Tom email,Reply to Tom 's email,95,supabase_mcp_select_database_table_data,0.404296875,55.945945945945944,0.404296875,0.0,0.0
2,Reply to Tom's email,1,reply,Tom email,Reply to Tom 's email,96,github_mcp_server_create_branch,0.404296875,55.945945945945944,0.40234375,0.001953125,0.2702702702702703
2,Reply to Tom's email,1,reply,Tom email,Reply to Tom 's email,97,sharepoint_tools_get_sharepoint_documents,0.40234375,55.67567567567567,0.400390625,0.001953125,0.2702702702702703
2,Reply to Tom's email,1,reply,Tom email,Reply to Tom 's email,98,project_management_tools_create_work_item,0.400390625,55.4054054054054,0.3984375,0.001953125,0.2702702702702703
2,Reply to Tom's email,1,reply,Tom email,Reply to Tom 's email,99,project_management_tools_update_work_item,0.3984375,55.13513513513514,0.3984375,0.0,0.0
2,Reply to Tom's email,1,reply,Tom email,Reply to Tom 's email,100,supabase_mcp_get_database_tables,0.3984375,55.13513513513514,0.3984375,0.0,0.0
2,Reply to Tom's email,1,reply,Tom email,Reply to Tom 's email,101,quest_studio_file_storage_get_file,0.3984375,55.13513513513514,0.39453125,0.00390625,0.5405405405405406
2,Reply to Tom's email,1,reply,Tom email,Reply to Tom 's email,102,project_management_tools_create_sprint,0.39453125,54.59459459459459,0.392578125,0.001953125,0.2702702702702703
2,Reply to Tom's email,1,reply,Tom email,Reply to Tom 's email,103,project_management_tools_update_user_capacity,0.392578125,54.32432432432432,0.390625,0.001953125,0.2702702702702703
2,Reply to Tom's email,1,reply,Tom email,Reply to Tom 's email,104,railway_tools_volume_update,0.390625,54.054054054054056,0.388671875,0.001953125,0.2702702702702703
2,Reply to Tom's email,1,reply,Tom email,Reply to Tom 's email,105,sharepoint_tools_get_sharepoint_sites,0.388671875,53.783783783783775,0.38671875,0.001953125,0.2702702702702703
2,Reply to Tom's email,1,reply,Tom email,Reply to Tom 's email,106,project_management_tools_delete_sprint,0.38671875,53.51351351351351,0.38671875,0.0,0.0
2,Reply to Tom's email,1,reply,Tom email,Reply to Tom 's email,107,supabase_mcp_get_all_supabase_projects,0.38671875,53.51351351351351,0.38671875,0.0,0.0
2,Reply to Tom's email,1,reply,Tom email,Reply to Tom 's email,108,railway_tools_volume_delete,0.38671875,53.51351351351351,0.384765625,0.001953125,0.2702702702702703
2,Reply to Tom's email,1,reply,Tom email,Reply to Tom 's email,109,project_management_tools_get_work_item,0.384765625,53.24324324324324,0.384765625,0.0,0.0
2,Reply to Tom's email,1,reply,Tom email,Reply to Tom 's email,110,quest_studio_file_storage_get_files,0.384765625,53.24324324324324,0.384765625,0.0,0.0
2,Reply to Tom's email,1,reply,Tom email,Reply to Tom 's email,111,github_mcp_server_delete_file,0.384765625,53.24324324324324,0.380859375,0.00390625,0.5405405405405406
2,Reply to Tom's email,1,reply,Tom email,Reply to Tom 's email,112,project_management_tools_delete_work_item,0.380859375,52.702702702702695,0.3671875,0.013671875,1.891891891891892
2,Reply to Tom's email,1,reply,Tom email,Reply to Tom 's email,113,project_management_tools_list_users,0.3671875,50.810810810810814,0.3671875,0.0,0.0
2,Reply to Tom's email,1,reply,Tom email,Reply to Tom 's email,114,project_management_tools_create_project,0.3671875,50.810810810810814,0.361328125,0.005859375,0.8108108108108109
2,Reply to Tom's email,1,reply,Tom email,Reply to Tom 's email,115,railway_tools_volume_list,0.361328125,50.0,0.357421875,0.00390625,0.5405405405405406
2,Reply to Tom's email,1,reply,Tom email,Reply to Tom 's email,116,project_management_tools_list_projects,0.357421875,49.45945945945946,0.357421875,0.0,0.0
2,Reply to Tom's email,1,reply,Tom email,Reply to Tom 's email,117,project_management_tools_get_project,0.357421875,49.45945945945946,0.35546875,0.001953125,0.2702702702702703
2,Reply to Tom's email,1,reply,Tom email,Reply to Tom 's email,118,project_management_tools_update_project,0.35546875,49.18918918918919,0.353515625,0.001953125,0.2702702702702703
2,Reply to Tom's email,1,reply,Tom email,Reply to Tom 's email,119,github_mcp_server_push_files,0.353515625,48.91891891891892,0.33984375,0.013671875,1.891891891891892
2,Reply to Tom's email,1,reply,Tom email,Reply to Tom 's email,120,quest_studio_file_storage_query_files,0.33984375,47.02702702702703,0.337890625,0.001953125,0.2702702702702703
2,Reply to Tom's email,1,reply,Tom email,Reply to Tom 's email,121,railway_tools_volume_create,0.337890625,46.75675675675676,0.326171875,0.01171875,1.6216216216216217
2,Reply to Tom's email,1,reply,Tom email,Reply to Tom 's email,122,project_management_tools_delete_project,0.326171875,45.13513513513514,,,
3,Search the web for the latest Nvidia news,1,search,the web,Search the web for the latest Nvidia news,1,web_search_tools_web_search,0.58984375,100.0,0.5234375,0.06640625,11.258278145695364
3,Search the web for the latest Nvidia news,1,search,the web,Search the web for the latest Nvidia news,2,github_mcp_server_search_repositories,0.5234375,88.74172185430463,0.474609375,0.048828125,8.27814569536424
3,Search the web for the latest Nvidia news,1,search,the web,Search the web for the latest Nvidia news,3,github_mcp_server_pull_request_read,0.474609375,80.4635761589404,0.46875,0.005859375,0.9933774834437087
3,Search the web for the latest Nvidia news,1,search,the web,Search the web for the latest Nvidia news,4,office_word_mcp_server_api_search_replace,0.46875,79.47019867549669,0.466796875,0.001953125,0.33112582781456956
3,Search the web for the latest Nvidia news,1,search,the web,Search the web for the latest Nvidia news,5,railway_tools_service_info,0.466796875,79.13907284768213,0.458984375,0.0078125,1.3245033112582782
3,Search the web for the latest Nvidia news,1,search,the web,Search the web for the latest Nvidia news,6,railway_tools_project_info,0.458984375,77.81456953642383,0.44921875,0.009765625,1.6556291390728477
3,Search the web for the latest Nvidia news,1,search,the web,Search the web for the latest Nvidia news,7,gmail_tools_reply_google_email,0.44921875,76.15894039735099,0.447265625,0.001953125,0.33112582781456956
3,Search the web for the latest Nvidia news,1,search,the web,Search the web for the latest Nvidia news,8,github_mcp_server_get_commit,0.447265625,75.82781456953643,0.447265625,0.0,0.0
3,Search the web for the latest Nvidia news,1,search,the web,Search the web for the latest Nvidia news,9,office_word_mcp_server_api_find_text_in_document,0.447265625,75.82781456953643,0.4453125,0.001953125,0.33112582781456956
3,Search the web for the latest Nvidia news,1,search,the web,Search the web for the latest Nvidia news,10,railway_tools_service_create_from_repo,0.4453125,75.49668874172185,0.44140625,0.00390625,0.6622516556291391
3,Search the web for the latest Nvidia news,1,search,the web,Search the web for the latest Nvidia news,11,github_mcp_server_list_commits,0.44140625,74.83443708609272,0.439453125,0.001953125,0.33112582781456956
3,Search the web for the latest Nvidia news,1,search,the web,Search the web for the latest Nvidia news,12,gmail_tools_get_google_emails,0.439453125,74.50331125827815,0.4375,0.001953125,0.33112582781456956
3,Search the web for the latest Nvidia news,1,search,the web,Search the web for the latest Nvidia news,13,gmail_tools_send_google_email,0.4375,74.17218543046357,0.4375,0.0,0.0
3,Search the web for the latest Nvidia news,1,search,the web,Search the web for the latest Nvidia news,14,github_mcp_server_list_pull_requests,0.4375,74.17218543046357,0.4375,0.0,0.0
3,Search the web for the latest Nvidia news,1,search,the web,Search the web for the latest Nvidia news,15,github_mcp_server_get_me,0.4375,74.17218543046357,0.43359375,0.00390625,0.6622516556291391
3,Search the web for the latest Nvidia news,1,search,the web,Search the web for the latest Nvidia news,16,railway_tools_service_update,0.43359375,73.50993377483444,0.4296875,0.00390625,0.6622516556291391
3,Search the web for the latest Nvidia news,1,search,the web,Search the web for the latest Nvidia news,17,carrot_mcp_server_api_hr_dashboard_summary,0.4296875,72.84768211920529,0.427734375,0.001953125,0.33112582781456956
3,Search the web for the latest Nvidia news,1,search,the web,Search the web for the latest Nvidia news,18,railway_tools_service_list,0.427734375,72.51655629139073,0.42578125,0.001953125,0.33112582781456956
3,Search the web for the latest Nvidia news,1,search,the web,Search the web for the latest Nvidia news,19,office_word_mcp_server_api_get_paragraph_text_from_document,0.42578125,72.18543046357617,0.423828125,0.001953125,0.33112582781456956
3,Search the web for the latest Nvidia news,1,search,the web,Search the web for the latest Nvidia news,20,gmail_tools_forward_google_email,0.423828125,71.8543046357616,0.421875,0.001953125,0.33112582781456956
3,Search the web for the latest Nvidia news,1,search,the web,Search the web for the latest Nvidia news,21,railway_tools_project_environments,0.421875,71.52317880794702,0.421875,0.0,0.0
3,Search the web for the latest Nvidia news,1,search,the web,Search the web for the latest Nvidia news,22,railway_tools_project_list,0.421875,71.52317880794702,0.419921875,0.001953125,0.33112582781456956
3,Search the web for the latest Nvidia news,1,search,the web,Search the web for the latest Nvidia news,23,github_mcp_server_list_branches,0.419921875,71.19205298013244,0.41796875,0.001953125,0.33112582781456956
3,Search the web for the latest Nvidia news,1,search,the web,Search the web for the latest Nvidia news,24,quest_studio_file_storage_get_storage_usage,0.41796875,70.86092715231787,0.416015625,0.001953125,0.33112582781456956
3,Search the web for the latest Nvidia news,1,search,the web,Search the web for the latest Nvidia news,25,office_word_mcp_server_api_add_heading,0.416015625,70.52980132450331,0.4140625,0.001953125,0.33112582781456956
3,Search the web for the latest Nvidia news,1,search,the web,Search the web for the latest Nvidia news,26,office_word_mcp_server_api_get_document_info,0.4140625,70.19867549668875,0.4140625,0.0,0.0
3,Search the web for the latest Nvidia news,1,search,the web,Search the web for the latest Nvidia news,27,github_mcp_server_create_pull_request,0.4140625,70.19867549668875,0.41015625,0.00390625,0.6622516556291391
3,Search the web for the latest Nvidia news,1,search,the web,Search the web for the latest Nvidia news,28,railway_tools_service_create_from_image,0.41015625,69.5364238410596,0.408203125,0.001953125,0.33112582781456956
3,Search the web for the latest Nvidia news,1,search,the web,Search the web for the latest Nvidia news,29,railway_tools_service_restart,0.408203125,69.20529801324503,0.40625,0.001953125,0.33112582781456956
3,Search the web for the latest Nvidia news,1,search,the web,Search the web for the latest Nvidia news,30,office_word_mcp_server_api_get_document_text,0.40625,68.87417218543047,0.404296875,0.001953125,0.33112582781456956
3,Search the web for the latest Nvidia news,1,search,the web,Search the web for the latest Nvidia news,31,github_mcp_server_update_pull_request,0.404296875,68.54304635761589,0.40234375,0.001953125,0.33112582781456956
3,Search the web for the latest Nvidia news,1,search,the web,Search the web for the latest Nvidia news,32,railway_tools_project_create,0.40234375,68.21192052980133,0.40234375,0.0,0.0
3,Search the web for the latest Nvidia news,1,search,the web,Search the web for the latest Nvidia news,33,github_mcp_server_create_branch,0.40234375,68.21192052980133,0.40234375,0.0,0.0
3,Search the web for the latest Nvidia news,1,search,the web,Search the web for the latest Nvidia news,34,office_word_mcp_server_api_get_document_outline,0.40234375,68.21192052980133,0.40234375,0.0,0.0
3,Search the web for the latest Nvidia news,1,search,the web,Search the web for the latest Nvidia news,35,railway_tools_volume_list,0.40234375,68.21192052980133,0.400390625,0.001953125,0.33112582781456956
3,Search the web for the latest Nvidia news,1,search,the web,Search the web for the latest Nvidia news,36,railway_tools_database_list_types,0.400390625,67.88079470198676,0.400390625,0.0,0.0
3,Search the web for the latest Nvidia news,1,search,the web,Search the web for the latest Nvidia news,37,github_mcp_server_create_or_update_file,0.400390625,67.88079470198676,0.3984375,0.001953125,0.33112582781456956
3,Search the web for the latest Nvidia news,1,search,the web,Search the web for the latest Nvidia news,38,office_word_mcp_server_api_add_page_break,0.3984375,67.54966887417218,0.3984375,0.0,0.0
3,Search the web for the latest Nvidia news,1,search,the web,Search the web for the latest Nvidia news,39,outlook_mail_management_find_email_address,0.3984375,67.54966887417218,0.396484375,0.001953125,0.33112582781456956
3,Search the web for the latest Nvidia news,1,search,the web,Search the web for the latest Nvidia news,40,github_mcp_server_merge_pull_request,0.396484375,67.21854304635761,0.39453125,0.001953125,0.33112582781456956
3,Search the web for the latest Nvidia news,1,search,the web,Search the web for the latest Nvidia news,41,project_management_tools_view_board,0.39453125,66.88741721854305,0.39453125,0.0,0.0
3,Search the web for the latest Nvidia news,1,search,the web,Search the web for the latest Nvidia news,42,project_management_tools_get_team,0.39453125,66.88741721854305,0.390625,0.00390625,0.6622516556291391
3,Search the web for the latest Nvidia news,1,search,the web,Search the web for the latest Nvidia news,43,railway_tools_volume_update,0.390625,66.22516556291392,0.390625,0.0,0.0
3,Search the web for the latest Nvidia news,1,search,the web,Search the web for the latest Nvidia news,44,outlook_mail_management_search_outlook_mail,0.390625,66.22516556291392,0.388671875,0.001953125,0.33112582781456956
3,Search the web for the latest Nvidia news,1,search,the web,Search the web for the latest Nvidia news,45,github_mcp_server_get_file_contents,0.388671875,65.89403973509934,0.388671875,0.0,0.0
3,Search the web for the latest Nvidia news,1,search,the web,Search the web for the latest Nvidia news,46,supabase_mcp_get_all_supabase_projects,0.388671875,65.89403973509934,0.388671875,0.0,0.0
3,Search the web for the latest Nvidia news,1,search,the web,Search the web for the latest Nvidia news,47,office_word_mcp_server_api_add_paragraph,0.388671875,65.89403973509934,0.38671875,0.001953125,0.33112582781456956
3,Search the web for the latest Nvidia news,1,search,the web,Search the web for the latest Nvidia news,48,carrot_mcp_server_api_update_employee,0.38671875,65.56291390728477,0.38671875,0.0,0.0
3,Search the web for the latest Nvidia news,1,search,the web,Search the web for the latest Nvidia news,49,carrot_mcp_server_api_submit_leave_application,0.38671875,65.56291390728477,0.384765625,0.001953125,0.33112582781456956
3,Search the web for the latest Nvidia news,1,search,the web,Search the web for the latest Nvidia news,50,supabase_mcp_check_database_health,0.384765625,65.23178807947019,0.384765625,0.0,0.0
3,Search the web for the latest Nvidia news,1,search,the web,Search the web for the latest Nvidia news,51,project_management_tools_list_projects,0.384765625,65.23178807947019,0.384765625,0.0,0.0
3,Search the web for the latest Nvidia news,1,search,the web,Search the web for the latest Nvidia news,52,office_word_mcp_server_api_copy_document,0.384765625,65.23178807947019,0.3828125,0.001953125,0.33112582781456956
3,Search the web for the latest Nvidia news,1,search,the web,Search the web for the latest Nvidia news,53,carrot_mcp_server_api_list_employees,0.3828125,64.90066225165563,0.3828125,0.0,0.0
3,Search the web for the latest Nvidia news,1,search,the web,Search the web for the latest Nvidia news,54,quest_studio_file_storage_get_file_content,0.3828125,64.90066225165563,0.3828125,0.0,0.0
3,Search the web for the latest Nvidia news,1,search,the web,Search the web for the latest Nvidia news,55,railway_tools_volume_delete,0.3828125,64.90066225165563,0.3828125,0.0,0.0
3,Search the web for the latest Nvidia news,1,search,the web,Search the web for the latest Nvidia news,56,carrot_mcp_server_api_log_hours_entry,0.3828125,64.90066225165563,0.380859375,0.001953125,0.33112582781456956
3,Search the web for the latest Nvidia news,1,search,the web,Search the web for the latest Nvidia news,57,github_mcp_server_create_repository,0.380859375,64.56953642384106,0.37890625,0.001953125,0.33112582781456956
3,Search the web for the latest Nvidia news,1,search,the web,Search the web for the latest Nvidia news,58,carrot_mcp_server_api_get_employee,0.37890625,64.23841059602648,0.37890625,0.0,0.0
3,Search the web for the latest Nvidia news,1,search,the web,Search the web for the latest Nvidia news,59,railway_tools_project_delete,0.37890625,64.23841059602648,0.376953125,0.001953125,0.33112582781456956
3,Search the web for the latest Nvidia news,1,search,the web,Search the web for the latest Nvidia news,60,quest_studio_file_storage_query_files,0.376953125,63.90728476821192,0.376953125,0.0,0.0
3,Search the web for the latest Nvidia news,1,search,the web,Search the web for the latest Nvidia news,61,project_management_tools_list_teams,0.376953125,63.90728476821192,0.375,0.001953125,0.33112582781456956
3,Search the web for the latest Nvidia news,1,search,the web,Search the web for the latest Nvidia news,62,office_word_mcp_server_api_convert_to_pdf,0.375,63.576158940397356,0.375,0.0,0.0
3,Search the web for the latest Nvidia news,1,search,the web,Search the web for the latest Nvidia news,63,sharepoint_tools_get_sharepoint_sites,0.375,63.576158940397356,0.375,0.0,0.0
3,Search the web for the latest Nvidia news,1,search,the web,Search the web for the latest Nvidia news,64,supabase_mcp_get_table_schema,0.375,63.576158940397356,0.373046875,0.001953125,0.33112582781456956
3,Search the web for the latest Nvidia news,1,search,the web,Search the web for the latest Nvidia news,65,office_word_mcp_server_api_get_document_xml,0.373046875,63.24503311258278,0.373046875,0.0,0.0
3,Search the web for the latest Nvidia news,1,search,the web,Search the web for the latest Nvidia news,66,carrot_mcp_server_api_work_hours_summary,0.373046875,63.24503311258278,0.373046875,0.0,0.0
3,Search the web for the latest Nvidia news,1,search,the web,Search the web for the latest Nvidia news,67,sharepoint_tools_get_sharepoint_documents,0.373046875,63.24503311258278,0.37109375,0.001953125,0.33112582781456956
3,Search the web for the latest Nvidia news,1,search,the web,Search the web for the latest Nvidia news,68,project_management_tools_create_work_item,0.37109375,62.913907284768214,0.37109375,0.0,0.0
3,Search the web for the latest Nvidia news,1,search,the web,Search the web for the latest Nvidia news,69,office_word_mcp_server_api_create_word_document,0.37109375,62.913907284768214,0.37109375,0.0,0.0
3,Search the web for the latest Nvidia news,1,search,the web,Search the web for the latest Nvidia news,70,project_management_tools_create_project,0.37109375,62.913907284768214,0.37109375,0.0,0.0
3,Search the web for the latest Nvidia news,1,search,the web,Search the web for the latest Nvidia news,71,project_management_tools_list_work_items,0.37109375,62.913907284768214,0.37109375,0.0,0.0
3,Search the web for the latest Nvidia news,1,search,the web,Search the web for the latest Nvidia news,72,carrot_mcp_server_api_create_leave_application,0.37109375,62.913907284768214,0.37109375,0.0,0.0
3,Search the web for the latest Nvidia news,1,search,the web,Search the web for the latest Nvidia news,73,project_management_tools_get_project,0.37109375,62.913907284768214,0.369140625,0.001953125,0.33112582781456956
3,Search the web for the latest Nvidia news,1,search,the web,Search the web for the latest Nvidia news,74,railway_tools_service_delete,0.369140625,62.58278145695364,0.369140625,0.0,0.0
3,Search the web for the latest Nvidia news,1,search,the web,Search the web for the latest Nvidia news,75,railway_tools_volume_create,0.369140625,62.58278145695364,0.369140625,0.0,0.0
3,Search the web for the latest Nvidia news,1,search,the web,Search the web for the latest Nvidia news,76,office_word_mcp_server_api_add_picture,0.369140625,62.58278145695364,0.3671875,0.001953125,0.33112582781456956
3,Search the web for the latest Nvidia news,1,search,the web,Search the web for the latest Nvidia news,77,project_management_tools_create_team,0.3671875,62.251655629139066,0.3671875,0.0,0.0
3,Search the web for the latest Nvidia news,1,search,the web,Search the web for the latest Nvidia news,78,outlook_mail_management_compose_email,0.3671875,62.251655629139066,0.365234375,0.001953125,0.33112582781456956
3,Search the web for the latest Nvidia news,1,search,the web,Search the web for the latest Nvidia news,79,gmail_tools_delete_google_email,0.365234375,61.920529801324506,0.359375,0.005859375,0.9933774834437087
3,Search the web for the latest Nvidia news,1,search,the web,Search the web for the latest Nvidia news,80,project_management_tools_get_sprint,0.359375,60.9271523178808,0.359375,0.0,0.0
3,Search the web for the latest Nvidia news,1,search,the web,Search the web for the latest Nvidia news,81,supabase_mcp_select_database_table_data,0.359375,60.9271523178808,0.359375,0.0,0.0
3,Search the web for the latest Nvidia news,1,search,the web,Search the web for the latest Nvidia news,82,carrot_mcp_server_api_update_leave_application,0.359375,60.9271523178808,0.357421875,0.001953125,0.33112582781456956
3,Search the web for the latest Nvidia news,1,search,the web,Search the web for the latest Nvidia news,83,supabase_mcp_get_database_tables,0.357421875,60.59602649006622,0.357421875,0.0,0.0
3,Search the web for the latest Nvidia news,1,search,the web,Search the web for the latest Nvidia news,84,sharepoint_tools_create_txt_file_in_sharepoint,0.357421875,60.59602649006622,0.35546875,0.001953125,0.33112582781456956
3,Search the web for the latest Nvidia news,1,search,the web,Search the web for the latest Nvidia news,85,outlook_mail_management_reply_to_email,0.35546875,60.264900662251655,0.35546875,0.0,0.0
3,Search the web for the latest Nvidia news,1,search,the web,Search the web for the latest Nvidia news,86,project_management_tools_get_work_item_comments,0.35546875,60.264900662251655,0.35546875,0.0,0.0
3,Search the web for the latest Nvidia news,1,search,the web,Search the web for the latest Nvidia news,87,project_management_tools_get_user_capacity,0.35546875,60.264900662251655,0.35546875,0.0,0.0
3,Search the web for the latest Nvidia news,1,search,the web,Search the web for the latest Nvidia news,88,project_management_tools_list_sprints,0.35546875,60.264900662251655,0.353515625,0.001953125,0.33112582781456956
3,Search the web for the latest Nvidia news,1,search,the web,Search the web for the latest Nvidia news,89,project_management_tools_list_team_members,0.353515625,59.93377483443708,0.3515625,0.001953125,0.33112582781456956
3,Search the web for the latest Nvidia news,1,search,the web,Search the web for the latest Nvidia news,90,office_word_mcp_server_api_add_table,0.3515625,59.60264900662252,0.3515625,0.0,0.0
3,Search the web for the latest Nvidia news,1,search,the web,Search the web for the latest Nvidia news,91,supabase_mcp_update_database_table_data,0.3515625,59.60264900662252,0.349609375,0.001953125,0.33112582781456956
3,Search the web for the latest Nvidia news,1,search,the web,Search the web for the latest Nvidia news,92,carrot_mcp_server_api_create_employee,0.349609375,59.27152317880795,0.349609375,0.0,0.0
3,Search the web for the latest Nvidia news,1,search,the web,Search the web for the latest Nvidia news,93,supabase_mcp_insert_table_data,0.349609375,59.27152317880795,0.34765625,0.001953125,0.33112582781456956
3,Search the web for the latest Nvidia news,1,search,the web,Search the web for the latest Nvidia news,94,office_word_mcp_server_api_delete_paragraph,0.34765625,58.94039735099338,0.345703125,0.001953125,0.33112582781456956
3,Search the web for the latest Nvidia news,1,search,the web,Search the web for the latest Nvidia news,95,quest_studio_file_storage_get_files,0.345703125,58.609271523178805,0.34375,0.001953125,0.33112582781456956
3,Search the web for the latest Nvidia news,1,search,the web,Search the web for the latest Nvidia news,96,office_word_mcp_server_api_merge_doucments,0.34375,58.27814569536424,0.341796875,0.001953125,0.33112582781456956
3,Search the web for the latest Nvidia news,1,search,the web,Search the web for the latest Nvidia news,97,office_word_mcp_server_api_list_files,0.341796875,57.94701986754966,0.33984375,0.001953125,0.33112582781456956
3,Search the web for the latest Nvidia news,1,search,the web,Search the web for the latest Nvidia news,98,project_management_tools_get_work_item,0.33984375,57.615894039735096,0.3359375,0.00390625,0.6622516556291391
3,Search the web for the latest Nvidia news,1,search,the web,Search the web for the latest Nvidia news,99,project_management_tools_create_sprint,0.3359375,56.95364238410596,0.3359375,0.0,0.0
3,Search the web for the latest Nvidia news,1,search,the web,Search the web for the latest Nvidia news,100,carrot_mcp_server_api_list_leave_application,0.3359375,56.95364238410596,0.333984375,0.001953125,0.33112582781456956
3,Search the web for the latest Nvidia news,1,search,the web,Search the web for the latest Nvidia news,101,quest_studio_file_storage_get_file,0.333984375,56.622516556291394,0.33203125,0.001953125,0.33112582781456956
3,Search the web for the latest Nvidia news,1,search,the web,Search the web for the latest Nvidia news,102,project_management_tools_list_users,0.33203125,56.29139072847682,0.33203125,0.0,0.0
3,Search the web for the latest Nvidia news,1,search,the web,Search the web for the latest Nvidia news,103,office_word_mcp_server_api_delete_document,0.33203125,56.29139072847682,0.33203125,0.0,0.0
3,Search the web for the latest Nvidia news,1,search,the web,Search the web for the latest Nvidia news,104,project_management_tools_update_project,0.33203125,56.29139072847682,0.328125,0.00390625,0.6622516556291391
3,Search the web for the latest Nvidia news,1,search,the web,Search the web for the latest Nvidia news,105,project_management_tools_update_task_status,0.328125,55.62913907284768,0.3203125,0.0078125,1.3245033112582782
3,Search the web for the latest Nvidia news,1,search,the web,Search the web for the latest Nvidia news,106,project_management_tools_update_user_capacity,0.3203125,54.3046357615894,0.318359375,0.001953125,0.33112582781456956
3,Search the web for the latest Nvidia news,1,search,the web,Search the web for the latest Nvidia news,107,project_management_tools_delete_team,0.318359375,53.973509933774835,0.31640625,0.001953125,0.33112582781456956
3,Search the web for the latest Nvidia news,1,search,the web,Search the web for the latest Nvidia news,108,quest_studio_file_storage_update_file,0.31640625,53.64238410596026,0.314453125,0.001953125,0.33112582781456956
3,Search the web for the latest Nvidia news,1,search,the web,Search the web for the latest Nvidia news,109,outlook_mail_management_get_email_messages,0.314453125,53.31125827814569,0.314453125,0.0,0.0
3,Search the web for the latest Nvidia news,1,search,the web,Search the web for the latest Nvidia news,110,project_management_tools_add_work_item_comment,0.314453125,53.31125827814569,0.310546875,0.00390625,0.6622516556291391
3,Search the web for the latest Nvidia news,1,search,the web,Search the web for the latest Nvidia news,111,outlook_mail_management_send_email,0.310546875,52.64900662251656,0.30859375,0.001953125,0.33112582781456956
3,Search the web for the latest Nvidia news,1,search,the web,Search the web for the latest Nvidia news,112,project_management_tools_update_work_item,0.30859375,52.317880794701985,0.3046875,0.00390625,0.6622516556291391
3,Search the web for the latest Nvidia news,1,search,the web,Search the web for the latest Nvidia news,113,outlook_mail_management_forward_email,0.3046875,51.65562913907284,0.30078125,0.00390625,0.6622516556291391
3,Search the web for the latest Nvidia news,1,search,the web,Search the web for the latest Nvidia news,114,project_management_tools_export_sprint_to_sharepoint,0.30078125,50.993377483443716,0.294921875,0.005859375,0.9933774834437087
3,Search the web for the latest Nvidia news,1,search,the web,Search the web for the latest Nvidia news,115,github_mcp_server_push_files,0.294921875,50.0,0.294921875,0.0,0.0
3,Search the web for the latest Nvidia news,1,search,the web,Search the web for the latest Nvidia news,116,project_management_tools_assign_work_item,0.294921875,50.0,0.28125,0.013671875,2.3178807947019866
3,Search the web for the latest Nvidia news,1,search,the web,Search the web for the latest Nvidia news,117,quest_studio_file_storage_delete_file,0.28125,47.682119205298015,0.28125,0.0,0.0
3,Search the web for the latest Nvidia news,1,search,the web,Search the web for the latest Nvidia news,118,project_management_tools_delete_work_item,0.28125,47.682119205298015,0.27734375,0.00390625,0.6622516556291391
3,Search the web for the latest Nvidia news,1,search,the web,Search the web for the latest Nvidia news,119,project_management_tools_delete_project,0.27734375,47.019867549668874,0.275390625,0.001953125,0.33112582781456956
3,Search the web for the latest Nvidia news,1,search,the web,Search the web for the latest Nvidia news,120,github_mcp_server_delete_file,0.275390625,46.688741721854306,0.2734375,0.001953125,0.33112582781456956
3,Search the web for the latest Nvidia news,1,search,the web,Search the web for the latest Nvidia news,121,project_management_tools_delete_sprint,0.2734375,46.35761589403973,0.2158203125,0.0576171875,9.7682119205298
3,Search the web for the latest Nvidia news,1,search,the web,Search the web for the latest Nvidia news,122,outlook_mail_management_delete_email_message,0.2158203125,36.58940397350993,,,
4,Create a Word document,1,create,a Word document,Create a Word document,1,office_word_mcp_server_api_create_word_document,0.74609375,100.0,0.71875,0.02734375,3.664921465968586
4,Create a Word document,1,create,a Word document,Create a Word document,2,office_word_mcp_server_api_add_paragraph,0.71875,96.33507853403141,0.71875,0.0,0.0
4,Create a Word document,1,create,a Word document,Create a Word document,3,office_word_mcp_server_api_add_table,0.71875,96.33507853403141,0.6953125,0.0234375,3.1413612565445024
4,Create a Word document,1,create,a Word document,Create a Word document,4,office_word_mcp_server_api_add_picture,0.6953125,93.19371727748691,0.6875,0.0078125,1.0471204188481675
4,Create a Word document,1,create,a Word document,Create a Word document,5,office_word_mcp_server_api_add_heading,0.6875,92.14659685863874,0.671875,0.015625,2.094240837696335
4,Create a Word document,1,create,a Word document,Create a Word document,6,office_word_mcp_server_api_add_page_break,0.671875,90.0523560209424,0.66796875,0.00390625,0.5235602094240838
4,Create a Word document,1,create,a Word document,Create a Word document,7,office_word_mcp_server_api_convert_to_pdf,0.66796875,89.52879581151832,0.6484375,0.01953125,2.6178010471204187
4,Create a Word document,1,create,a Word document,Create a Word document,8,office_word_mcp_server_api_copy_document,0.6484375,86.91099476439791,0.6484375,0.0,0.0
4,Create a Word document,1,create,a Word document,Create a Word document,9,office_word_mcp_server_api_get_document_xml,0.6484375,86.91099476439791,0.64453125,0.00390625,0.5235602094240838
4,Create a Word document,1,create,a Word document,Create a Word document,10,office_word_mcp_server_api_get_document_text,0.64453125,86.38743455497382,0.640625,0.00390625,0.5235602094240838
4,Create a Word document,1,create,a Word document,Create a Word document,11,office_word_mcp_server_api_get_document_info,0.640625,85.86387434554975,0.63671875,0.00390625,0.5235602094240838
4,Create a Word document,1,create,a Word document,Create a Word document,12,office_word_mcp_server_api_get_document_outline,0.63671875,85.34031413612566,0.625,0.01171875,1.5706806282722512
4,Create a Word document,1,create,a Word document,Create a Word document,13,office_word_mcp_server_api_delete_document,0.625,83.7696335078534,0.6171875,0.0078125,1.0471204188481675
4,Create a Word document,1,create,a Word document,Create a Word document,14,office_word_mcp_server_api_merge_doucments,0.6171875,82.72251308900523,0.59765625,0.01953125,2.6178010471204187
4,Create a Word document,1,create,a Word document,Create a Word document,15,sharepoint_tools_create_txt_file_in_sharepoint,0.59765625,80.10471204188482,0.57421875,0.0234375,3.1413612565445024
4,Create a Word document,1,create,a Word document,Create a Word document,16,office_word_mcp_server_api_list_files,0.57421875,76.96335078534031,0.57421875,0.0,0.0
4,Create a Word document,1,create,a Word document,Create a Word document,17,office_word_mcp_server_api_find_text_in_document,0.57421875,76.96335078534031,0.55859375,0.015625,2.094240837696335
4,Create a Word document,1,create,a Word document,Create a Word document,18,office_word_mcp_server_api_delete_paragraph,0.55859375,74.86910994764398,0.53125,0.02734375,3.664921465968586
4,Create a Word document,1,create,a Word document,Create a Word document,19,office_word_mcp_server_api_get_paragraph_text_from_document,0.53125,71.20418848167539,0.498046875,0.033203125,4.450261780104712
4,Create a Word document,1,create,a Word document,Create a Word document,20,gmail_tools_send_google_email,0.498046875,66.75392670157068,0.494140625,0.00390625,0.5235602094240838
4,Create a Word document,1,create,a Word document,Create a Word document,21,project_management_tools_create_work_item,0.494140625,66.2303664921466,0.478515625,0.015625,2.094240837696335
4,Create a Word document,1,create,a Word document,Create a Word document,22,sharepoint_tools_get_sharepoint_documents,0.478515625,64.13612565445025,0.4765625,0.001953125,0.2617801047120419
4,Create a Word document,1,create,a Word document,Create a Word document,23,outlook_mail_management_compose_email,0.4765625,63.87434554973822,0.466796875,0.009765625,1.3089005235602094
4,Create a Word document,1,create,a Word document,Create a Word document,24,quest_studio_file_storage_get_file_content,0.466796875,62.56544502617801,0.46484375,0.001953125,0.2617801047120419
4,Create a Word document,1,create,a Word document,Create a Word document,25,carrot_mcp_server_api_create_employee,0.46484375,62.30366492146597,0.4609375,0.00390625,0.5235602094240838
4,Create a Word document,1,create,a Word document,Create a Word document,26,project_management_tools_export_sprint_to_sharepoint,0.4609375,61.78010471204188,0.447265625,0.013671875,1.832460732984293
4,Create a Word document,1,create,a Word document,Create a Word document,27,office_word_mcp_server_api_search_replace,0.447265625,59.947643979057595,0.443359375,0.00390625,0.5235602094240838
4,Create a Word document,1,create,a Word document,Create a Word document,28,carrot_mcp_server_api_create_leave_application,0.443359375,59.424083769633505,0.439453125,0.00390625,0.5235602094240838
4,Create a Word document,1,create,a Word document,Create a Word document,29,project_management_tools_list_work_items,0.439453125,58.90052356020943,0.43359375,0.005859375,0.7853403141361256
4,Create a Word document,1,create,a Word document,Create a Word document,30,railway_tools_project_create,0.43359375,58.1151832460733,0.431640625,0.001953125,0.2617801047120419
4,Create a Word document,1,create,a Word document,Create a Word document,31,outlook_mail_management_send_email,0.431640625,57.85340314136126,0.431640625,0.0,0.0
4,Create a Word document,1,create,a Word document,Create a Word document,32,gmail_tools_forward_google_email,0.431640625,57.85340314136126,0.4296875,0.001953125,0.2617801047120419
4,Create a Word document,1,create,a Word document,Create a Word document,33,gmail_tools_reply_google_email,0.4296875,57.59162303664922,0.4296875,0.0,0.0
4,Create a Word document,1,create,a Word document,Create a Word document,34,carrot_mcp_server_api_log_hours_entry,0.4296875,57.59162303664922,0.42578125,0.00390625,0.5235602094240838
4,Create a Word document,1,create,a Word document,Create a Word document,35,project_management_tools_create_project,0.42578125,57.06806282722513,0.416015625,0.009765625,1.3089005235602094
4,Create a Word document,1,create,a Word document,Create a Word document,36,github_mcp_server_create_repository,0.416015625,55.75916230366492,0.416015625,0.0,0.0
4,Create a Word document,1,create,a Word document,Create a Word document,37,supabase_mcp_insert_table_data,0.416015625,55.75916230366492,0.4140625,0.001953125,0.2617801047120419
4,Create a Word document,1,create,a Word document,Create a Word document,38,quest_studio_file_storage_query_files,0.4140625,55.497382198952884,0.41015625,0.00390625,0.5235602094240838
4,Create a Word document,1,create,a Word document,Create a Word document,39,railway_tools_service_create_from_repo,0.41015625,54.973821989528794,0.40625,0.00390625,0.5235602094240838
4,Create a Word document,1,create,a Word document,Create a Word document,40,railway_tools_volume_create,0.40625,54.45026178010471,0.40625,0.0,0.0
4,Create a Word document,1,create,a Word document,Create a Word document,41,quest_studio_file_storage_update_file,0.40625,54.45026178010471,0.40625,0.0,0.0
4,Create a Word document,1,create,a Word document,Create a Word document,42,quest_studio_file_storage_delete_file,0.40625,54.45026178010471,0.40625,0.0,0.0
4,Create a Word document,1,create,a Word document,Create a Word document,43,github_mcp_server_create_branch,0.40625,54.45026178010471,0.404296875,0.001953125,0.2617801047120419
4,Create a Word document,1,create,a Word document,Create a Word document,44,railway_tools_database_list_types,0.404296875,54.18848167539267,0.40234375,0.001953125,0.2617801047120419
4,Create a Word document,1,create,a Word document,Create a Word document,45,outlook_mail_management_search_outlook_mail,0.40234375,53.92670157068062,0.400390625,0.001953125,0.2617801047120419
4,Create a Word document,1,create,a Word document,Create a Word document,46,quest_studio_file_storage_get_file,0.400390625,53.66492146596858,0.400390625,0.0,0.0
4,Create a Word document,1,create,a Word document,Create a Word document,47,github_mcp_server_create_pull_request,0.400390625,53.66492146596858,0.3984375,0.001953125,0.2617801047120419
4,Create a Word document,1,create,a Word document,Create a Word document,48,quest_studio_file_storage_get_storage_usage,0.3984375,53.403141361256544,0.3984375,0.0,0.0
4,Create a Word document,1,create,a Word document,Create a Word document,49,railway_tools_service_create_from_image,0.3984375,53.403141361256544,0.396484375,0.001953125,0.2617801047120419
4,Create a Word document,1,create,a Word document,Create a Word document,50,carrot_mcp_server_api_submit_leave_application,0.396484375,53.141361256544506,0.39453125,0.001953125,0.2617801047120419
4,Create a Word document,1,create,a Word document,Create a Word document,51,carrot_mcp_server_api_hr_dashboard_summary,0.39453125,52.879581151832454,0.388671875,0.005859375,0.7853403141361256
4,Create a Word document,1,create,a Word document,Create a Word document,52,gmail_tools_get_google_emails,0.388671875,52.09424083769634,0.388671875,0.0,0.0
4,Create a Word document,1,create,a Word document,Create a Word document,53,outlook_mail_management_reply_to_email,0.388671875,52.09424083769634,0.38671875,0.001953125,0.2617801047120419
4,Create a Word document,1,create,a Word document,Create a Word document,54,railway_tools_project_environments,0.38671875,51.832460732984295,0.38671875,0.0,0.0
4,Create a Word document,1,create,a Word document,Create a Word document,55,project_management_tools_create_team,0.38671875,51.832460732984295,0.3828125,0.00390625,0.5235602094240838
4,Create a Word document,1,create,a Word document,Create a Word document,56,quest_studio_file_storage_get_files,0.3828125,51.30890052356021,0.3828125,0.0,0.0
4,Create a Word document,1,create,a Word document,Create a Word document,57,railway_tools_project_info,0.3828125,51.30890052356021,0.380859375,0.001953125,0.2617801047120419
4,Create a Word document,1,create,a Word document,Create a Word document,58,github_mcp_server_create_or_update_file,0.380859375,51.047120418848166,0.376953125,0.00390625,0.5235602094240838
4,Create a Word document,1,create,a Word document,Create a Word document,59,carrot_mcp_server_api_list_employees,0.376953125,50.523560209424076,0.376953125,0.0,0.0
4,Create a Word document,1,create,a Word document,Create a Word document,60,gmail_tools_delete_google_email,0.376953125,50.523560209424076,0.376953125,0.0,0.0
4,Create a Word document,1,create,a Word document,Create a Word document,61,project_management_tools_create_sprint,0.376953125,50.523560209424076,0.373046875,0.00390625,0.5235602094240838
4,Create a Word document,1,create,a Word document,Create a Word document,62,carrot_mcp_server_api_work_hours_summary,0.373046875,50.0,0.37109375,0.001953125,0.2617801047120419
4,Create a Word document,1,create,a Word document,Create a Word document,63,outlook_mail_management_forward_email,0.37109375,49.73821989528796,0.37109375,0.0,0.0
4,Create a Word document,1,create,a Word document,Create a Word document,64,railway_tools_project_list,0.37109375,49.73821989528796,0.369140625,0.001953125,0.2617801047120419
4,Create a Word document,1,create,a Word document,Create a Word document,65,project_management_tools_add_work_item_comment,0.369140625,49.47643979057592,0.365234375,0.00390625,0.5235602094240838
4,Create a Word document,1,create,a Word document,Create a Word document,66,carrot_mcp_server_api_update_leave_application,0.365234375,48.952879581151834,0.36328125,0.001953125,0.2617801047120419
4,Create a Word document,1,create,a Word document,Create a Word document,67,carrot_mcp_server_api_update_employee,0.36328125,48.69109947643979,0.361328125,0.001953125,0.2617801047120419
4,Create a Word document,1,create,a Word document,Create a Word document,68,github_mcp_server_push_files,0.361328125,48.42931937172775,0.359375,0.001953125,0.2617801047120419
4,Create a Word document,1,create,a Word document,Create a Word document,69,supabase_mcp_check_database_health,0.359375,48.167539267015705,0.357421875,0.001953125,0.2617801047120419
4,Create a Word document,1,create,a Word document,Create a Word document,70,railway_tools_project_delete,0.357421875,47.90575916230366,0.353515625,0.00390625,0.5235602094240838
4,Create a Word document,1,create,a Word document,Create a Word document,71,railway_tools_service_list,0.353515625,47.38219895287958,0.3515625,0.001953125,0.2617801047120419
4,Create a Word document,1,create,a Word document,Create a Word document,72,project_management_tools_get_work_item,0.3515625,47.12041884816754,0.3515625,0.0,0.0
4,Create a Word document,1,create,a Word document,Create a Word document,73,sharepoint_tools_get_sharepoint_sites,0.3515625,47.12041884816754,0.349609375,0.001953125,0.2617801047120419
4,Create a Word document,1,create,a Word document,Create a Word document,74,railway_tools_service_info,0.349609375,46.8586387434555,0.34765625,0.001953125,0.2617801047120419
4,Create a Word document,1,create,a Word document,Create a Word document,75,supabase_mcp_update_database_table_data,0.34765625,46.596858638743456,0.34765625,0.0,0.0
4,Create a Word document,1,create,a Word document,Create a Word document,76,carrot_mcp_server_api_get_employee,0.34765625,46.596858638743456,0.34375,0.00390625,0.5235602094240838
4,Create a Word document,1,create,a Word document,Create a Word document,77,github_mcp_server_get_file_contents,0.34375,46.07329842931937,0.34375,0.0,0.0
4,Create a Word document,1,create,a Word document,Create a Word document,78,railway_tools_volume_update,0.34375,46.07329842931937,0.34375,0.0,0.0
4,Create a Word document,1,create,a Word document,Create a Word document,79,railway_tools_volume_list,0.34375,46.07329842931937,0.341796875,0.001953125,0.2617801047120419
4,Create a Word document,1,create,a Word document,Create a Word document,80,carrot_mcp_server_api_list_leave_application,0.341796875,45.811518324607334,0.33984375,0.001953125,0.2617801047120419
4,Create a Word document,1,create,a Word document,Create a Word document,81,project_management_tools_delete_work_item,0.33984375,45.54973821989529,0.33984375,0.0,0.0
4,Create a Word document,1,create,a Word document,Create a Word document,82,web_search_tools_web_search,0.33984375,45.54973821989529,0.33984375,0.0,0.0
4,Create a Word document,1,create,a Word document,Create a Word document,83,project_management_tools_view_board,0.33984375,45.54973821989529,0.337890625,0.001953125,0.2617801047120419
4,Create a Word document,1,create,a Word document,Create a Word document,84,supabase_mcp_select_database_table_data,0.337890625,45.287958115183244,0.337890625,0.0,0.0
4,Create a Word document,1,create,a Word document,Create a Word document,85,railway_tools_service_restart,0.337890625,45.287958115183244,0.3359375,0.001953125,0.2617801047120419
4,Create a Word document,1,create,a Word document,Create a Word document,86,github_mcp_server_merge_pull_request,0.3359375,45.0261780104712,0.333984375,0.001953125,0.2617801047120419
4,Create a Word document,1,create,a Word document,Create a Word document,87,project_management_tools_get_work_item_comments,0.333984375,44.76439790575916,0.333984375,0.0,0.0
4,Create a Word document,1,create,a Word document,Create a Word document,88,railway_tools_service_delete,0.333984375,44.76439790575916,0.333984375,0.0,0.0
4,Create a Word document,1,create,a Word document,Create a Word document,89,railway_tools_volume_delete,0.333984375,44.76439790575916,0.33203125,0.001953125,0.2617801047120419
4,Create a Word document,1,create,a Word document,Create a Word document,90,supabase_mcp_get_all_supabase_projects,0.33203125,44.50261780104712,0.32421875,0.0078125,1.0471204188481675
4,Create a Word document,1,create,a Word document,Create a Word document,91,supabase_mcp_get_table_schema,0.32421875,43.455497382198956,0.32421875,0.0,0.0
4,Create a Word document,1,create,a Word document,Create a Word document,92,railway_tools_service_update,0.32421875,43.455497382198956,0.32421875,0.0,0.0
4,Create a Word document,1,create,a Word document,Create a Word document,93,supabase_mcp_get_database_tables,0.32421875,43.455497382198956,0.322265625,0.001953125,0.2617801047120419
4,Create a Word document,1,create,a Word document,Create a Word document,94,outlook_mail_management_find_email_address,0.322265625,43.19371727748691,0.322265625,0.0,0.0
4,Create a Word document,1,create,a Word document,Create a Word document,95,project_management_tools_get_user_capacity,0.322265625,43.19371727748691,0.3203125,0.001953125,0.2617801047120419
4,Create a Word document,1,create,a Word document,Create a Word document,96,project_management_tools_update_work_item,0.3203125,42.93193717277487,0.3203125,0.0,0.0
4,Create a Word document,1,create,a Word document,Create a Word document,97,github_mcp_server_delete_file,0.3203125,42.93193717277487,0.318359375,0.001953125,0.2617801047120419
4,Create a Word document,1,create,a Word document,Create a Word document,98,project_management_tools_assign_work_item,0.318359375,42.67015706806283,0.31640625,0.001953125,0.2617801047120419
4,Create a Word document,1,create,a Word document,Create a Word document,99,project_management_tools_update_user_capacity,0.31640625,42.40837696335078,0.3125,0.00390625,0.5235602094240838
4,Create a Word document,1,create,a Word document,Create a Word document,100,project_management_tools_update_task_status,0.3125,41.8848167539267,0.310546875,0.001953125,0.2617801047120419
4,Create a Word document,1,create,a Word document,Create a Word document,101,github_mcp_server_pull_request_read,0.310546875,41.62303664921466,0.306640625,0.00390625,0.5235602094240838
4,Create a Word document,1,create,a Word document,Create a Word document,102,github_mcp_server_update_pull_request,0.306640625,41.09947643979058,0.306640625,0.0,0.0
4,Create a Word document,1,create,a Word document,Create a Word document,103,github_mcp_server_get_commit,0.306640625,41.09947643979058,0.3046875,0.001953125,0.2617801047120419
4,Create a Word document,1,create,a Word document,Create a Word document,104,project_management_tools_list_sprints,0.3046875,40.83769633507853,0.302734375,0.001953125,0.2617801047120419
4,Create a Word document,1,create,a Word document,Create a Word document,105,project_management_tools_list_projects,0.302734375,40.575916230366495,0.30078125,0.001953125,0.2617801047120419
4,Create a Word document,1,create,a Word document,Create a Word document,106,outlook_mail_management_get_email_messages,0.30078125,40.31413612565445,0.298828125,0.001953125,0.2617801047120419
4,Create a Word document,1,create,a Word document,Create a Word document,107,github_mcp_server_search_repositories,0.298828125,40.05235602094241,0.291015625,0.0078125,1.0471204188481675
4,Create a Word document,1,create,a Word document,Create a Word document,108,project_management_tools_list_users,0.291015625,39.00523560209424,0.2890625,0.001953125,0.2617801047120419
4,Create a Word document,1,create,a Word document,Create a Word document,109,github_mcp_server_list_commits,0.2890625,38.7434554973822,0.287109375,0.001953125,0.2617801047120419
4,Create a Word document,1,create,a Word document,Create a Word document,110,project_management_tools_get_sprint,0.287109375,38.481675392670155,0.28125,0.005859375,0.7853403141361256
4,Create a Word document,1,create,a Word document,Create a Word document,111,project_management_tools_get_project,0.28125,37.696335078534034,0.279296875,0.001953125,0.2617801047120419
4,Create a Word document,1,create,a Word document,Create a Word document,112,project_management_tools_list_teams,0.279296875,37.43455497382199,0.279296875,0.0,0.0
4,Create a Word document,1,create,a Word document,Create a Word document,113,project_management_tools_get_team,0.279296875,37.43455497382199,0.275390625,0.00390625,0.5235602094240838
4,Create a Word document,1,create,a Word document,Create a Word document,114,github_mcp_server_list_pull_requests,0.275390625,36.910994764397905,0.2734375,0.001953125,0.2617801047120419
4,Create a Word document,1,create,a Word document,Create a Word document,115,project_management_tools_list_team_members,0.2734375,36.64921465968586,0.2734375,0.0,0.0
4,Create a Word document,1,create,a Word document,Create a Word document,116,github_mcp_server_list_branches,0.2734375,36.64921465968586,0.271484375,0.001953125,0.2617801047120419
4,Create a Word document,1,create,a Word document,Create a Word document,117,project_management_tools_delete_sprint,0.271484375,36.38743455497382,0.263671875,0.0078125,1.0471204188481675
4,Create a Word document,1,create,a Word document,Create a Word document,118,project_management_tools_update_project,0.263671875,35.340314136125656,0.26171875,0.001953125,0.2617801047120419
4,Create a Word document,1,create,a Word document,Create a Word document,119,project_management_tools_delete_team,0.26171875,35.07853403141361,0.259765625,0.001953125,0.2617801047120419
4,Create a Word document,1,create,a Word document,Create a Word document,120,github_mcp_server_get_me,0.259765625,34.81675392670157,0.259765625,0.0,0.0
4,Create a Word document,1,create,a Word document,Create a Word document,121,project_management_tools_delete_project,0.259765625,34.81675392670157,0.2578125,0.001953125,0.2617801047120419
4,Create a Word document,1,create,a Word document,Create a Word document,122,outlook_mail_management_delete_email_message,0.2578125,34.55497382198953,,,
5,Get the current sprint work items,1,get,the current sprint work items,Get the current sprint work items,1,project_management_tools_list_work_items,0.73828125,100.0,0.71484375,0.0234375,3.1746031746031744
5,Get the current sprint work items,1,get,the current sprint work items,Get the current sprint work items,2,project_management_tools_list_sprints,0.71484375,96.82539682539682,0.70703125,0.0078125,1.0582010582010581
5,Get the current sprint work items,1,get,the current sprint work items,Get the current sprint work items,3,project_management_tools_get_sprint,0.70703125,95.76719576719577,0.69140625,0.015625,2.1164021164021163
5,Get the current sprint work items,1,get,the current sprint work items,Get the current sprint work items,4,project_management_tools_get_work_item,0.69140625,93.65079365079364,0.6796875,0.01171875,1.5873015873015872
5,Get the current sprint work items,1,get,the current sprint work items,Get the current sprint work items,5,project_management_tools_export_sprint_to_sharepoint,0.6796875,92.06349206349206,0.6640625,0.015625,2.1164021164021163
5,Get the current sprint work items,1,get,the current sprint work items,Get the current sprint work items,6,project_management_tools_create_work_item,0.6640625,89.94708994708994,0.65234375,0.01171875,1.5873015873015872
5,Get the current sprint work items,1,get,the current sprint work items,Get the current sprint work items,7,project_management_tools_update_work_item,0.65234375,88.35978835978835,0.65234375,0.0,0.0
5,Get the current sprint work items,1,get,the current sprint work items,Get the current sprint work items,8,project_management_tools_get_user_capacity,0.65234375,88.35978835978835,0.63671875,0.015625,2.1164021164021163
5,Get the current sprint work items,1,get,the current sprint work items,Get the current sprint work items,9,project_management_tools_create_sprint,0.63671875,86.24338624338624,0.625,0.01171875,1.5873015873015872
5,Get the current sprint work items,1,get,the current sprint work items,Get the current sprint work items,10,project_management_tools_get_work_item_comments,0.625,84.65608465608466,0.62109375,0.00390625,0.5291005291005291
5,Get the current sprint work items,1,get,the current sprint work items,Get the current sprint work items,11,project_management_tools_delete_sprint,0.62109375,84.12698412698413,0.62109375,0.0,0.0
5,Get the current sprint work items,1,get,the current sprint work items,Get the current sprint work items,12,project_management_tools_delete_work_item,0.62109375,84.12698412698413,0.59375,0.02734375,3.7037037037037033
5,Get the current sprint work items,1,get,the current sprint work items,Get the current sprint work items,13,project_management_tools_assign_work_item,0.59375,80.42328042328042,0.58203125,0.01171875,1.5873015873015872
5,Get the current sprint work items,1,get,the current sprint work items,Get the current sprint work items,14,project_management_tools_update_user_capacity,0.58203125,78.83597883597884,0.57421875,0.0078125,1.0582010582010581
5,Get the current sprint work items,1,get,the current sprint work items,Get the current sprint work items,15,carrot_mcp_server_api_work_hours_summary,0.57421875,77.77777777777779,0.56640625,0.0078125,1.0582010582010581
5,Get the current sprint work items,1,get,the current sprint work items,Get the current sprint work items,16,project_management_tools_list_team_members,0.56640625,76.71957671957672,0.55859375,0.0078125,1.0582010582010581
5,Get the current sprint work items,1,get,the current sprint work items,Get the current sprint work items,17,project_management_tools_update_task_status,0.55859375,75.66137566137566,0.54296875,0.015625,2.1164021164021163
5,Get the current sprint work items,1,get,the current sprint work items,Get the current sprint work items,18,project_management_tools_list_teams,0.54296875,73.54497354497354,0.54296875,0.0,0.0
5,Get the current sprint work items,1,get,the current sprint work items,Get the current sprint work items,19,project_management_tools_view_board,0.54296875,73.54497354497354,0.5390625,0.00390625,0.5291005291005291
5,Get the current sprint work items,1,get,the current sprint work items,Get the current sprint work items,20,railway_tools_project_info,0.5390625,73.01587301587301,0.5390625,0.0,0.0
5,Get the current sprint work items,1,get,the current sprint work items,Get the current sprint work items,21,railway_tools_project_environments,0.5390625,73.01587301587301,0.52734375,0.01171875,1.5873015873015872
5,Get the current sprint work items,1,get,the current sprint work items,Get the current sprint work items,22,railway_tools_service_list,0.52734375,71.42857142857143,0.52734375,0.0,0.0
5,Get the current sprint work items,1,get,the current sprint work items,Get the current sprint work items,23,carrot_mcp_server_api_list_employees,0.52734375,71.42857142857143,0.52734375,0.0,0.0
5,Get the current sprint work items,1,get,the current sprint work items,Get the current sprint work items,24,project_management_tools_get_team,0.52734375,71.42857142857143,0.5234375,0.00390625,0.5291005291005291
5,Get the current sprint work items,1,get,the current sprint work items,Get the current sprint work items,25,project_management_tools_list_projects,0.5234375,70.8994708994709,0.51953125,0.00390625,0.5291005291005291
5,Get the current sprint work items,1,get,the current sprint work items,Get the current sprint work items,26,railway_tools_project_list,0.51953125,70.37037037037037,0.51953125,0.0,0.0
5,Get the current sprint work items,1,get,the current sprint work items,Get the current sprint work items,27,carrot_mcp_server_api_log_hours_entry,0.51953125,70.37037037037037,0.515625,0.00390625,0.5291005291005291
5,Get the current sprint work items,1,get,the current sprint work items,Get the current sprint work items,28,project_management_tools_add_work_item_comment,0.515625,69.84126984126983,0.50390625,0.01171875,1.5873015873015872
5,Get the current sprint work items,1,get,the current sprint work items,Get the current sprint work items,29,railway_tools_service_info,0.50390625,68.25396825396825,0.50390625,0.0,0.0
5,Get the current sprint work items,1,get,the current sprint work items,Get the current sprint work items,30,project_management_tools_list_users,0.50390625,68.25396825396825,0.5,0.00390625,0.5291005291005291
5,Get the current sprint work items,1,get,the current sprint work items,Get the current sprint work items,31,carrot_mcp_server_api_get_employee,0.5,67.72486772486772,0.5,0.0,0.0
5,Get the current sprint work items,1,get,the current sprint work items,Get the current sprint work items,32,supabase_mcp_select_database_table_data,0.5,67.72486772486772,0.49609375,0.00390625,0.5291005291005291
5,Get the current sprint work items,1,get,the current sprint work items,Get the current sprint work items,33,carrot_mcp_server_api_hr_dashboard_summary,0.49609375,67.1957671957672,0.49609375,0.0,0.0
5,Get the current sprint work items,1,get,the current sprint work items,Get the current sprint work items,34,sharepoint_tools_get_sharepoint_sites,0.49609375,67.1957671957672,0.494140625,0.001953125,0.26455026455026454
5,Get the current sprint work items,1,get,the current sprint work items,Get the current sprint work items,35,supabase_mcp_get_all_supabase_projects,0.494140625,66.93121693121694,0.4921875,0.001953125,0.26455026455026454
5,Get the current sprint work items,1,get,the current sprint work items,Get the current sprint work items,36,office_word_mcp_server_api_list_files,0.4921875,66.66666666666666,0.490234375,0.001953125,0.26455026455026454
5,Get the current sprint work items,1,get,the current sprint work items,Get the current sprint work items,37,sharepoint_tools_get_sharepoint_documents,0.490234375,66.4021164021164,0.490234375,0.0,0.0
5,Get the current sprint work items,1,get,the current sprint work items,Get the current sprint work items,38,project_management_tools_get_project,0.490234375,66.4021164021164,0.48046875,0.009765625,1.3227513227513228
5,Get the current sprint work items,1,get,the current sprint work items,Get the current sprint work items,39,github_mcp_server_list_commits,0.48046875,65.07936507936508,0.478515625,0.001953125,0.26455026455026454
5,Get the current sprint work items,1,get,the current sprint work items,Get the current sprint work items,40,railway_tools_project_create,0.478515625,64.81481481481481,0.478515625,0.0,0.0
5,Get the current sprint work items,1,get,the current sprint work items,Get the current sprint work items,41,github_mcp_server_pull_request_read,0.478515625,64.81481481481481,0.4765625,0.001953125,0.26455026455026454
5,Get the current sprint work items,1,get,the current sprint work items,Get the current sprint work items,42,github_mcp_server_list_branches,0.4765625,64.55026455026454,0.474609375,0.001953125,0.26455026455026454
5,Get the current sprint work items,1,get,the current sprint work items,Get the current sprint work items,43,railway_tools_project_delete,0.474609375,64.28571428571429,0.47265625,0.001953125,0.26455026455026454
5,Get the current sprint work items,1,get,the current sprint work items,Get the current sprint work items,44,supabase_mcp_get_database_tables,0.47265625,64.02116402116403,0.47265625,0.0,0.0
5,Get the current sprint work items,1,get,the current sprint work items,Get the current sprint work items,45,quest_studio_file_storage_get_files,0.47265625,64.02116402116403,0.47265625,0.0,0.0
5,Get the current sprint work items,1,get,the current sprint work items,Get the current sprint work items,46,github_mcp_server_list_pull_requests,0.47265625,64.02116402116403,0.470703125,0.001953125,0.26455026455026454
5,Get the current sprint work items,1,get,the current sprint work items,Get the current sprint work items,47,supabase_mcp_get_table_schema,0.470703125,63.75661375661375,0.466796875,0.00390625,0.5291005291005291
5,Get the current sprint work items,1,get,the current sprint work items,Get the current sprint work items,48,railway_tools_volume_list,0.466796875,63.227513227513235,0.46484375,0.001953125,0.26455026455026454
5,Get the current sprint work items,1,get,the current sprint work items,Get the current sprint work items,49,railway_tools_service_delete,0.46484375,62.96296296296296,0.458984375,0.005859375,0.7936507936507936
5,Get the current sprint work items,1,get,the current sprint work items,Get the current sprint work items,50,carrot_mcp_server_api_create_employee,0.458984375,62.16931216931217,0.45703125,0.001953125,0.26455026455026454
5,Get the current sprint work items,1,get,the current sprint work items,Get the current sprint work items,51,office_word_mcp_server_api_get_document_info,0.45703125,61.904761904761905,0.453125,0.00390625,0.5291005291005291
5,Get the current sprint work items,1,get,the current sprint work items,Get the current sprint work items,52,project_management_tools_delete_team,0.453125,61.37566137566137,0.453125,0.0,0.0
5,Get the current sprint work items,1,get,the current sprint work items,Get the current sprint work items,53,supabase_mcp_check_database_health,0.453125,61.37566137566137,0.453125,0.0,0.0
5,Get the current sprint work items,1,get,the current sprint work items,Get the current sprint work items,54,carrot_mcp_server_api_update_employee,0.453125,61.37566137566137,0.451171875,0.001953125,0.26455026455026454
5,Get the current sprint work items,1,get,the current sprint work items,Get the current sprint work items,55,office_word_mcp_server_api_get_document_xml,0.451171875,61.111111111111114,0.451171875,0.0,0.0
5,Get the current sprint work items,1,get,the current sprint work items,Get the current sprint work items,56,office_word_mcp_server_api_get_document_outline,0.451171875,61.111111111111114,0.44921875,0.001953125,0.26455026455026454
5,Get the current sprint work items,1,get,the current sprint work items,Get the current sprint work items,57,github_mcp_server_get_me,0.44921875,60.84656084656085,0.447265625,0.001953125,0.26455026455026454
5,Get the current sprint work items,1,get,the current sprint work items,Get the current sprint work items,58,office_word_mcp_server_api_copy_document,0.447265625,60.58201058201058,0.447265625,0.0,0.0
5,Get the current sprint work items,1,get,the current sprint work items,Get the current sprint work items,59,railway_tools_database_list_types,0.447265625,60.58201058201058,0.4453125,0.001953125,0.26455026455026454
5,Get the current sprint work items,1,get,the current sprint work items,Get the current sprint work items,60,supabase_mcp_update_database_table_data,0.4453125,60.317460317460316,0.44140625,0.00390625,0.5291005291005291
5,Get the current sprint work items,1,get,the current sprint work items,Get the current sprint work items,61,quest_studio_file_storage_get_storage_usage,0.44140625,59.78835978835979,0.44140625,0.0,0.0
5,Get the current sprint work items,1,get,the current sprint work items,Get the current sprint work items,62,railway_tools_service_create_from_repo,0.44140625,59.78835978835979,0.439453125,0.001953125,0.26455026455026454
5,Get the current sprint work items,1,get,the current sprint work items,Get the current sprint work items,63,github_mcp_server_get_commit,0.439453125,59.523809523809526,0.4375,0.001953125,0.26455026455026454
5,Get the current sprint work items,1,get,the current sprint work items,Get the current sprint work items,64,quest_studio_file_storage_query_files,0.4375,59.25925925925925,0.4375,0.0,0.0
5,Get the current sprint work items,1,get,the current sprint work items,Get the current sprint work items,65,github_mcp_server_create_or_update_file,0.4375,59.25925925925925,0.43359375,0.00390625,0.5291005291005291
5,Get the current sprint work items,1,get,the current sprint work items,Get the current sprint work items,66,project_management_tools_create_team,0.43359375,58.730158730158735,0.427734375,0.005859375,0.7936507936507936
5,Get the current sprint work items,1,get,the current sprint work items,Get the current sprint work items,67,github_mcp_server_search_repositories,0.427734375,57.936507936507944,0.427734375,0.0,0.0
5,Get the current sprint work items,1,get,the current sprint work items,Get the current sprint work items,68,office_word_mcp_server_api_get_document_text,0.427734375,57.936507936507944,0.42578125,0.001953125,0.26455026455026454
5,Get the current sprint work items,1,get,the current sprint work items,Get the current sprint work items,69,supabase_mcp_insert_table_data,0.42578125,57.67195767195767,0.423828125,0.001953125,0.26455026455026454
5,Get the current sprint work items,1,get,the current sprint work items,Get the current sprint work items,70,github_mcp_server_get_file_contents,0.423828125,57.407407407407405,0.421875,0.001953125,0.26455026455026454
5,Get the current sprint work items,1,get,the current sprint work items,Get the current sprint work items,71,quest_studio_file_storage_get_file,0.421875,57.14285714285714,0.421875,0.0,0.0
5,Get the current sprint work items,1,get,the current sprint work items,Get the current sprint work items,72,office_word_mcp_server_api_create_word_document,0.421875,57.14285714285714,0.419921875,0.001953125,0.26455026455026454
5,Get the current sprint work items,1,get,the current sprint work items,Get the current sprint work items,73,carrot_mcp_server_api_list_leave_application,0.419921875,56.87830687830689,0.419921875,0.0,0.0
5,Get the current sprint work items,1,get,the current sprint work items,Get the current sprint work items,74,sharepoint_tools_create_txt_file_in_sharepoint,0.419921875,56.87830687830689,0.419921875,0.0,0.0
5,Get the current sprint work items,1,get,the current sprint work items,Get the current sprint work items,75,gmail_tools_get_google_emails,0.419921875,56.87830687830689,0.416015625,0.00390625,0.5291005291005291
5,Get the current sprint work items,1,get,the current sprint work items,Get the current sprint work items,76,railway_tools_service_restart,0.416015625,56.34920634920635,0.4140625,0.001953125,0.26455026455026454
5,Get the current sprint work items,1,get,the current sprint work items,Get the current sprint work items,77,railway_tools_service_update,0.4140625,56.08465608465608,0.412109375,0.001953125,0.26455026455026454
5,Get the current sprint work items,1,get,the current sprint work items,Get the current sprint work items,78,quest_studio_file_storage_get_file_content,0.412109375,55.82010582010582,0.41015625,0.001953125,0.26455026455026454
5,Get the current sprint work items,1,get,the current sprint work items,Get the current sprint work items,79,office_word_mcp_server_api_find_text_in_document,0.41015625,55.55555555555556,0.41015625,0.0,0.0
5,Get the current sprint work items,1,get,the current sprint work items,Get the current sprint work items,80,office_word_mcp_server_api_merge_doucments,0.41015625,55.55555555555556,0.40625,0.00390625,0.5291005291005291
5,Get the current sprint work items,1,get,the current sprint work items,Get the current sprint work items,81,github_mcp_server_merge_pull_request,0.40625,55.026455026455025,0.404296875,0.001953125,0.26455026455026454
5,Get the current sprint work items,1,get,the current sprint work items,Get the current sprint work items,82,github_mcp_server_update_pull_request,0.404296875,54.761904761904766,0.40234375,0.001953125,0.26455026455026454
5,Get the current sprint work items,1,get,the current sprint work items,Get the current sprint work items,83,project_management_tools_create_project,0.40234375,54.4973544973545,0.400390625,0.001953125,0.26455026455026454
5,Get the current sprint work items,1,get,the current sprint work items,Get the current sprint work items,84,office_word_mcp_server_api_search_replace,0.400390625,54.232804232804234,0.400390625,0.0,0.0
5,Get the current sprint work items,1,get,the current sprint work items,Get the current sprint work items,85,office_word_mcp_server_api_delete_document,0.400390625,54.232804232804234,0.3984375,0.001953125,0.26455026455026454
5,Get the current sprint work items,1,get,the current sprint work items,Get the current sprint work items,86,railway_tools_service_create_from_image,0.3984375,53.96825396825397,0.3984375,0.0,0.0
5,Get the current sprint work items,1,get,the current sprint work items,Get the current sprint work items,87,office_word_mcp_server_api_add_table,0.3984375,53.96825396825397,0.39453125,0.00390625,0.5291005291005291
5,Get the current sprint work items,1,get,the current sprint work items,Get the current sprint work items,88,project_management_tools_update_project,0.39453125,53.43915343915344,0.39453125,0.0,0.0
5,Get the current sprint work items,1,get,the current sprint work items,Get the current sprint work items,89,office_word_mcp_server_api_convert_to_pdf,0.39453125,53.43915343915344,0.392578125,0.001953125,0.26455026455026454
5,Get the current sprint work items,1,get,the current sprint work items,Get the current sprint work items,90,outlook_mail_management_search_outlook_mail,0.392578125,53.17460317460318,0.392578125,0.0,0.0
5,Get the current sprint work items,1,get,the current sprint work items,Get the current sprint work items,91,github_mcp_server_create_pull_request,0.392578125,53.17460317460318,0.388671875,0.00390625,0.5291005291005291
5,Get the current sprint work items,1,get,the current sprint work items,Get the current sprint work items,92,office_word_mcp_server_api_get_paragraph_text_from_document,0.388671875,52.64550264550265,0.388671875,0.0,0.0
5,Get the current sprint work items,1,get,the current sprint work items,Get the current sprint work items,93,railway_tools_volume_delete,0.388671875,52.64550264550265,0.384765625,0.00390625,0.5291005291005291
5,Get the current sprint work items,1,get,the current sprint work items,Get the current sprint work items,94,outlook_mail_management_get_email_messages,0.384765625,52.116402116402114,0.3828125,0.001953125,0.26455026455026454
5,Get the current sprint work items,1,get,the current sprint work items,Get the current sprint work items,95,office_word_mcp_server_api_add_picture,0.3828125,51.85185185185185,0.376953125,0.005859375,0.7936507936507936
5,Get the current sprint work items,1,get,the current sprint work items,Get the current sprint work items,96,carrot_mcp_server_api_update_leave_application,0.376953125,51.05820105820106,0.376953125,0.0,0.0
5,Get the current sprint work items,1,get,the current sprint work items,Get the current sprint work items,97,project_management_tools_delete_project,0.376953125,51.05820105820106,0.376953125,0.0,0.0
5,Get the current sprint work items,1,get,the current sprint work items,Get the current sprint work items,98,carrot_mcp_server_api_create_leave_application,0.376953125,51.05820105820106,0.375,0.001953125,0.26455026455026454
5,Get the current sprint work items,1,get,the current sprint work items,Get the current sprint work items,99,office_word_mcp_server_api_add_page_break,0.375,50.79365079365079,0.369140625,0.005859375,0.7936507936507936
5,Get the current sprint work items,1,get,the current sprint work items,Get the current sprint work items,100,web_search_tools_web_search,0.369140625,50.0,0.3671875,0.001953125,0.26455026455026454
5,Get the current sprint work items,1,get,the current sprint work items,Get the current sprint work items,101,office_word_mcp_server_api_add_paragraph,0.3671875,49.735449735449734,0.3671875,0.0,0.0
5,Get the current sprint work items,1,get,the current sprint work items,Get the current sprint work items,102,office_word_mcp_server_api_add_heading,0.3671875,49.735449735449734,0.36328125,0.00390625,0.5291005291005291
5,Get the current sprint work items,1,get,the current sprint work items,Get the current sprint work items,103,gmail_tools_reply_google_email,0.36328125,49.2063492063492,0.361328125,0.001953125,0.26455026455026454
5,Get the current sprint work items,1,get,the current sprint work items,Get the current sprint work items,104,gmail_tools_forward_google_email,0.361328125,48.94179894179894,0.361328125,0.0,0.0
5,Get the current sprint work items,1,get,the current sprint work items,Get the current sprint work items,105,github_mcp_server_create_branch,0.361328125,48.94179894179894,0.359375,0.001953125,0.26455026455026454
5,Get the current sprint work items,1,get,the current sprint work items,Get the current sprint work items,106,office_word_mcp_server_api_delete_paragraph,0.359375,48.67724867724868,0.359375,0.0,0.0
5,Get the current sprint work items,1,get,the current sprint work items,Get the current sprint work items,107,carrot_mcp_server_api_submit_leave_application,0.359375,48.67724867724868,0.3515625,0.0078125,1.0582010582010581
5,Get the current sprint work items,1,get,the current sprint work items,Get the current sprint work items,108,github_mcp_server_create_repository,0.3515625,47.61904761904761,0.349609375,0.001953125,0.26455026455026454
5,Get the current sprint work items,1,get,the current sprint work items,Get the current sprint work items,109,outlook_mail_management_find_email_address,0.349609375,47.354497354497354,0.33984375,0.009765625,1.3227513227513228
5,Get the current sprint work items,1,get,the current sprint work items,Get the current sprint work items,110,github_mcp_server_push_files,0.33984375,46.03174603174603,0.337890625,0.001953125,0.26455026455026454
5,Get the current sprint work items,1,get,the current sprint work items,Get the current sprint work items,111,gmail_tools_send_google_email,0.337890625,45.767195767195766,0.3359375,0.001953125,0.26455026455026454
5,Get the current sprint work items,1,get,the current sprint work items,Get the current sprint work items,112,railway_tools_volume_create,0.3359375,45.5026455026455,0.33203125,0.00390625,0.5291005291005291
5,Get the current sprint work items,1,get,the current sprint work items,Get the current sprint work items,113,quest_studio_file_storage_delete_file,0.33203125,44.97354497354497,0.328125,0.00390625,0.5291005291005291
5,Get the current sprint work items,1,get,the current sprint work items,Get the current sprint work items,114,outlook_mail_management_forward_email,0.328125,44.44444444444444,0.32421875,0.00390625,0.5291005291005291
5,Get the current sprint work items,1,get,the current sprint work items,Get the current sprint work items,115,outlook_mail_management_reply_to_email,0.32421875,43.91534391534391,0.322265625,0.001953125,0.26455026455026454
5,Get the current sprint work items,1,get,the current sprint work items,Get the current sprint work items,116,railway_tools_volume_update,0.322265625,43.65079365079365,0.3125,0.009765625,1.3227513227513228
5,Get the current sprint work items,1,get,the current sprint work items,Get the current sprint work items,117,quest_studio_file_storage_update_file,0.3125,42.32804232804233,0.310546875,0.001953125,0.26455026455026454
5,Get the current sprint work items,1,get,the current sprint work items,Get the current sprint work items,118,gmail_tools_delete_google_email,0.310546875,42.06349206349206,0.30078125,0.009765625,1.3227513227513228
5,Get the current sprint work items,1,get,the current sprint work items,Get the current sprint work items,119,github_mcp_server_delete_file,0.30078125,40.74074074074074,0.29296875,0.0078125,1.0582010582010581
5,Get the current sprint work items,1,get,the current sprint work items,Get the current sprint work items,120,outlook_mail_management_compose_email,0.29296875,39.682539682539684,0.28125,0.01171875,1.5873015873015872
5,Get the current sprint work items,1,get,the current sprint work items,Get the current sprint work items,121,outlook_mail_management_delete_email_message,0.28125,38.095238095238095,0.2490234375,0.0322265625,4.365079365079365
5,Get the current sprint work items,1,get,the current sprint work items,Get the current sprint work items,122,outlook_mail_management_send_email,0.2490234375,33.730158730158735,,,
6,Find the latest Nvidia news and email a summary to Tom,1,find,the latest Nvidia news,Find the latest Nvidia news,1,github_mcp_server_search_repositories,0.5625,100.0,0.55859375,0.00390625,0.6944444444444444
6,Find the latest Nvidia news and email a summary to Tom,1,find,the latest Nvidia news,Find the latest Nvidia news,2,web_search_tools_web_search,0.55859375,99.30555555555556,0.53125,0.02734375,4.861111111111112
6,Find the latest Nvidia news and email a summary to Tom,1,find,the latest Nvidia news,Find the latest Nvidia news,3,railway_tools_service_info,0.53125,94.44444444444444,0.5234375,0.0078125,1.3888888888888888
6,Find the latest Nvidia news and email a summary to Tom,1,find,the latest Nvidia news,Find the latest Nvidia news,4,github_mcp_server_pull_request_read,0.5234375,93.05555555555556,0.515625,0.0078125,1.3888888888888888
6,Find the latest Nvidia news and email a summary to Tom,1,find,the latest Nvidia news,Find the latest Nvidia news,5,railway_tools_project_info,0.515625,91.66666666666666,0.49609375,0.01953125,3.4722222222222223
6,Find the latest Nvidia news and email a summary to Tom,1,find,the latest Nvidia news,Find the latest Nvidia news,6,github_mcp_server_get_commit,0.49609375,88.19444444444444,0.4921875,0.00390625,0.6944444444444444
6,Find the latest Nvidia news and email a summary to Tom,1,find,the latest Nvidia news,Find the latest Nvidia news,7,railway_tools_service_create_from_repo,0.4921875,87.5,0.4921875,0.0,0.0
6,Find the latest Nvidia news and email a summary to Tom,1,find,the latest Nvidia news,Find the latest Nvidia news,8,carrot_mcp_server_api_hr_dashboard_summary,0.4921875,87.5,0.4921875,0.0,0.0
6,Find the latest Nvidia news and email a summary to Tom,1,find,the latest Nvidia news,Find the latest Nvidia news,9,github_mcp_server_list_commits,0.4921875,87.5,0.48828125,0.00390625,0.6944444444444444
6,Find the latest Nvidia news and email a summary to Tom,1,find,the latest Nvidia news,Find the latest Nvidia news,10,railway_tools_service_update,0.48828125,86.80555555555556,0.48828125,0.0,0.0
6,Find the latest Nvidia news and email a summary to Tom,1,find,the latest Nvidia news,Find the latest Nvidia news,11,github_mcp_server_get_me,0.48828125,86.80555555555556,0.486328125,0.001953125,0.3472222222222222
6,Find the latest Nvidia news and email a summary to Tom,1,find,the latest Nvidia news,Find the latest Nvidia news,12,railway_tools_service_list,0.486328125,86.45833333333334,0.482421875,0.00390625,0.6944444444444444
6,Find the latest Nvidia news and email a summary to Tom,1,find,the latest Nvidia news,Find the latest Nvidia news,13,railway_tools_project_environments,0.482421875,85.76388888888889,0.482421875,0.0,0.0
6,Find the latest Nvidia news and email a summary to Tom,1,find,the latest Nvidia news,Find the latest Nvidia news,14,github_mcp_server_list_pull_requests,0.482421875,85.76388888888889,0.482421875,0.0,0.0
6,Find the latest Nvidia news and email a summary to Tom,1,find,the latest Nvidia news,Find the latest Nvidia news,15,office_word_mcp_server_api_search_replace,0.482421875,85.76388888888889,0.478515625,0.00390625,0.6944444444444444
6,Find the latest Nvidia news and email a summary to Tom,1,find,the latest Nvidia news,Find the latest Nvidia news,16,quest_studio_file_storage_get_storage_usage,0.478515625,85.06944444444444,0.4765625,0.001953125,0.3472222222222222
6,Find the latest Nvidia news and email a summary to Tom,1,find,the latest Nvidia news,Find the latest Nvidia news,17,railway_tools_project_list,0.4765625,84.72222222222221,0.4765625,0.0,0.0
6,Find the latest Nvidia news and email a summary to Tom,1,find,the latest Nvidia news,Find the latest Nvidia news,18,gmail_tools_reply_google_email,0.4765625,84.72222222222221,0.474609375,0.001953125,0.3472222222222222
6,Find the latest Nvidia news and email a summary to Tom,1,find,the latest Nvidia news,Find the latest Nvidia news,19,office_word_mcp_server_api_get_paragraph_text_from_document,0.474609375,84.375,0.474609375,0.0,0.0
6,Find the latest Nvidia news and email a summary to Tom,1,find,the latest Nvidia news,Find the latest Nvidia news,20,office_word_mcp_server_api_find_text_in_document,0.474609375,84.375,0.47265625,0.001953125,0.3472222222222222
6,Find the latest Nvidia news and email a summary to Tom,1,find,the latest Nvidia news,Find the latest Nvidia news,21,gmail_tools_get_google_emails,0.47265625,84.02777777777779,0.46875,0.00390625,0.6944444444444444
6,Find the latest Nvidia news and email a summary to Tom,1,find,the latest Nvidia news,Find the latest Nvidia news,22,github_mcp_server_list_branches,0.46875,83.33333333333334,0.466796875,0.001953125,0.3472222222222222
6,Find the latest Nvidia news and email a summary to Tom,1,find,the latest Nvidia news,Find the latest Nvidia news,23,office_word_mcp_server_api_get_document_info,0.466796875,82.98611111111111,0.466796875,0.0,0.0
6,Find the latest Nvidia news and email a summary to Tom,1,find,the latest Nvidia news,Find the latest Nvidia news,24,railway_tools_service_restart,0.466796875,82.98611111111111,0.46484375,0.001953125,0.3472222222222222
6,Find the latest Nvidia news and email a summary to Tom,1,find,the latest Nvidia news,Find the latest Nvidia news,25,office_word_mcp_server_api_add_heading,0.46484375,82.63888888888889,0.46484375,0.0,0.0
6,Find the latest Nvidia news and email a summary to Tom,1,find,the latest Nvidia news,Find the latest Nvidia news,26,railway_tools_volume_list,0.46484375,82.63888888888889,0.46484375,0.0,0.0
6,Find the latest Nvidia news and email a summary to Tom,1,find,the latest Nvidia news,Find the latest Nvidia news,27,railway_tools_database_list_types,0.46484375,82.63888888888889,0.458984375,0.005859375,1.0416666666666665
6,Find the latest Nvidia news and email a summary to Tom,1,find,the latest Nvidia news,Find the latest Nvidia news,28,railway_tools_service_create_from_image,0.458984375,81.59722222222221,0.458984375,0.0,0.0
6,Find the latest Nvidia news and email a summary to Tom,1,find,the latest Nvidia news,Find the latest Nvidia news,29,office_word_mcp_server_api_get_document_outline,0.458984375,81.59722222222221,0.45703125,0.001953125,0.3472222222222222
6,Find the latest Nvidia news and email a summary to Tom,1,find,the latest Nvidia news,Find the latest Nvidia news,30,gmail_tools_send_google_email,0.45703125,81.25,0.455078125,0.001953125,0.3472222222222222
6,Find the latest Nvidia news and email a summary to Tom,1,find,the latest Nvidia news,Find the latest Nvidia news,31,project_management_tools_get_team,0.455078125,80.90277777777779,0.455078125,0.0,0.0
6,Find the latest Nvidia news and email a summary to Tom,1,find,the latest Nvidia news,Find the latest Nvidia news,32,office_word_mcp_server_api_get_document_text,0.455078125,80.90277777777779,0.453125,0.001953125,0.3472222222222222
6,Find the latest Nvidia news and email a summary to Tom,1,find,the latest Nvidia news,Find the latest Nvidia news,33,railway_tools_project_create,0.453125,80.55555555555556,0.451171875,0.001953125,0.3472222222222222
6,Find the latest Nvidia news and email a summary to Tom,1,find,the latest Nvidia news,Find the latest Nvidia news,34,gmail_tools_forward_google_email,0.451171875,80.20833333333334,0.451171875,0.0,0.0
6,Find the latest Nvidia news and email a summary to Tom,1,find,the latest Nvidia news,Find the latest Nvidia news,35,github_mcp_server_create_pull_request,0.451171875,80.20833333333334,0.447265625,0.00390625,0.6944444444444444
6,Find the latest Nvidia news and email a summary to Tom,1,find,the latest Nvidia news,Find the latest Nvidia news,36,supabase_mcp_get_all_supabase_projects,0.447265625,79.51388888888889,0.4453125,0.001953125,0.3472222222222222
6,Find the latest Nvidia news and email a summary to Tom,1,find,the latest Nvidia news,Find the latest Nvidia news,37,project_management_tools_view_board,0.4453125,79.16666666666666,0.4453125,0.0,0.0
6,Find the latest Nvidia news and email a summary to Tom,1,find,the latest Nvidia news,Find the latest Nvidia news,38,carrot_mcp_server_api_list_employees,0.4453125,79.16666666666666,0.4453125,0.0,0.0
6,Find the latest Nvidia news and email a summary to Tom,1,find,the latest Nvidia news,Find the latest Nvidia news,39,office_word_mcp_server_api_add_page_break,0.4453125,79.16666666666666,0.443359375,0.001953125,0.3472222222222222
6,Find the latest Nvidia news and email a summary to Tom,1,find,the latest Nvidia news,Find the latest Nvidia news,40,railway_tools_volume_delete,0.443359375,78.81944444444444,0.443359375,0.0,0.0
6,Find the latest Nvidia news and email a summary to Tom,1,find,the latest Nvidia news,Find the latest Nvidia news,41,github_mcp_server_create_or_update_file,0.443359375,78.81944444444444,0.4375,0.005859375,1.0416666666666665
6,Find the latest Nvidia news and email a summary to Tom,1,find,the latest Nvidia news,Find the latest Nvidia news,42,railway_tools_project_delete,0.4375,77.77777777777779,0.4375,0.0,0.0
6,Find the latest Nvidia news and email a summary to Tom,1,find,the latest Nvidia news,Find the latest Nvidia news,43,supabase_mcp_check_database_health,0.4375,77.77777777777779,0.4375,0.0,0.0
6,Find the latest Nvidia news and email a summary to Tom,1,find,the latest Nvidia news,Find the latest Nvidia news,44,github_mcp_server_update_pull_request,0.4375,77.77777777777779,0.4375,0.0,0.0
6,Find the latest Nvidia news and email a summary to Tom,1,find,the latest Nvidia news,Find the latest Nvidia news,45,railway_tools_volume_update,0.4375,77.77777777777779,0.4375,0.0,0.0
6,Find the latest Nvidia news and email a summary to Tom,1,find,the latest Nvidia news,Find the latest Nvidia news,46,supabase_mcp_get_table_schema,0.4375,77.77777777777779,0.4375,0.0,0.0
6,Find the latest Nvidia news and email a summary to Tom,1,find,the latest Nvidia news,Find the latest Nvidia news,47,carrot_mcp_server_api_get_employee,0.4375,77.77777777777779,0.435546875,0.001953125,0.3472222222222222
6,Find the latest Nvidia news and email a summary to Tom,1,find,the latest Nvidia news,Find the latest Nvidia news,48,carrot_mcp_server_api_log_hours_entry,0.435546875,77.43055555555556,0.435546875,0.0,0.0
6,Find the latest Nvidia news and email a summary to Tom,1,find,the latest Nvidia news,Find the latest Nvidia news,49,github_mcp_server_merge_pull_request,0.435546875,77.43055555555556,0.43359375,0.001953125,0.3472222222222222
6,Find the latest Nvidia news and email a summary to Tom,1,find,the latest Nvidia news,Find the latest Nvidia news,50,project_management_tools_list_teams,0.43359375,77.08333333333334,0.43359375,0.0,0.0
6,Find the latest Nvidia news and email a summary to Tom,1,find,the latest Nvidia news,Find the latest Nvidia news,51,carrot_mcp_server_api_work_hours_summary,0.43359375,77.08333333333334,0.43359375,0.0,0.0
6,Find the latest Nvidia news and email a summary to Tom,1,find,the latest Nvidia news,Find the latest Nvidia news,52,office_word_mcp_server_api_copy_document,0.43359375,77.08333333333334,0.43359375,0.0,0.0
6,Find the latest Nvidia news and email a summary to Tom,1,find,the latest Nvidia news,Find the latest Nvidia news,53,project_management_tools_list_projects,0.43359375,77.08333333333334,0.431640625,0.001953125,0.3472222222222222
6,Find the latest Nvidia news and email a summary to Tom,1,find,the latest Nvidia news,Find the latest Nvidia news,54,carrot_mcp_server_api_update_employee,0.431640625,76.73611111111111,0.431640625,0.0,0.0
6,Find the latest Nvidia news and email a summary to Tom,1,find,the latest Nvidia news,Find the latest Nvidia news,55,carrot_mcp_server_api_submit_leave_application,0.431640625,76.73611111111111,0.431640625,0.0,0.0
6,Find the latest Nvidia news and email a summary to Tom,1,find,the latest Nvidia news,Find the latest Nvidia news,56,quest_studio_file_storage_get_file_content,0.431640625,76.73611111111111,0.431640625,0.0,0.0
6,Find the latest Nvidia news and email a summary to Tom,1,find,the latest Nvidia news,Find the latest Nvidia news,57,office_word_mcp_server_api_add_paragraph,0.431640625,76.73611111111111,0.4296875,0.001953125,0.3472222222222222
6,Find the latest Nvidia news and email a summary to Tom,1,find,the latest Nvidia news,Find the latest Nvidia news,58,office_word_mcp_server_api_get_document_xml,0.4296875,76.38888888888889,0.427734375,0.001953125,0.3472222222222222
6,Find the latest Nvidia news and email a summary to Tom,1,find,the latest Nvidia news,Find the latest Nvidia news,59,github_mcp_server_create_branch,0.427734375,76.04166666666666,0.42578125,0.001953125,0.3472222222222222
6,Find the latest Nvidia news and email a summary to Tom,1,find,the latest Nvidia news,Find the latest Nvidia news,60,railway_tools_service_delete,0.42578125,75.69444444444444,0.423828125,0.001953125,0.3472222222222222
6,Find the latest Nvidia news and email a summary to Tom,1,find,the latest Nvidia news,Find the latest Nvidia news,61,github_mcp_server_get_file_contents,0.423828125,75.34722222222221,0.419921875,0.00390625,0.6944444444444444
6,Find the latest Nvidia news and email a summary to Tom,1,find,the latest Nvidia news,Find the latest Nvidia news,62,project_management_tools_get_project,0.419921875,74.65277777777779,0.41796875,0.001953125,0.3472222222222222
6,Find the latest Nvidia news and email a summary to Tom,1,find,the latest Nvidia news,Find the latest Nvidia news,63,railway_tools_volume_create,0.41796875,74.30555555555556,0.41796875,0.0,0.0
6,Find the latest Nvidia news and email a summary to Tom,1,find,the latest Nvidia news,Find the latest Nvidia news,64,office_word_mcp_server_api_convert_to_pdf,0.41796875,74.30555555555556,0.416015625,0.001953125,0.3472222222222222
6,Find the latest Nvidia news and email a summary to Tom,1,find,the latest Nvidia news,Find the latest Nvidia news,65,carrot_mcp_server_api_create_leave_application,0.416015625,73.95833333333334,0.416015625,0.0,0.0
6,Find the latest Nvidia news and email a summary to Tom,1,find,the latest Nvidia news,Find the latest Nvidia news,66,quest_studio_file_storage_query_files,0.416015625,73.95833333333334,0.416015625,0.0,0.0
6,Find the latest Nvidia news and email a summary to Tom,1,find,the latest Nvidia news,Find the latest Nvidia news,67,project_management_tools_get_user_capacity,0.416015625,73.95833333333334,0.4140625,0.001953125,0.3472222222222222
6,Find the latest Nvidia news and email a summary to Tom,1,find,the latest Nvidia news,Find the latest Nvidia news,68,outlook_mail_management_find_email_address,0.4140625,73.61111111111111,0.4140625,0.0,0.0
6,Find the latest Nvidia news and email a summary to Tom,1,find,the latest Nvidia news,Find the latest Nvidia news,69,project_management_tools_list_work_items,0.4140625,73.61111111111111,0.4140625,0.0,0.0
6,Find the latest Nvidia news and email a summary to Tom,1,find,the latest Nvidia news,Find the latest Nvidia news,70,supabase_mcp_get_database_tables,0.4140625,73.61111111111111,0.412109375,0.001953125,0.3472222222222222
6,Find the latest Nvidia news and email a summary to Tom,1,find,the latest Nvidia news,Find the latest Nvidia news,71,github_mcp_server_create_repository,0.412109375,73.26388888888889,0.412109375,0.0,0.0
6,Find the latest Nvidia news and email a summary to Tom,1,find,the latest Nvidia news,Find the latest Nvidia news,72,office_word_mcp_server_api_create_word_document,0.412109375,73.26388888888889,0.41015625,0.001953125,0.3472222222222222
6,Find the latest Nvidia news and email a summary to Tom,1,find,the latest Nvidia news,Find the latest Nvidia news,73,project_management_tools_create_team,0.41015625,72.91666666666666,0.408203125,0.001953125,0.3472222222222222
6,Find the latest Nvidia news and email a summary to Tom,1,find,the latest Nvidia news,Find the latest Nvidia news,74,project_management_tools_get_sprint,0.408203125,72.56944444444444,0.408203125,0.0,0.0
6,Find the latest Nvidia news and email a summary to Tom,1,find,the latest Nvidia news,Find the latest Nvidia news,75,project_management_tools_list_team_members,0.408203125,72.56944444444444,0.40625,0.001953125,0.3472222222222222
6,Find the latest Nvidia news and email a summary to Tom,1,find,the latest Nvidia news,Find the latest Nvidia news,76,project_management_tools_create_work_item,0.40625,72.22222222222221,0.40625,0.0,0.0
6,Find the latest Nvidia news and email a summary to Tom,1,find,the latest Nvidia news,Find the latest Nvidia news,77,supabase_mcp_select_database_table_data,0.40625,72.22222222222221,0.404296875,0.001953125,0.3472222222222222
6,Find the latest Nvidia news and email a summary to Tom,1,find,the latest Nvidia news,Find the latest Nvidia news,78,sharepoint_tools_get_sharepoint_documents,0.404296875,71.875,0.40234375,0.001953125,0.3472222222222222
6,Find the latest Nvidia news and email a summary to Tom,1,find,the latest Nvidia news,Find the latest Nvidia news,79,carrot_mcp_server_api_update_leave_application,0.40234375,71.52777777777779,0.40234375,0.0,0.0
6,Find the latest Nvidia news and email a summary to Tom,1,find,the latest Nvidia news,Find the latest Nvidia news,80,office_word_mcp_server_api_add_picture,0.40234375,71.52777777777779,0.40234375,0.0,0.0
6,Find the latest Nvidia news and email a summary to Tom,1,find,the latest Nvidia news,Find the latest Nvidia news,81,outlook_mail_management_search_outlook_mail,0.40234375,71.52777777777779,0.40234375,0.0,0.0
6,Find the latest Nvidia news and email a summary to Tom,1,find,the latest Nvidia news,Find the latest Nvidia news,82,project_management_tools_get_work_item_comments,0.40234375,71.52777777777779,0.40234375,0.0,0.0
6,Find the latest Nvidia news and email a summary to Tom,1,find,the latest Nvidia news,Find the latest Nvidia news,83,project_management_tools_create_project,0.40234375,71.52777777777779,0.40234375,0.0,0.0
6,Find the latest Nvidia news and email a summary to Tom,1,find,the latest Nvidia news,Find the latest Nvidia news,84,project_management_tools_list_sprints,0.40234375,71.52777777777779,0.400390625,0.001953125,0.3472222222222222
6,Find the latest Nvidia news and email a summary to Tom,1,find,the latest Nvidia news,Find the latest Nvidia news,85,sharepoint_tools_get_sharepoint_sites,0.400390625,71.18055555555556,0.3984375,0.001953125,0.3472222222222222
6,Find the latest Nvidia news and email a summary to Tom,1,find,the latest Nvidia news,Find the latest Nvidia news,86,carrot_mcp_server_api_create_employee,0.3984375,70.83333333333334,0.396484375,0.001953125,0.3472222222222222
6,Find the latest Nvidia news and email a summary to Tom,1,find,the latest Nvidia news,Find the latest Nvidia news,87,office_word_mcp_server_api_delete_paragraph,0.396484375,70.48611111111111,0.39453125,0.001953125,0.3472222222222222
6,Find the latest Nvidia news and email a summary to Tom,1,find,the latest Nvidia news,Find the latest Nvidia news,88,office_word_mcp_server_api_list_files,0.39453125,70.13888888888889,0.39453125,0.0,0.0
6,Find the latest Nvidia news and email a summary to Tom,1,find,the latest Nvidia news,Find the latest Nvidia news,89,office_word_mcp_server_api_merge_doucments,0.39453125,70.13888888888889,0.39453125,0.0,0.0
6,Find the latest Nvidia news and email a summary to Tom,1,find,the latest Nvidia news,Find the latest Nvidia news,90,office_word_mcp_server_api_add_table,0.39453125,70.13888888888889,0.39453125,0.0,0.0
6,Find the latest Nvidia news and email a summary to Tom,1,find,the latest Nvidia news,Find the latest Nvidia news,91,gmail_tools_delete_google_email,0.39453125,70.13888888888889,0.39453125,0.0,0.0
6,Find the latest Nvidia news and email a summary to Tom,1,find,the latest Nvidia news,Find the latest Nvidia news,92,supabase_mcp_update_database_table_data,0.39453125,70.13888888888889,0.392578125,0.001953125,0.3472222222222222
6,Find the latest Nvidia news and email a summary to Tom,1,find,the latest Nvidia news,Find the latest Nvidia news,93,quest_studio_file_storage_get_files,0.392578125,69.79166666666666,0.390625,0.001953125,0.3472222222222222
6,Find the latest Nvidia news and email a summary to Tom,1,find,the latest Nvidia news,Find the latest Nvidia news,94,supabase_mcp_insert_table_data,0.390625,69.44444444444444,0.384765625,0.005859375,1.0416666666666665
6,Find the latest Nvidia news and email a summary to Tom,1,find,the latest Nvidia news,Find the latest Nvidia news,95,outlook_mail_management_compose_email,0.384765625,68.40277777777779,0.384765625,0.0,0.0
6,Find the latest Nvidia news and email a summary to Tom,1,find,the latest Nvidia news,Find the latest Nvidia news,96,project_management_tools_get_work_item,0.384765625,68.40277777777779,0.3828125,0.001953125,0.3472222222222222
6,Find the latest Nvidia news and email a summary to Tom,1,find,the latest Nvidia news,Find the latest Nvidia news,97,outlook_mail_management_reply_to_email,0.3828125,68.05555555555556,0.3828125,0.0,0.0
6,Find the latest Nvidia news and email a summary to Tom,1,find,the latest Nvidia news,Find the latest Nvidia news,98,carrot_mcp_server_api_list_leave_application,0.3828125,68.05555555555556,0.3828125,0.0,0.0
6,Find the latest Nvidia news and email a summary to Tom,1,find,the latest Nvidia news,Find the latest Nvidia news,99,sharepoint_tools_create_txt_file_in_sharepoint,0.3828125,68.05555555555556,0.37890625,0.00390625,0.6944444444444444
6,Find the latest Nvidia news and email a summary to Tom,1,find,the latest Nvidia news,Find the latest Nvidia news,100,quest_studio_file_storage_get_file,0.37890625,67.36111111111111,0.37890625,0.0,0.0
6,Find the latest Nvidia news and email a summary to Tom,1,find,the latest Nvidia news,Find the latest Nvidia news,101,project_management_tools_list_users,0.37890625,67.36111111111111,0.376953125,0.001953125,0.3472222222222222
6,Find the latest Nvidia news and email a summary to Tom,1,find,the latest Nvidia news,Find the latest Nvidia news,102,office_word_mcp_server_api_delete_document,0.376953125,67.01388888888889,0.373046875,0.00390625,0.6944444444444444
6,Find the latest Nvidia news and email a summary to Tom,1,find,the latest Nvidia news,Find the latest Nvidia news,103,project_management_tools_create_sprint,0.373046875,66.31944444444444,0.37109375,0.001953125,0.3472222222222222
6,Find the latest Nvidia news and email a summary to Tom,1,find,the latest Nvidia news,Find the latest Nvidia news,104,project_management_tools_delete_team,0.37109375,65.97222222222221,0.3671875,0.00390625,0.6944444444444444
6,Find the latest Nvidia news and email a summary to Tom,1,find,the latest Nvidia news,Find the latest Nvidia news,105,project_management_tools_update_user_capacity,0.3671875,65.27777777777779,0.36328125,0.00390625,0.6944444444444444
6,Find the latest Nvidia news and email a summary to Tom,1,find,the latest Nvidia news,Find the latest Nvidia news,106,project_management_tools_update_project,0.36328125,64.58333333333334,0.35546875,0.0078125,1.3888888888888888
6,Find the latest Nvidia news and email a summary to Tom,1,find,the latest Nvidia news,Find the latest Nvidia news,107,project_management_tools_update_task_status,0.35546875,63.19444444444444,0.349609375,0.005859375,1.0416666666666665
6,Find the latest Nvidia news and email a summary to Tom,1,find,the latest Nvidia news,Find the latest Nvidia news,108,project_management_tools_add_work_item_comment,0.349609375,62.15277777777778,0.34375,0.005859375,1.0416666666666665
6,Find the latest Nvidia news and email a summary to Tom,1,find,the latest Nvidia news,Find the latest Nvidia news,109,quest_studio_file_storage_update_file,0.34375,61.111111111111114,0.341796875,0.001953125,0.3472222222222222
6,Find the latest Nvidia news and email a summary to Tom,1,find,the latest Nvidia news,Find the latest Nvidia news,110,outlook_mail_management_get_email_messages,0.341796875,60.763888888888886,0.337890625,0.00390625,0.6944444444444444
6,Find the latest Nvidia news and email a summary to Tom,1,find,the latest Nvidia news,Find the latest Nvidia news,111,project_management_tools_export_sprint_to_sharepoint,0.337890625,60.06944444444444,0.337890625,0.0,0.0
6,Find the latest Nvidia news and email a summary to Tom,1,find,the latest Nvidia news,Find the latest Nvidia news,112,project_management_tools_update_work_item,0.337890625,60.06944444444444,0.3359375,0.001953125,0.3472222222222222
6,Find the latest Nvidia news and email a summary to Tom,1,find,the latest Nvidia news,Find the latest Nvidia news,113,github_mcp_server_push_files,0.3359375,59.72222222222222,0.330078125,0.005859375,1.0416666666666665
6,Find the latest Nvidia news and email a summary to Tom,1,find,the latest Nvidia news,Find the latest Nvidia news,114,outlook_mail_management_forward_email,0.330078125,58.68055555555556,0.326171875,0.00390625,0.6944444444444444
6,Find the latest Nvidia news and email a summary to Tom,1,find,the latest Nvidia news,Find the latest Nvidia news,115,outlook_mail_management_send_email,0.326171875,57.986111111111114,0.326171875,0.0,0.0
6,Find the latest Nvidia news and email a summary to Tom,1,find,the latest Nvidia news,Find the latest Nvidia news,116,quest_studio_file_storage_delete_file,0.326171875,57.986111111111114,0.326171875,0.0,0.0
6,Find the latest Nvidia news and email a summary to Tom,1,find,the latest Nvidia news,Find the latest Nvidia news,117,project_management_tools_assign_work_item,0.326171875,57.986111111111114,0.3203125,0.005859375,1.0416666666666665
6,Find the latest Nvidia news and email a summary to Tom,1,find,the latest Nvidia news,Find the latest Nvidia news,118,project_management_tools_delete_work_item,0.3203125,56.94444444444444,0.318359375,0.001953125,0.3472222222222222
6,Find the latest Nvidia news and email a summary to Tom,1,find,the latest Nvidia news,Find the latest Nvidia news,119,project_management_tools_delete_project,0.318359375,56.59722222222222,0.31640625,0.001953125,0.3472222222222222
6,Find the latest Nvidia news and email a summary to Tom,1,find,the latest Nvidia news,Find the latest Nvidia news,120,project_management_tools_delete_sprint,0.31640625,56.25,0.30859375,0.0078125,1.3888888888888888
6,Find the latest Nvidia news and email a summary to Tom,1,find,the latest Nvidia news,Find the latest Nvidia news,121,github_mcp_server_delete_file,0.30859375,54.861111111111114,0.2431640625,0.0654296875,11.631944444444445
6,Find the latest Nvidia news and email a summary to Tom,1,find,the latest Nvidia news,Find the latest Nvidia news,122,outlook_mail_management_delete_email_message,0.2431640625,43.22916666666667,,,
6,Find the latest Nvidia news and email a summary to Tom,2,email,a summary,email a summary to Tom,1,outlook_mail_management_compose_email,0.69921875,100.0,0.671875,0.02734375,3.910614525139665
6,Find the latest Nvidia news and email a summary to Tom,2,email,a summary,email a summary to Tom,2,gmail_tools_reply_google_email,0.671875,96.08938547486034,0.66796875,0.00390625,0.5586592178770949
6,Find the latest Nvidia news and email a summary to Tom,2,email,a summary,email a summary to Tom,3,gmail_tools_send_google_email,0.66796875,95.53072625698324,0.6640625,0.00390625,0.5586592178770949
6,Find the latest Nvidia news and email a summary to Tom,2,email,a summary,email a summary to Tom,4,outlook_mail_management_reply_to_email,0.6640625,94.97206703910615,0.65625,0.0078125,1.1173184357541899
6,Find the latest Nvidia news and email a summary to Tom,2,email,a summary,email a summary to Tom,5,outlook_mail_management_send_email,0.65625,93.85474860335195,0.6484375,0.0078125,1.1173184357541899
6,Find the latest Nvidia news and email a summary to Tom,2,email,a summary,email a summary to Tom,6,gmail_tools_get_google_emails,0.6484375,92.73743016759776,0.640625,0.0078125,1.1173184357541899
6,Find the latest Nvidia news and email a summary to Tom,2,email,a summary,email a summary to Tom,7,gmail_tools_forward_google_email,0.640625,91.62011173184358,0.62109375,0.01953125,2.793296089385475
6,Find the latest Nvidia news and email a summary to Tom,2,email,a summary,email a summary to Tom,8,outlook_mail_management_find_email_address,0.62109375,88.8268156424581,0.6171875,0.00390625,0.5586592178770949
6,Find the latest Nvidia news and email a summary to Tom,2,email,a summary,email a summary to Tom,9,gmail_tools_delete_google_email,0.6171875,88.26815642458101,0.60546875,0.01171875,1.675977653631285
6,Find the latest Nvidia news and email a summary to Tom,2,email,a summary,email a summary to Tom,10,outlook_mail_management_forward_email,0.60546875,86.59217877094973,0.6015625,0.00390625,0.5586592178770949
6,Find the latest Nvidia news and email a summary to Tom,2,email,a summary,email a summary to Tom,11,outlook_mail_management_search_outlook_mail,0.6015625,86.03351955307262,0.5703125,0.03125,4.4692737430167595
6,Find the latest Nvidia news and email a summary to Tom,2,email,a summary,email a summary to Tom,12,carrot_mcp_server_api_hr_dashboard_summary,0.5703125,81.56424581005587,0.5625,0.0078125,1.1173184357541899
6,Find the latest Nvidia news and email a summary to Tom,2,email,a summary,email a summary to Tom,13,office_word_mcp_server_api_add_paragraph,0.5625,80.44692737430168,0.5625,0.0,0.0
6,Find the latest Nvidia news and email a summary to Tom,2,email,a summary,email a summary to Tom,14,office_word_mcp_server_api_add_heading,0.5625,80.44692737430168,0.55859375,0.00390625,0.5586592178770949
6,Find the latest Nvidia news and email a summary to Tom,2,email,a summary,email a summary to Tom,15,office_word_mcp_server_api_get_document_outline,0.55859375,79.88826815642457,0.5546875,0.00390625,0.5586592178770949
6,Find the latest Nvidia news and email a summary to Tom,2,email,a summary,email a summary to Tom,16,office_word_mcp_server_api_add_table,0.5546875,79.3296089385475,0.55078125,0.00390625,0.5586592178770949
6,Find the latest Nvidia news and email a summary to Tom,2,email,a summary,email a summary to Tom,17,office_word_mcp_server_api_convert_to_pdf,0.55078125,78.77094972067039,0.55078125,0.0,0.0
6,Find the latest Nvidia news and email a summary to Tom,2,email,a summary,email a summary to Tom,18,office_word_mcp_server_api_add_picture,0.55078125,78.77094972067039,0.55078125,0.0,0.0
6,Find the latest Nvidia news and email a summary to Tom,2,email,a summary,email a summary to Tom,19,office_word_mcp_server_api_get_paragraph_text_from_document,0.55078125,78.77094972067039,0.55078125,0.0,0.0
6,Find the latest Nvidia news and email a summary to Tom,2,email,a summary,email a summary to Tom,20,outlook_mail_management_get_email_messages,0.55078125,78.77094972067039,0.54296875,0.0078125,1.1173184357541899
6,Find the latest Nvidia news and email a summary to Tom,2,email,a summary,email a summary to Tom,21,sharepoint_tools_create_txt_file_in_sharepoint,0.54296875,77.6536312849162,0.5390625,0.00390625,0.5586592178770949
6,Find the latest Nvidia news and email a summary to Tom,2,email,a summary,email a summary to Tom,22,office_word_mcp_server_api_create_word_document,0.5390625,77.09497206703911,0.5390625,0.0,0.0
6,Find the latest Nvidia news and email a summary to Tom,2,email,a summary,email a summary to Tom,23,office_word_mcp_server_api_copy_document,0.5390625,77.09497206703911,0.5390625,0.0,0.0
6,Find the latest Nvidia news and email a summary to Tom,2,email,a summary,email a summary to Tom,24,office_word_mcp_server_api_get_document_text,0.5390625,77.09497206703911,0.53515625,0.00390625,0.5586592178770949
6,Find the latest Nvidia news and email a summary to Tom,2,email,a summary,email a summary to Tom,25,office_word_mcp_server_api_find_text_in_document,0.53515625,76.53631284916202,0.53515625,0.0,0.0
6,Find the latest Nvidia news and email a summary to Tom,2,email,a summary,email a summary to Tom,26,carrot_mcp_server_api_work_hours_summary,0.53515625,76.53631284916202,0.53515625,0.0,0.0
6,Find the latest Nvidia news and email a summary to Tom,2,email,a summary,email a summary to Tom,27,project_management_tools_export_sprint_to_sharepoint,0.53515625,76.53631284916202,0.53515625,0.0,0.0
6,Find the latest Nvidia news and email a summary to Tom,2,email,a summary,email a summary to Tom,28,carrot_mcp_server_api_update_employee,0.53515625,76.53631284916202,0.52734375,0.0078125,1.1173184357541899
6,Find the latest Nvidia news and email a summary to Tom,2,email,a summary,email a summary to Tom,29,carrot_mcp_server_api_create_employee,0.52734375,75.41899441340783,0.52734375,0.0,0.0
6,Find the latest Nvidia news and email a summary to Tom,2,email,a summary,email a summary to Tom,30,office_word_mcp_server_api_get_document_info,0.52734375,75.41899441340783,0.5234375,0.00390625,0.5586592178770949
6,Find the latest Nvidia news and email a summary to Tom,2,email,a summary,email a summary to Tom,31,office_word_mcp_server_api_add_page_break,0.5234375,74.86033519553072,0.51953125,0.00390625,0.5586592178770949
6,Find the latest Nvidia news and email a summary to Tom,2,email,a summary,email a summary to Tom,32,office_word_mcp_server_api_search_replace,0.51953125,74.30167597765363,0.51953125,0.0,0.0
6,Find the latest Nvidia news and email a summary to Tom,2,email,a summary,email a summary to Tom,33,office_word_mcp_server_api_delete_paragraph,0.51953125,74.30167597765363,0.51953125,0.0,0.0
6,Find the latest Nvidia news and email a summary to Tom,2,email,a summary,email a summary to Tom,34,office_word_mcp_server_api_merge_doucments,0.51953125,74.30167597765363,0.51953125,0.0,0.0
6,Find the latest Nvidia news and email a summary to Tom,2,email,a summary,email a summary to Tom,35,office_word_mcp_server_api_get_document_xml,0.51953125,74.30167597765363,0.515625,0.00390625,0.5586592178770949
6,Find the latest Nvidia news and email a summary to Tom,2,email,a summary,email a summary to Tom,36,carrot_mcp_server_api_submit_leave_application,0.515625,73.74301675977654,0.515625,0.0,0.0
6,Find the latest Nvidia news and email a summary to Tom,2,email,a summary,email a summary to Tom,37,quest_studio_file_storage_get_storage_usage,0.515625,73.74301675977654,0.51171875,0.00390625,0.5586592178770949
6,Find the latest Nvidia news and email a summary to Tom,2,email,a summary,email a summary to Tom,38,carrot_mcp_server_api_create_leave_application,0.51171875,73.18435754189943,0.50390625,0.0078125,1.1173184357541899
6,Find the latest Nvidia news and email a summary to Tom,2,email,a summary,email a summary to Tom,39,carrot_mcp_server_api_get_employee,0.50390625,72.06703910614524,0.50390625,0.0,0.0
6,Find the latest Nvidia news and email a summary to Tom,2,email,a summary,email a summary to Tom,40,github_mcp_server_pull_request_read,0.50390625,72.06703910614524,0.50390625,0.0,0.0
6,Find the latest Nvidia news and email a summary to Tom,2,email,a summary,email a summary to Tom,41,railway_tools_project_info,0.50390625,72.06703910614524,0.5,0.00390625,0.5586592178770949
6,Find the latest Nvidia news and email a summary to Tom,2,email,a summary,email a summary to Tom,42,carrot_mcp_server_api_update_leave_application,0.5,71.50837988826815,0.5,0.0,0.0
6,Find the latest Nvidia news and email a summary to Tom,2,email,a summary,email a summary to Tom,43,office_word_mcp_server_api_list_files,0.5,71.50837988826815,0.49609375,0.00390625,0.5586592178770949
6,Find the latest Nvidia news and email a summary to Tom,2,email,a summary,email a summary to Tom,44,carrot_mcp_server_api_list_employees,0.49609375,70.94972067039106,0.494140625,0.001953125,0.27932960893854747
6,Find the latest Nvidia news and email a summary to Tom,2,email,a summary,email a summary to Tom,45,outlook_mail_management_delete_email_message,0.494140625,70.6703910614525,0.494140625,0.0,0.0
6,Find the latest Nvidia news and email a summary to Tom,2,email,a summary,email a summary to Tom,46,github_mcp_server_create_or_update_file,0.494140625,70.6703910614525,0.494140625,0.0,0.0
6,Find the latest Nvidia news and email a summary to Tom,2,email,a summary,email a summary to Tom,47,office_word_mcp_server_api_delete_document,0.494140625,70.6703910614525,0.48828125,0.005859375,0.8379888268156425
6,Find the latest Nvidia news and email a summary to Tom,2,email,a summary,email a summary to Tom,48,github_mcp_server_get_commit,0.48828125,69.83240223463687,0.48828125,0.0,0.0
6,Find the latest Nvidia news and email a summary to Tom,2,email,a summary,email a summary to Tom,49,railway_tools_service_info,0.48828125,69.83240223463687,0.48828125,0.0,0.0
6,Find the latest Nvidia news and email a summary to Tom,2,email,a summary,email a summary to Tom,50,railway_tools_project_environments,0.48828125,69.83240223463687,0.486328125,0.001953125,0.27932960893854747
6,Find the latest Nvidia news and email a summary to Tom,2,email,a summary,email a summary to Tom,51,github_mcp_server_search_repositories,0.486328125,69.55307262569832,0.484375,0.001953125,0.27932960893854747
6,Find the latest Nvidia news and email a summary to Tom,2,email,a summary,email a summary to Tom,52,carrot_mcp_server_api_log_hours_entry,0.484375,69.27374301675978,0.478515625,0.005859375,0.8379888268156425
6,Find the latest Nvidia news and email a summary to Tom,2,email,a summary,email a summary to Tom,53,railway_tools_service_list,0.478515625,68.43575418994413,0.4765625,0.001953125,0.27932960893854747
6,Find the latest Nvidia news and email a summary to Tom,2,email,a summary,email a summary to Tom,54,railway_tools_service_create_from_repo,0.4765625,68.15642458100558,0.4765625,0.0,0.0
6,Find the latest Nvidia news and email a summary to Tom,2,email,a summary,email a summary to Tom,55,railway_tools_project_list,0.4765625,68.15642458100558,0.474609375,0.001953125,0.27932960893854747
6,Find the latest Nvidia news and email a summary to Tom,2,email,a summary,email a summary to Tom,56,project_management_tools_create_team,0.474609375,67.87709497206704,0.47265625,0.001953125,0.27932960893854747
6,Find the latest Nvidia news and email a summary to Tom,2,email,a summary,email a summary to Tom,57,project_management_tools_list_work_items,0.47265625,67.59776536312849,0.47265625,0.0,0.0
6,Find the latest Nvidia news and email a summary to Tom,2,email,a summary,email a summary to Tom,58,quest_studio_file_storage_get_file_content,0.47265625,67.59776536312849,0.470703125,0.001953125,0.27932960893854747
6,Find the latest Nvidia news and email a summary to Tom,2,email,a summary,email a summary to Tom,59,github_mcp_server_list_commits,0.470703125,67.31843575418995,0.46875,0.001953125,0.27932960893854747
6,Find the latest Nvidia news and email a summary to Tom,2,email,a summary,email a summary to Tom,60,github_mcp_server_get_me,0.46875,67.0391061452514,0.46875,0.0,0.0
6,Find the latest Nvidia news and email a summary to Tom,2,email,a summary,email a summary to Tom,61,project_management_tools_list_sprints,0.46875,67.0391061452514,0.46875,0.0,0.0
6,Find the latest Nvidia news and email a summary to Tom,2,email,a summary,email a summary to Tom,62,project_management_tools_get_team,0.46875,67.0391061452514,0.466796875,0.001953125,0.27932960893854747
6,Find the latest Nvidia news and email a summary to Tom,2,email,a summary,email a summary to Tom,63,project_management_tools_view_board,0.466796875,66.75977653631286,0.466796875,0.0,0.0
6,Find the latest Nvidia news and email a summary to Tom,2,email,a summary,email a summary to Tom,64,railway_tools_project_delete,0.466796875,66.75977653631286,0.462890625,0.00390625,0.5586592178770949
6,Find the latest Nvidia news and email a summary to Tom,2,email,a summary,email a summary to Tom,65,railway_tools_service_restart,0.462890625,66.20111731843575,0.462890625,0.0,0.0
6,Find the latest Nvidia news and email a summary to Tom,2,email,a summary,email a summary to Tom,66,github_mcp_server_list_pull_requests,0.462890625,66.20111731843575,0.4609375,0.001953125,0.27932960893854747
6,Find the latest Nvidia news and email a summary to Tom,2,email,a summary,email a summary to Tom,67,railway_tools_service_update,0.4609375,65.92178770949721,0.4609375,0.0,0.0
6,Find the latest Nvidia news and email a summary to Tom,2,email,a summary,email a summary to Tom,68,sharepoint_tools_get_sharepoint_documents,0.4609375,65.92178770949721,0.4609375,0.0,0.0
6,Find the latest Nvidia news and email a summary to Tom,2,email,a summary,email a summary to Tom,69,carrot_mcp_server_api_list_leave_application,0.4609375,65.92178770949721,0.458984375,0.001953125,0.27932960893854747
6,Find the latest Nvidia news and email a summary to Tom,2,email,a summary,email a summary to Tom,70,supabase_mcp_get_table_schema,0.458984375,65.64245810055866,0.45703125,0.001953125,0.27932960893854747
6,Find the latest Nvidia news and email a summary to Tom,2,email,a summary,email a summary to Tom,71,railway_tools_project_create,0.45703125,65.36312849162012,0.45703125,0.0,0.0
6,Find the latest Nvidia news and email a summary to Tom,2,email,a summary,email a summary to Tom,72,quest_studio_file_storage_delete_file,0.45703125,65.36312849162012,0.45703125,0.0,0.0
6,Find the latest Nvidia news and email a summary to Tom,2,email,a summary,email a summary to Tom,73,project_management_tools_get_user_capacity,0.45703125,65.36312849162012,0.45703125,0.0,0.0
6,Find the latest Nvidia news and email a summary to Tom,2,email,a summary,email a summary to Tom,74,github_mcp_server_merge_pull_request,0.45703125,65.36312849162012,0.45703125,0.0,0.0
6,Find the latest Nvidia news and email a summary to Tom,2,email,a summary,email a summary to Tom,75,project_management_tools_get_sprint,0.45703125,65.36312849162012,0.455078125,0.001953125,0.27932960893854747
6,Find the latest Nvidia news and email a summary to Tom,2,email,a summary,email a summary to Tom,76,project_management_tools_create_sprint,0.455078125,65.08379888268156,0.455078125,0.0,0.0
6,Find the latest Nvidia news and email a summary to Tom,2,email,a summary,email a summary to Tom,77,github_mcp_server_create_pull_request,0.455078125,65.08379888268156,0.455078125,0.0,0.0
6,Find the latest Nvidia news and email a summary to Tom,2,email,a summary,email a summary to Tom,78,supabase_mcp_update_database_table_data,0.455078125,65.08379888268156,0.453125,0.001953125,0.27932960893854747
6,Find the latest Nvidia news and email a summary to Tom,2,email,a summary,email a summary to Tom,79,railway_tools_database_list_types,0.453125,64.80446927374301,0.453125,0.0,0.0
6,Find the latest Nvidia news and email a summary to Tom,2,email,a summary,email a summary to Tom,80,quest_studio_file_storage_get_file,0.453125,64.80446927374301,0.451171875,0.001953125,0.27932960893854747
6,Find the latest Nvidia news and email a summary to Tom,2,email,a summary,email a summary to Tom,81,project_management_tools_list_team_members,0.451171875,64.52513966480447,0.44921875,0.001953125,0.27932960893854747
6,Find the latest Nvidia news and email a summary to Tom,2,email,a summary,email a summary to Tom,82,project_management_tools_list_teams,0.44921875,64.24581005586593,0.44921875,0.0,0.0
6,Find the latest Nvidia news and email a summary to Tom,2,email,a summary,email a summary to Tom,83,railway_tools_volume_delete,0.44921875,64.24581005586593,0.447265625,0.001953125,0.27932960893854747
6,Find the latest Nvidia news and email a summary to Tom,2,email,a summary,email a summary to Tom,84,railway_tools_service_delete,0.447265625,63.96648044692738,0.447265625,0.0,0.0
6,Find the latest Nvidia news and email a summary to Tom,2,email,a summary,email a summary to Tom,85,supabase_mcp_check_database_health,0.447265625,63.96648044692738,0.447265625,0.0,0.0
6,Find the latest Nvidia news and email a summary to Tom,2,email,a summary,email a summary to Tom,86,project_management_tools_create_work_item,0.447265625,63.96648044692738,0.4453125,0.001953125,0.27932960893854747
6,Find the latest Nvidia news and email a summary to Tom,2,email,a summary,email a summary to Tom,87,project_management_tools_update_user_capacity,0.4453125,63.687150837988824,0.4453125,0.0,0.0
6,Find the latest Nvidia news and email a summary to Tom,2,email,a summary,email a summary to Tom,88,quest_studio_file_storage_update_file,0.4453125,63.687150837988824,0.4453125,0.0,0.0
6,Find the latest Nvidia news and email a summary to Tom,2,email,a summary,email a summary to Tom,89,project_management_tools_add_work_item_comment,0.4453125,63.687150837988824,0.4453125,0.0,0.0
6,Find the latest Nvidia news and email a summary to Tom,2,email,a summary,email a summary to Tom,90,github_mcp_server_get_file_contents,0.4453125,63.687150837988824,0.443359375,0.001953125,0.27932960893854747
6,Find the latest Nvidia news and email a summary to Tom,2,email,a summary,email a summary to Tom,91,project_management_tools_get_work_item_comments,0.443359375,63.40782122905028,0.443359375,0.0,0.0
6,Find the latest Nvidia news and email a summary to Tom,2,email,a summary,email a summary to Tom,92,github_mcp_server_create_repository,0.443359375,63.40782122905028,0.443359375,0.0,0.0
6,Find the latest Nvidia news and email a summary to Tom,2,email,a summary,email a summary to Tom,93,supabase_mcp_insert_table_data,0.443359375,63.40782122905028,0.44140625,0.001953125,0.27932960893854747
6,Find the latest Nvidia news and email a summary to Tom,2,email,a summary,email a summary to Tom,94,project_management_tools_delete_team,0.44140625,63.128491620111724,0.44140625,0.0,0.0
6,Find the latest Nvidia news and email a summary to Tom,2,email,a summary,email a summary to Tom,95,quest_studio_file_storage_get_files,0.44140625,63.128491620111724,0.439453125,0.001953125,0.27932960893854747
6,Find the latest Nvidia news and email a summary to Tom,2,email,a summary,email a summary to Tom,96,github_mcp_server_update_pull_request,0.439453125,62.849162011173185,0.4375,0.001953125,0.27932960893854747
6,Find the latest Nvidia news and email a summary to Tom,2,email,a summary,email a summary to Tom,97,github_mcp_server_list_branches,0.4375,62.56983240223464,0.435546875,0.001953125,0.27932960893854747
6,Find the latest Nvidia news and email a summary to Tom,2,email,a summary,email a summary to Tom,98,supabase_mcp_get_all_supabase_projects,0.435546875,62.290502793296085,0.43359375,0.001953125,0.27932960893854747
6,Find the latest Nvidia news and email a summary to Tom,2,email,a summary,email a summary to Tom,99,sharepoint_tools_get_sharepoint_sites,0.43359375,62.01117318435754,0.431640625,0.001953125,0.27932960893854747
6,Find the latest Nvidia news and email a summary to Tom,2,email,a summary,email a summary to Tom,100,project_management_tools_assign_work_item,0.431640625,61.731843575419,0.4296875,0.001953125,0.27932960893854747
6,Find the latest Nvidia news and email a summary to Tom,2,email,a summary,email a summary to Tom,101,project_management_tools_delete_sprint,0.4296875,61.452513966480446,0.4296875,0.0,0.0
6,Find the latest Nvidia news and email a summary to Tom,2,email,a summary,email a summary to Tom,102,supabase_mcp_get_database_tables,0.4296875,61.452513966480446,0.427734375,0.001953125,0.27932960893854747
6,Find the latest Nvidia news and email a summary to Tom,2,email,a summary,email a summary to Tom,103,railway_tools_service_create_from_image,0.427734375,61.1731843575419,0.423828125,0.00390625,0.5586592178770949
6,Find the latest Nvidia news and email a summary to Tom,2,email,a summary,email a summary to Tom,104,project_management_tools_update_task_status,0.423828125,60.614525139664806,0.423828125,0.0,0.0
6,Find the latest Nvidia news and email a summary to Tom,2,email,a summary,email a summary to Tom,105,github_mcp_server_create_branch,0.423828125,60.614525139664806,0.421875,0.001953125,0.27932960893854747
6,Find the latest Nvidia news and email a summary to Tom,2,email,a summary,email a summary to Tom,106,web_search_tools_web_search,0.421875,60.33519553072626,0.419921875,0.001953125,0.27932960893854747
6,Find the latest Nvidia news and email a summary to Tom,2,email,a summary,email a summary to Tom,107,project_management_tools_update_work_item,0.419921875,60.05586592178771,0.419921875,0.0,0.0
6,Find the latest Nvidia news and email a summary to Tom,2,email,a summary,email a summary to Tom,108,supabase_mcp_select_database_table_data,0.419921875,60.05586592178771,0.4140625,0.005859375,0.8379888268156425
6,Find the latest Nvidia news and email a summary to Tom,2,email,a summary,email a summary to Tom,109,project_management_tools_get_work_item,0.4140625,59.217877094972074,0.412109375,0.001953125,0.27932960893854747
6,Find the latest Nvidia news and email a summary to Tom,2,email,a summary,email a summary to Tom,110,railway_tools_volume_list,0.412109375,58.93854748603352,0.412109375,0.0,0.0
6,Find the latest Nvidia news and email a summary to Tom,2,email,a summary,email a summary to Tom,111,railway_tools_volume_update,0.412109375,58.93854748603352,0.41015625,0.001953125,0.27932960893854747
6,Find the latest Nvidia news and email a summary to Tom,2,email,a summary,email a summary to Tom,112,github_mcp_server_push_files,0.41015625,58.659217877094974,0.40234375,0.0078125,1.1173184357541899
6,Find the latest Nvidia news and email a summary to Tom,2,email,a summary,email a summary to Tom,113,project_management_tools_create_project,0.40234375,57.54189944134078,0.40234375,0.0,0.0
6,Find the latest Nvidia news and email a summary to Tom,2,email,a summary,email a summary to Tom,114,project_management_tools_delete_work_item,0.40234375,57.54189944134078,0.396484375,0.005859375,0.8379888268156425
6,Find the latest Nvidia news and email a summary to Tom,2,email,a summary,email a summary to Tom,115,project_management_tools_list_users,0.396484375,56.70391061452514,0.390625,0.005859375,0.8379888268156425
6,Find the latest Nvidia news and email a summary to Tom,2,email,a summary,email a summary to Tom,116,github_mcp_server_delete_file,0.390625,55.865921787709496,0.38671875,0.00390625,0.5586592178770949
6,Find the latest Nvidia news and email a summary to Tom,2,email,a summary,email a summary to Tom,117,quest_studio_file_storage_query_files,0.38671875,55.3072625698324,0.38671875,0.0,0.0
6,Find the latest Nvidia news and email a summary to Tom,2,email,a summary,email a summary to Tom,118,railway_tools_volume_create,0.38671875,55.3072625698324,0.37890625,0.0078125,1.1173184357541899
6,Find the latest Nvidia news and email a summary to Tom,2,email,a summary,email a summary to Tom,119,project_management_tools_list_projects,0.37890625,54.18994413407822,0.373046875,0.005859375,0.8379888268156425
6,Find the latest Nvidia news and email a summary to Tom,2,email,a summary,email a summary to Tom,120,project_management_tools_get_project,0.373046875,53.351955307262564,0.361328125,0.01171875,1.675977653631285
6,Find the latest Nvidia news and email a summary to Tom,2,email,a summary,email a summary to Tom,121,project_management_tools_update_project,0.361328125,51.675977653631286,0.33984375,0.021484375,3.072625698324022
6,Find the latest Nvidia news and email a summary to Tom,2,email,a summary,email a summary to Tom,122,project_management_tools_delete_project,0.33984375,48.60335195530726,,,
7,Get the current sprint work items and create a Word report,1,get,the current sprint work items,Get the current sprint work items,1,project_management_tools_list_work_items,0.73828125,100.0,0.71484375,0.0234375,3.1746031746031744
7,Get the current sprint work items and create a Word report,1,get,the current sprint work items,Get the current sprint work items,2,project_management_tools_list_sprints,0.71484375,96.82539682539682,0.70703125,0.0078125,1.0582010582010581
7,Get the current sprint work items and create a Word report,1,get,the current sprint work items,Get the current sprint work items,3,project_management_tools_get_sprint,0.70703125,95.76719576719577,0.69140625,0.015625,2.1164021164021163
7,Get the current sprint work items and create a Word report,1,get,the current sprint work items,Get the current sprint work items,4,project_management_tools_get_work_item,0.69140625,93.65079365079364,0.6796875,0.01171875,1.5873015873015872
7,Get the current sprint work items and create a Word report,1,get,the current sprint work items,Get the current sprint work items,5,project_management_tools_export_sprint_to_sharepoint,0.6796875,92.06349206349206,0.6640625,0.015625,2.1164021164021163
7,Get the current sprint work items and create a Word report,1,get,the current sprint work items,Get the current sprint work items,6,project_management_tools_create_work_item,0.6640625,89.94708994708994,0.65234375,0.01171875,1.5873015873015872
7,Get the current sprint work items and create a Word report,1,get,the current sprint work items,Get the current sprint work items,7,project_management_tools_update_work_item,0.65234375,88.35978835978835,0.65234375,0.0,0.0
7,Get the current sprint work items and create a Word report,1,get,the current sprint work items,Get the current sprint work items,8,project_management_tools_get_user_capacity,0.65234375,88.35978835978835,0.63671875,0.015625,2.1164021164021163
7,Get the current sprint work items and create a Word report,1,get,the current sprint work items,Get the current sprint work items,9,project_management_tools_create_sprint,0.63671875,86.24338624338624,0.625,0.01171875,1.5873015873015872
7,Get the current sprint work items and create a Word report,1,get,the current sprint work items,Get the current sprint work items,10,project_management_tools_get_work_item_comments,0.625,84.65608465608466,0.62109375,0.00390625,0.5291005291005291
7,Get the current sprint work items and create a Word report,1,get,the current sprint work items,Get the current sprint work items,11,project_management_tools_delete_sprint,0.62109375,84.12698412698413,0.62109375,0.0,0.0
7,Get the current sprint work items and create a Word report,1,get,the current sprint work items,Get the current sprint work items,12,project_management_tools_delete_work_item,0.62109375,84.12698412698413,0.59375,0.02734375,3.7037037037037033
7,Get the current sprint work items and create a Word report,1,get,the current sprint work items,Get the current sprint work items,13,project_management_tools_assign_work_item,0.59375,80.42328042328042,0.58203125,0.01171875,1.5873015873015872
7,Get the current sprint work items and create a Word report,1,get,the current sprint work items,Get the current sprint work items,14,project_management_tools_update_user_capacity,0.58203125,78.83597883597884,0.57421875,0.0078125,1.0582010582010581
7,Get the current sprint work items and create a Word report,1,get,the current sprint work items,Get the current sprint work items,15,carrot_mcp_server_api_work_hours_summary,0.57421875,77.77777777777779,0.56640625,0.0078125,1.0582010582010581
7,Get the current sprint work items and create a Word report,1,get,the current sprint work items,Get the current sprint work items,16,project_management_tools_list_team_members,0.56640625,76.71957671957672,0.55859375,0.0078125,1.0582010582010581
7,Get the current sprint work items and create a Word report,1,get,the current sprint work items,Get the current sprint work items,17,project_management_tools_update_task_status,0.55859375,75.66137566137566,0.54296875,0.015625,2.1164021164021163
7,Get the current sprint work items and create a Word report,1,get,the current sprint work items,Get the current sprint work items,18,project_management_tools_list_teams,0.54296875,73.54497354497354,0.54296875,0.0,0.0
7,Get the current sprint work items and create a Word report,1,get,the current sprint work items,Get the current sprint work items,19,project_management_tools_view_board,0.54296875,73.54497354497354,0.5390625,0.00390625,0.5291005291005291
7,Get the current sprint work items and create a Word report,1,get,the current sprint work items,Get the current sprint work items,20,railway_tools_project_info,0.5390625,73.01587301587301,0.5390625,0.0,0.0
7,Get the current sprint work items and create a Word report,1,get,the current sprint work items,Get the current sprint work items,21,railway_tools_project_environments,0.5390625,73.01587301587301,0.52734375,0.01171875,1.5873015873015872
7,Get the current sprint work items and create a Word report,1,get,the current sprint work items,Get the current sprint work items,22,railway_tools_service_list,0.52734375,71.42857142857143,0.52734375,0.0,0.0
7,Get the current sprint work items and create a Word report,1,get,the current sprint work items,Get the current sprint work items,23,carrot_mcp_server_api_list_employees,0.52734375,71.42857142857143,0.52734375,0.0,0.0
7,Get the current sprint work items and create a Word report,1,get,the current sprint work items,Get the current sprint work items,24,project_management_tools_get_team,0.52734375,71.42857142857143,0.5234375,0.00390625,0.5291005291005291
7,Get the current sprint work items and create a Word report,1,get,the current sprint work items,Get the current sprint work items,25,project_management_tools_list_projects,0.5234375,70.8994708994709,0.51953125,0.00390625,0.5291005291005291
7,Get the current sprint work items and create a Word report,1,get,the current sprint work items,Get the current sprint work items,26,railway_tools_project_list,0.51953125,70.37037037037037,0.51953125,0.0,0.0
7,Get the current sprint work items and create a Word report,1,get,the current sprint work items,Get the current sprint work items,27,carrot_mcp_server_api_log_hours_entry,0.51953125,70.37037037037037,0.515625,0.00390625,0.5291005291005291
7,Get the current sprint work items and create a Word report,1,get,the current sprint work items,Get the current sprint work items,28,project_management_tools_add_work_item_comment,0.515625,69.84126984126983,0.50390625,0.01171875,1.5873015873015872
7,Get the current sprint work items and create a Word report,1,get,the current sprint work items,Get the current sprint work items,29,railway_tools_service_info,0.50390625,68.25396825396825,0.50390625,0.0,0.0
7,Get the current sprint work items and create a Word report,1,get,the current sprint work items,Get the current sprint work items,30,project_management_tools_list_users,0.50390625,68.25396825396825,0.5,0.00390625,0.5291005291005291
7,Get the current sprint work items and create a Word report,1,get,the current sprint work items,Get the current sprint work items,31,carrot_mcp_server_api_get_employee,0.5,67.72486772486772,0.5,0.0,0.0
7,Get the current sprint work items and create a Word report,1,get,the current sprint work items,Get the current sprint work items,32,supabase_mcp_select_database_table_data,0.5,67.72486772486772,0.49609375,0.00390625,0.5291005291005291
7,Get the current sprint work items and create a Word report,1,get,the current sprint work items,Get the current sprint work items,33,carrot_mcp_server_api_hr_dashboard_summary,0.49609375,67.1957671957672,0.49609375,0.0,0.0
7,Get the current sprint work items and create a Word report,1,get,the current sprint work items,Get the current sprint work items,34,sharepoint_tools_get_sharepoint_sites,0.49609375,67.1957671957672,0.494140625,0.001953125,0.26455026455026454
7,Get the current sprint work items and create a Word report,1,get,the current sprint work items,Get the current sprint work items,35,supabase_mcp_get_all_supabase_projects,0.494140625,66.93121693121694,0.4921875,0.001953125,0.26455026455026454
7,Get the current sprint work items and create a Word report,1,get,the current sprint work items,Get the current sprint work items,36,office_word_mcp_server_api_list_files,0.4921875,66.66666666666666,0.490234375,0.001953125,0.26455026455026454
7,Get the current sprint work items and create a Word report,1,get,the current sprint work items,Get the current sprint work items,37,sharepoint_tools_get_sharepoint_documents,0.490234375,66.4021164021164,0.490234375,0.0,0.0
7,Get the current sprint work items and create a Word report,1,get,the current sprint work items,Get the current sprint work items,38,project_management_tools_get_project,0.490234375,66.4021164021164,0.48046875,0.009765625,1.3227513227513228
7,Get the current sprint work items and create a Word report,1,get,the current sprint work items,Get the current sprint work items,39,github_mcp_server_list_commits,0.48046875,65.07936507936508,0.478515625,0.001953125,0.26455026455026454
7,Get the current sprint work items and create a Word report,1,get,the current sprint work items,Get the current sprint work items,40,railway_tools_project_create,0.478515625,64.81481481481481,0.478515625,0.0,0.0
7,Get the current sprint work items and create a Word report,1,get,the current sprint work items,Get the current sprint work items,41,github_mcp_server_pull_request_read,0.478515625,64.81481481481481,0.4765625,0.001953125,0.26455026455026454
7,Get the current sprint work items and create a Word report,1,get,the current sprint work items,Get the current sprint work items,42,github_mcp_server_list_branches,0.4765625,64.55026455026454,0.474609375,0.001953125,0.26455026455026454
7,Get the current sprint work items and create a Word report,1,get,the current sprint work items,Get the current sprint work items,43,railway_tools_project_delete,0.474609375,64.28571428571429,0.47265625,0.001953125,0.26455026455026454
7,Get the current sprint work items and create a Word report,1,get,the current sprint work items,Get the current sprint work items,44,supabase_mcp_get_database_tables,0.47265625,64.02116402116403,0.47265625,0.0,0.0
7,Get the current sprint work items and create a Word report,1,get,the current sprint work items,Get the current sprint work items,45,quest_studio_file_storage_get_files,0.47265625,64.02116402116403,0.47265625,0.0,0.0
7,Get the current sprint work items and create a Word report,1,get,the current sprint work items,Get the current sprint work items,46,github_mcp_server_list_pull_requests,0.47265625,64.02116402116403,0.470703125,0.001953125,0.26455026455026454
7,Get the current sprint work items and create a Word report,1,get,the current sprint work items,Get the current sprint work items,47,supabase_mcp_get_table_schema,0.470703125,63.75661375661375,0.466796875,0.00390625,0.5291005291005291
7,Get the current sprint work items and create a Word report,1,get,the current sprint work items,Get the current sprint work items,48,railway_tools_volume_list,0.466796875,63.227513227513235,0.46484375,0.001953125,0.26455026455026454
7,Get the current sprint work items and create a Word report,1,get,the current sprint work items,Get the current sprint work items,49,railway_tools_service_delete,0.46484375,62.96296296296296,0.458984375,0.005859375,0.7936507936507936
7,Get the current sprint work items and create a Word report,1,get,the current sprint work items,Get the current sprint work items,50,carrot_mcp_server_api_create_employee,0.458984375,62.16931216931217,0.45703125,0.001953125,0.26455026455026454
7,Get the current sprint work items and create a Word report,1,get,the current sprint work items,Get the current sprint work items,51,office_word_mcp_server_api_get_document_info,0.45703125,61.904761904761905,0.453125,0.00390625,0.5291005291005291
7,Get the current sprint work items and create a Word report,1,get,the current sprint work items,Get the current sprint work items,52,project_management_tools_delete_team,0.453125,61.37566137566137,0.453125,0.0,0.0
7,Get the current sprint work items and create a Word report,1,get,the current sprint work items,Get the current sprint work items,53,supabase_mcp_check_database_health,0.453125,61.37566137566137,0.453125,0.0,0.0
7,Get the current sprint work items and create a Word report,1,get,the current sprint work items,Get the current sprint work items,54,carrot_mcp_server_api_update_employee,0.453125,61.37566137566137,0.451171875,0.001953125,0.26455026455026454
7,Get the current sprint work items and create a Word report,1,get,the current sprint work items,Get the current sprint work items,55,office_word_mcp_server_api_get_document_xml,0.451171875,61.111111111111114,0.451171875,0.0,0.0
7,Get the current sprint work items and create a Word report,1,get,the current sprint work items,Get the current sprint work items,56,office_word_mcp_server_api_get_document_outline,0.451171875,61.111111111111114,0.44921875,0.001953125,0.26455026455026454
7,Get the current sprint work items and create a Word report,1,get,the current sprint work items,Get the current sprint work items,57,github_mcp_server_get_me,0.44921875,60.84656084656085,0.447265625,0.001953125,0.26455026455026454
7,Get the current sprint work items and create a Word report,1,get,the current sprint work items,Get the current sprint work items,58,office_word_mcp_server_api_copy_document,0.447265625,60.58201058201058,0.447265625,0.0,0.0
7,Get the current sprint work items and create a Word report,1,get,the current sprint work items,Get the current sprint work items,59,railway_tools_database_list_types,0.447265625,60.58201058201058,0.4453125,0.001953125,0.26455026455026454
7,Get the current sprint work items and create a Word report,1,get,the current sprint work items,Get the current sprint work items,60,supabase_mcp_update_database_table_data,0.4453125,60.317460317460316,0.44140625,0.00390625,0.5291005291005291
7,Get the current sprint work items and create a Word report,1,get,the current sprint work items,Get the current sprint work items,61,quest_studio_file_storage_get_storage_usage,0.44140625,59.78835978835979,0.44140625,0.0,0.0
7,Get the current sprint work items and create a Word report,1,get,the current sprint work items,Get the current sprint work items,62,railway_tools_service_create_from_repo,0.44140625,59.78835978835979,0.439453125,0.001953125,0.26455026455026454
7,Get the current sprint work items and create a Word report,1,get,the current sprint work items,Get the current sprint work items,63,github_mcp_server_get_commit,0.439453125,59.523809523809526,0.4375,0.001953125,0.26455026455026454
7,Get the current sprint work items and create a Word report,1,get,the current sprint work items,Get the current sprint work items,64,quest_studio_file_storage_query_files,0.4375,59.25925925925925,0.4375,0.0,0.0
7,Get the current sprint work items and create a Word report,1,get,the current sprint work items,Get the current sprint work items,65,github_mcp_server_create_or_update_file,0.4375,59.25925925925925,0.43359375,0.00390625,0.5291005291005291
7,Get the current sprint work items and create a Word report,1,get,the current sprint work items,Get the current sprint work items,66,project_management_tools_create_team,0.43359375,58.730158730158735,0.427734375,0.005859375,0.7936507936507936
7,Get the current sprint work items and create a Word report,1,get,the current sprint work items,Get the current sprint work items,67,github_mcp_server_search_repositories,0.427734375,57.936507936507944,0.427734375,0.0,0.0
7,Get the current sprint work items and create a Word report,1,get,the current sprint work items,Get the current sprint work items,68,office_word_mcp_server_api_get_document_text,0.427734375,57.936507936507944,0.42578125,0.001953125,0.26455026455026454
7,Get the current sprint work items and create a Word report,1,get,the current sprint work items,Get the current sprint work items,69,supabase_mcp_insert_table_data,0.42578125,57.67195767195767,0.423828125,0.001953125,0.26455026455026454
7,Get the current sprint work items and create a Word report,1,get,the current sprint work items,Get the current sprint work items,70,github_mcp_server_get_file_contents,0.423828125,57.407407407407405,0.421875,0.001953125,0.26455026455026454
7,Get the current sprint work items and create a Word report,1,get,the current sprint work items,Get the current sprint work items,71,quest_studio_file_storage_get_file,0.421875,57.14285714285714,0.421875,0.0,0.0
7,Get the current sprint work items and create a Word report,1,get,the current sprint work items,Get the current sprint work items,72,office_word_mcp_server_api_create_word_document,0.421875,57.14285714285714,0.419921875,0.001953125,0.26455026455026454
7,Get the current sprint work items and create a Word report,1,get,the current sprint work items,Get the current sprint work items,73,carrot_mcp_server_api_list_leave_application,0.419921875,56.87830687830689,0.419921875,0.0,0.0
7,Get the current sprint work items and create a Word report,1,get,the current sprint work items,Get the current sprint work items,74,sharepoint_tools_create_txt_file_in_sharepoint,0.419921875,56.87830687830689,0.419921875,0.0,0.0
7,Get the current sprint work items and create a Word report,1,get,the current sprint work items,Get the current sprint work items,75,gmail_tools_get_google_emails,0.419921875,56.87830687830689,0.416015625,0.00390625,0.5291005291005291
7,Get the current sprint work items and create a Word report,1,get,the current sprint work items,Get the current sprint work items,76,railway_tools_service_restart,0.416015625,56.34920634920635,0.4140625,0.001953125,0.26455026455026454
7,Get the current sprint work items and create a Word report,1,get,the current sprint work items,Get the current sprint work items,77,railway_tools_service_update,0.4140625,56.08465608465608,0.412109375,0.001953125,0.26455026455026454
7,Get the current sprint work items and create a Word report,1,get,the current sprint work items,Get the current sprint work items,78,quest_studio_file_storage_get_file_content,0.412109375,55.82010582010582,0.41015625,0.001953125,0.26455026455026454
7,Get the current sprint work items and create a Word report,1,get,the current sprint work items,Get the current sprint work items,79,office_word_mcp_server_api_find_text_in_document,0.41015625,55.55555555555556,0.41015625,0.0,0.0
7,Get the current sprint work items and create a Word report,1,get,the current sprint work items,Get the current sprint work items,80,office_word_mcp_server_api_merge_doucments,0.41015625,55.55555555555556,0.40625,0.00390625,0.5291005291005291
7,Get the current sprint work items and create a Word report,1,get,the current sprint work items,Get the current sprint work items,81,github_mcp_server_merge_pull_request,0.40625,55.026455026455025,0.404296875,0.001953125,0.26455026455026454
7,Get the current sprint work items and create a Word report,1,get,the current sprint work items,Get the current sprint work items,82,github_mcp_server_update_pull_request,0.404296875,54.761904761904766,0.40234375,0.001953125,0.26455026455026454
7,Get the current sprint work items and create a Word report,1,get,the current sprint work items,Get the current sprint work items,83,project_management_tools_create_project,0.40234375,54.4973544973545,0.400390625,0.001953125,0.26455026455026454
7,Get the current sprint work items and create a Word report,1,get,the current sprint work items,Get the current sprint work items,84,office_word_mcp_server_api_search_replace,0.400390625,54.232804232804234,0.400390625,0.0,0.0
7,Get the current sprint work items and create a Word report,1,get,the current sprint work items,Get the current sprint work items,85,office_word_mcp_server_api_delete_document,0.400390625,54.232804232804234,0.3984375,0.001953125,0.26455026455026454
7,Get the current sprint work items and create a Word report,1,get,the current sprint work items,Get the current sprint work items,86,railway_tools_service_create_from_image,0.3984375,53.96825396825397,0.3984375,0.0,0.0
7,Get the current sprint work items and create a Word report,1,get,the current sprint work items,Get the current sprint work items,87,office_word_mcp_server_api_add_table,0.3984375,53.96825396825397,0.39453125,0.00390625,0.5291005291005291
7,Get the current sprint work items and create a Word report,1,get,the current sprint work items,Get the current sprint work items,88,project_management_tools_update_project,0.39453125,53.43915343915344,0.39453125,0.0,0.0
7,Get the current sprint work items and create a Word report,1,get,the current sprint work items,Get the current sprint work items,89,office_word_mcp_server_api_convert_to_pdf,0.39453125,53.43915343915344,0.392578125,0.001953125,0.26455026455026454
7,Get the current sprint work items and create a Word report,1,get,the current sprint work items,Get the current sprint work items,90,outlook_mail_management_search_outlook_mail,0.392578125,53.17460317460318,0.392578125,0.0,0.0
7,Get the current sprint work items and create a Word report,1,get,the current sprint work items,Get the current sprint work items,91,github_mcp_server_create_pull_request,0.392578125,53.17460317460318,0.388671875,0.00390625,0.5291005291005291
7,Get the current sprint work items and create a Word report,1,get,the current sprint work items,Get the current sprint work items,92,office_word_mcp_server_api_get_paragraph_text_from_document,0.388671875,52.64550264550265,0.388671875,0.0,0.0
7,Get the current sprint work items and create a Word report,1,get,the current sprint work items,Get the current sprint work items,93,railway_tools_volume_delete,0.388671875,52.64550264550265,0.384765625,0.00390625,0.5291005291005291
7,Get the current sprint work items and create a Word report,1,get,the current sprint work items,Get the current sprint work items,94,outlook_mail_management_get_email_messages,0.384765625,52.116402116402114,0.3828125,0.001953125,0.26455026455026454
7,Get the current sprint work items and create a Word report,1,get,the current sprint work items,Get the current sprint work items,95,office_word_mcp_server_api_add_picture,0.3828125,51.85185185185185,0.376953125,0.005859375,0.7936507936507936
7,Get the current sprint work items and create a Word report,1,get,the current sprint work items,Get the current sprint work items,96,carrot_mcp_server_api_update_leave_application,0.376953125,51.05820105820106,0.376953125,0.0,0.0
7,Get the current sprint work items and create a Word report,1,get,the current sprint work items,Get the current sprint work items,97,project_management_tools_delete_project,0.376953125,51.05820105820106,0.376953125,0.0,0.0
7,Get the current sprint work items and create a Word report,1,get,the current sprint work items,Get the current sprint work items,98,carrot_mcp_server_api_create_leave_application,0.376953125,51.05820105820106,0.375,0.001953125,0.26455026455026454
7,Get the current sprint work items and create a Word report,1,get,the current sprint work items,Get the current sprint work items,99,office_word_mcp_server_api_add_page_break,0.375,50.79365079365079,0.369140625,0.005859375,0.7936507936507936
7,Get the current sprint work items and create a Word report,1,get,the current sprint work items,Get the current sprint work items,100,web_search_tools_web_search,0.369140625,50.0,0.3671875,0.001953125,0.26455026455026454
7,Get the current sprint work items and create a Word report,1,get,the current sprint work items,Get the current sprint work items,101,office_word_mcp_server_api_add_paragraph,0.3671875,49.735449735449734,0.3671875,0.0,0.0
7,Get the current sprint work items and create a Word report,1,get,the current sprint work items,Get the current sprint work items,102,office_word_mcp_server_api_add_heading,0.3671875,49.735449735449734,0.36328125,0.00390625,0.5291005291005291
7,Get the current sprint work items and create a Word report,1,get,the current sprint work items,Get the current sprint work items,103,gmail_tools_reply_google_email,0.36328125,49.2063492063492,0.361328125,0.001953125,0.26455026455026454
7,Get the current sprint work items and create a Word report,1,get,the current sprint work items,Get the current sprint work items,104,gmail_tools_forward_google_email,0.361328125,48.94179894179894,0.361328125,0.0,0.0
7,Get the current sprint work items and create a Word report,1,get,the current sprint work items,Get the current sprint work items,105,github_mcp_server_create_branch,0.361328125,48.94179894179894,0.359375,0.001953125,0.26455026455026454
7,Get the current sprint work items and create a Word report,1,get,the current sprint work items,Get the current sprint work items,106,office_word_mcp_server_api_delete_paragraph,0.359375,48.67724867724868,0.359375,0.0,0.0
7,Get the current sprint work items and create a Word report,1,get,the current sprint work items,Get the current sprint work items,107,carrot_mcp_server_api_submit_leave_application,0.359375,48.67724867724868,0.3515625,0.0078125,1.0582010582010581
7,Get the current sprint work items and create a Word report,1,get,the current sprint work items,Get the current sprint work items,108,github_mcp_server_create_repository,0.3515625,47.61904761904761,0.349609375,0.001953125,0.26455026455026454
7,Get the current sprint work items and create a Word report,1,get,the current sprint work items,Get the current sprint work items,109,outlook_mail_management_find_email_address,0.349609375,47.354497354497354,0.33984375,0.009765625,1.3227513227513228
7,Get the current sprint work items and create a Word report,1,get,the current sprint work items,Get the current sprint work items,110,github_mcp_server_push_files,0.33984375,46.03174603174603,0.337890625,0.001953125,0.26455026455026454
7,Get the current sprint work items and create a Word report,1,get,the current sprint work items,Get the current sprint work items,111,gmail_tools_send_google_email,0.337890625,45.767195767195766,0.3359375,0.001953125,0.26455026455026454
7,Get the current sprint work items and create a Word report,1,get,the current sprint work items,Get the current sprint work items,112,railway_tools_volume_create,0.3359375,45.5026455026455,0.33203125,0.00390625,0.5291005291005291
7,Get the current sprint work items and create a Word report,1,get,the current sprint work items,Get the current sprint work items,113,quest_studio_file_storage_delete_file,0.33203125,44.97354497354497,0.328125,0.00390625,0.5291005291005291
7,Get the current sprint work items and create a Word report,1,get,the current sprint work items,Get the current sprint work items,114,outlook_mail_management_forward_email,0.328125,44.44444444444444,0.32421875,0.00390625,0.5291005291005291
7,Get the current sprint work items and create a Word report,1,get,the current sprint work items,Get the current sprint work items,115,outlook_mail_management_reply_to_email,0.32421875,43.91534391534391,0.322265625,0.001953125,0.26455026455026454
7,Get the current sprint work items and create a Word report,1,get,the current sprint work items,Get the current sprint work items,116,railway_tools_volume_update,0.322265625,43.65079365079365,0.3125,0.009765625,1.3227513227513228
7,Get the current sprint work items and create a Word report,1,get,the current sprint work items,Get the current sprint work items,117,quest_studio_file_storage_update_file,0.3125,42.32804232804233,0.310546875,0.001953125,0.26455026455026454
7,Get the current sprint work items and create a Word report,1,get,the current sprint work items,Get the current sprint work items,118,gmail_tools_delete_google_email,0.310546875,42.06349206349206,0.30078125,0.009765625,1.3227513227513228
7,Get the current sprint work items and create a Word report,1,get,the current sprint work items,Get the current sprint work items,119,github_mcp_server_delete_file,0.30078125,40.74074074074074,0.29296875,0.0078125,1.0582010582010581
7,Get the current sprint work items and create a Word report,1,get,the current sprint work items,Get the current sprint work items,120,outlook_mail_management_compose_email,0.29296875,39.682539682539684,0.28125,0.01171875,1.5873015873015872
7,Get the current sprint work items and create a Word report,1,get,the current sprint work items,Get the current sprint work items,121,outlook_mail_management_delete_email_message,0.28125,38.095238095238095,0.2490234375,0.0322265625,4.365079365079365
7,Get the current sprint work items and create a Word report,1,get,the current sprint work items,Get the current sprint work items,122,outlook_mail_management_send_email,0.2490234375,33.730158730158735,,,
7,Get the current sprint work items and create a Word report,2,create,a Word report,create a Word report,1,office_word_mcp_server_api_add_table,0.68359375,100.0,0.68359375,0.0,0.0
7,Get the current sprint work items and create a Word report,2,create,a Word report,create a Word report,2,office_word_mcp_server_api_create_word_document,0.68359375,100.0,0.671875,0.01171875,1.7142857142857144
7,Get the current sprint work items and create a Word report,2,create,a Word report,create a Word report,3,office_word_mcp_server_api_add_heading,0.671875,98.28571428571429,0.671875,0.0,0.0
7,Get the current sprint work items and create a Word report,2,create,a Word report,create a Word report,4,office_word_mcp_server_api_add_paragraph,0.671875,98.28571428571429,0.640625,0.03125,4.571428571428571
7,Get the current sprint work items and create a Word report,2,create,a Word report,create a Word report,5,office_word_mcp_server_api_add_picture,0.640625,93.71428571428572,0.640625,0.0,0.0
7,Get the current sprint work items and create a Word report,2,create,a Word report,create a Word report,6,office_word_mcp_server_api_add_page_break,0.640625,93.71428571428572,0.62109375,0.01953125,2.857142857142857
7,Get the current sprint work items and create a Word report,2,create,a Word report,create a Word report,7,office_word_mcp_server_api_convert_to_pdf,0.62109375,90.85714285714286,0.609375,0.01171875,1.7142857142857144
7,Get the current sprint work items and create a Word report,2,create,a Word report,create a Word report,8,office_word_mcp_server_api_get_document_outline,0.609375,89.14285714285714,0.6015625,0.0078125,1.1428571428571428
7,Get the current sprint work items and create a Word report,2,create,a Word report,create a Word report,9,office_word_mcp_server_api_copy_document,0.6015625,88.0,0.59765625,0.00390625,0.5714285714285714
7,Get the current sprint work items and create a Word report,2,create,a Word report,create a Word report,10,office_word_mcp_server_api_get_document_text,0.59765625,87.42857142857143,0.59375,0.00390625,0.5714285714285714
7,Get the current sprint work items and create a Word report,2,create,a Word report,create a Word report,11,office_word_mcp_server_api_get_document_xml,0.59375,86.85714285714286,0.59375,0.0,0.0
7,Get the current sprint work items and create a Word report,2,create,a Word report,create a Word report,12,office_word_mcp_server_api_get_document_info,0.59375,86.85714285714286,0.58203125,0.01171875,1.7142857142857144
7,Get the current sprint work items and create a Word report,2,create,a Word report,create a Word report,13,office_word_mcp_server_api_merge_doucments,0.58203125,85.14285714285714,0.55859375,0.0234375,3.428571428571429
7,Get the current sprint work items and create a Word report,2,create,a Word report,create a Word report,14,office_word_mcp_server_api_list_files,0.55859375,81.71428571428572,0.5546875,0.00390625,0.5714285714285714
7,Get the current sprint work items and create a Word report,2,create,a Word report,create a Word report,15,office_word_mcp_server_api_find_text_in_document,0.5546875,81.14285714285714,0.5546875,0.0,0.0
7,Get the current sprint work items and create a Word report,2,create,a Word report,create a Word report,16,sharepoint_tools_create_txt_file_in_sharepoint,0.5546875,81.14285714285714,0.546875,0.0078125,1.1428571428571428
7,Get the current sprint work items and create a Word report,2,create,a Word report,create a Word report,17,office_word_mcp_server_api_delete_document,0.546875,80.0,0.52734375,0.01953125,2.857142857142857
7,Get the current sprint work items and create a Word report,2,create,a Word report,create a Word report,18,project_management_tools_create_work_item,0.52734375,77.14285714285715,0.51953125,0.0078125,1.1428571428571428
7,Get the current sprint work items and create a Word report,2,create,a Word report,create a Word report,19,office_word_mcp_server_api_get_paragraph_text_from_document,0.51953125,76.0,0.51171875,0.0078125,1.1428571428571428
7,Get the current sprint work items and create a Word report,2,create,a Word report,create a Word report,20,office_word_mcp_server_api_delete_paragraph,0.51171875,74.85714285714286,0.5078125,0.00390625,0.5714285714285714
7,Get the current sprint work items and create a Word report,2,create,a Word report,create a Word report,21,carrot_mcp_server_api_create_employee,0.5078125,74.28571428571429,0.5078125,0.0,0.0
7,Get the current sprint work items and create a Word report,2,create,a Word report,create a Word report,22,carrot_mcp_server_api_hr_dashboard_summary,0.5078125,74.28571428571429,0.498046875,0.009765625,1.4285714285714286
7,Get the current sprint work items and create a Word report,2,create,a Word report,create a Word report,23,project_management_tools_export_sprint_to_sharepoint,0.498046875,72.85714285714285,0.4921875,0.005859375,0.8571428571428572
7,Get the current sprint work items and create a Word report,2,create,a Word report,create a Word report,24,carrot_mcp_server_api_log_hours_entry,0.4921875,72.0,0.48828125,0.00390625,0.5714285714285714
7,Get the current sprint work items and create a Word report,2,create,a Word report,create a Word report,25,carrot_mcp_server_api_create_leave_application,0.48828125,71.42857142857143,0.48828125,0.0,0.0
7,Get the current sprint work items and create a Word report,2,create,a Word report,create a Word report,26,carrot_mcp_server_api_work_hours_summary,0.48828125,71.42857142857143,0.48828125,0.0,0.0
7,Get the current sprint work items and create a Word report,2,create,a Word report,create a Word report,27,gmail_tools_send_google_email,0.48828125,71.42857142857143,0.482421875,0.005859375,0.8571428571428572
7,Get the current sprint work items and create a Word report,2,create,a Word report,create a Word report,28,project_management_tools_list_work_items,0.482421875,70.57142857142857,0.478515625,0.00390625,0.5714285714285714
7,Get the current sprint work items and create a Word report,2,create,a Word report,create a Word report,29,outlook_mail_management_compose_email,0.478515625,70.0,0.474609375,0.00390625,0.5714285714285714
7,Get the current sprint work items and create a Word report,2,create,a Word report,create a Word report,30,office_word_mcp_server_api_search_replace,0.474609375,69.42857142857143,0.466796875,0.0078125,1.1428571428571428
7,Get the current sprint work items and create a Word report,2,create,a Word report,create a Word report,31,railway_tools_project_create,0.466796875,68.28571428571428,0.455078125,0.01171875,1.7142857142857144
7,Get the current sprint work items and create a Word report,2,create,a Word report,create a Word report,32,github_mcp_server_create_repository,0.455078125,66.57142857142857,0.455078125,0.0,0.0
7,Get the current sprint work items and create a Word report,2,create,a Word report,create a Word report,33,carrot_mcp_server_api_list_employees,0.455078125,66.57142857142857,0.455078125,0.0,0.0
7,Get the current sprint work items and create a Word report,2,create,a Word report,create a Word report,34,railway_tools_database_list_types,0.455078125,66.57142857142857,0.453125,0.001953125,0.2857142857142857
7,Get the current sprint work items and create a Word report,2,create,a Word report,create a Word report,35,carrot_mcp_server_api_submit_leave_application,0.453125,66.28571428571428,0.453125,0.0,0.0
7,Get the current sprint work items and create a Word report,2,create,a Word report,create a Word report,36,quest_studio_file_storage_get_file_content,0.453125,66.28571428571428,0.453125,0.0,0.0
7,Get the current sprint work items and create a Word report,2,create,a Word report,create a Word report,37,supabase_mcp_insert_table_data,0.453125,66.28571428571428,0.44921875,0.00390625,0.5714285714285714
7,Get the current sprint work items and create a Word report,2,create,a Word report,create a Word report,38,gmail_tools_reply_google_email,0.44921875,65.71428571428571,0.44921875,0.0,0.0
7,Get the current sprint work items and create a Word report,2,create,a Word report,create a Word report,39,railway_tools_service_create_from_repo,0.44921875,65.71428571428571,0.443359375,0.005859375,0.8571428571428572
7,Get the current sprint work items and create a Word report,2,create,a Word report,create a Word report,40,project_management_tools_create_project,0.443359375,64.85714285714286,0.439453125,0.00390625,0.5714285714285714
7,Get the current sprint work items and create a Word report,2,create,a Word report,create a Word report,41,github_mcp_server_create_pull_request,0.439453125,64.28571428571429,0.4375,0.001953125,0.2857142857142857
7,Get the current sprint work items and create a Word report,2,create,a Word report,create a Word report,42,railway_tools_project_info,0.4375,64.0,0.4375,0.0,0.0
7,Get the current sprint work items and create a Word report,2,create,a Word report,create a Word report,43,railway_tools_project_environments,0.4375,64.0,0.431640625,0.005859375,0.8571428571428572
7,Get the current sprint work items and create a Word report,2,create,a Word report,create a Word report,44,carrot_mcp_server_api_update_employee,0.431640625,63.142857142857146,0.431640625,0.0,0.0
7,Get the current sprint work items and create a Word report,2,create,a Word report,create a Word report,45,github_mcp_server_create_branch,0.431640625,63.142857142857146,0.4296875,0.001953125,0.2857142857142857
7,Get the current sprint work items and create a Word report,2,create,a Word report,create a Word report,46,sharepoint_tools_get_sharepoint_documents,0.4296875,62.857142857142854,0.427734375,0.001953125,0.2857142857142857
7,Get the current sprint work items and create a Word report,2,create,a Word report,create a Word report,47,carrot_mcp_server_api_get_employee,0.427734375,62.57142857142857,0.42578125,0.001953125,0.2857142857142857
7,Get the current sprint work items and create a Word report,2,create,a Word report,create a Word report,48,gmail_tools_forward_google_email,0.42578125,62.28571428571429,0.423828125,0.001953125,0.2857142857142857
7,Get the current sprint work items and create a Word report,2,create,a Word report,create a Word report,49,outlook_mail_management_send_email,0.423828125,62.0,0.423828125,0.0,0.0
7,Get the current sprint work items and create a Word report,2,create,a Word report,create a Word report,50,github_mcp_server_create_or_update_file,0.423828125,62.0,0.421875,0.001953125,0.2857142857142857
7,Get the current sprint work items and create a Word report,2,create,a Word report,create a Word report,51,project_management_tools_create_sprint,0.421875,61.71428571428571,0.419921875,0.001953125,0.2857142857142857
7,Get the current sprint work items and create a Word report,2,create,a Word report,create a Word report,52,outlook_mail_management_reply_to_email,0.419921875,61.42857142857143,0.419921875,0.0,0.0
7,Get the current sprint work items and create a Word report,2,create,a Word report,create a Word report,53,supabase_mcp_check_database_health,0.419921875,61.42857142857143,0.419921875,0.0,0.0
7,Get the current sprint work items and create a Word report,2,create,a Word report,create a Word report,54,project_management_tools_create_team,0.419921875,61.42857142857143,0.41796875,0.001953125,0.2857142857142857
7,Get the current sprint work items and create a Word report,2,create,a Word report,create a Word report,55,railway_tools_service_create_from_image,0.41796875,61.142857142857146,0.41796875,0.0,0.0
7,Get the current sprint work items and create a Word report,2,create,a Word report,create a Word report,56,quest_studio_file_storage_get_storage_usage,0.41796875,61.142857142857146,0.41796875,0.0,0.0
7,Get the current sprint work items and create a Word report,2,create,a Word report,create a Word report,57,railway_tools_project_list,0.41796875,61.142857142857146,0.416015625,0.001953125,0.2857142857142857
7,Get the current sprint work items and create a Word report,2,create,a Word report,create a Word report,58,carrot_mcp_server_api_update_leave_application,0.416015625,60.857142857142854,0.408203125,0.0078125,1.1428571428571428
7,Get the current sprint work items and create a Word report,2,create,a Word report,create a Word report,59,carrot_mcp_server_api_list_leave_application,0.408203125,59.71428571428572,0.404296875,0.00390625,0.5714285714285714
7,Get the current sprint work items and create a Word report,2,create,a Word report,create a Word report,60,project_management_tools_add_work_item_comment,0.404296875,59.14285714285714,0.40234375,0.001953125,0.2857142857142857
7,Get the current sprint work items and create a Word report,2,create,a Word report,create a Word report,61,railway_tools_service_list,0.40234375,58.857142857142854,0.40234375,0.0,0.0
7,Get the current sprint work items and create a Word report,2,create,a Word report,create a Word report,62,project_management_tools_view_board,0.40234375,58.857142857142854,0.40234375,0.0,0.0
7,Get the current sprint work items and create a Word report,2,create,a Word report,create a Word report,63,gmail_tools_get_google_emails,0.40234375,58.857142857142854,0.40234375,0.0,0.0
7,Get the current sprint work items and create a Word report,2,create,a Word report,create a Word report,64,supabase_mcp_update_database_table_data,0.40234375,58.857142857142854,0.400390625,0.001953125,0.2857142857142857
7,Get the current sprint work items and create a Word report,2,create,a Word report,create a Word report,65,railway_tools_service_info,0.400390625,58.57142857142858,0.3984375,0.001953125,0.2857142857142857
7,Get the current sprint work items and create a Word report,2,create,a Word report,create a Word report,66,quest_studio_file_storage_get_files,0.3984375,58.285714285714285,0.3984375,0.0,0.0
7,Get the current sprint work items and create a Word report,2,create,a Word report,create a Word report,67,supabase_mcp_get_all_supabase_projects,0.3984375,58.285714285714285,0.396484375,0.001953125,0.2857142857142857
7,Get the current sprint work items and create a Word report,2,create,a Word report,create a Word report,68,outlook_mail_management_search_outlook_mail,0.396484375,57.99999999999999,0.39453125,0.001953125,0.2857142857142857
7,Get the current sprint work items and create a Word report,2,create,a Word report,create a Word report,69,project_management_tools_get_work_item,0.39453125,57.714285714285715,0.392578125,0.001953125,0.2857142857142857
7,Get the current sprint work items and create a Word report,2,create,a Word report,create a Word report,70,project_management_tools_get_user_capacity,0.392578125,57.42857142857143,0.392578125,0.0,0.0
7,Get the current sprint work items and create a Word report,2,create,a Word report,create a Word report,71,railway_tools_project_delete,0.392578125,57.42857142857143,0.392578125,0.0,0.0
7,Get the current sprint work items and create a Word report,2,create,a Word report,create a Word report,72,supabase_mcp_select_database_table_data,0.392578125,57.42857142857143,0.392578125,0.0,0.0
7,Get the current sprint work items and create a Word report,2,create,a Word report,create a Word report,73,quest_studio_file_storage_query_files,0.392578125,57.42857142857143,0.390625,0.001953125,0.2857142857142857
7,Get the current sprint work items and create a Word report,2,create,a Word report,create a Word report,74,github_mcp_server_merge_pull_request,0.390625,57.14285714285714,0.390625,0.0,0.0
7,Get the current sprint work items and create a Word report,2,create,a Word report,create a Word report,75,quest_studio_file_storage_update_file,0.390625,57.14285714285714,0.390625,0.0,0.0
7,Get the current sprint work items and create a Word report,2,create,a Word report,create a Word report,76,project_management_tools_get_work_item_comments,0.390625,57.14285714285714,0.388671875,0.001953125,0.2857142857142857
7,Get the current sprint work items and create a Word report,2,create,a Word report,create a Word report,77,github_mcp_server_push_files,0.388671875,56.85714285714286,0.38671875,0.001953125,0.2857142857142857
7,Get the current sprint work items and create a Word report,2,create,a Word report,create a Word report,78,railway_tools_volume_create,0.38671875,56.57142857142857,0.38671875,0.0,0.0
7,Get the current sprint work items and create a Word report,2,create,a Word report,create a Word report,79,quest_studio_file_storage_get_file,0.38671875,56.57142857142857,0.3828125,0.00390625,0.5714285714285714
7,Get the current sprint work items and create a Word report,2,create,a Word report,create a Word report,80,supabase_mcp_get_table_schema,0.3828125,56.00000000000001,0.3828125,0.0,0.0
7,Get the current sprint work items and create a Word report,2,create,a Word report,create a Word report,81,github_mcp_server_pull_request_read,0.3828125,56.00000000000001,0.380859375,0.001953125,0.2857142857142857
7,Get the current sprint work items and create a Word report,2,create,a Word report,create a Word report,82,web_search_tools_web_search,0.380859375,55.714285714285715,0.380859375,0.0,0.0
7,Get the current sprint work items and create a Word report,2,create,a Word report,create a Word report,83,supabase_mcp_get_database_tables,0.380859375,55.714285714285715,0.376953125,0.00390625,0.5714285714285714
7,Get the current sprint work items and create a Word report,2,create,a Word report,create a Word report,84,project_management_tools_update_user_capacity,0.376953125,55.14285714285714,0.376953125,0.0,0.0
7,Get the current sprint work items and create a Word report,2,create,a Word report,create a Word report,85,github_mcp_server_search_repositories,0.376953125,55.14285714285714,0.375,0.001953125,0.2857142857142857
7,Get the current sprint work items and create a Word report,2,create,a Word report,create a Word report,86,github_mcp_server_get_file_contents,0.375,54.85714285714286,0.373046875,0.001953125,0.2857142857142857
7,Get the current sprint work items and create a Word report,2,create,a Word report,create a Word report,87,github_mcp_server_get_commit,0.373046875,54.57142857142857,0.37109375,0.001953125,0.2857142857142857
7,Get the current sprint work items and create a Word report,2,create,a Word report,create a Word report,88,quest_studio_file_storage_delete_file,0.37109375,54.285714285714285,0.37109375,0.0,0.0
7,Get the current sprint work items and create a Word report,2,create,a Word report,create a Word report,89,sharepoint_tools_get_sharepoint_sites,0.37109375,54.285714285714285,0.37109375,0.0,0.0
7,Get the current sprint work items and create a Word report,2,create,a Word report,create a Word report,90,project_management_tools_list_sprints,0.37109375,54.285714285714285,0.37109375,0.0,0.0
7,Get the current sprint work items and create a Word report,2,create,a Word report,create a Word report,91,railway_tools_volume_list,0.37109375,54.285714285714285,0.369140625,0.001953125,0.2857142857142857
7,Get the current sprint work items and create a Word report,2,create,a Word report,create a Word report,92,outlook_mail_management_forward_email,0.369140625,54.0,0.3671875,0.001953125,0.2857142857142857
7,Get the current sprint work items and create a Word report,2,create,a Word report,create a Word report,93,project_management_tools_update_work_item,0.3671875,53.714285714285715,0.3671875,0.0,0.0
7,Get the current sprint work items and create a Word report,2,create,a Word report,create a Word report,94,railway_tools_service_update,0.3671875,53.714285714285715,0.365234375,0.001953125,0.2857142857142857
7,Get the current sprint work items and create a Word report,2,create,a Word report,create a Word report,95,gmail_tools_delete_google_email,0.365234375,53.42857142857142,0.36328125,0.001953125,0.2857142857142857
7,Get the current sprint work items and create a Word report,2,create,a Word report,create a Word report,96,project_management_tools_delete_work_item,0.36328125,53.142857142857146,0.361328125,0.001953125,0.2857142857142857
7,Get the current sprint work items and create a Word report,2,create,a Word report,create a Word report,97,railway_tools_service_restart,0.361328125,52.85714285714286,0.357421875,0.00390625,0.5714285714285714
7,Get the current sprint work items and create a Word report,2,create,a Word report,create a Word report,98,railway_tools_volume_update,0.357421875,52.28571428571429,0.357421875,0.0,0.0
7,Get the current sprint work items and create a Word report,2,create,a Word report,create a Word report,99,github_mcp_server_update_pull_request,0.357421875,52.28571428571429,0.35546875,0.001953125,0.2857142857142857
7,Get the current sprint work items and create a Word report,2,create,a Word report,create a Word report,100,railway_tools_service_delete,0.35546875,52.0,0.35546875,0.0,0.0
7,Get the current sprint work items and create a Word report,2,create,a Word report,create a Word report,101,project_management_tools_assign_work_item,0.35546875,52.0,0.353515625,0.001953125,0.2857142857142857
7,Get the current sprint work items and create a Word report,2,create,a Word report,create a Word report,102,project_management_tools_update_task_status,0.353515625,51.714285714285715,0.353515625,0.0,0.0
7,Get the current sprint work items and create a Word report,2,create,a Word report,create a Word report,103,github_mcp_server_list_commits,0.353515625,51.714285714285715,0.353515625,0.0,0.0
7,Get the current sprint work items and create a Word report,2,create,a Word report,create a Word report,104,project_management_tools_get_sprint,0.353515625,51.714285714285715,0.353515625,0.0,0.0
7,Get the current sprint work items and create a Word report,2,create,a Word report,create a Word report,105,outlook_mail_management_find_email_address,0.353515625,51.714285714285715,0.34765625,0.005859375,0.8571428571428572
7,Get the current sprint work items and create a Word report,2,create,a Word report,create a Word report,106,github_mcp_server_list_branches,0.34765625,50.857142857142854,0.345703125,0.001953125,0.2857142857142857
7,Get the current sprint work items and create a Word report,2,create,a Word report,create a Word report,107,project_management_tools_list_projects,0.345703125,50.57142857142857,0.341796875,0.00390625,0.5714285714285714
7,Get the current sprint work items and create a Word report,2,create,a Word report,create a Word report,108,project_management_tools_list_teams,0.341796875,50.0,0.33984375,0.001953125,0.2857142857142857
7,Get the current sprint work items and create a Word report,2,create,a Word report,create a Word report,109,project_management_tools_get_team,0.33984375,49.714285714285715,0.33984375,0.0,0.0
7,Get the current sprint work items and create a Word report,2,create,a Word report,create a Word report,110,github_mcp_server_list_pull_requests,0.33984375,49.714285714285715,0.3359375,0.00390625,0.5714285714285714
7,Get the current sprint work items and create a Word report,2,create,a Word report,create a Word report,111,project_management_tools_list_users,0.3359375,49.142857142857146,0.3359375,0.0,0.0
7,Get the current sprint work items and create a Word report,2,create,a Word report,create a Word report,112,github_mcp_server_delete_file,0.3359375,49.142857142857146,0.333984375,0.001953125,0.2857142857142857
7,Get the current sprint work items and create a Word report,2,create,a Word report,create a Word report,113,project_management_tools_list_team_members,0.333984375,48.857142857142854,0.333984375,0.0,0.0
7,Get the current sprint work items and create a Word report,2,create,a Word report,create a Word report,114,github_mcp_server_get_me,0.333984375,48.857142857142854,0.33203125,0.001953125,0.2857142857142857
7,Get the current sprint work items and create a Word report,2,create,a Word report,create a Word report,115,railway_tools_volume_delete,0.33203125,48.57142857142857,0.32421875,0.0078125,1.1428571428571428
7,Get the current sprint work items and create a Word report,2,create,a Word report,create a Word report,116,project_management_tools_get_project,0.32421875,47.42857142857143,0.318359375,0.005859375,0.8571428571428572
7,Get the current sprint work items and create a Word report,2,create,a Word report,create a Word report,117,outlook_mail_management_get_email_messages,0.318359375,46.57142857142857,0.3046875,0.013671875,2.0
7,Get the current sprint work items and create a Word report,2,create,a Word report,create a Word report,118,project_management_tools_delete_sprint,0.3046875,44.57142857142857,0.3046875,0.0,0.0
7,Get the current sprint work items and create a Word report,2,create,a Word report,create a Word report,119,project_management_tools_update_project,0.3046875,44.57142857142857,0.294921875,0.009765625,1.4285714285714286
7,Get the current sprint work items and create a Word report,2,create,a Word report,create a Word report,120,project_management_tools_delete_team,0.294921875,43.142857142857146,0.27734375,0.017578125,2.571428571428571
7,Get the current sprint work items and create a Word report,2,create,a Word report,create a Word report,121,project_management_tools_delete_project,0.27734375,40.57142857142857,0.24609375,0.03125,4.571428571428571
7,Get the current sprint work items and create a Word report,2,create,a Word report,create a Word report,122,outlook_mail_management_delete_email_message,0.24609375,36.0,,,
8,"Search for Nvidia news, create a report, and email it to Tom",1,search,Nvidia news,Search for Nvidia news,1,github_mcp_server_search_repositories,0.58203125,100.0,0.57421875,0.0078125,1.342281879194631
8,"Search for Nvidia news, create a report, and email it to Tom",1,search,Nvidia news,Search for Nvidia news,2,web_search_tools_web_search,0.57421875,98.65771812080537,0.51953125,0.0546875,9.395973154362416
8,"Search for Nvidia news, create a report, and email it to Tom",1,search,Nvidia news,Search for Nvidia news,3,github_mcp_server_pull_request_read,0.51953125,89.26174496644296,0.51171875,0.0078125,1.342281879194631
8,"Search for Nvidia news, create a report, and email it to Tom",1,search,Nvidia news,Search for Nvidia news,4,railway_tools_service_info,0.51171875,87.91946308724832,0.5078125,0.00390625,0.6711409395973155
8,"Search for Nvidia news, create a report, and email it to Tom",1,search,Nvidia news,Search for Nvidia news,5,office_word_mcp_server_api_search_replace,0.5078125,87.24832214765101,0.498046875,0.009765625,1.6778523489932886
8,"Search for Nvidia news, create a report, and email it to Tom",1,search,Nvidia news,Search for Nvidia news,6,railway_tools_project_info,0.498046875,85.57046979865773,0.49609375,0.001953125,0.33557046979865773
8,"Search for Nvidia news, create a report, and email it to Tom",1,search,Nvidia news,Search for Nvidia news,7,office_word_mcp_server_api_find_text_in_document,0.49609375,85.23489932885906,0.484375,0.01171875,2.013422818791946
8,"Search for Nvidia news, create a report, and email it to Tom",1,search,Nvidia news,Search for Nvidia news,8,github_mcp_server_list_pull_requests,0.484375,83.22147651006712,0.478515625,0.005859375,1.006711409395973
8,"Search for Nvidia news, create a report, and email it to Tom",1,search,Nvidia news,Search for Nvidia news,9,github_mcp_server_get_commit,0.478515625,82.21476510067114,0.478515625,0.0,0.0
8,"Search for Nvidia news, create a report, and email it to Tom",1,search,Nvidia news,Search for Nvidia news,10,github_mcp_server_list_commits,0.478515625,82.21476510067114,0.478515625,0.0,0.0
8,"Search for Nvidia news, create a report, and email it to Tom",1,search,Nvidia news,Search for Nvidia news,11,gmail_tools_reply_google_email,0.478515625,82.21476510067114,0.4765625,0.001953125,0.33557046979865773
8,"Search for Nvidia news, create a report, and email it to Tom",1,search,Nvidia news,Search for Nvidia news,12,railway_tools_service_create_from_repo,0.4765625,81.87919463087249,0.4765625,0.0,0.0
8,"Search for Nvidia news, create a report, and email it to Tom",1,search,Nvidia news,Search for Nvidia news,13,gmail_tools_get_google_emails,0.4765625,81.87919463087249,0.474609375,0.001953125,0.33557046979865773
8,"Search for Nvidia news, create a report, and email it to Tom",1,search,Nvidia news,Search for Nvidia news,14,carrot_mcp_server_api_hr_dashboard_summary,0.474609375,81.54362416107382,0.47265625,0.001953125,0.33557046979865773
8,"Search for Nvidia news, create a report, and email it to Tom",1,search,Nvidia news,Search for Nvidia news,15,github_mcp_server_get_me,0.47265625,81.20805369127517,0.47265625,0.0,0.0
8,"Search for Nvidia news, create a report, and email it to Tom",1,search,Nvidia news,Search for Nvidia news,16,railway_tools_project_environments,0.47265625,81.20805369127517,0.46875,0.00390625,0.6711409395973155
8,"Search for Nvidia news, create a report, and email it to Tom",1,search,Nvidia news,Search for Nvidia news,17,railway_tools_service_list,0.46875,80.53691275167785,0.466796875,0.001953125,0.33557046979865773
8,"Search for Nvidia news, create a report, and email it to Tom",1,search,Nvidia news,Search for Nvidia news,18,railway_tools_project_list,0.466796875,80.20134228187919,0.462890625,0.00390625,0.6711409395973155
8,"Search for Nvidia news, create a report, and email it to Tom",1,search,Nvidia news,Search for Nvidia news,19,railway_tools_service_update,0.462890625,79.53020134228188,0.462890625,0.0,0.0
8,"Search for Nvidia news, create a report, and email it to Tom",1,search,Nvidia news,Search for Nvidia news,20,office_word_mcp_server_api_get_document_info,0.462890625,79.53020134228188,0.4609375,0.001953125,0.33557046979865773
8,"Search for Nvidia news, create a report, and email it to Tom",1,search,Nvidia news,Search for Nvidia news,21,quest_studio_file_storage_get_storage_usage,0.4609375,79.19463087248322,0.4609375,0.0,0.0
8,"Search for Nvidia news, create a report, and email it to Tom",1,search,Nvidia news,Search for Nvidia news,22,office_word_mcp_server_api_get_paragraph_text_from_document,0.4609375,79.19463087248322,0.4609375,0.0,0.0
8,"Search for Nvidia news, create a report, and email it to Tom",1,search,Nvidia news,Search for Nvidia news,23,gmail_tools_send_google_email,0.4609375,79.19463087248322,0.458984375,0.001953125,0.33557046979865773
8,"Search for Nvidia news, create a report, and email it to Tom",1,search,Nvidia news,Search for Nvidia news,24,railway_tools_database_list_types,0.458984375,78.85906040268456,0.45703125,0.001953125,0.33557046979865773
8,"Search for Nvidia news, create a report, and email it to Tom",1,search,Nvidia news,Search for Nvidia news,25,railway_tools_volume_list,0.45703125,78.52348993288591,0.45703125,0.0,0.0
8,"Search for Nvidia news, create a report, and email it to Tom",1,search,Nvidia news,Search for Nvidia news,26,github_mcp_server_list_branches,0.45703125,78.52348993288591,0.453125,0.00390625,0.6711409395973155
8,"Search for Nvidia news, create a report, and email it to Tom",1,search,Nvidia news,Search for Nvidia news,27,gmail_tools_forward_google_email,0.453125,77.85234899328859,0.451171875,0.001953125,0.33557046979865773
8,"Search for Nvidia news, create a report, and email it to Tom",1,search,Nvidia news,Search for Nvidia news,28,office_word_mcp_server_api_add_heading,0.451171875,77.51677852348993,0.44921875,0.001953125,0.33557046979865773
8,"Search for Nvidia news, create a report, and email it to Tom",1,search,Nvidia news,Search for Nvidia news,29,railway_tools_service_create_from_image,0.44921875,77.18120805369128,0.447265625,0.001953125,0.33557046979865773
8,"Search for Nvidia news, create a report, and email it to Tom",1,search,Nvidia news,Search for Nvidia news,30,railway_tools_service_restart,0.447265625,76.84563758389261,0.447265625,0.0,0.0
8,"Search for Nvidia news, create a report, and email it to Tom",1,search,Nvidia news,Search for Nvidia news,31,github_mcp_server_create_pull_request,0.447265625,76.84563758389261,0.447265625,0.0,0.0
8,"Search for Nvidia news, create a report, and email it to Tom",1,search,Nvidia news,Search for Nvidia news,32,office_word_mcp_server_api_get_document_outline,0.447265625,76.84563758389261,0.447265625,0.0,0.0
8,"Search for Nvidia news, create a report, and email it to Tom",1,search,Nvidia news,Search for Nvidia news,33,office_word_mcp_server_api_get_document_text,0.447265625,76.84563758389261,0.4453125,0.001953125,0.33557046979865773
8,"Search for Nvidia news, create a report, and email it to Tom",1,search,Nvidia news,Search for Nvidia news,34,project_management_tools_get_team,0.4453125,76.51006711409396,0.443359375,0.001953125,0.33557046979865773
8,"Search for Nvidia news, create a report, and email it to Tom",1,search,Nvidia news,Search for Nvidia news,35,outlook_mail_management_find_email_address,0.443359375,76.1744966442953,0.443359375,0.0,0.0
8,"Search for Nvidia news, create a report, and email it to Tom",1,search,Nvidia news,Search for Nvidia news,36,railway_tools_project_create,0.443359375,76.1744966442953,0.44140625,0.001953125,0.33557046979865773
8,"Search for Nvidia news, create a report, and email it to Tom",1,search,Nvidia news,Search for Nvidia news,37,supabase_mcp_get_all_supabase_projects,0.44140625,75.83892617449665,0.4375,0.00390625,0.6711409395973155
8,"Search for Nvidia news, create a report, and email it to Tom",1,search,Nvidia news,Search for Nvidia news,38,outlook_mail_management_search_outlook_mail,0.4375,75.16778523489933,0.435546875,0.001953125,0.33557046979865773
8,"Search for Nvidia news, create a report, and email it to Tom",1,search,Nvidia news,Search for Nvidia news,39,project_management_tools_view_board,0.435546875,74.83221476510067,0.43359375,0.001953125,0.33557046979865773
8,"Search for Nvidia news, create a report, and email it to Tom",1,search,Nvidia news,Search for Nvidia news,40,carrot_mcp_server_api_list_employees,0.43359375,74.49664429530202,0.431640625,0.001953125,0.33557046979865773
8,"Search for Nvidia news, create a report, and email it to Tom",1,search,Nvidia news,Search for Nvidia news,41,carrot_mcp_server_api_submit_leave_application,0.431640625,74.16107382550335,0.431640625,0.0,0.0
8,"Search for Nvidia news, create a report, and email it to Tom",1,search,Nvidia news,Search for Nvidia news,42,github_mcp_server_merge_pull_request,0.431640625,74.16107382550335,0.4296875,0.001953125,0.33557046979865773
8,"Search for Nvidia news, create a report, and email it to Tom",1,search,Nvidia news,Search for Nvidia news,43,railway_tools_volume_delete,0.4296875,73.8255033557047,0.4296875,0.0,0.0
8,"Search for Nvidia news, create a report, and email it to Tom",1,search,Nvidia news,Search for Nvidia news,44,github_mcp_server_create_or_update_file,0.4296875,73.8255033557047,0.4296875,0.0,0.0
8,"Search for Nvidia news, create a report, and email it to Tom",1,search,Nvidia news,Search for Nvidia news,45,github_mcp_server_update_pull_request,0.4296875,73.8255033557047,0.427734375,0.001953125,0.33557046979865773
8,"Search for Nvidia news, create a report, and email it to Tom",1,search,Nvidia news,Search for Nvidia news,46,carrot_mcp_server_api_get_employee,0.427734375,73.48993288590604,0.427734375,0.0,0.0
8,"Search for Nvidia news, create a report, and email it to Tom",1,search,Nvidia news,Search for Nvidia news,47,quest_studio_file_storage_query_files,0.427734375,73.48993288590604,0.427734375,0.0,0.0
8,"Search for Nvidia news, create a report, and email it to Tom",1,search,Nvidia news,Search for Nvidia news,48,project_management_tools_list_teams,0.427734375,73.48993288590604,0.427734375,0.0,0.0
8,"Search for Nvidia news, create a report, and email it to Tom",1,search,Nvidia news,Search for Nvidia news,49,office_word_mcp_server_api_copy_document,0.427734375,73.48993288590604,0.42578125,0.001953125,0.33557046979865773
8,"Search for Nvidia news, create a report, and email it to Tom",1,search,Nvidia news,Search for Nvidia news,50,office_word_mcp_server_api_add_page_break,0.42578125,73.15436241610739,0.421875,0.00390625,0.6711409395973155
8,"Search for Nvidia news, create a report, and email it to Tom",1,search,Nvidia news,Search for Nvidia news,51,carrot_mcp_server_api_log_hours_entry,0.421875,72.48322147651007,0.421875,0.0,0.0
8,"Search for Nvidia news, create a report, and email it to Tom",1,search,Nvidia news,Search for Nvidia news,52,github_mcp_server_create_branch,0.421875,72.48322147651007,0.421875,0.0,0.0
8,"Search for Nvidia news, create a report, and email it to Tom",1,search,Nvidia news,Search for Nvidia news,53,project_management_tools_list_projects,0.421875,72.48322147651007,0.419921875,0.001953125,0.33557046979865773
8,"Search for Nvidia news, create a report, and email it to Tom",1,search,Nvidia news,Search for Nvidia news,54,railway_tools_project_delete,0.419921875,72.14765100671141,0.419921875,0.0,0.0
8,"Search for Nvidia news, create a report, and email it to Tom",1,search,Nvidia news,Search for Nvidia news,55,supabase_mcp_get_table_schema,0.419921875,72.14765100671141,0.419921875,0.0,0.0
8,"Search for Nvidia news, create a report, and email it to Tom",1,search,Nvidia news,Search for Nvidia news,56,supabase_mcp_check_database_health,0.419921875,72.14765100671141,0.41796875,0.001953125,0.33557046979865773
8,"Search for Nvidia news, create a report, and email it to Tom",1,search,Nvidia news,Search for Nvidia news,57,quest_studio_file_storage_get_file_content,0.41796875,71.81208053691275,0.41796875,0.0,0.0
8,"Search for Nvidia news, create a report, and email it to Tom",1,search,Nvidia news,Search for Nvidia news,58,railway_tools_volume_update,0.41796875,71.81208053691275,0.41796875,0.0,0.0
8,"Search for Nvidia news, create a report, and email it to Tom",1,search,Nvidia news,Search for Nvidia news,59,office_word_mcp_server_api_get_document_xml,0.41796875,71.81208053691275,0.41796875,0.0,0.0
8,"Search for Nvidia news, create a report, and email it to Tom",1,search,Nvidia news,Search for Nvidia news,60,office_word_mcp_server_api_add_paragraph,0.41796875,71.81208053691275,0.416015625,0.001953125,0.33557046979865773
8,"Search for Nvidia news, create a report, and email it to Tom",1,search,Nvidia news,Search for Nvidia news,61,carrot_mcp_server_api_work_hours_summary,0.416015625,71.47651006711409,0.4140625,0.001953125,0.33557046979865773
8,"Search for Nvidia news, create a report, and email it to Tom",1,search,Nvidia news,Search for Nvidia news,62,carrot_mcp_server_api_update_employee,0.4140625,71.14093959731544,0.4140625,0.0,0.0
8,"Search for Nvidia news, create a report, and email it to Tom",1,search,Nvidia news,Search for Nvidia news,63,project_management_tools_create_team,0.4140625,71.14093959731544,0.4140625,0.0,0.0
8,"Search for Nvidia news, create a report, and email it to Tom",1,search,Nvidia news,Search for Nvidia news,64,github_mcp_server_get_file_contents,0.4140625,71.14093959731544,0.4140625,0.0,0.0
8,"Search for Nvidia news, create a report, and email it to Tom",1,search,Nvidia news,Search for Nvidia news,65,office_word_mcp_server_api_create_word_document,0.4140625,71.14093959731544,0.4140625,0.0,0.0
8,"Search for Nvidia news, create a report, and email it to Tom",1,search,Nvidia news,Search for Nvidia news,66,carrot_mcp_server_api_create_leave_application,0.4140625,71.14093959731544,0.412109375,0.001953125,0.33557046979865773
8,"Search for Nvidia news, create a report, and email it to Tom",1,search,Nvidia news,Search for Nvidia news,67,railway_tools_service_delete,0.412109375,70.80536912751678,0.412109375,0.0,0.0
8,"Search for Nvidia news, create a report, and email it to Tom",1,search,Nvidia news,Search for Nvidia news,68,project_management_tools_list_work_items,0.412109375,70.80536912751678,0.412109375,0.0,0.0
8,"Search for Nvidia news, create a report, and email it to Tom",1,search,Nvidia news,Search for Nvidia news,69,github_mcp_server_create_repository,0.412109375,70.80536912751678,0.412109375,0.0,0.0
8,"Search for Nvidia news, create a report, and email it to Tom",1,search,Nvidia news,Search for Nvidia news,70,office_word_mcp_server_api_convert_to_pdf,0.412109375,70.80536912751678,0.41015625,0.001953125,0.33557046979865773
8,"Search for Nvidia news, create a report, and email it to Tom",1,search,Nvidia news,Search for Nvidia news,71,railway_tools_volume_create,0.41015625,70.46979865771812,0.408203125,0.001953125,0.33557046979865773
8,"Search for Nvidia news, create a report, and email it to Tom",1,search,Nvidia news,Search for Nvidia news,72,sharepoint_tools_get_sharepoint_documents,0.408203125,70.13422818791946,0.40625,0.001953125,0.33557046979865773
8,"Search for Nvidia news, create a report, and email it to Tom",1,search,Nvidia news,Search for Nvidia news,73,project_management_tools_create_work_item,0.40625,69.79865771812081,0.404296875,0.001953125,0.33557046979865773
8,"Search for Nvidia news, create a report, and email it to Tom",1,search,Nvidia news,Search for Nvidia news,74,quest_studio_file_storage_get_files,0.404296875,69.46308724832215,0.40234375,0.001953125,0.33557046979865773
8,"Search for Nvidia news, create a report, and email it to Tom",1,search,Nvidia news,Search for Nvidia news,75,office_word_mcp_server_api_list_files,0.40234375,69.12751677852349,0.40234375,0.0,0.0
8,"Search for Nvidia news, create a report, and email it to Tom",1,search,Nvidia news,Search for Nvidia news,76,project_management_tools_get_project,0.40234375,69.12751677852349,0.40234375,0.0,0.0
8,"Search for Nvidia news, create a report, and email it to Tom",1,search,Nvidia news,Search for Nvidia news,77,supabase_mcp_get_database_tables,0.40234375,69.12751677852349,0.400390625,0.001953125,0.33557046979865773
8,"Search for Nvidia news, create a report, and email it to Tom",1,search,Nvidia news,Search for Nvidia news,78,sharepoint_tools_get_sharepoint_sites,0.400390625,68.79194630872483,0.400390625,0.0,0.0
8,"Search for Nvidia news, create a report, and email it to Tom",1,search,Nvidia news,Search for Nvidia news,79,project_management_tools_list_team_members,0.400390625,68.79194630872483,0.3984375,0.001953125,0.33557046979865773
8,"Search for Nvidia news, create a report, and email it to Tom",1,search,Nvidia news,Search for Nvidia news,80,project_management_tools_get_work_item_comments,0.3984375,68.45637583892618,0.3984375,0.0,0.0
8,"Search for Nvidia news, create a report, and email it to Tom",1,search,Nvidia news,Search for Nvidia news,81,supabase_mcp_select_database_table_data,0.3984375,68.45637583892618,0.396484375,0.001953125,0.33557046979865773
8,"Search for Nvidia news, create a report, and email it to Tom",1,search,Nvidia news,Search for Nvidia news,82,project_management_tools_get_sprint,0.396484375,68.12080536912751,0.396484375,0.0,0.0
8,"Search for Nvidia news, create a report, and email it to Tom",1,search,Nvidia news,Search for Nvidia news,83,office_word_mcp_server_api_add_picture,0.396484375,68.12080536912751,0.396484375,0.0,0.0
8,"Search for Nvidia news, create a report, and email it to Tom",1,search,Nvidia news,Search for Nvidia news,84,project_management_tools_get_user_capacity,0.396484375,68.12080536912751,0.396484375,0.0,0.0
8,"Search for Nvidia news, create a report, and email it to Tom",1,search,Nvidia news,Search for Nvidia news,85,project_management_tools_list_sprints,0.396484375,68.12080536912751,0.396484375,0.0,0.0
8,"Search for Nvidia news, create a report, and email it to Tom",1,search,Nvidia news,Search for Nvidia news,86,gmail_tools_delete_google_email,0.396484375,68.12080536912751,0.39453125,0.001953125,0.33557046979865773
8,"Search for Nvidia news, create a report, and email it to Tom",1,search,Nvidia news,Search for Nvidia news,87,project_management_tools_create_project,0.39453125,67.78523489932886,0.392578125,0.001953125,0.33557046979865773
8,"Search for Nvidia news, create a report, and email it to Tom",1,search,Nvidia news,Search for Nvidia news,88,office_word_mcp_server_api_merge_doucments,0.392578125,67.4496644295302,0.392578125,0.0,0.0
8,"Search for Nvidia news, create a report, and email it to Tom",1,search,Nvidia news,Search for Nvidia news,89,carrot_mcp_server_api_create_employee,0.392578125,67.4496644295302,0.392578125,0.0,0.0
8,"Search for Nvidia news, create a report, and email it to Tom",1,search,Nvidia news,Search for Nvidia news,90,carrot_mcp_server_api_update_leave_application,0.392578125,67.4496644295302,0.388671875,0.00390625,0.6711409395973155
8,"Search for Nvidia news, create a report, and email it to Tom",1,search,Nvidia news,Search for Nvidia news,91,office_word_mcp_server_api_add_table,0.388671875,66.77852348993288,0.388671875,0.0,0.0
8,"Search for Nvidia news, create a report, and email it to Tom",1,search,Nvidia news,Search for Nvidia news,92,outlook_mail_management_compose_email,0.388671875,66.77852348993288,0.384765625,0.00390625,0.6711409395973155
8,"Search for Nvidia news, create a report, and email it to Tom",1,search,Nvidia news,Search for Nvidia news,93,quest_studio_file_storage_get_file,0.384765625,66.10738255033557,0.384765625,0.0,0.0
8,"Search for Nvidia news, create a report, and email it to Tom",1,search,Nvidia news,Search for Nvidia news,94,carrot_mcp_server_api_list_leave_application,0.384765625,66.10738255033557,0.384765625,0.0,0.0
8,"Search for Nvidia news, create a report, and email it to Tom",1,search,Nvidia news,Search for Nvidia news,95,sharepoint_tools_create_txt_file_in_sharepoint,0.384765625,66.10738255033557,0.3828125,0.001953125,0.33557046979865773
8,"Search for Nvidia news, create a report, and email it to Tom",1,search,Nvidia news,Search for Nvidia news,96,supabase_mcp_insert_table_data,0.3828125,65.77181208053692,0.380859375,0.001953125,0.33557046979865773
8,"Search for Nvidia news, create a report, and email it to Tom",1,search,Nvidia news,Search for Nvidia news,97,office_word_mcp_server_api_delete_paragraph,0.380859375,65.43624161073825,0.37890625,0.001953125,0.33557046979865773
8,"Search for Nvidia news, create a report, and email it to Tom",1,search,Nvidia news,Search for Nvidia news,98,office_word_mcp_server_api_delete_document,0.37890625,65.1006711409396,0.376953125,0.001953125,0.33557046979865773
8,"Search for Nvidia news, create a report, and email it to Tom",1,search,Nvidia news,Search for Nvidia news,99,project_management_tools_list_users,0.376953125,64.76510067114094,0.376953125,0.0,0.0
8,"Search for Nvidia news, create a report, and email it to Tom",1,search,Nvidia news,Search for Nvidia news,100,supabase_mcp_update_database_table_data,0.376953125,64.76510067114094,0.375,0.001953125,0.33557046979865773
8,"Search for Nvidia news, create a report, and email it to Tom",1,search,Nvidia news,Search for Nvidia news,101,outlook_mail_management_reply_to_email,0.375,64.42953020134227,0.375,0.0,0.0
8,"Search for Nvidia news, create a report, and email it to Tom",1,search,Nvidia news,Search for Nvidia news,102,project_management_tools_get_work_item,0.375,64.42953020134227,0.365234375,0.009765625,1.6778523489932886
8,"Search for Nvidia news, create a report, and email it to Tom",1,search,Nvidia news,Search for Nvidia news,103,project_management_tools_delete_team,0.365234375,62.751677852349,0.361328125,0.00390625,0.6711409395973155
8,"Search for Nvidia news, create a report, and email it to Tom",1,search,Nvidia news,Search for Nvidia news,104,project_management_tools_create_sprint,0.361328125,62.08053691275168,0.345703125,0.015625,2.684563758389262
8,"Search for Nvidia news, create a report, and email it to Tom",1,search,Nvidia news,Search for Nvidia news,105,project_management_tools_add_work_item_comment,0.345703125,59.395973154362416,0.345703125,0.0,0.0
8,"Search for Nvidia news, create a report, and email it to Tom",1,search,Nvidia news,Search for Nvidia news,106,project_management_tools_update_user_capacity,0.345703125,59.395973154362416,0.34375,0.001953125,0.33557046979865773
8,"Search for Nvidia news, create a report, and email it to Tom",1,search,Nvidia news,Search for Nvidia news,107,outlook_mail_management_get_email_messages,0.34375,59.06040268456376,0.341796875,0.001953125,0.33557046979865773
8,"Search for Nvidia news, create a report, and email it to Tom",1,search,Nvidia news,Search for Nvidia news,108,project_management_tools_update_project,0.341796875,58.7248322147651,0.337890625,0.00390625,0.6711409395973155
8,"Search for Nvidia news, create a report, and email it to Tom",1,search,Nvidia news,Search for Nvidia news,109,project_management_tools_update_task_status,0.337890625,58.053691275167786,0.337890625,0.0,0.0
8,"Search for Nvidia news, create a report, and email it to Tom",1,search,Nvidia news,Search for Nvidia news,110,quest_studio_file_storage_update_file,0.337890625,58.053691275167786,0.33203125,0.005859375,1.006711409395973
8,"Search for Nvidia news, create a report, and email it to Tom",1,search,Nvidia news,Search for Nvidia news,111,github_mcp_server_push_files,0.33203125,57.04697986577181,0.330078125,0.001953125,0.33557046979865773
8,"Search for Nvidia news, create a report, and email it to Tom",1,search,Nvidia news,Search for Nvidia news,112,outlook_mail_management_send_email,0.330078125,56.711409395973156,0.330078125,0.0,0.0
8,"Search for Nvidia news, create a report, and email it to Tom",1,search,Nvidia news,Search for Nvidia news,113,project_management_tools_export_sprint_to_sharepoint,0.330078125,56.711409395973156,0.328125,0.001953125,0.33557046979865773
8,"Search for Nvidia news, create a report, and email it to Tom",1,search,Nvidia news,Search for Nvidia news,114,outlook_mail_management_forward_email,0.328125,56.375838926174495,0.326171875,0.001953125,0.33557046979865773
8,"Search for Nvidia news, create a report, and email it to Tom",1,search,Nvidia news,Search for Nvidia news,115,quest_studio_file_storage_delete_file,0.326171875,56.04026845637584,0.32421875,0.001953125,0.33557046979865773
8,"Search for Nvidia news, create a report, and email it to Tom",1,search,Nvidia news,Search for Nvidia news,116,project_management_tools_update_work_item,0.32421875,55.70469798657718,0.3203125,0.00390625,0.6711409395973155
8,"Search for Nvidia news, create a report, and email it to Tom",1,search,Nvidia news,Search for Nvidia news,117,project_management_tools_assign_work_item,0.3203125,55.033557046979865,0.3125,0.0078125,1.342281879194631
8,"Search for Nvidia news, create a report, and email it to Tom",1,search,Nvidia news,Search for Nvidia news,118,github_mcp_server_delete_file,0.3125,53.691275167785236,0.310546875,0.001953125,0.33557046979865773
8,"Search for Nvidia news, create a report, and email it to Tom",1,search,Nvidia news,Search for Nvidia news,119,project_management_tools_delete_work_item,0.310546875,53.355704697986575,0.306640625,0.00390625,0.6711409395973155
8,"Search for Nvidia news, create a report, and email it to Tom",1,search,Nvidia news,Search for Nvidia news,120,project_management_tools_delete_project,0.306640625,52.68456375838926,0.3046875,0.001953125,0.33557046979865773
8,"Search for Nvidia news, create a report, and email it to Tom",1,search,Nvidia news,Search for Nvidia news,121,project_management_tools_delete_sprint,0.3046875,52.348993288590606,0.2451171875,0.0595703125,10.234899328859061
8,"Search for Nvidia news, create a report, and email it to Tom",1,search,Nvidia news,Search for Nvidia news,122,outlook_mail_management_delete_email_message,0.2451171875,42.11409395973154,,,
8,"Search for Nvidia news, create a report, and email it to Tom",2,create,a report,create a report,1,carrot_mcp_server_api_hr_dashboard_summary,0.546875,100.0,0.5390625,0.0078125,1.4285714285714286
8,"Search for Nvidia news, create a report, and email it to Tom",2,create,a report,create a report,2,office_word_mcp_server_api_add_heading,0.5390625,98.57142857142858,0.5390625,0.0,0.0
8,"Search for Nvidia news, create a report, and email it to Tom",2,create,a report,create a report,3,office_word_mcp_server_api_add_table,0.5390625,98.57142857142858,0.53515625,0.00390625,0.7142857142857143
8,"Search for Nvidia news, create a report, and email it to Tom",2,create,a report,create a report,4,project_management_tools_create_work_item,0.53515625,97.85714285714285,0.52734375,0.0078125,1.4285714285714286
8,"Search for Nvidia news, create a report, and email it to Tom",2,create,a report,create a report,5,office_word_mcp_server_api_add_page_break,0.52734375,96.42857142857143,0.52734375,0.0,0.0
8,"Search for Nvidia news, create a report, and email it to Tom",2,create,a report,create a report,6,office_word_mcp_server_api_create_word_document,0.52734375,96.42857142857143,0.5234375,0.00390625,0.7142857142857143
8,"Search for Nvidia news, create a report, and email it to Tom",2,create,a report,create a report,7,carrot_mcp_server_api_create_leave_application,0.5234375,95.71428571428572,0.5234375,0.0,0.0
8,"Search for Nvidia news, create a report, and email it to Tom",2,create,a report,create a report,8,carrot_mcp_server_api_log_hours_entry,0.5234375,95.71428571428572,0.515625,0.0078125,1.4285714285714286
8,"Search for Nvidia news, create a report, and email it to Tom",2,create,a report,create a report,9,office_word_mcp_server_api_add_paragraph,0.515625,94.28571428571428,0.51171875,0.00390625,0.7142857142857143
8,"Search for Nvidia news, create a report, and email it to Tom",2,create,a report,create a report,10,carrot_mcp_server_api_work_hours_summary,0.51171875,93.57142857142857,0.5078125,0.00390625,0.7142857142857143
8,"Search for Nvidia news, create a report, and email it to Tom",2,create,a report,create a report,11,supabase_mcp_insert_table_data,0.5078125,92.85714285714286,0.5078125,0.0,0.0
8,"Search for Nvidia news, create a report, and email it to Tom",2,create,a report,create a report,12,carrot_mcp_server_api_create_employee,0.5078125,92.85714285714286,0.50390625,0.00390625,0.7142857142857143
8,"Search for Nvidia news, create a report, and email it to Tom",2,create,a report,create a report,13,railway_tools_project_create,0.50390625,92.14285714285714,0.494140625,0.009765625,1.7857142857142856
8,"Search for Nvidia news, create a report, and email it to Tom",2,create,a report,create a report,14,railway_tools_database_list_types,0.494140625,90.35714285714286,0.4921875,0.001953125,0.35714285714285715
8,"Search for Nvidia news, create a report, and email it to Tom",2,create,a report,create a report,15,carrot_mcp_server_api_submit_leave_application,0.4921875,90.0,0.4921875,0.0,0.0
8,"Search for Nvidia news, create a report, and email it to Tom",2,create,a report,create a report,16,office_word_mcp_server_api_convert_to_pdf,0.4921875,90.0,0.490234375,0.001953125,0.35714285714285715
8,"Search for Nvidia news, create a report, and email it to Tom",2,create,a report,create a report,17,supabase_mcp_check_database_health,0.490234375,89.64285714285715,0.486328125,0.00390625,0.7142857142857143
8,"Search for Nvidia news, create a report, and email it to Tom",2,create,a report,create a report,18,project_management_tools_list_work_items,0.486328125,88.92857142857142,0.486328125,0.0,0.0
8,"Search for Nvidia news, create a report, and email it to Tom",2,create,a report,create a report,19,project_management_tools_create_project,0.486328125,88.92857142857142,0.482421875,0.00390625,0.7142857142857143
8,"Search for Nvidia news, create a report, and email it to Tom",2,create,a report,create a report,20,railway_tools_service_create_from_repo,0.482421875,88.21428571428571,0.482421875,0.0,0.0
8,"Search for Nvidia news, create a report, and email it to Tom",2,create,a report,create a report,21,office_word_mcp_server_api_get_document_outline,0.482421875,88.21428571428571,0.48046875,0.001953125,0.35714285714285715
8,"Search for Nvidia news, create a report, and email it to Tom",2,create,a report,create a report,22,office_word_mcp_server_api_add_picture,0.48046875,87.85714285714286,0.48046875,0.0,0.0
8,"Search for Nvidia news, create a report, and email it to Tom",2,create,a report,create a report,23,sharepoint_tools_create_txt_file_in_sharepoint,0.48046875,87.85714285714286,0.48046875,0.0,0.0
8,"Search for Nvidia news, create a report, and email it to Tom",2,create,a report,create a report,24,github_mcp_server_create_repository,0.48046875,87.85714285714286,0.478515625,0.001953125,0.35714285714285715
8,"Search for Nvidia news, create a report, and email it to Tom",2,create,a report,create a report,25,github_mcp_server_create_pull_request,0.478515625,87.5,0.47265625,0.005859375,1.0714285714285714
8,"Search for Nvidia news, create a report, and email it to Tom",2,create,a report,create a report,26,railway_tools_project_info,0.47265625,86.42857142857143,0.470703125,0.001953125,0.35714285714285715
8,"Search for Nvidia news, create a report, and email it to Tom",2,create,a report,create a report,27,gmail_tools_send_google_email,0.470703125,86.07142857142858,0.470703125,0.0,0.0
8,"Search for Nvidia news, create a report, and email it to Tom",2,create,a report,create a report,28,office_word_mcp_server_api_copy_document,0.470703125,86.07142857142858,0.466796875,0.00390625,0.7142857142857143
8,"Search for Nvidia news, create a report, and email it to Tom",2,create,a report,create a report,29,github_mcp_server_create_branch,0.466796875,85.35714285714285,0.462890625,0.00390625,0.7142857142857143
8,"Search for Nvidia news, create a report, and email it to Tom",2,create,a report,create a report,30,project_management_tools_create_sprint,0.462890625,84.64285714285714,0.462890625,0.0,0.0
8,"Search for Nvidia news, create a report, and email it to Tom",2,create,a report,create a report,31,railway_tools_project_environments,0.462890625,84.64285714285714,0.4609375,0.001953125,0.35714285714285715
8,"Search for Nvidia news, create a report, and email it to Tom",2,create,a report,create a report,32,office_word_mcp_server_api_get_document_info,0.4609375,84.28571428571429,0.458984375,0.001953125,0.35714285714285715
8,"Search for Nvidia news, create a report, and email it to Tom",2,create,a report,create a report,33,project_management_tools_export_sprint_to_sharepoint,0.458984375,83.92857142857143,0.45703125,0.001953125,0.35714285714285715
8,"Search for Nvidia news, create a report, and email it to Tom",2,create,a report,create a report,34,railway_tools_service_create_from_image,0.45703125,83.57142857142857,0.455078125,0.001953125,0.35714285714285715
8,"Search for Nvidia news, create a report, and email it to Tom",2,create,a report,create a report,35,carrot_mcp_server_api_list_employees,0.455078125,83.21428571428572,0.455078125,0.0,0.0
8,"Search for Nvidia news, create a report, and email it to Tom",2,create,a report,create a report,36,railway_tools_service_info,0.455078125,83.21428571428572,0.453125,0.001953125,0.35714285714285715
8,"Search for Nvidia news, create a report, and email it to Tom",2,create,a report,create a report,37,railway_tools_project_list,0.453125,82.85714285714286,0.453125,0.0,0.0
8,"Search for Nvidia news, create a report, and email it to Tom",2,create,a report,create a report,38,supabase_mcp_get_all_supabase_projects,0.453125,82.85714285714286,0.451171875,0.001953125,0.35714285714285715
8,"Search for Nvidia news, create a report, and email it to Tom",2,create,a report,create a report,39,carrot_mcp_server_api_update_employee,0.451171875,82.5,0.451171875,0.0,0.0
8,"Search for Nvidia news, create a report, and email it to Tom",2,create,a report,create a report,40,carrot_mcp_server_api_get_employee,0.451171875,82.5,0.451171875,0.0,0.0
8,"Search for Nvidia news, create a report, and email it to Tom",2,create,a report,create a report,41,office_word_mcp_server_api_get_document_text,0.451171875,82.5,0.451171875,0.0,0.0
8,"Search for Nvidia news, create a report, and email it to Tom",2,create,a report,create a report,42,project_management_tools_create_team,0.451171875,82.5,0.451171875,0.0,0.0
8,"Search for Nvidia news, create a report, and email it to Tom",2,create,a report,create a report,43,supabase_mcp_select_database_table_data,0.451171875,82.5,0.447265625,0.00390625,0.7142857142857143
8,"Search for Nvidia news, create a report, and email it to Tom",2,create,a report,create a report,44,carrot_mcp_server_api_update_leave_application,0.447265625,81.78571428571428,0.447265625,0.0,0.0
8,"Search for Nvidia news, create a report, and email it to Tom",2,create,a report,create a report,45,supabase_mcp_update_database_table_data,0.447265625,81.78571428571428,0.4453125,0.001953125,0.35714285714285715
8,"Search for Nvidia news, create a report, and email it to Tom",2,create,a report,create a report,46,outlook_mail_management_compose_email,0.4453125,81.42857142857143,0.4453125,0.0,0.0
8,"Search for Nvidia news, create a report, and email it to Tom",2,create,a report,create a report,47,office_word_mcp_server_api_find_text_in_document,0.4453125,81.42857142857143,0.44140625,0.00390625,0.7142857142857143
8,"Search for Nvidia news, create a report, and email it to Tom",2,create,a report,create a report,48,office_word_mcp_server_api_merge_doucments,0.44140625,80.71428571428572,0.44140625,0.0,0.0
8,"Search for Nvidia news, create a report, and email it to Tom",2,create,a report,create a report,49,supabase_mcp_get_table_schema,0.44140625,80.71428571428572,0.44140625,0.0,0.0
8,"Search for Nvidia news, create a report, and email it to Tom",2,create,a report,create a report,50,quest_studio_file_storage_get_storage_usage,0.44140625,80.71428571428572,0.439453125,0.001953125,0.35714285714285715
8,"Search for Nvidia news, create a report, and email it to Tom",2,create,a report,create a report,51,railway_tools_service_list,0.439453125,80.35714285714286,0.4375,0.001953125,0.35714285714285715
8,"Search for Nvidia news, create a report, and email it to Tom",2,create,a report,create a report,52,railway_tools_project_delete,0.4375,80.0,0.4375,0.0,0.0
8,"Search for Nvidia news, create a report, and email it to Tom",2,create,a report,create a report,53,gmail_tools_reply_google_email,0.4375,80.0,0.435546875,0.001953125,0.35714285714285715
8,"Search for Nvidia news, create a report, and email it to Tom",2,create,a report,create a report,54,office_word_mcp_server_api_get_document_xml,0.435546875,79.64285714285714,0.43359375,0.001953125,0.35714285714285715
8,"Search for Nvidia news, create a report, and email it to Tom",2,create,a report,create a report,55,office_word_mcp_server_api_list_files,0.43359375,79.28571428571428,0.43359375,0.0,0.0
8,"Search for Nvidia news, create a report, and email it to Tom",2,create,a report,create a report,56,carrot_mcp_server_api_list_leave_application,0.43359375,79.28571428571428,0.431640625,0.001953125,0.35714285714285715
8,"Search for Nvidia news, create a report, and email it to Tom",2,create,a report,create a report,57,office_word_mcp_server_api_get_paragraph_text_from_document,0.431640625,78.92857142857143,0.431640625,0.0,0.0
8,"Search for Nvidia news, create a report, and email it to Tom",2,create,a report,create a report,58,github_mcp_server_create_or_update_file,0.431640625,78.92857142857143,0.431640625,0.0,0.0
8,"Search for Nvidia news, create a report, and email it to Tom",2,create,a report,create a report,59,quest_studio_file_storage_get_file_content,0.431640625,78.92857142857143,0.4296875,0.001953125,0.35714285714285715
8,"Search for Nvidia news, create a report, and email it to Tom",2,create,a report,create a report,60,supabase_mcp_get_database_tables,0.4296875,78.57142857142857,0.42578125,0.00390625,0.7142857142857143
8,"Search for Nvidia news, create a report, and email it to Tom",2,create,a report,create a report,61,github_mcp_server_pull_request_read,0.42578125,77.85714285714286,0.423828125,0.001953125,0.35714285714285715
8,"Search for Nvidia news, create a report, and email it to Tom",2,create,a report,create a report,62,project_management_tools_view_board,0.423828125,77.5,0.421875,0.001953125,0.35714285714285715
8,"Search for Nvidia news, create a report, and email it to Tom",2,create,a report,create a report,63,project_management_tools_get_user_capacity,0.421875,77.14285714285715,0.419921875,0.001953125,0.35714285714285715
8,"Search for Nvidia news, create a report, and email it to Tom",2,create,a report,create a report,64,railway_tools_volume_create,0.419921875,76.78571428571429,0.41796875,0.001953125,0.35714285714285715
8,"Search for Nvidia news, create a report, and email it to Tom",2,create,a report,create a report,65,railway_tools_service_update,0.41796875,76.42857142857142,0.41796875,0.0,0.0
8,"Search for Nvidia news, create a report, and email it to Tom",2,create,a report,create a report,66,outlook_mail_management_reply_to_email,0.41796875,76.42857142857142,0.416015625,0.001953125,0.35714285714285715
8,"Search for Nvidia news, create a report, and email it to Tom",2,create,a report,create a report,67,office_word_mcp_server_api_search_replace,0.416015625,76.07142857142857,0.416015625,0.0,0.0
8,"Search for Nvidia news, create a report, and email it to Tom",2,create,a report,create a report,68,office_word_mcp_server_api_delete_document,0.416015625,76.07142857142857,0.4140625,0.001953125,0.35714285714285715
8,"Search for Nvidia news, create a report, and email it to Tom",2,create,a report,create a report,69,github_mcp_server_search_repositories,0.4140625,75.71428571428571,0.412109375,0.001953125,0.35714285714285715
8,"Search for Nvidia news, create a report, and email it to Tom",2,create,a report,create a report,70,github_mcp_server_merge_pull_request,0.412109375,75.35714285714286,0.41015625,0.001953125,0.35714285714285715
8,"Search for Nvidia news, create a report, and email it to Tom",2,create,a report,create a report,71,office_word_mcp_server_api_delete_paragraph,0.41015625,75.0,0.408203125,0.001953125,0.35714285714285715
8,"Search for Nvidia news, create a report, and email it to Tom",2,create,a report,create a report,72,project_management_tools_add_work_item_comment,0.408203125,74.64285714285714,0.408203125,0.0,0.0
8,"Search for Nvidia news, create a report, and email it to Tom",2,create,a report,create a report,73,web_search_tools_web_search,0.408203125,74.64285714285714,0.408203125,0.0,0.0
8,"Search for Nvidia news, create a report, and email it to Tom",2,create,a report,create a report,74,project_management_tools_list_sprints,0.408203125,74.64285714285714,0.40625,0.001953125,0.35714285714285715
8,"Search for Nvidia news, create a report, and email it to Tom",2,create,a report,create a report,75,railway_tools_volume_list,0.40625,74.28571428571429,0.40625,0.0,0.0
8,"Search for Nvidia news, create a report, and email it to Tom",2,create,a report,create a report,76,project_management_tools_update_user_capacity,0.40625,74.28571428571429,0.404296875,0.001953125,0.35714285714285715
8,"Search for Nvidia news, create a report, and email it to Tom",2,create,a report,create a report,77,railway_tools_service_restart,0.404296875,73.92857142857143,0.404296875,0.0,0.0
8,"Search for Nvidia news, create a report, and email it to Tom",2,create,a report,create a report,78,quest_studio_file_storage_get_files,0.404296875,73.92857142857143,0.40234375,0.001953125,0.35714285714285715
8,"Search for Nvidia news, create a report, and email it to Tom",2,create,a report,create a report,79,github_mcp_server_get_commit,0.40234375,73.57142857142858,0.400390625,0.001953125,0.35714285714285715
8,"Search for Nvidia news, create a report, and email it to Tom",2,create,a report,create a report,80,project_management_tools_get_work_item,0.400390625,73.21428571428571,0.400390625,0.0,0.0
8,"Search for Nvidia news, create a report, and email it to Tom",2,create,a report,create a report,81,gmail_tools_forward_google_email,0.400390625,73.21428571428571,0.3984375,0.001953125,0.35714285714285715
8,"Search for Nvidia news, create a report, and email it to Tom",2,create,a report,create a report,82,railway_tools_service_delete,0.3984375,72.85714285714285,0.39453125,0.00390625,0.7142857142857143
8,"Search for Nvidia news, create a report, and email it to Tom",2,create,a report,create a report,83,project_management_tools_get_sprint,0.39453125,72.14285714285714,0.39453125,0.0,0.0
8,"Search for Nvidia news, create a report, and email it to Tom",2,create,a report,create a report,84,github_mcp_server_update_pull_request,0.39453125,72.14285714285714,0.39453125,0.0,0.0
8,"Search for Nvidia news, create a report, and email it to Tom",2,create,a report,create a report,85,project_management_tools_get_work_item_comments,0.39453125,72.14285714285714,0.390625,0.00390625,0.7142857142857143
8,"Search for Nvidia news, create a report, and email it to Tom",2,create,a report,create a report,86,outlook_mail_management_send_email,0.390625,71.42857142857143,0.38671875,0.00390625,0.7142857142857143
8,"Search for Nvidia news, create a report, and email it to Tom",2,create,a report,create a report,87,gmail_tools_get_google_emails,0.38671875,70.71428571428572,0.384765625,0.001953125,0.35714285714285715
8,"Search for Nvidia news, create a report, and email it to Tom",2,create,a report,create a report,88,project_management_tools_list_projects,0.384765625,70.35714285714286,0.3828125,0.001953125,0.35714285714285715
8,"Search for Nvidia news, create a report, and email it to Tom",2,create,a report,create a report,89,github_mcp_server_list_commits,0.3828125,70.0,0.3828125,0.0,0.0
8,"Search for Nvidia news, create a report, and email it to Tom",2,create,a report,create a report,90,github_mcp_server_list_branches,0.3828125,70.0,0.37890625,0.00390625,0.7142857142857143
8,"Search for Nvidia news, create a report, and email it to Tom",2,create,a report,create a report,91,quest_studio_file_storage_get_file,0.37890625,69.28571428571428,0.37890625,0.0,0.0
8,"Search for Nvidia news, create a report, and email it to Tom",2,create,a report,create a report,92,github_mcp_server_list_pull_requests,0.37890625,69.28571428571428,0.37890625,0.0,0.0
8,"Search for Nvidia news, create a report, and email it to Tom",2,create,a report,create a report,93,github_mcp_server_get_me,0.37890625,69.28571428571428,0.376953125,0.001953125,0.35714285714285715
8,"Search for Nvidia news, create a report, and email it to Tom",2,create,a report,create a report,94,quest_studio_file_storage_update_file,0.376953125,68.92857142857143,0.376953125,0.0,0.0
8,"Search for Nvidia news, create a report, and email it to Tom",2,create,a report,create a report,95,project_management_tools_assign_work_item,0.376953125,68.92857142857143,0.375,0.001953125,0.35714285714285715
8,"Search for Nvidia news, create a report, and email it to Tom",2,create,a report,create a report,96,project_management_tools_get_team,0.375,68.57142857142857,0.375,0.0,0.0
8,"Search for Nvidia news, create a report, and email it to Tom",2,create,a report,create a report,97,project_management_tools_delete_work_item,0.375,68.57142857142857,0.373046875,0.001953125,0.35714285714285715
8,"Search for Nvidia news, create a report, and email it to Tom",2,create,a report,create a report,98,github_mcp_server_get_file_contents,0.373046875,68.21428571428572,0.373046875,0.0,0.0
8,"Search for Nvidia news, create a report, and email it to Tom",2,create,a report,create a report,99,github_mcp_server_push_files,0.373046875,68.21428571428572,0.373046875,0.0,0.0
8,"Search for Nvidia news, create a report, and email it to Tom",2,create,a report,create a report,100,project_management_tools_update_task_status,0.373046875,68.21428571428572,0.37109375,0.001953125,0.35714285714285715
8,"Search for Nvidia news, create a report, and email it to Tom",2,create,a report,create a report,101,project_management_tools_list_teams,0.37109375,67.85714285714286,0.37109375,0.0,0.0
8,"Search for Nvidia news, create a report, and email it to Tom",2,create,a report,create a report,102,quest_studio_file_storage_query_files,0.37109375,67.85714285714286,0.369140625,0.001953125,0.35714285714285715
8,"Search for Nvidia news, create a report, and email it to Tom",2,create,a report,create a report,103,project_management_tools_get_project,0.369140625,67.5,0.3671875,0.001953125,0.35714285714285715
8,"Search for Nvidia news, create a report, and email it to Tom",2,create,a report,create a report,104,railway_tools_volume_update,0.3671875,67.14285714285714,0.365234375,0.001953125,0.35714285714285715
8,"Search for Nvidia news, create a report, and email it to Tom",2,create,a report,create a report,105,outlook_mail_management_search_outlook_mail,0.365234375,66.78571428571428,0.365234375,0.0,0.0
8,"Search for Nvidia news, create a report, and email it to Tom",2,create,a report,create a report,106,project_management_tools_update_work_item,0.365234375,66.78571428571428,0.365234375,0.0,0.0
8,"Search for Nvidia news, create a report, and email it to Tom",2,create,a report,create a report,107,sharepoint_tools_get_sharepoint_documents,0.365234375,66.78571428571428,0.361328125,0.00390625,0.7142857142857143
8,"Search for Nvidia news, create a report, and email it to Tom",2,create,a report,create a report,108,quest_studio_file_storage_delete_file,0.361328125,66.07142857142857,0.359375,0.001953125,0.35714285714285715
8,"Search for Nvidia news, create a report, and email it to Tom",2,create,a report,create a report,109,gmail_tools_delete_google_email,0.359375,65.71428571428571,0.359375,0.0,0.0
8,"Search for Nvidia news, create a report, and email it to Tom",2,create,a report,create a report,110,railway_tools_volume_delete,0.359375,65.71428571428571,0.357421875,0.001953125,0.35714285714285715
8,"Search for Nvidia news, create a report, and email it to Tom",2,create,a report,create a report,111,project_management_tools_list_users,0.357421875,65.35714285714286,0.353515625,0.00390625,0.7142857142857143
8,"Search for Nvidia news, create a report, and email it to Tom",2,create,a report,create a report,112,project_management_tools_list_team_members,0.353515625,64.64285714285715,0.3515625,0.001953125,0.35714285714285715
8,"Search for Nvidia news, create a report, and email it to Tom",2,create,a report,create a report,113,sharepoint_tools_get_sharepoint_sites,0.3515625,64.28571428571429,0.34765625,0.00390625,0.7142857142857143
8,"Search for Nvidia news, create a report, and email it to Tom",2,create,a report,create a report,114,project_management_tools_delete_sprint,0.34765625,63.57142857142857,0.345703125,0.001953125,0.35714285714285715
8,"Search for Nvidia news, create a report, and email it to Tom",2,create,a report,create a report,115,outlook_mail_management_find_email_address,0.345703125,63.21428571428571,0.34375,0.001953125,0.35714285714285715
8,"Search for Nvidia news, create a report, and email it to Tom",2,create,a report,create a report,116,outlook_mail_management_forward_email,0.34375,62.857142857142854,0.341796875,0.001953125,0.35714285714285715
8,"Search for Nvidia news, create a report, and email it to Tom",2,create,a report,create a report,117,project_management_tools_update_project,0.341796875,62.5,0.33203125,0.009765625,1.7857142857142856
8,"Search for Nvidia news, create a report, and email it to Tom",2,create,a report,create a report,118,github_mcp_server_delete_file,0.33203125,60.71428571428571,0.328125,0.00390625,0.7142857142857143
8,"Search for Nvidia news, create a report, and email it to Tom",2,create,a report,create a report,119,project_management_tools_delete_team,0.328125,60.0,0.32421875,0.00390625,0.7142857142857143
8,"Search for Nvidia news, create a report, and email it to Tom",2,create,a report,create a report,120,outlook_mail_management_get_email_messages,0.32421875,59.285714285714285,0.3203125,0.00390625,0.7142857142857143
8,"Search for Nvidia news, create a report, and email it to Tom",2,create,a report,create a report,121,project_management_tools_delete_project,0.3203125,58.57142857142858,0.255859375,0.064453125,11.785714285714285
8,"Search for Nvidia news, create a report, and email it to Tom",2,create,a report,create a report,122,outlook_mail_management_delete_email_message,0.255859375,46.785714285714285,,,
8,"Search for Nvidia news, create a report, and email it to Tom",3,email,it,email it to Tom,1,outlook_mail_management_compose_email,0.7109375,100.0,0.703125,0.0078125,1.098901098901099
8,"Search for Nvidia news, create a report, and email it to Tom",3,email,it,email it to Tom,2,gmail_tools_send_google_email,0.703125,98.9010989010989,0.6875,0.015625,2.197802197802198
8,"Search for Nvidia news, create a report, and email it to Tom",3,email,it,email it to Tom,3,outlook_mail_management_send_email,0.6875,96.7032967032967,0.6796875,0.0078125,1.098901098901099
8,"Search for Nvidia news, create a report, and email it to Tom",3,email,it,email it to Tom,4,outlook_mail_management_reply_to_email,0.6796875,95.6043956043956,0.6640625,0.015625,2.197802197802198
8,"Search for Nvidia news, create a report, and email it to Tom",3,email,it,email it to Tom,5,gmail_tools_reply_google_email,0.6640625,93.4065934065934,0.65234375,0.01171875,1.6483516483516485
8,"Search for Nvidia news, create a report, and email it to Tom",3,email,it,email it to Tom,6,gmail_tools_forward_google_email,0.65234375,91.75824175824175,0.640625,0.01171875,1.6483516483516485
8,"Search for Nvidia news, create a report, and email it to Tom",3,email,it,email it to Tom,7,gmail_tools_get_google_emails,0.640625,90.10989010989012,0.625,0.015625,2.197802197802198
8,"Search for Nvidia news, create a report, and email it to Tom",3,email,it,email it to Tom,8,outlook_mail_management_forward_email,0.625,87.91208791208791,0.6171875,0.0078125,1.098901098901099
8,"Search for Nvidia news, create a report, and email it to Tom",3,email,it,email it to Tom,9,gmail_tools_delete_google_email,0.6171875,86.81318681318682,0.60546875,0.01171875,1.6483516483516485
8,"Search for Nvidia news, create a report, and email it to Tom",3,email,it,email it to Tom,10,outlook_mail_management_find_email_address,0.60546875,85.16483516483517,0.60546875,0.0,0.0
8,"Search for Nvidia news, create a report, and email it to Tom",3,email,it,email it to Tom,11,outlook_mail_management_search_outlook_mail,0.60546875,85.16483516483517,0.55078125,0.0546875,7.6923076923076925
8,"Search for Nvidia news, create a report, and email it to Tom",3,email,it,email it to Tom,12,outlook_mail_management_get_email_messages,0.55078125,77.47252747252747,0.546875,0.00390625,0.5494505494505495
8,"Search for Nvidia news, create a report, and email it to Tom",3,email,it,email it to Tom,13,office_word_mcp_server_api_convert_to_pdf,0.546875,76.92307692307693,0.54296875,0.00390625,0.5494505494505495
8,"Search for Nvidia news, create a report, and email it to Tom",3,email,it,email it to Tom,14,office_word_mcp_server_api_add_picture,0.54296875,76.37362637362637,0.53125,0.01171875,1.6483516483516485
8,"Search for Nvidia news, create a report, and email it to Tom",3,email,it,email it to Tom,15,office_word_mcp_server_api_add_table,0.53125,74.72527472527473,0.53125,0.0,0.0
8,"Search for Nvidia news, create a report, and email it to Tom",3,email,it,email it to Tom,16,sharepoint_tools_create_txt_file_in_sharepoint,0.53125,74.72527472527473,0.53125,0.0,0.0
8,"Search for Nvidia news, create a report, and email it to Tom",3,email,it,email it to Tom,17,office_word_mcp_server_api_create_word_document,0.53125,74.72527472527473,0.515625,0.015625,2.197802197802198
8,"Search for Nvidia news, create a report, and email it to Tom",3,email,it,email it to Tom,18,office_word_mcp_server_api_add_paragraph,0.515625,72.52747252747253,0.515625,0.0,0.0
8,"Search for Nvidia news, create a report, and email it to Tom",3,email,it,email it to Tom,19,office_word_mcp_server_api_add_heading,0.515625,72.52747252747253,0.51171875,0.00390625,0.5494505494505495
8,"Search for Nvidia news, create a report, and email it to Tom",3,email,it,email it to Tom,20,carrot_mcp_server_api_create_employee,0.51171875,71.97802197802197,0.51171875,0.0,0.0
8,"Search for Nvidia news, create a report, and email it to Tom",3,email,it,email it to Tom,21,project_management_tools_export_sprint_to_sharepoint,0.51171875,71.97802197802197,0.5078125,0.00390625,0.5494505494505495
8,"Search for Nvidia news, create a report, and email it to Tom",3,email,it,email it to Tom,22,office_word_mcp_server_api_copy_document,0.5078125,71.42857142857143,0.50390625,0.00390625,0.5494505494505495
8,"Search for Nvidia news, create a report, and email it to Tom",3,email,it,email it to Tom,23,outlook_mail_management_delete_email_message,0.50390625,70.87912087912088,0.498046875,0.005859375,0.8241758241758242
8,"Search for Nvidia news, create a report, and email it to Tom",3,email,it,email it to Tom,24,carrot_mcp_server_api_update_employee,0.498046875,70.05494505494505,0.498046875,0.0,0.0
8,"Search for Nvidia news, create a report, and email it to Tom",3,email,it,email it to Tom,25,office_word_mcp_server_api_get_document_outline,0.498046875,70.05494505494505,0.49609375,0.001953125,0.27472527472527475
8,"Search for Nvidia news, create a report, and email it to Tom",3,email,it,email it to Tom,26,office_word_mcp_server_api_get_document_text,0.49609375,69.78021978021978,0.49609375,0.0,0.0
8,"Search for Nvidia news, create a report, and email it to Tom",3,email,it,email it to Tom,27,office_word_mcp_server_api_find_text_in_document,0.49609375,69.78021978021978,0.49609375,0.0,0.0
8,"Search for Nvidia news, create a report, and email it to Tom",3,email,it,email it to Tom,28,office_word_mcp_server_api_add_page_break,0.49609375,69.78021978021978,0.4921875,0.00390625,0.5494505494505495
8,"Search for Nvidia news, create a report, and email it to Tom",3,email,it,email it to Tom,29,office_word_mcp_server_api_get_document_xml,0.4921875,69.23076923076923,0.490234375,0.001953125,0.27472527472527475
8,"Search for Nvidia news, create a report, and email it to Tom",3,email,it,email it to Tom,30,carrot_mcp_server_api_submit_leave_application,0.490234375,68.95604395604396,0.48828125,0.001953125,0.27472527472527475
8,"Search for Nvidia news, create a report, and email it to Tom",3,email,it,email it to Tom,31,carrot_mcp_server_api_create_leave_application,0.48828125,68.68131868131869,0.48828125,0.0,0.0
8,"Search for Nvidia news, create a report, and email it to Tom",3,email,it,email it to Tom,32,office_word_mcp_server_api_get_document_info,0.48828125,68.68131868131869,0.486328125,0.001953125,0.27472527472527475
8,"Search for Nvidia news, create a report, and email it to Tom",3,email,it,email it to Tom,33,office_word_mcp_server_api_delete_document,0.486328125,68.4065934065934,0.484375,0.001953125,0.27472527472527475
8,"Search for Nvidia news, create a report, and email it to Tom",3,email,it,email it to Tom,34,office_word_mcp_server_api_search_replace,0.484375,68.13186813186813,0.482421875,0.001953125,0.27472527472527475
8,"Search for Nvidia news, create a report, and email it to Tom",3,email,it,email it to Tom,35,railway_tools_project_info,0.482421875,67.85714285714286,0.478515625,0.00390625,0.5494505494505495
8,"Search for Nvidia news, create a report, and email it to Tom",3,email,it,email it to Tom,36,railway_tools_project_environments,0.478515625,67.3076923076923,0.4765625,0.001953125,0.27472527472527475
8,"Search for Nvidia news, create a report, and email it to Tom",3,email,it,email it to Tom,37,office_word_mcp_server_api_get_paragraph_text_from_document,0.4765625,67.03296703296702,0.474609375,0.001953125,0.27472527472527475
8,"Search for Nvidia news, create a report, and email it to Tom",3,email,it,email it to Tom,38,office_word_mcp_server_api_merge_doucments,0.474609375,66.75824175824175,0.47265625,0.001953125,0.27472527472527475
8,"Search for Nvidia news, create a report, and email it to Tom",3,email,it,email it to Tom,39,carrot_mcp_server_api_get_employee,0.47265625,66.48351648351648,0.46875,0.00390625,0.5494505494505495
8,"Search for Nvidia news, create a report, and email it to Tom",3,email,it,email it to Tom,40,office_word_mcp_server_api_delete_paragraph,0.46875,65.93406593406593,0.466796875,0.001953125,0.27472527472527475
8,"Search for Nvidia news, create a report, and email it to Tom",3,email,it,email it to Tom,41,carrot_mcp_server_api_hr_dashboard_summary,0.466796875,65.65934065934066,0.46484375,0.001953125,0.27472527472527475
8,"Search for Nvidia news, create a report, and email it to Tom",3,email,it,email it to Tom,42,carrot_mcp_server_api_list_employees,0.46484375,65.38461538461539,0.4609375,0.00390625,0.5494505494505495
8,"Search for Nvidia news, create a report, and email it to Tom",3,email,it,email it to Tom,43,github_mcp_server_create_or_update_file,0.4609375,64.83516483516483,0.4609375,0.0,0.0
8,"Search for Nvidia news, create a report, and email it to Tom",3,email,it,email it to Tom,44,carrot_mcp_server_api_update_leave_application,0.4609375,64.83516483516483,0.4609375,0.0,0.0
8,"Search for Nvidia news, create a report, and email it to Tom",3,email,it,email it to Tom,45,railway_tools_project_list,0.4609375,64.83516483516483,0.458984375,0.001953125,0.27472527472527475
8,"Search for Nvidia news, create a report, and email it to Tom",3,email,it,email it to Tom,46,office_word_mcp_server_api_list_files,0.458984375,64.56043956043956,0.45703125,0.001953125,0.27472527472527475
8,"Search for Nvidia news, create a report, and email it to Tom",3,email,it,email it to Tom,47,railway_tools_service_list,0.45703125,64.28571428571429,0.45703125,0.0,0.0
8,"Search for Nvidia news, create a report, and email it to Tom",3,email,it,email it to Tom,48,project_management_tools_list_work_items,0.45703125,64.28571428571429,0.451171875,0.005859375,0.8241758241758242
8,"Search for Nvidia news, create a report, and email it to Tom",3,email,it,email it to Tom,49,github_mcp_server_pull_request_read,0.451171875,63.46153846153846,0.44921875,0.001953125,0.27472527472527475
8,"Search for Nvidia news, create a report, and email it to Tom",3,email,it,email it to Tom,50,railway_tools_project_delete,0.44921875,63.18681318681318,0.447265625,0.001953125,0.27472527472527475
8,"Search for Nvidia news, create a report, and email it to Tom",3,email,it,email it to Tom,51,railway_tools_project_create,0.447265625,62.91208791208791,0.4453125,0.001953125,0.27472527472527475
8,"Search for Nvidia news, create a report, and email it to Tom",3,email,it,email it to Tom,52,railway_tools_service_create_from_repo,0.4453125,62.637362637362635,0.4453125,0.0,0.0
8,"Search for Nvidia news, create a report, and email it to Tom",3,email,it,email it to Tom,53,quest_studio_file_storage_get_storage_usage,0.4453125,62.637362637362635,0.443359375,0.001953125,0.27472527472527475
8,"Search for Nvidia news, create a report, and email it to Tom",3,email,it,email it to Tom,54,quest_studio_file_storage_delete_file,0.443359375,62.362637362637365,0.443359375,0.0,0.0
8,"Search for Nvidia news, create a report, and email it to Tom",3,email,it,email it to Tom,55,project_management_tools_create_work_item,0.443359375,62.362637362637365,0.44140625,0.001953125,0.27472527472527475
8,"Search for Nvidia news, create a report, and email it to Tom",3,email,it,email it to Tom,56,railway_tools_service_info,0.44140625,62.08791208791209,0.44140625,0.0,0.0
8,"Search for Nvidia news, create a report, and email it to Tom",3,email,it,email it to Tom,57,carrot_mcp_server_api_log_hours_entry,0.44140625,62.08791208791209,0.44140625,0.0,0.0
8,"Search for Nvidia news, create a report, and email it to Tom",3,email,it,email it to Tom,58,project_management_tools_create_team,0.44140625,62.08791208791209,0.4375,0.00390625,0.5494505494505495
8,"Search for Nvidia news, create a report, and email it to Tom",3,email,it,email it to Tom,59,project_management_tools_assign_work_item,0.4375,61.53846153846154,0.435546875,0.001953125,0.27472527472527475
8,"Search for Nvidia news, create a report, and email it to Tom",3,email,it,email it to Tom,60,railway_tools_database_list_types,0.435546875,61.26373626373627,0.43359375,0.001953125,0.27472527472527475
8,"Search for Nvidia news, create a report, and email it to Tom",3,email,it,email it to Tom,61,project_management_tools_list_sprints,0.43359375,60.98901098901099,0.431640625,0.001953125,0.27472527472527475
8,"Search for Nvidia news, create a report, and email it to Tom",3,email,it,email it to Tom,62,carrot_mcp_server_api_list_leave_application,0.431640625,60.71428571428571,0.431640625,0.0,0.0
8,"Search for Nvidia news, create a report, and email it to Tom",3,email,it,email it to Tom,63,github_mcp_server_get_commit,0.431640625,60.71428571428571,0.431640625,0.0,0.0
8,"Search for Nvidia news, create a report, and email it to Tom",3,email,it,email it to Tom,64,project_management_tools_view_board,0.431640625,60.71428571428571,0.431640625,0.0,0.0
8,"Search for Nvidia news, create a report, and email it to Tom",3,email,it,email it to Tom,65,sharepoint_tools_get_sharepoint_documents,0.431640625,60.71428571428571,0.431640625,0.0,0.0
8,"Search for Nvidia news, create a report, and email it to Tom",3,email,it,email it to Tom,66,quest_studio_file_storage_get_file_content,0.431640625,60.71428571428571,0.4296875,0.001953125,0.27472527472527475
8,"Search for Nvidia news, create a report, and email it to Tom",3,email,it,email it to Tom,67,carrot_mcp_server_api_work_hours_summary,0.4296875,60.43956043956044,0.4296875,0.0,0.0
8,"Search for Nvidia news, create a report, and email it to Tom",3,email,it,email it to Tom,68,project_management_tools_get_team,0.4296875,60.43956043956044,0.427734375,0.001953125,0.27472527472527475
8,"Search for Nvidia news, create a report, and email it to Tom",3,email,it,email it to Tom,69,railway_tools_service_restart,0.427734375,60.16483516483516,0.427734375,0.0,0.0
8,"Search for Nvidia news, create a report, and email it to Tom",3,email,it,email it to Tom,70,github_mcp_server_create_repository,0.427734375,60.16483516483516,0.42578125,0.001953125,0.27472527472527475
8,"Search for Nvidia news, create a report, and email it to Tom",3,email,it,email it to Tom,71,project_management_tools_create_sprint,0.42578125,59.89010989010989,0.42578125,0.0,0.0
8,"Search for Nvidia news, create a report, and email it to Tom",3,email,it,email it to Tom,72,github_mcp_server_search_repositories,0.42578125,59.89010989010989,0.42578125,0.0,0.0
8,"Search for Nvidia news, create a report, and email it to Tom",3,email,it,email it to Tom,73,quest_studio_file_storage_get_file,0.42578125,59.89010989010989,0.42578125,0.0,0.0
8,"Search for Nvidia news, create a report, and email it to Tom",3,email,it,email it to Tom,74,supabase_mcp_insert_table_data,0.42578125,59.89010989010989,0.42578125,0.0,0.0
8,"Search for Nvidia news, create a report, and email it to Tom",3,email,it,email it to Tom,75,supabase_mcp_update_database_table_data,0.42578125,59.89010989010989,0.42578125,0.0,0.0
8,"Search for Nvidia news, create a report, and email it to Tom",3,email,it,email it to Tom,76,project_management_tools_list_team_members,0.42578125,59.89010989010989,0.423828125,0.001953125,0.27472527472527475
8,"Search for Nvidia news, create a report, and email it to Tom",3,email,it,email it to Tom,77,project_management_tools_add_work_item_comment,0.423828125,59.61538461538461,0.421875,0.001953125,0.27472527472527475
8,"Search for Nvidia news, create a report, and email it to Tom",3,email,it,email it to Tom,78,project_management_tools_delete_team,0.421875,59.34065934065934,0.421875,0.0,0.0
8,"Search for Nvidia news, create a report, and email it to Tom",3,email,it,email it to Tom,79,github_mcp_server_create_pull_request,0.421875,59.34065934065934,0.419921875,0.001953125,0.27472527472527475
8,"Search for Nvidia news, create a report, and email it to Tom",3,email,it,email it to Tom,80,project_management_tools_list_teams,0.419921875,59.065934065934066,0.419921875,0.0,0.0
8,"Search for Nvidia news, create a report, and email it to Tom",3,email,it,email it to Tom,81,github_mcp_server_get_me,0.419921875,59.065934065934066,0.419921875,0.0,0.0
8,"Search for Nvidia news, create a report, and email it to Tom",3,email,it,email it to Tom,82,github_mcp_server_list_commits,0.419921875,59.065934065934066,0.41796875,0.001953125,0.27472527472527475
8,"Search for Nvidia news, create a report, and email it to Tom",3,email,it,email it to Tom,83,github_mcp_server_list_pull_requests,0.41796875,58.791208791208796,0.41796875,0.0,0.0
8,"Search for Nvidia news, create a report, and email it to Tom",3,email,it,email it to Tom,84,quest_studio_file_storage_update_file,0.41796875,58.791208791208796,0.416015625,0.001953125,0.27472527472527475
8,"Search for Nvidia news, create a report, and email it to Tom",3,email,it,email it to Tom,85,project_management_tools_update_task_status,0.416015625,58.51648351648352,0.4140625,0.001953125,0.27472527472527475
8,"Search for Nvidia news, create a report, and email it to Tom",3,email,it,email it to Tom,86,project_management_tools_get_work_item_comments,0.4140625,58.24175824175825,0.4140625,0.0,0.0
8,"Search for Nvidia news, create a report, and email it to Tom",3,email,it,email it to Tom,87,project_management_tools_get_sprint,0.4140625,58.24175824175825,0.412109375,0.001953125,0.27472527472527475
8,"Search for Nvidia news, create a report, and email it to Tom",3,email,it,email it to Tom,88,railway_tools_service_update,0.412109375,57.96703296703297,0.412109375,0.0,0.0
8,"Search for Nvidia news, create a report, and email it to Tom",3,email,it,email it to Tom,89,railway_tools_service_delete,0.412109375,57.96703296703297,0.412109375,0.0,0.0
8,"Search for Nvidia news, create a report, and email it to Tom",3,email,it,email it to Tom,90,github_mcp_server_merge_pull_request,0.412109375,57.96703296703297,0.412109375,0.0,0.0
8,"Search for Nvidia news, create a report, and email it to Tom",3,email,it,email it to Tom,91,railway_tools_service_create_from_image,0.412109375,57.96703296703297,0.412109375,0.0,0.0
8,"Search for Nvidia news, create a report, and email it to Tom",3,email,it,email it to Tom,92,project_management_tools_update_work_item,0.412109375,57.96703296703297,0.41015625,0.001953125,0.27472527472527475
8,"Search for Nvidia news, create a report, and email it to Tom",3,email,it,email it to Tom,93,supabase_mcp_check_database_health,0.41015625,57.692307692307686,0.41015625,0.0,0.0
8,"Search for Nvidia news, create a report, and email it to Tom",3,email,it,email it to Tom,94,supabase_mcp_get_table_schema,0.41015625,57.692307692307686,0.408203125,0.001953125,0.27472527472527475
8,"Search for Nvidia news, create a report, and email it to Tom",3,email,it,email it to Tom,95,project_management_tools_get_user_capacity,0.408203125,57.417582417582416,0.408203125,0.0,0.0
8,"Search for Nvidia news, create a report, and email it to Tom",3,email,it,email it to Tom,96,quest_studio_file_storage_get_files,0.408203125,57.417582417582416,0.404296875,0.00390625,0.5494505494505495
8,"Search for Nvidia news, create a report, and email it to Tom",3,email,it,email it to Tom,97,github_mcp_server_get_file_contents,0.404296875,56.86813186813187,0.40234375,0.001953125,0.27472527472527475
8,"Search for Nvidia news, create a report, and email it to Tom",3,email,it,email it to Tom,98,project_management_tools_delete_work_item,0.40234375,56.59340659340659,0.400390625,0.001953125,0.27472527472527475
8,"Search for Nvidia news, create a report, and email it to Tom",3,email,it,email it to Tom,99,project_management_tools_update_user_capacity,0.400390625,56.31868131868132,0.400390625,0.0,0.0
8,"Search for Nvidia news, create a report, and email it to Tom",3,email,it,email it to Tom,100,project_management_tools_delete_sprint,0.400390625,56.31868131868132,0.3984375,0.001953125,0.27472527472527475
8,"Search for Nvidia news, create a report, and email it to Tom",3,email,it,email it to Tom,101,sharepoint_tools_get_sharepoint_sites,0.3984375,56.043956043956044,0.3984375,0.0,0.0
8,"Search for Nvidia news, create a report, and email it to Tom",3,email,it,email it to Tom,102,project_management_tools_get_work_item,0.3984375,56.043956043956044,0.396484375,0.001953125,0.27472527472527475
8,"Search for Nvidia news, create a report, and email it to Tom",3,email,it,email it to Tom,103,github_mcp_server_update_pull_request,0.396484375,55.769230769230774,0.396484375,0.0,0.0
8,"Search for Nvidia news, create a report, and email it to Tom",3,email,it,email it to Tom,104,supabase_mcp_get_database_tables,0.396484375,55.769230769230774,0.39453125,0.001953125,0.27472527472527475
8,"Search for Nvidia news, create a report, and email it to Tom",3,email,it,email it to Tom,105,github_mcp_server_create_branch,0.39453125,55.494505494505496,0.39453125,0.0,0.0
8,"Search for Nvidia news, create a report, and email it to Tom",3,email,it,email it to Tom,106,github_mcp_server_push_files,0.39453125,55.494505494505496,0.392578125,0.001953125,0.27472527472527475
8,"Search for Nvidia news, create a report, and email it to Tom",3,email,it,email it to Tom,107,github_mcp_server_list_branches,0.392578125,55.219780219780226,0.390625,0.001953125,0.27472527472527475
8,"Search for Nvidia news, create a report, and email it to Tom",3,email,it,email it to Tom,108,railway_tools_volume_delete,0.390625,54.94505494505495,0.388671875,0.001953125,0.27472527472527475
8,"Search for Nvidia news, create a report, and email it to Tom",3,email,it,email it to Tom,109,supabase_mcp_select_database_table_data,0.388671875,54.670329670329664,0.384765625,0.00390625,0.5494505494505495
8,"Search for Nvidia news, create a report, and email it to Tom",3,email,it,email it to Tom,110,supabase_mcp_get_all_supabase_projects,0.384765625,54.12087912087912,0.3828125,0.001953125,0.27472527472527475
8,"Search for Nvidia news, create a report, and email it to Tom",3,email,it,email it to Tom,111,project_management_tools_create_project,0.3828125,53.84615384615385,0.380859375,0.001953125,0.27472527472527475
8,"Search for Nvidia news, create a report, and email it to Tom",3,email,it,email it to Tom,112,github_mcp_server_delete_file,0.380859375,53.57142857142857,0.376953125,0.00390625,0.5494505494505495
8,"Search for Nvidia news, create a report, and email it to Tom",3,email,it,email it to Tom,113,railway_tools_volume_update,0.376953125,53.02197802197802,0.375,0.001953125,0.27472527472527475
8,"Search for Nvidia news, create a report, and email it to Tom",3,email,it,email it to Tom,114,web_search_tools_web_search,0.375,52.74725274725275,0.37109375,0.00390625,0.5494505494505495
8,"Search for Nvidia news, create a report, and email it to Tom",3,email,it,email it to Tom,115,railway_tools_volume_list,0.37109375,52.197802197802204,0.3671875,0.00390625,0.5494505494505495
8,"Search for Nvidia news, create a report, and email it to Tom",3,email,it,email it to Tom,116,project_management_tools_list_users,0.3671875,51.64835164835166,0.353515625,0.013671875,1.9230769230769231
8,"Search for Nvidia news, create a report, and email it to Tom",3,email,it,email it to Tom,117,railway_tools_volume_create,0.353515625,49.72527472527473,0.349609375,0.00390625,0.5494505494505495
8,"Search for Nvidia news, create a report, and email it to Tom",3,email,it,email it to Tom,118,project_management_tools_list_projects,0.349609375,49.175824175824175,0.345703125,0.00390625,0.5494505494505495
8,"Search for Nvidia news, create a report, and email it to Tom",3,email,it,email it to Tom,119,project_management_tools_get_project,0.345703125,48.62637362637363,0.33984375,0.005859375,0.8241758241758242
8,"Search for Nvidia news, create a report, and email it to Tom",3,email,it,email it to Tom,120,quest_studio_file_storage_query_files,0.33984375,47.8021978021978,0.333984375,0.005859375,0.8241758241758242
8,"Search for Nvidia news, create a report, and email it to Tom",3,email,it,email it to Tom,121,project_management_tools_update_project,0.333984375,46.97802197802198,0.330078125,0.00390625,0.5494505494505495
8,"Search for Nvidia news, create a report, and email it to Tom",3,email,it,email it to Tom,122,project_management_tools_delete_project,0.330078125,46.42857142857143,,,
9,Schedule a meeting with Tom,1,schedule,a meeting with Tom,Schedule a meeting with Tom,1,project_management_tools_create_sprint,0.55859375,100.0,0.54296875,0.015625,2.797202797202797
9,Schedule a meeting with Tom,1,schedule,a meeting with Tom,Schedule a meeting with Tom,2,project_management_tools_create_team,0.54296875,97.2027972027972,0.54296875,0.0,0.0
9,Schedule a meeting with Tom,1,schedule,a meeting with Tom,Schedule a meeting with Tom,3,carrot_mcp_server_api_create_employee,0.54296875,97.2027972027972,0.5390625,0.00390625,0.6993006993006993
9,Schedule a meeting with Tom,1,schedule,a meeting with Tom,Schedule a meeting with Tom,4,carrot_mcp_server_api_log_hours_entry,0.5390625,96.5034965034965,0.51953125,0.01953125,3.4965034965034967
9,Schedule a meeting with Tom,1,schedule,a meeting with Tom,Schedule a meeting with Tom,5,project_management_tools_list_sprints,0.51953125,93.00699300699301,0.51171875,0.0078125,1.3986013986013985
9,Schedule a meeting with Tom,1,schedule,a meeting with Tom,Schedule a meeting with Tom,6,office_word_mcp_server_api_add_table,0.51171875,91.6083916083916,0.51171875,0.0,0.0
9,Schedule a meeting with Tom,1,schedule,a meeting with Tom,Schedule a meeting with Tom,7,carrot_mcp_server_api_create_leave_application,0.51171875,91.6083916083916,0.51171875,0.0,0.0
9,Schedule a meeting with Tom,1,schedule,a meeting with Tom,Schedule a meeting with Tom,8,carrot_mcp_server_api_hr_dashboard_summary,0.51171875,91.6083916083916,0.5078125,0.00390625,0.6993006993006993
9,Schedule a meeting with Tom,1,schedule,a meeting with Tom,Schedule a meeting with Tom,9,office_word_mcp_server_api_create_word_document,0.5078125,90.9090909090909,0.5078125,0.0,0.0
9,Schedule a meeting with Tom,1,schedule,a meeting with Tom,Schedule a meeting with Tom,10,project_management_tools_update_user_capacity,0.5078125,90.9090909090909,0.5078125,0.0,0.0
9,Schedule a meeting with Tom,1,schedule,a meeting with Tom,Schedule a meeting with Tom,11,office_word_mcp_server_api_add_heading,0.5078125,90.9090909090909,0.50390625,0.00390625,0.6993006993006993
9,Schedule a meeting with Tom,1,schedule,a meeting with Tom,Schedule a meeting with Tom,12,railway_tools_project_create,0.50390625,90.20979020979021,0.50390625,0.0,0.0
9,Schedule a meeting with Tom,1,schedule,a meeting with Tom,Schedule a meeting with Tom,13,gmail_tools_send_google_email,0.50390625,90.20979020979021,0.498046875,0.005859375,1.048951048951049
9,Schedule a meeting with Tom,1,schedule,a meeting with Tom,Schedule a meeting with Tom,14,railway_tools_service_create_from_repo,0.498046875,89.16083916083916,0.498046875,0.0,0.0
9,Schedule a meeting with Tom,1,schedule,a meeting with Tom,Schedule a meeting with Tom,15,project_management_tools_get_user_capacity,0.498046875,89.16083916083916,0.49609375,0.001953125,0.34965034965034963
9,Schedule a meeting with Tom,1,schedule,a meeting with Tom,Schedule a meeting with Tom,16,project_management_tools_get_sprint,0.49609375,88.81118881118881,0.49609375,0.0,0.0
9,Schedule a meeting with Tom,1,schedule,a meeting with Tom,Schedule a meeting with Tom,17,carrot_mcp_server_api_work_hours_summary,0.49609375,88.81118881118881,0.49609375,0.0,0.0
9,Schedule a meeting with Tom,1,schedule,a meeting with Tom,Schedule a meeting with Tom,18,project_management_tools_list_work_items,0.49609375,88.81118881118881,0.494140625,0.001953125,0.34965034965034963
9,Schedule a meeting with Tom,1,schedule,a meeting with Tom,Schedule a meeting with Tom,19,project_management_tools_delete_team,0.494140625,88.46153846153845,0.494140625,0.0,0.0
9,Schedule a meeting with Tom,1,schedule,a meeting with Tom,Schedule a meeting with Tom,20,project_management_tools_delete_sprint,0.494140625,88.46153846153845,0.494140625,0.0,0.0
9,Schedule a meeting with Tom,1,schedule,a meeting with Tom,Schedule a meeting with Tom,21,carrot_mcp_server_api_submit_leave_application,0.494140625,88.46153846153845,0.4921875,0.001953125,0.34965034965034963
9,Schedule a meeting with Tom,1,schedule,a meeting with Tom,Schedule a meeting with Tom,22,railway_tools_service_info,0.4921875,88.11188811188812,0.490234375,0.001953125,0.34965034965034963
9,Schedule a meeting with Tom,1,schedule,a meeting with Tom,Schedule a meeting with Tom,23,railway_tools_project_info,0.490234375,87.76223776223776,0.490234375,0.0,0.0
9,Schedule a meeting with Tom,1,schedule,a meeting with Tom,Schedule a meeting with Tom,24,office_word_mcp_server_api_add_paragraph,0.490234375,87.76223776223776,0.48828125,0.001953125,0.34965034965034963
9,Schedule a meeting with Tom,1,schedule,a meeting with Tom,Schedule a meeting with Tom,25,office_word_mcp_server_api_add_picture,0.48828125,87.41258741258741,0.486328125,0.001953125,0.34965034965034963
9,Schedule a meeting with Tom,1,schedule,a meeting with Tom,Schedule a meeting with Tom,26,project_management_tools_create_work_item,0.486328125,87.06293706293707,0.486328125,0.0,0.0
9,Schedule a meeting with Tom,1,schedule,a meeting with Tom,Schedule a meeting with Tom,27,project_management_tools_get_team,0.486328125,87.06293706293707,0.482421875,0.00390625,0.6993006993006993
9,Schedule a meeting with Tom,1,schedule,a meeting with Tom,Schedule a meeting with Tom,28,project_management_tools_export_sprint_to_sharepoint,0.482421875,86.36363636363636,0.482421875,0.0,0.0
9,Schedule a meeting with Tom,1,schedule,a meeting with Tom,Schedule a meeting with Tom,29,project_management_tools_list_team_members,0.482421875,86.36363636363636,0.48046875,0.001953125,0.34965034965034963
9,Schedule a meeting with Tom,1,schedule,a meeting with Tom,Schedule a meeting with Tom,30,project_management_tools_view_board,0.48046875,86.01398601398601,0.48046875,0.0,0.0
9,Schedule a meeting with Tom,1,schedule,a meeting with Tom,Schedule a meeting with Tom,31,office_word_mcp_server_api_convert_to_pdf,0.48046875,86.01398601398601,0.478515625,0.001953125,0.34965034965034963
9,Schedule a meeting with Tom,1,schedule,a meeting with Tom,Schedule a meeting with Tom,32,railway_tools_service_list,0.478515625,85.66433566433567,0.478515625,0.0,0.0
9,Schedule a meeting with Tom,1,schedule,a meeting with Tom,Schedule a meeting with Tom,33,sharepoint_tools_create_txt_file_in_sharepoint,0.478515625,85.66433566433567,0.478515625,0.0,0.0
9,Schedule a meeting with Tom,1,schedule,a meeting with Tom,Schedule a meeting with Tom,34,gmail_tools_forward_google_email,0.478515625,85.66433566433567,0.478515625,0.0,0.0
9,Schedule a meeting with Tom,1,schedule,a meeting with Tom,Schedule a meeting with Tom,35,project_management_tools_list_teams,0.478515625,85.66433566433567,0.474609375,0.00390625,0.6993006993006993
9,Schedule a meeting with Tom,1,schedule,a meeting with Tom,Schedule a meeting with Tom,36,railway_tools_service_create_from_image,0.474609375,84.96503496503497,0.474609375,0.0,0.0
9,Schedule a meeting with Tom,1,schedule,a meeting with Tom,Schedule a meeting with Tom,37,office_word_mcp_server_api_merge_doucments,0.474609375,84.96503496503497,0.47265625,0.001953125,0.34965034965034963
9,Schedule a meeting with Tom,1,schedule,a meeting with Tom,Schedule a meeting with Tom,38,outlook_mail_management_compose_email,0.47265625,84.61538461538461,0.470703125,0.001953125,0.34965034965034963
9,Schedule a meeting with Tom,1,schedule,a meeting with Tom,Schedule a meeting with Tom,39,railway_tools_service_delete,0.470703125,84.26573426573427,0.470703125,0.0,0.0
9,Schedule a meeting with Tom,1,schedule,a meeting with Tom,Schedule a meeting with Tom,40,railway_tools_database_list_types,0.470703125,84.26573426573427,0.46875,0.001953125,0.34965034965034963
9,Schedule a meeting with Tom,1,schedule,a meeting with Tom,Schedule a meeting with Tom,41,carrot_mcp_server_api_get_employee,0.46875,83.91608391608392,0.46875,0.0,0.0
9,Schedule a meeting with Tom,1,schedule,a meeting with Tom,Schedule a meeting with Tom,42,project_management_tools_assign_work_item,0.46875,83.91608391608392,0.46875,0.0,0.0
9,Schedule a meeting with Tom,1,schedule,a meeting with Tom,Schedule a meeting with Tom,43,office_word_mcp_server_api_find_text_in_document,0.46875,83.91608391608392,0.466796875,0.001953125,0.34965034965034963
9,Schedule a meeting with Tom,1,schedule,a meeting with Tom,Schedule a meeting with Tom,44,carrot_mcp_server_api_update_employee,0.466796875,83.56643356643356,0.466796875,0.0,0.0
9,Schedule a meeting with Tom,1,schedule,a meeting with Tom,Schedule a meeting with Tom,45,railway_tools_project_delete,0.466796875,83.56643356643356,0.466796875,0.0,0.0
9,Schedule a meeting with Tom,1,schedule,a meeting with Tom,Schedule a meeting with Tom,46,gmail_tools_reply_google_email,0.466796875,83.56643356643356,0.46484375,0.001953125,0.34965034965034963
9,Schedule a meeting with Tom,1,schedule,a meeting with Tom,Schedule a meeting with Tom,47,railway_tools_service_update,0.46484375,83.21678321678321,0.46484375,0.0,0.0
9,Schedule a meeting with Tom,1,schedule,a meeting with Tom,Schedule a meeting with Tom,48,supabase_mcp_check_database_health,0.46484375,83.21678321678321,0.462890625,0.001953125,0.34965034965034963
9,Schedule a meeting with Tom,1,schedule,a meeting with Tom,Schedule a meeting with Tom,49,carrot_mcp_server_api_list_employees,0.462890625,82.86713286713287,0.462890625,0.0,0.0
9,Schedule a meeting with Tom,1,schedule,a meeting with Tom,Schedule a meeting with Tom,50,railway_tools_project_list,0.462890625,82.86713286713287,0.462890625,0.0,0.0
9,Schedule a meeting with Tom,1,schedule,a meeting with Tom,Schedule a meeting with Tom,51,github_mcp_server_create_repository,0.462890625,82.86713286713287,0.462890625,0.0,0.0
9,Schedule a meeting with Tom,1,schedule,a meeting with Tom,Schedule a meeting with Tom,52,gmail_tools_delete_google_email,0.462890625,82.86713286713287,0.462890625,0.0,0.0
9,Schedule a meeting with Tom,1,schedule,a meeting with Tom,Schedule a meeting with Tom,53,railway_tools_service_restart,0.462890625,82.86713286713287,0.462890625,0.0,0.0
9,Schedule a meeting with Tom,1,schedule,a meeting with Tom,Schedule a meeting with Tom,54,outlook_mail_management_find_email_address,0.462890625,82.86713286713287,0.4609375,0.001953125,0.34965034965034963
9,Schedule a meeting with Tom,1,schedule,a meeting with Tom,Schedule a meeting with Tom,55,carrot_mcp_server_api_update_leave_application,0.4609375,82.51748251748252,0.4609375,0.0,0.0
9,Schedule a meeting with Tom,1,schedule,a meeting with Tom,Schedule a meeting with Tom,56,office_word_mcp_server_api_add_page_break,0.4609375,82.51748251748252,0.4609375,0.0,0.0
9,Schedule a meeting with Tom,1,schedule,a meeting with Tom,Schedule a meeting with Tom,57,supabase_mcp_insert_table_data,0.4609375,82.51748251748252,0.455078125,0.005859375,1.048951048951049
9,Schedule a meeting with Tom,1,schedule,a meeting with Tom,Schedule a meeting with Tom,58,github_mcp_server_search_repositories,0.455078125,81.46853146853147,0.455078125,0.0,0.0
9,Schedule a meeting with Tom,1,schedule,a meeting with Tom,Schedule a meeting with Tom,59,gmail_tools_get_google_emails,0.455078125,81.46853146853147,0.455078125,0.0,0.0
9,Schedule a meeting with Tom,1,schedule,a meeting with Tom,Schedule a meeting with Tom,60,quest_studio_file_storage_get_storage_usage,0.455078125,81.46853146853147,0.453125,0.001953125,0.34965034965034963
9,Schedule a meeting with Tom,1,schedule,a meeting with Tom,Schedule a meeting with Tom,61,office_word_mcp_server_api_get_document_outline,0.453125,81.11888111888112,0.453125,0.0,0.0
9,Schedule a meeting with Tom,1,schedule,a meeting with Tom,Schedule a meeting with Tom,62,supabase_mcp_update_database_table_data,0.453125,81.11888111888112,0.451171875,0.001953125,0.34965034965034963
9,Schedule a meeting with Tom,1,schedule,a meeting with Tom,Schedule a meeting with Tom,63,office_word_mcp_server_api_copy_document,0.451171875,80.76923076923077,0.451171875,0.0,0.0
9,Schedule a meeting with Tom,1,schedule,a meeting with Tom,Schedule a meeting with Tom,64,github_mcp_server_create_or_update_file,0.451171875,80.76923076923077,0.44921875,0.001953125,0.34965034965034963
9,Schedule a meeting with Tom,1,schedule,a meeting with Tom,Schedule a meeting with Tom,65,railway_tools_project_environments,0.44921875,80.41958041958041,0.44921875,0.0,0.0
9,Schedule a meeting with Tom,1,schedule,a meeting with Tom,Schedule a meeting with Tom,66,supabase_mcp_get_table_schema,0.44921875,80.41958041958041,0.447265625,0.001953125,0.34965034965034963
9,Schedule a meeting with Tom,1,schedule,a meeting with Tom,Schedule a meeting with Tom,67,office_word_mcp_server_api_search_replace,0.447265625,80.06993006993007,0.443359375,0.00390625,0.6993006993006993
9,Schedule a meeting with Tom,1,schedule,a meeting with Tom,Schedule a meeting with Tom,68,github_mcp_server_merge_pull_request,0.443359375,79.37062937062937,0.443359375,0.0,0.0
9,Schedule a meeting with Tom,1,schedule,a meeting with Tom,Schedule a meeting with Tom,69,office_word_mcp_server_api_delete_document,0.443359375,79.37062937062937,0.443359375,0.0,0.0
9,Schedule a meeting with Tom,1,schedule,a meeting with Tom,Schedule a meeting with Tom,70,supabase_mcp_get_database_tables,0.443359375,79.37062937062937,0.443359375,0.0,0.0
9,Schedule a meeting with Tom,1,schedule,a meeting with Tom,Schedule a meeting with Tom,71,outlook_mail_management_forward_email,0.443359375,79.37062937062937,0.443359375,0.0,0.0
9,Schedule a meeting with Tom,1,schedule,a meeting with Tom,Schedule a meeting with Tom,72,railway_tools_volume_delete,0.443359375,79.37062937062937,0.44140625,0.001953125,0.34965034965034963
9,Schedule a meeting with Tom,1,schedule,a meeting with Tom,Schedule a meeting with Tom,73,github_mcp_server_get_me,0.44140625,79.02097902097903,0.439453125,0.001953125,0.34965034965034963
9,Schedule a meeting with Tom,1,schedule,a meeting with Tom,Schedule a meeting with Tom,74,office_word_mcp_server_api_list_files,0.439453125,78.67132867132867,0.439453125,0.0,0.0
9,Schedule a meeting with Tom,1,schedule,a meeting with Tom,Schedule a meeting with Tom,75,railway_tools_volume_create,0.439453125,78.67132867132867,0.4375,0.001953125,0.34965034965034963
9,Schedule a meeting with Tom,1,schedule,a meeting with Tom,Schedule a meeting with Tom,76,project_management_tools_create_project,0.4375,78.32167832167832,0.4375,0.0,0.0
9,Schedule a meeting with Tom,1,schedule,a meeting with Tom,Schedule a meeting with Tom,77,project_management_tools_update_work_item,0.4375,78.32167832167832,0.4375,0.0,0.0
9,Schedule a meeting with Tom,1,schedule,a meeting with Tom,Schedule a meeting with Tom,78,office_word_mcp_server_api_get_document_info,0.4375,78.32167832167832,0.435546875,0.001953125,0.34965034965034963
9,Schedule a meeting with Tom,1,schedule,a meeting with Tom,Schedule a meeting with Tom,79,office_word_mcp_server_api_delete_paragraph,0.435546875,77.97202797202797,0.435546875,0.0,0.0
9,Schedule a meeting with Tom,1,schedule,a meeting with Tom,Schedule a meeting with Tom,80,github_mcp_server_pull_request_read,0.435546875,77.97202797202797,0.435546875,0.0,0.0
9,Schedule a meeting with Tom,1,schedule,a meeting with Tom,Schedule a meeting with Tom,81,github_mcp_server_get_commit,0.435546875,77.97202797202797,0.435546875,0.0,0.0
9,Schedule a meeting with Tom,1,schedule,a meeting with Tom,Schedule a meeting with Tom,82,outlook_mail_management_search_outlook_mail,0.435546875,77.97202797202797,0.435546875,0.0,0.0
9,Schedule a meeting with Tom,1,schedule,a meeting with Tom,Schedule a meeting with Tom,83,outlook_mail_management_send_email,0.435546875,77.97202797202797,0.43359375,0.001953125,0.34965034965034963
9,Schedule a meeting with Tom,1,schedule,a meeting with Tom,Schedule a meeting with Tom,84,quest_studio_file_storage_get_files,0.43359375,77.62237762237763,0.431640625,0.001953125,0.34965034965034963
9,Schedule a meeting with Tom,1,schedule,a meeting with Tom,Schedule a meeting with Tom,85,office_word_mcp_server_api_get_document_text,0.431640625,77.27272727272727,0.431640625,0.0,0.0
9,Schedule a meeting with Tom,1,schedule,a meeting with Tom,Schedule a meeting with Tom,86,office_word_mcp_server_api_get_paragraph_text_from_document,0.431640625,77.27272727272727,0.431640625,0.0,0.0
9,Schedule a meeting with Tom,1,schedule,a meeting with Tom,Schedule a meeting with Tom,87,github_mcp_server_create_pull_request,0.431640625,77.27272727272727,0.427734375,0.00390625,0.6993006993006993
9,Schedule a meeting with Tom,1,schedule,a meeting with Tom,Schedule a meeting with Tom,88,project_management_tools_add_work_item_comment,0.427734375,76.57342657342657,0.427734375,0.0,0.0
9,Schedule a meeting with Tom,1,schedule,a meeting with Tom,Schedule a meeting with Tom,89,project_management_tools_delete_work_item,0.427734375,76.57342657342657,0.427734375,0.0,0.0
9,Schedule a meeting with Tom,1,schedule,a meeting with Tom,Schedule a meeting with Tom,90,quest_studio_file_storage_get_file,0.427734375,76.57342657342657,0.427734375,0.0,0.0
9,Schedule a meeting with Tom,1,schedule,a meeting with Tom,Schedule a meeting with Tom,91,quest_studio_file_storage_delete_file,0.427734375,76.57342657342657,0.427734375,0.0,0.0
9,Schedule a meeting with Tom,1,schedule,a meeting with Tom,Schedule a meeting with Tom,92,supabase_mcp_get_all_supabase_projects,0.427734375,76.57342657342657,0.42578125,0.001953125,0.34965034965034963
9,Schedule a meeting with Tom,1,schedule,a meeting with Tom,Schedule a meeting with Tom,93,outlook_mail_management_reply_to_email,0.42578125,76.22377622377621,0.42578125,0.0,0.0
9,Schedule a meeting with Tom,1,schedule,a meeting with Tom,Schedule a meeting with Tom,94,carrot_mcp_server_api_list_leave_application,0.42578125,76.22377622377621,0.42578125,0.0,0.0
9,Schedule a meeting with Tom,1,schedule,a meeting with Tom,Schedule a meeting with Tom,95,project_management_tools_get_work_item,0.42578125,76.22377622377621,0.419921875,0.005859375,1.048951048951049
9,Schedule a meeting with Tom,1,schedule,a meeting with Tom,Schedule a meeting with Tom,96,project_management_tools_update_task_status,0.419921875,75.17482517482517,0.419921875,0.0,0.0
9,Schedule a meeting with Tom,1,schedule,a meeting with Tom,Schedule a meeting with Tom,97,quest_studio_file_storage_update_file,0.419921875,75.17482517482517,0.419921875,0.0,0.0
9,Schedule a meeting with Tom,1,schedule,a meeting with Tom,Schedule a meeting with Tom,98,supabase_mcp_select_database_table_data,0.419921875,75.17482517482517,0.41796875,0.001953125,0.34965034965034963
9,Schedule a meeting with Tom,1,schedule,a meeting with Tom,Schedule a meeting with Tom,99,github_mcp_server_create_branch,0.41796875,74.82517482517483,0.416015625,0.001953125,0.34965034965034963
9,Schedule a meeting with Tom,1,schedule,a meeting with Tom,Schedule a meeting with Tom,100,railway_tools_volume_list,0.416015625,74.47552447552448,0.4140625,0.001953125,0.34965034965034963
9,Schedule a meeting with Tom,1,schedule,a meeting with Tom,Schedule a meeting with Tom,101,office_word_mcp_server_api_get_document_xml,0.4140625,74.12587412587412,0.41015625,0.00390625,0.6993006993006993
9,Schedule a meeting with Tom,1,schedule,a meeting with Tom,Schedule a meeting with Tom,102,railway_tools_volume_update,0.41015625,73.42657342657343,0.404296875,0.005859375,1.048951048951049
9,Schedule a meeting with Tom,1,schedule,a meeting with Tom,Schedule a meeting with Tom,103,sharepoint_tools_get_sharepoint_sites,0.404296875,72.37762237762237,0.40234375,0.001953125,0.34965034965034963
9,Schedule a meeting with Tom,1,schedule,a meeting with Tom,Schedule a meeting with Tom,104,github_mcp_server_list_commits,0.40234375,72.02797202797203,0.3984375,0.00390625,0.6993006993006993
9,Schedule a meeting with Tom,1,schedule,a meeting with Tom,Schedule a meeting with Tom,105,github_mcp_server_list_branches,0.3984375,71.32867132867133,0.3984375,0.0,0.0
9,Schedule a meeting with Tom,1,schedule,a meeting with Tom,Schedule a meeting with Tom,106,github_mcp_server_list_pull_requests,0.3984375,71.32867132867133,0.396484375,0.001953125,0.34965034965034963
9,Schedule a meeting with Tom,1,schedule,a meeting with Tom,Schedule a meeting with Tom,107,quest_studio_file_storage_get_file_content,0.396484375,70.97902097902097,0.39453125,0.001953125,0.34965034965034963
9,Schedule a meeting with Tom,1,schedule,a meeting with Tom,Schedule a meeting with Tom,108,github_mcp_server_update_pull_request,0.39453125,70.62937062937063,0.392578125,0.001953125,0.34965034965034963
9,Schedule a meeting with Tom,1,schedule,a meeting with Tom,Schedule a meeting with Tom,109,project_management_tools_list_users,0.392578125,70.27972027972028,0.390625,0.001953125,0.34965034965034963
9,Schedule a meeting with Tom,1,schedule,a meeting with Tom,Schedule a meeting with Tom,110,project_management_tools_get_work_item_comments,0.390625,69.93006993006993,0.38671875,0.00390625,0.6993006993006993
9,Schedule a meeting with Tom,1,schedule,a meeting with Tom,Schedule a meeting with Tom,111,web_search_tools_web_search,0.38671875,69.23076923076923,0.380859375,0.005859375,1.048951048951049
9,Schedule a meeting with Tom,1,schedule,a meeting with Tom,Schedule a meeting with Tom,112,project_management_tools_get_project,0.380859375,68.18181818181817,0.376953125,0.00390625,0.6993006993006993
9,Schedule a meeting with Tom,1,schedule,a meeting with Tom,Schedule a meeting with Tom,113,github_mcp_server_push_files,0.376953125,67.48251748251748,0.376953125,0.0,0.0
9,Schedule a meeting with Tom,1,schedule,a meeting with Tom,Schedule a meeting with Tom,114,project_management_tools_list_projects,0.376953125,67.48251748251748,0.37109375,0.005859375,1.048951048951049
9,Schedule a meeting with Tom,1,schedule,a meeting with Tom,Schedule a meeting with Tom,115,sharepoint_tools_get_sharepoint_documents,0.37109375,66.43356643356644,0.369140625,0.001953125,0.34965034965034963
9,Schedule a meeting with Tom,1,schedule,a meeting with Tom,Schedule a meeting with Tom,116,github_mcp_server_get_file_contents,0.369140625,66.08391608391608,0.369140625,0.0,0.0
9,Schedule a meeting with Tom,1,schedule,a meeting with Tom,Schedule a meeting with Tom,117,github_mcp_server_delete_file,0.369140625,66.08391608391608,0.365234375,0.00390625,0.6993006993006993
9,Schedule a meeting with Tom,1,schedule,a meeting with Tom,Schedule a meeting with Tom,118,project_management_tools_update_project,0.365234375,65.38461538461539,0.365234375,0.0,0.0
9,Schedule a meeting with Tom,1,schedule,a meeting with Tom,Schedule a meeting with Tom,119,outlook_mail_management_delete_email_message,0.365234375,65.38461538461539,0.36328125,0.001953125,0.34965034965034963
9,Schedule a meeting with Tom,1,schedule,a meeting with Tom,Schedule a meeting with Tom,120,project_management_tools_delete_project,0.36328125,65.03496503496503,0.33984375,0.0234375,4.195804195804196
9,Schedule a meeting with Tom,1,schedule,a meeting with Tom,Schedule a meeting with Tom,121,outlook_mail_management_get_email_messages,0.33984375,60.83916083916085,0.33203125,0.0078125,1.3986013986013985
9,Schedule a meeting with Tom,1,schedule,a meeting with Tom,Schedule a meeting with Tom,122,quest_studio_file_storage_query_files,0.33203125,59.44055944055944,,,
10,Get my leave applications,1,get,my leave applications,Get my leave applications,1,carrot_mcp_server_api_list_leave_application,0.8984375,100.0,0.83203125,0.06640625,7.391304347826087
10,Get my leave applications,1,get,my leave applications,Get my leave applications,2,carrot_mcp_server_api_update_leave_application,0.83203125,92.6086956521739,0.828125,0.00390625,0.43478260869565216
10,Get my leave applications,1,get,my leave applications,Get my leave applications,3,carrot_mcp_server_api_create_leave_application,0.828125,92.17391304347827,0.81640625,0.01171875,1.3043478260869565
10,Get my leave applications,1,get,my leave applications,Get my leave applications,4,carrot_mcp_server_api_submit_leave_application,0.81640625,90.8695652173913,0.65625,0.16015625,17.82608695652174
10,Get my leave applications,1,get,my leave applications,Get my leave applications,5,carrot_mcp_server_api_hr_dashboard_summary,0.65625,73.04347826086956,0.6328125,0.0234375,2.608695652173913
10,Get my leave applications,1,get,my leave applications,Get my leave applications,6,carrot_mcp_server_api_list_employees,0.6328125,70.43478260869566,0.59375,0.0390625,4.3478260869565215
10,Get my leave applications,1,get,my leave applications,Get my leave applications,7,carrot_mcp_server_api_get_employee,0.59375,66.08695652173913,0.5625,0.03125,3.4782608695652173
10,Get my leave applications,1,get,my leave applications,Get my leave applications,8,office_word_mcp_server_api_list_files,0.5625,62.60869565217392,0.5625,0.0,0.0
10,Get my leave applications,1,get,my leave applications,Get my leave applications,9,carrot_mcp_server_api_work_hours_summary,0.5625,62.60869565217392,0.5546875,0.0078125,0.8695652173913043
10,Get my leave applications,1,get,my leave applications,Get my leave applications,10,project_management_tools_list_work_items,0.5546875,61.73913043478261,0.546875,0.0078125,0.8695652173913043
10,Get my leave applications,1,get,my leave applications,Get my leave applications,11,railway_tools_project_list,0.546875,60.86956521739131,0.546875,0.0,0.0
10,Get my leave applications,1,get,my leave applications,Get my leave applications,12,quest_studio_file_storage_get_files,0.546875,60.86956521739131,0.5390625,0.0078125,0.8695652173913043
10,Get my leave applications,1,get,my leave applications,Get my leave applications,13,carrot_mcp_server_api_update_employee,0.5390625,60.0,0.53125,0.0078125,0.8695652173913043
10,Get my leave applications,1,get,my leave applications,Get my leave applications,14,project_management_tools_list_users,0.53125,59.130434782608695,0.52734375,0.00390625,0.43478260869565216
10,Get my leave applications,1,get,my leave applications,Get my leave applications,15,railway_tools_project_info,0.52734375,58.69565217391305,0.52734375,0.0,0.0
10,Get my leave applications,1,get,my leave applications,Get my leave applications,16,railway_tools_service_info,0.52734375,58.69565217391305,0.52734375,0.0,0.0
10,Get my leave applications,1,get,my leave applications,Get my leave applications,17,railway_tools_project_delete,0.52734375,58.69565217391305,0.51953125,0.0078125,0.8695652173913043
10,Get my leave applications,1,get,my leave applications,Get my leave applications,18,railway_tools_service_list,0.51953125,57.826086956521735,0.51953125,0.0,0.0
10,Get my leave applications,1,get,my leave applications,Get my leave applications,19,quest_studio_file_storage_get_storage_usage,0.51953125,57.826086956521735,0.51953125,0.0,0.0
10,Get my leave applications,1,get,my leave applications,Get my leave applications,20,project_management_tools_list_projects,0.51953125,57.826086956521735,0.51171875,0.0078125,0.8695652173913043
10,Get my leave applications,1,get,my leave applications,Get my leave applications,21,carrot_mcp_server_api_create_employee,0.51171875,56.95652173913044,0.51171875,0.0,0.0
10,Get my leave applications,1,get,my leave applications,Get my leave applications,22,project_management_tools_view_board,0.51171875,56.95652173913044,0.5078125,0.00390625,0.43478260869565216
10,Get my leave applications,1,get,my leave applications,Get my leave applications,23,railway_tools_project_environments,0.5078125,56.52173913043478,0.50390625,0.00390625,0.43478260869565216
10,Get my leave applications,1,get,my leave applications,Get my leave applications,24,supabase_mcp_select_database_table_data,0.50390625,56.086956521739125,0.5,0.00390625,0.43478260869565216
10,Get my leave applications,1,get,my leave applications,Get my leave applications,25,gmail_tools_get_google_emails,0.5,55.65217391304348,0.49609375,0.00390625,0.43478260869565216
10,Get my leave applications,1,get,my leave applications,Get my leave applications,26,supabase_mcp_get_all_supabase_projects,0.49609375,55.21739130434783,0.494140625,0.001953125,0.21739130434782608
10,Get my leave applications,1,get,my leave applications,Get my leave applications,27,project_management_tools_list_team_members,0.494140625,55.00000000000001,0.4921875,0.001953125,0.21739130434782608
10,Get my leave applications,1,get,my leave applications,Get my leave applications,28,carrot_mcp_server_api_log_hours_entry,0.4921875,54.78260869565217,0.48828125,0.00390625,0.43478260869565216
10,Get my leave applications,1,get,my leave applications,Get my leave applications,29,railway_tools_service_delete,0.48828125,54.347826086956516,0.48828125,0.0,0.0
10,Get my leave applications,1,get,my leave applications,Get my leave applications,30,sharepoint_tools_get_sharepoint_sites,0.48828125,54.347826086956516,0.486328125,0.001953125,0.21739130434782608
10,Get my leave applications,1,get,my leave applications,Get my leave applications,31,project_management_tools_list_teams,0.486328125,54.130434782608695,0.482421875,0.00390625,0.43478260869565216
10,Get my leave applications,1,get,my leave applications,Get my leave applications,32,supabase_mcp_get_database_tables,0.482421875,53.69565217391305,0.478515625,0.00390625,0.43478260869565216
10,Get my leave applications,1,get,my leave applications,Get my leave applications,33,outlook_mail_management_get_email_messages,0.478515625,53.2608695652174,0.474609375,0.00390625,0.43478260869565216
10,Get my leave applications,1,get,my leave applications,Get my leave applications,34,project_management_tools_get_user_capacity,0.474609375,52.826086956521735,0.474609375,0.0,0.0
10,Get my leave applications,1,get,my leave applications,Get my leave applications,35,railway_tools_database_list_types,0.474609375,52.826086956521735,0.47265625,0.001953125,0.21739130434782608
10,Get my leave applications,1,get,my leave applications,Get my leave applications,36,railway_tools_volume_list,0.47265625,52.60869565217391,0.47265625,0.0,0.0
10,Get my leave applications,1,get,my leave applications,Get my leave applications,37,office_word_mcp_server_api_delete_document,0.47265625,52.60869565217391,0.47265625,0.0,0.0
10,Get my leave applications,1,get,my leave applications,Get my leave applications,38,quest_studio_file_storage_get_file,0.47265625,52.60869565217391,0.46875,0.00390625,0.43478260869565216
10,Get my leave applications,1,get,my leave applications,Get my leave applications,39,github_mcp_server_list_pull_requests,0.46875,52.17391304347826,0.466796875,0.001953125,0.21739130434782608
10,Get my leave applications,1,get,my leave applications,Get my leave applications,40,sharepoint_tools_get_sharepoint_documents,0.466796875,51.95652173913044,0.466796875,0.0,0.0
10,Get my leave applications,1,get,my leave applications,Get my leave applications,41,quest_studio_file_storage_query_files,0.466796875,51.95652173913044,0.46484375,0.001953125,0.21739130434782608
10,Get my leave applications,1,get,my leave applications,Get my leave applications,42,railway_tools_volume_delete,0.46484375,51.73913043478261,0.462890625,0.001953125,0.21739130434782608
10,Get my leave applications,1,get,my leave applications,Get my leave applications,43,railway_tools_project_create,0.462890625,51.52173913043478,0.462890625,0.0,0.0
10,Get my leave applications,1,get,my leave applications,Get my leave applications,44,quest_studio_file_storage_delete_file,0.462890625,51.52173913043478,0.4609375,0.001953125,0.21739130434782608
10,Get my leave applications,1,get,my leave applications,Get my leave applications,45,project_management_tools_list_sprints,0.4609375,51.30434782608696,0.458984375,0.001953125,0.21739130434782608
10,Get my leave applications,1,get,my leave applications,Get my leave applications,46,github_mcp_server_list_commits,0.458984375,51.08695652173913,0.453125,0.005859375,0.6521739130434783
10,Get my leave applications,1,get,my leave applications,Get my leave applications,47,project_management_tools_get_team,0.453125,50.43478260869565,0.453125,0.0,0.0
10,Get my leave applications,1,get,my leave applications,Get my leave applications,48,supabase_mcp_check_database_health,0.453125,50.43478260869565,0.453125,0.0,0.0
10,Get my leave applications,1,get,my leave applications,Get my leave applications,49,github_mcp_server_list_branches,0.453125,50.43478260869565,0.451171875,0.001953125,0.21739130434782608
10,Get my leave applications,1,get,my leave applications,Get my leave applications,50,github_mcp_server_get_me,0.451171875,50.21739130434783,0.44921875,0.001953125,0.21739130434782608
10,Get my leave applications,1,get,my leave applications,Get my leave applications,51,office_word_mcp_server_api_get_document_outline,0.44921875,50.0,0.447265625,0.001953125,0.21739130434782608
10,Get my leave applications,1,get,my leave applications,Get my leave applications,52,outlook_mail_management_search_outlook_mail,0.447265625,49.78260869565217,0.4453125,0.001953125,0.21739130434782608
10,Get my leave applications,1,get,my leave applications,Get my leave applications,53,office_word_mcp_server_api_get_document_info,0.4453125,49.56521739130435,0.44140625,0.00390625,0.43478260869565216
10,Get my leave applications,1,get,my leave applications,Get my leave applications,54,supabase_mcp_get_table_schema,0.44140625,49.130434782608695,0.439453125,0.001953125,0.21739130434782608
10,Get my leave applications,1,get,my leave applications,Get my leave applications,55,github_mcp_server_pull_request_read,0.439453125,48.91304347826087,0.4375,0.001953125,0.21739130434782608
10,Get my leave applications,1,get,my leave applications,Get my leave applications,56,project_management_tools_get_work_item_comments,0.4375,48.69565217391305,0.435546875,0.001953125,0.21739130434782608
10,Get my leave applications,1,get,my leave applications,Get my leave applications,57,office_word_mcp_server_api_get_document_xml,0.435546875,48.47826086956522,0.435546875,0.0,0.0
10,Get my leave applications,1,get,my leave applications,Get my leave applications,58,project_management_tools_delete_team,0.435546875,48.47826086956522,0.43359375,0.001953125,0.21739130434782608
10,Get my leave applications,1,get,my leave applications,Get my leave applications,59,gmail_tools_delete_google_email,0.43359375,48.26086956521739,0.431640625,0.001953125,0.21739130434782608
10,Get my leave applications,1,get,my leave applications,Get my leave applications,60,railway_tools_service_restart,0.431640625,48.04347826086956,0.431640625,0.0,0.0
10,Get my leave applications,1,get,my leave applications,Get my leave applications,61,office_word_mcp_server_api_copy_document,0.431640625,48.04347826086956,0.431640625,0.0,0.0
10,Get my leave applications,1,get,my leave applications,Get my leave applications,62,office_word_mcp_server_api_get_document_text,0.431640625,48.04347826086956,0.427734375,0.00390625,0.43478260869565216
10,Get my leave applications,1,get,my leave applications,Get my leave applications,63,project_management_tools_get_project,0.427734375,47.608695652173914,0.427734375,0.0,0.0
10,Get my leave applications,1,get,my leave applications,Get my leave applications,64,project_management_tools_export_sprint_to_sharepoint,0.427734375,47.608695652173914,0.42578125,0.001953125,0.21739130434782608
10,Get my leave applications,1,get,my leave applications,Get my leave applications,65,office_word_mcp_server_api_merge_doucments,0.42578125,47.391304347826086,0.42578125,0.0,0.0
10,Get my leave applications,1,get,my leave applications,Get my leave applications,66,quest_studio_file_storage_get_file_content,0.42578125,47.391304347826086,0.423828125,0.001953125,0.21739130434782608
10,Get my leave applications,1,get,my leave applications,Get my leave applications,67,railway_tools_service_update,0.423828125,47.17391304347826,0.421875,0.001953125,0.21739130434782608
10,Get my leave applications,1,get,my leave applications,Get my leave applications,68,project_management_tools_get_work_item,0.421875,46.95652173913044,0.421875,0.0,0.0
10,Get my leave applications,1,get,my leave applications,Get my leave applications,69,office_word_mcp_server_api_add_page_break,0.421875,46.95652173913044,0.421875,0.0,0.0
10,Get my leave applications,1,get,my leave applications,Get my leave applications,70,project_management_tools_delete_work_item,0.421875,46.95652173913044,0.421875,0.0,0.0
10,Get my leave applications,1,get,my leave applications,Get my leave applications,71,outlook_mail_management_find_email_address,0.421875,46.95652173913044,0.419921875,0.001953125,0.21739130434782608
10,Get my leave applications,1,get,my leave applications,Get my leave applications,72,office_word_mcp_server_api_create_word_document,0.419921875,46.73913043478261,0.419921875,0.0,0.0
10,Get my leave applications,1,get,my leave applications,Get my leave applications,73,office_word_mcp_server_api_delete_paragraph,0.419921875,46.73913043478261,0.41796875,0.001953125,0.21739130434782608
10,Get my leave applications,1,get,my leave applications,Get my leave applications,74,project_management_tools_create_work_item,0.41796875,46.52173913043478,0.4140625,0.00390625,0.43478260869565216
10,Get my leave applications,1,get,my leave applications,Get my leave applications,75,supabase_mcp_update_database_table_data,0.4140625,46.08695652173913,0.4140625,0.0,0.0
10,Get my leave applications,1,get,my leave applications,Get my leave applications,76,office_word_mcp_server_api_convert_to_pdf,0.4140625,46.08695652173913,0.412109375,0.001953125,0.21739130434782608
10,Get my leave applications,1,get,my leave applications,Get my leave applications,77,gmail_tools_reply_google_email,0.412109375,45.869565217391305,0.412109375,0.0,0.0
10,Get my leave applications,1,get,my leave applications,Get my leave applications,78,project_management_tools_get_sprint,0.412109375,45.869565217391305,0.408203125,0.00390625,0.43478260869565216
10,Get my leave applications,1,get,my leave applications,Get my leave applications,79,project_management_tools_update_user_capacity,0.408203125,45.43478260869565,0.40625,0.001953125,0.21739130434782608
10,Get my leave applications,1,get,my leave applications,Get my leave applications,80,office_word_mcp_server_api_find_text_in_document,0.40625,45.21739130434783,0.404296875,0.001953125,0.21739130434782608
10,Get my leave applications,1,get,my leave applications,Get my leave applications,81,project_management_tools_delete_project,0.404296875,45.0,0.40234375,0.001953125,0.21739130434782608
10,Get my leave applications,1,get,my leave applications,Get my leave applications,82,office_word_mcp_server_api_add_table,0.40234375,44.78260869565218,0.40234375,0.0,0.0
10,Get my leave applications,1,get,my leave applications,Get my leave applications,83,office_word_mcp_server_api_get_paragraph_text_from_document,0.40234375,44.78260869565218,0.400390625,0.001953125,0.21739130434782608
10,Get my leave applications,1,get,my leave applications,Get my leave applications,84,project_management_tools_delete_sprint,0.400390625,44.565217391304344,0.3984375,0.001953125,0.21739130434782608
10,Get my leave applications,1,get,my leave applications,Get my leave applications,85,railway_tools_service_create_from_repo,0.3984375,44.34782608695652,0.390625,0.0078125,0.8695652173913043
10,Get my leave applications,1,get,my leave applications,Get my leave applications,86,github_mcp_server_search_repositories,0.390625,43.47826086956522,0.388671875,0.001953125,0.21739130434782608
10,Get my leave applications,1,get,my leave applications,Get my leave applications,87,office_word_mcp_server_api_search_replace,0.388671875,43.26086956521739,0.388671875,0.0,0.0
10,Get my leave applications,1,get,my leave applications,Get my leave applications,88,github_mcp_server_merge_pull_request,0.388671875,43.26086956521739,0.3828125,0.005859375,0.6521739130434783
10,Get my leave applications,1,get,my leave applications,Get my leave applications,89,github_mcp_server_update_pull_request,0.3828125,42.608695652173914,0.380859375,0.001953125,0.21739130434782608
10,Get my leave applications,1,get,my leave applications,Get my leave applications,90,gmail_tools_forward_google_email,0.380859375,42.391304347826086,0.376953125,0.00390625,0.43478260869565216
10,Get my leave applications,1,get,my leave applications,Get my leave applications,91,outlook_mail_management_reply_to_email,0.376953125,41.95652173913044,0.375,0.001953125,0.21739130434782608
10,Get my leave applications,1,get,my leave applications,Get my leave applications,92,gmail_tools_send_google_email,0.375,41.73913043478261,0.37109375,0.00390625,0.43478260869565216
10,Get my leave applications,1,get,my leave applications,Get my leave applications,93,github_mcp_server_get_commit,0.37109375,41.30434782608695,0.37109375,0.0,0.0
10,Get my leave applications,1,get,my leave applications,Get my leave applications,94,github_mcp_server_create_pull_request,0.37109375,41.30434782608695,0.37109375,0.0,0.0
10,Get my leave applications,1,get,my leave applications,Get my leave applications,95,project_management_tools_assign_work_item,0.37109375,41.30434782608695,0.369140625,0.001953125,0.21739130434782608
10,Get my leave applications,1,get,my leave applications,Get my leave applications,96,github_mcp_server_get_file_contents,0.369140625,41.08695652173913,0.369140625,0.0,0.0
10,Get my leave applications,1,get,my leave applications,Get my leave applications,97,project_management_tools_update_task_status,0.369140625,41.08695652173913,0.3671875,0.001953125,0.21739130434782608
10,Get my leave applications,1,get,my leave applications,Get my leave applications,98,supabase_mcp_insert_table_data,0.3671875,40.869565217391305,0.365234375,0.001953125,0.21739130434782608
10,Get my leave applications,1,get,my leave applications,Get my leave applications,99,github_mcp_server_create_or_update_file,0.365234375,40.65217391304348,0.359375,0.005859375,0.6521739130434783
10,Get my leave applications,1,get,my leave applications,Get my leave applications,100,project_management_tools_create_team,0.359375,40.0,0.359375,0.0,0.0
10,Get my leave applications,1,get,my leave applications,Get my leave applications,101,sharepoint_tools_create_txt_file_in_sharepoint,0.359375,40.0,0.357421875,0.001953125,0.21739130434782608
10,Get my leave applications,1,get,my leave applications,Get my leave applications,102,outlook_mail_management_delete_email_message,0.357421875,39.78260869565217,0.35546875,0.001953125,0.21739130434782608
10,Get my leave applications,1,get,my leave applications,Get my leave applications,103,project_management_tools_create_sprint,0.35546875,39.565217391304344,0.353515625,0.001953125,0.21739130434782608
10,Get my leave applications,1,get,my leave applications,Get my leave applications,104,office_word_mcp_server_api_add_picture,0.353515625,39.34782608695652,0.3515625,0.001953125,0.21739130434782608
10,Get my leave applications,1,get,my leave applications,Get my leave applications,105,railway_tools_service_create_from_image,0.3515625,39.130434782608695,0.34765625,0.00390625,0.43478260869565216
10,Get my leave applications,1,get,my leave applications,Get my leave applications,106,railway_tools_volume_create,0.34765625,38.69565217391304,0.34765625,0.0,0.0
10,Get my leave applications,1,get,my leave applications,Get my leave applications,107,project_management_tools_create_project,0.34765625,38.69565217391304,0.34375,0.00390625,0.43478260869565216
10,Get my leave applications,1,get,my leave applications,Get my leave applications,108,github_mcp_server_create_branch,0.34375,38.26086956521739,0.3359375,0.0078125,0.8695652173913043
10,Get my leave applications,1,get,my leave applications,Get my leave applications,109,office_word_mcp_server_api_add_paragraph,0.3359375,37.391304347826086,0.3359375,0.0,0.0
10,Get my leave applications,1,get,my leave applications,Get my leave applications,110,office_word_mcp_server_api_add_heading,0.3359375,37.391304347826086,0.33203125,0.00390625,0.43478260869565216
10,Get my leave applications,1,get,my leave applications,Get my leave applications,111,github_mcp_server_delete_file,0.33203125,36.95652173913043,0.326171875,0.005859375,0.6521739130434783
10,Get my leave applications,1,get,my leave applications,Get my leave applications,112,web_search_tools_web_search,0.326171875,36.30434782608696,0.318359375,0.0078125,0.8695652173913043
10,Get my leave applications,1,get,my leave applications,Get my leave applications,113,outlook_mail_management_forward_email,0.318359375,35.434782608695656,0.314453125,0.00390625,0.43478260869565216
10,Get my leave applications,1,get,my leave applications,Get my leave applications,114,outlook_mail_management_compose_email,0.314453125,35.0,0.3125,0.001953125,0.21739130434782608
10,Get my leave applications,1,get,my leave applications,Get my leave applications,115,github_mcp_server_create_repository,0.3125,34.78260869565217,0.310546875,0.001953125,0.21739130434782608
10,Get my leave applications,1,get,my leave applications,Get my leave applications,116,railway_tools_volume_update,0.310546875,34.56521739130435,0.302734375,0.0078125,0.8695652173913043
10,Get my leave applications,1,get,my leave applications,Get my leave applications,117,github_mcp_server_push_files,0.302734375,33.69565217391305,0.298828125,0.00390625,0.43478260869565216
10,Get my leave applications,1,get,my leave applications,Get my leave applications,118,project_management_tools_update_project,0.298828125,33.26086956521739,0.296875,0.001953125,0.21739130434782608
10,Get my leave applications,1,get,my leave applications,Get my leave applications,119,quest_studio_file_storage_update_file,0.296875,33.04347826086956,0.28515625,0.01171875,1.3043478260869565
10,Get my leave applications,1,get,my leave applications,Get my leave applications,120,project_management_tools_update_work_item,0.28515625,31.73913043478261,0.28515625,0.0,0.0
10,Get my leave applications,1,get,my leave applications,Get my leave applications,121,project_management_tools_add_work_item_comment,0.28515625,31.73913043478261,0.28125,0.00390625,0.43478260869565216
10,Get my leave applications,1,get,my leave applications,Get my leave applications,122,outlook_mail_management_send_email,0.28125,31.30434782608696,,,
11,Submit a leave application,1,submit,a leave application,Submit a leave application,1,carrot_mcp_server_api_submit_leave_application,0.89453125,100.0,0.875,0.01953125,2.1834061135371177
11,Submit a leave application,1,submit,a leave application,Submit a leave application,2,carrot_mcp_server_api_create_leave_application,0.875,97.81659388646288,0.84375,0.03125,3.4934497816593884
11,Submit a leave application,1,submit,a leave application,Submit a leave application,3,carrot_mcp_server_api_update_leave_application,0.84375,94.32314410480349,0.765625,0.078125,8.73362445414847
11,Submit a leave application,1,submit,a leave application,Submit a leave application,4,carrot_mcp_server_api_list_leave_application,0.765625,85.58951965065502,0.5625,0.203125,22.707423580786028
11,Submit a leave application,1,submit,a leave application,Submit a leave application,5,carrot_mcp_server_api_hr_dashboard_summary,0.5625,62.882096069869,0.54296875,0.01953125,2.1834061135371177
11,Submit a leave application,1,submit,a leave application,Submit a leave application,6,carrot_mcp_server_api_create_employee,0.54296875,60.698689956331876,0.5078125,0.03515625,3.9301310043668125
11,Submit a leave application,1,submit,a leave application,Submit a leave application,7,carrot_mcp_server_api_update_employee,0.5078125,56.76855895196506,0.50390625,0.00390625,0.43668122270742354
11,Submit a leave application,1,submit,a leave application,Submit a leave application,8,carrot_mcp_server_api_log_hours_entry,0.50390625,56.33187772925764,0.455078125,0.048828125,5.458515283842795
11,Submit a leave application,1,submit,a leave application,Submit a leave application,9,carrot_mcp_server_api_get_employee,0.455078125,50.87336244541485,0.44921875,0.005859375,0.6550218340611353
11,Submit a leave application,1,submit,a leave application,Submit a leave application,10,carrot_mcp_server_api_work_hours_summary,0.44921875,50.21834061135371,0.4453125,0.00390625,0.43668122270742354
11,Submit a leave application,1,submit,a leave application,Submit a leave application,11,railway_tools_project_create,0.4453125,49.78165938864629,0.4375,0.0078125,0.8733624454148471
11,Submit a leave application,1,submit,a leave application,Submit a leave application,12,carrot_mcp_server_api_list_employees,0.4375,48.90829694323144,0.43359375,0.00390625,0.43668122270742354
11,Submit a leave application,1,submit,a leave application,Submit a leave application,13,office_word_mcp_server_api_create_word_document,0.43359375,48.47161572052402,0.42578125,0.0078125,0.8733624454148471
11,Submit a leave application,1,submit,a leave application,Submit a leave application,14,railway_tools_project_delete,0.42578125,47.59825327510917,0.419921875,0.005859375,0.6550218340611353
11,Submit a leave application,1,submit,a leave application,Submit a leave application,15,project_management_tools_update_user_capacity,0.419921875,46.943231441048034,0.416015625,0.00390625,0.43668122270742354
11,Submit a leave application,1,submit,a leave application,Submit a leave application,16,gmail_tools_send_google_email,0.416015625,46.50655021834061,0.4140625,0.001953125,0.21834061135371177
11,Submit a leave application,1,submit,a leave application,Submit a leave application,17,railway_tools_project_info,0.4140625,46.288209606986904,0.41015625,0.00390625,0.43668122270742354
11,Submit a leave application,1,submit,a leave application,Submit a leave application,18,project_management_tools_create_work_item,0.41015625,45.851528384279476,0.41015625,0.0,0.0
11,Submit a leave application,1,submit,a leave application,Submit a leave application,19,github_mcp_server_create_pull_request,0.41015625,45.851528384279476,0.40234375,0.0078125,0.8733624454148471
11,Submit a leave application,1,submit,a leave application,Submit a leave application,20,office_word_mcp_server_api_add_page_break,0.40234375,44.97816593886463,0.400390625,0.001953125,0.21834061135371177
11,Submit a leave application,1,submit,a leave application,Submit a leave application,21,railway_tools_project_list,0.400390625,44.75982532751092,0.400390625,0.0,0.0
11,Submit a leave application,1,submit,a leave application,Submit a leave application,22,railway_tools_service_list,0.400390625,44.75982532751092,0.400390625,0.0,0.0
11,Submit a leave application,1,submit,a leave application,Submit a leave application,23,railway_tools_service_delete,0.400390625,44.75982532751092,0.396484375,0.00390625,0.43668122270742354
11,Submit a leave application,1,submit,a leave application,Submit a leave application,24,office_word_mcp_server_api_convert_to_pdf,0.396484375,44.32314410480349,0.396484375,0.0,0.0
11,Submit a leave application,1,submit,a leave application,Submit a leave application,25,office_word_mcp_server_api_add_picture,0.396484375,44.32314410480349,0.39453125,0.001953125,0.21834061135371177
11,Submit a leave application,1,submit,a leave application,Submit a leave application,26,railway_tools_project_environments,0.39453125,44.10480349344978,0.39453125,0.0,0.0
11,Submit a leave application,1,submit,a leave application,Submit a leave application,27,railway_tools_service_create_from_repo,0.39453125,44.10480349344978,0.390625,0.00390625,0.43668122270742354
11,Submit a leave application,1,submit,a leave application,Submit a leave application,28,railway_tools_service_info,0.390625,43.66812227074236,0.390625,0.0,0.0
11,Submit a leave application,1,submit,a leave application,Submit a leave application,29,office_word_mcp_server_api_add_table,0.390625,43.66812227074236,0.390625,0.0,0.0
11,Submit a leave application,1,submit,a leave application,Submit a leave application,30,github_mcp_server_create_branch,0.390625,43.66812227074236,0.38671875,0.00390625,0.43668122270742354
11,Submit a leave application,1,submit,a leave application,Submit a leave application,31,office_word_mcp_server_api_add_paragraph,0.38671875,43.23144104803494,0.38671875,0.0,0.0
11,Submit a leave application,1,submit,a leave application,Submit a leave application,32,project_management_tools_create_sprint,0.38671875,43.23144104803494,0.38671875,0.0,0.0
11,Submit a leave application,1,submit,a leave application,Submit a leave application,33,sharepoint_tools_create_txt_file_in_sharepoint,0.38671875,43.23144104803494,0.3828125,0.00390625,0.43668122270742354
11,Submit a leave application,1,submit,a leave application,Submit a leave application,34,railway_tools_service_update,0.3828125,42.79475982532751,0.3828125,0.0,0.0
11,Submit a leave application,1,submit,a leave application,Submit a leave application,35,project_management_tools_export_sprint_to_sharepoint,0.3828125,42.79475982532751,0.3828125,0.0,0.0
11,Submit a leave application,1,submit,a leave application,Submit a leave application,36,github_mcp_server_update_pull_request,0.3828125,42.79475982532751,0.37890625,0.00390625,0.43668122270742354
11,Submit a leave application,1,submit,a leave application,Submit a leave application,37,supabase_mcp_insert_table_data,0.37890625,42.35807860262008,0.37890625,0.0,0.0
11,Submit a leave application,1,submit,a leave application,Submit a leave application,38,railway_tools_volume_update,0.37890625,42.35807860262008,0.37890625,0.0,0.0
11,Submit a leave application,1,submit,a leave application,Submit a leave application,39,project_management_tools_list_work_items,0.37890625,42.35807860262008,0.376953125,0.001953125,0.21834061135371177
11,Submit a leave application,1,submit,a leave application,Submit a leave application,40,office_word_mcp_server_api_add_heading,0.376953125,42.13973799126637,0.376953125,0.0,0.0
11,Submit a leave application,1,submit,a leave application,Submit a leave application,41,project_management_tools_get_user_capacity,0.376953125,42.13973799126637,0.376953125,0.0,0.0
11,Submit a leave application,1,submit,a leave application,Submit a leave application,42,gmail_tools_reply_google_email,0.376953125,42.13973799126637,0.376953125,0.0,0.0
11,Submit a leave application,1,submit,a leave application,Submit a leave application,43,github_mcp_server_merge_pull_request,0.376953125,42.13973799126637,0.376953125,0.0,0.0
11,Submit a leave application,1,submit,a leave application,Submit a leave application,44,project_management_tools_create_project,0.376953125,42.13973799126637,0.375,0.001953125,0.21834061135371177
11,Submit a leave application,1,submit,a leave application,Submit a leave application,45,gmail_tools_forward_google_email,0.375,41.92139737991266,0.373046875,0.001953125,0.21834061135371177
11,Submit a leave application,1,submit,a leave application,Submit a leave application,46,project_management_tools_create_team,0.373046875,41.70305676855895,0.373046875,0.0,0.0
11,Submit a leave application,1,submit,a leave application,Submit a leave application,47,office_word_mcp_server_api_delete_document,0.373046875,41.70305676855895,0.373046875,0.0,0.0
11,Submit a leave application,1,submit,a leave application,Submit a leave application,48,project_management_tools_add_work_item_comment,0.373046875,41.70305676855895,0.373046875,0.0,0.0
11,Submit a leave application,1,submit,a leave application,Submit a leave application,49,project_management_tools_assign_work_item,0.373046875,41.70305676855895,0.37109375,0.001953125,0.21834061135371177
11,Submit a leave application,1,submit,a leave application,Submit a leave application,50,railway_tools_service_restart,0.37109375,41.48471615720524,0.3671875,0.00390625,0.43668122270742354
11,Submit a leave application,1,submit,a leave application,Submit a leave application,51,project_management_tools_view_board,0.3671875,41.04803493449782,0.365234375,0.001953125,0.21834061135371177
11,Submit a leave application,1,submit,a leave application,Submit a leave application,52,supabase_mcp_update_database_table_data,0.365234375,40.8296943231441,0.365234375,0.0,0.0
11,Submit a leave application,1,submit,a leave application,Submit a leave application,53,quest_studio_file_storage_get_storage_usage,0.365234375,40.8296943231441,0.365234375,0.0,0.0
11,Submit a leave application,1,submit,a leave application,Submit a leave application,54,project_management_tools_update_task_status,0.365234375,40.8296943231441,0.36328125,0.001953125,0.21834061135371177
11,Submit a leave application,1,submit,a leave application,Submit a leave application,55,railway_tools_volume_delete,0.36328125,40.61135371179039,0.36328125,0.0,0.0
11,Submit a leave application,1,submit,a leave application,Submit a leave application,56,github_mcp_server_create_repository,0.36328125,40.61135371179039,0.361328125,0.001953125,0.21834061135371177
11,Submit a leave application,1,submit,a leave application,Submit a leave application,57,quest_studio_file_storage_delete_file,0.361328125,40.39301310043668,0.361328125,0.0,0.0
11,Submit a leave application,1,submit,a leave application,Submit a leave application,58,project_management_tools_delete_sprint,0.361328125,40.39301310043668,0.359375,0.001953125,0.21834061135371177
11,Submit a leave application,1,submit,a leave application,Submit a leave application,59,railway_tools_database_list_types,0.359375,40.174672489082965,0.357421875,0.001953125,0.21834061135371177
11,Submit a leave application,1,submit,a leave application,Submit a leave application,60,railway_tools_volume_create,0.357421875,39.956331877729255,0.357421875,0.0,0.0
11,Submit a leave application,1,submit,a leave application,Submit a leave application,61,github_mcp_server_push_files,0.357421875,39.956331877729255,0.35546875,0.001953125,0.21834061135371177
11,Submit a leave application,1,submit,a leave application,Submit a leave application,62,outlook_mail_management_reply_to_email,0.35546875,39.737991266375545,0.35546875,0.0,0.0
11,Submit a leave application,1,submit,a leave application,Submit a leave application,63,gmail_tools_delete_google_email,0.35546875,39.737991266375545,0.353515625,0.001953125,0.21834061135371177
11,Submit a leave application,1,submit,a leave application,Submit a leave application,64,railway_tools_service_create_from_image,0.353515625,39.519650655021834,0.353515625,0.0,0.0
11,Submit a leave application,1,submit,a leave application,Submit a leave application,65,github_mcp_server_create_or_update_file,0.353515625,39.519650655021834,0.353515625,0.0,0.0
11,Submit a leave application,1,submit,a leave application,Submit a leave application,66,office_word_mcp_server_api_delete_paragraph,0.353515625,39.519650655021834,0.353515625,0.0,0.0
11,Submit a leave application,1,submit,a leave application,Submit a leave application,67,office_word_mcp_server_api_merge_doucments,0.353515625,39.519650655021834,0.3515625,0.001953125,0.21834061135371177
11,Submit a leave application,1,submit,a leave application,Submit a leave application,68,github_mcp_server_pull_request_read,0.3515625,39.30131004366812,0.349609375,0.001953125,0.21834061135371177
11,Submit a leave application,1,submit,a leave application,Submit a leave application,69,project_management_tools_delete_work_item,0.349609375,39.082969432314414,0.34765625,0.001953125,0.21834061135371177
11,Submit a leave application,1,submit,a leave application,Submit a leave application,70,quest_studio_file_storage_update_file,0.34765625,38.864628820960704,0.34765625,0.0,0.0
11,Submit a leave application,1,submit,a leave application,Submit a leave application,71,project_management_tools_list_sprints,0.34765625,38.864628820960704,0.34765625,0.0,0.0
11,Submit a leave application,1,submit,a leave application,Submit a leave application,72,project_management_tools_delete_team,0.34765625,38.864628820960704,0.34375,0.00390625,0.43668122270742354
11,Submit a leave application,1,submit,a leave application,Submit a leave application,73,office_word_mcp_server_api_copy_document,0.34375,38.427947598253276,0.341796875,0.001953125,0.21834061135371177
11,Submit a leave application,1,submit,a leave application,Submit a leave application,74,quest_studio_file_storage_get_files,0.341796875,38.209606986899566,0.341796875,0.0,0.0
11,Submit a leave application,1,submit,a leave application,Submit a leave application,75,sharepoint_tools_get_sharepoint_sites,0.341796875,38.209606986899566,0.341796875,0.0,0.0
11,Submit a leave application,1,submit,a leave application,Submit a leave application,76,github_mcp_server_get_me,0.341796875,38.209606986899566,0.341796875,0.0,0.0
11,Submit a leave application,1,submit,a leave application,Submit a leave application,77,office_word_mcp_server_api_list_files,0.341796875,38.209606986899566,0.341796875,0.0,0.0
11,Submit a leave application,1,submit,a leave application,Submit a leave application,78,outlook_mail_management_compose_email,0.341796875,38.209606986899566,0.33984375,0.001953125,0.21834061135371177
11,Submit a leave application,1,submit,a leave application,Submit a leave application,79,project_management_tools_list_team_members,0.33984375,37.99126637554585,0.33984375,0.0,0.0
11,Submit a leave application,1,submit,a leave application,Submit a leave application,80,supabase_mcp_get_all_supabase_projects,0.33984375,37.99126637554585,0.337890625,0.001953125,0.21834061135371177
11,Submit a leave application,1,submit,a leave application,Submit a leave application,81,office_word_mcp_server_api_search_replace,0.337890625,37.77292576419214,0.337890625,0.0,0.0
11,Submit a leave application,1,submit,a leave application,Submit a leave application,82,project_management_tools_list_users,0.337890625,37.77292576419214,0.337890625,0.0,0.0
11,Submit a leave application,1,submit,a leave application,Submit a leave application,83,gmail_tools_get_google_emails,0.337890625,37.77292576419214,0.3359375,0.001953125,0.21834061135371177
11,Submit a leave application,1,submit,a leave application,Submit a leave application,84,office_word_mcp_server_api_get_document_outline,0.3359375,37.55458515283843,0.3359375,0.0,0.0
11,Submit a leave application,1,submit,a leave application,Submit a leave application,85,github_mcp_server_get_commit,0.3359375,37.55458515283843,0.333984375,0.001953125,0.21834061135371177
11,Submit a leave application,1,submit,a leave application,Submit a leave application,86,project_management_tools_get_work_item_comments,0.333984375,37.33624454148472,0.333984375,0.0,0.0
11,Submit a leave application,1,submit,a leave application,Submit a leave application,87,office_word_mcp_server_api_get_document_xml,0.333984375,37.33624454148472,0.33203125,0.001953125,0.21834061135371177
11,Submit a leave application,1,submit,a leave application,Submit a leave application,88,project_management_tools_list_teams,0.33203125,37.117903930131,0.33203125,0.0,0.0
11,Submit a leave application,1,submit,a leave application,Submit a leave application,89,office_word_mcp_server_api_get_document_info,0.33203125,37.117903930131,0.33203125,0.0,0.0
11,Submit a leave application,1,submit,a leave application,Submit a leave application,90,github_mcp_server_list_pull_requests,0.33203125,37.117903930131,0.33203125,0.0,0.0
11,Submit a leave application,1,submit,a leave application,Submit a leave application,91,outlook_mail_management_forward_email,0.33203125,37.117903930131,0.33203125,0.0,0.0
11,Submit a leave application,1,submit,a leave application,Submit a leave application,92,github_mcp_server_list_commits,0.33203125,37.117903930131,0.330078125,0.001953125,0.21834061135371177
11,Submit a leave application,1,submit,a leave application,Submit a leave application,93,project_management_tools_update_work_item,0.330078125,36.8995633187773,0.328125,0.001953125,0.21834061135371177
11,Submit a leave application,1,submit,a leave application,Submit a leave application,94,project_management_tools_get_team,0.328125,36.681222707423586,0.326171875,0.001953125,0.21834061135371177
11,Submit a leave application,1,submit,a leave application,Submit a leave application,95,project_management_tools_get_sprint,0.326171875,36.46288209606987,0.326171875,0.0,0.0
11,Submit a leave application,1,submit,a leave application,Submit a leave application,96,outlook_mail_management_send_email,0.326171875,36.46288209606987,0.32421875,0.001953125,0.21834061135371177
11,Submit a leave application,1,submit,a leave application,Submit a leave application,97,github_mcp_server_list_branches,0.32421875,36.24454148471616,0.32421875,0.0,0.0
11,Submit a leave application,1,submit,a leave application,Submit a leave application,98,supabase_mcp_check_database_health,0.32421875,36.24454148471616,0.32421875,0.0,0.0
11,Submit a leave application,1,submit,a leave application,Submit a leave application,99,office_word_mcp_server_api_get_document_text,0.32421875,36.24454148471616,0.322265625,0.001953125,0.21834061135371177
11,Submit a leave application,1,submit,a leave application,Submit a leave application,100,project_management_tools_delete_project,0.322265625,36.02620087336245,0.3203125,0.001953125,0.21834061135371177
11,Submit a leave application,1,submit,a leave application,Submit a leave application,101,project_management_tools_update_project,0.3203125,35.80786026200873,0.3203125,0.0,0.0
11,Submit a leave application,1,submit,a leave application,Submit a leave application,102,railway_tools_volume_list,0.3203125,35.80786026200873,0.318359375,0.001953125,0.21834061135371177
11,Submit a leave application,1,submit,a leave application,Submit a leave application,103,project_management_tools_list_projects,0.318359375,35.58951965065502,0.318359375,0.0,0.0
11,Submit a leave application,1,submit,a leave application,Submit a leave application,104,quest_studio_file_storage_get_file,0.318359375,35.58951965065502,0.314453125,0.00390625,0.43668122270742354
11,Submit a leave application,1,submit,a leave application,Submit a leave application,105,office_word_mcp_server_api_find_text_in_document,0.314453125,35.1528384279476,0.3125,0.001953125,0.21834061135371177
11,Submit a leave application,1,submit,a leave application,Submit a leave application,106,github_mcp_server_delete_file,0.3125,34.93449781659388,0.30859375,0.00390625,0.43668122270742354
11,Submit a leave application,1,submit,a leave application,Submit a leave application,107,project_management_tools_get_work_item,0.30859375,34.49781659388647,0.30078125,0.0078125,0.8733624454148471
11,Submit a leave application,1,submit,a leave application,Submit a leave application,108,project_management_tools_get_project,0.30078125,33.624454148471614,0.298828125,0.001953125,0.21834061135371177
11,Submit a leave application,1,submit,a leave application,Submit a leave application,109,office_word_mcp_server_api_get_paragraph_text_from_document,0.298828125,33.4061135371179,0.298828125,0.0,0.0
11,Submit a leave application,1,submit,a leave application,Submit a leave application,110,supabase_mcp_select_database_table_data,0.298828125,33.4061135371179,0.296875,0.001953125,0.21834061135371177
11,Submit a leave application,1,submit,a leave application,Submit a leave application,111,outlook_mail_management_search_outlook_mail,0.296875,33.18777292576419,0.294921875,0.001953125,0.21834061135371177
11,Submit a leave application,1,submit,a leave application,Submit a leave application,112,quest_studio_file_storage_get_file_content,0.294921875,32.96943231441048,0.29296875,0.001953125,0.21834061135371177
11,Submit a leave application,1,submit,a leave application,Submit a leave application,113,sharepoint_tools_get_sharepoint_documents,0.29296875,32.751091703056765,0.29296875,0.0,0.0
11,Submit a leave application,1,submit,a leave application,Submit a leave application,114,outlook_mail_management_find_email_address,0.29296875,32.751091703056765,0.283203125,0.009765625,1.0917030567685588
11,Submit a leave application,1,submit,a leave application,Submit a leave application,115,github_mcp_server_search_repositories,0.283203125,31.65938864628821,0.27734375,0.005859375,0.6550218340611353
11,Submit a leave application,1,submit,a leave application,Submit a leave application,116,github_mcp_server_get_file_contents,0.27734375,31.004366812227076,0.2734375,0.00390625,0.43668122270742354
11,Submit a leave application,1,submit,a leave application,Submit a leave application,117,supabase_mcp_get_database_tables,0.2734375,30.567685589519648,0.26953125,0.00390625,0.43668122270742354
11,Submit a leave application,1,submit,a leave application,Submit a leave application,118,supabase_mcp_get_table_schema,0.26953125,30.131004366812224,0.267578125,0.001953125,0.21834061135371177
11,Submit a leave application,1,submit,a leave application,Submit a leave application,119,quest_studio_file_storage_query_files,0.267578125,29.912663755458514,0.2421875,0.025390625,2.8384279475982535
11,Submit a leave application,1,submit,a leave application,Submit a leave application,120,outlook_mail_management_delete_email_message,0.2421875,27.074235807860266,0.240234375,0.001953125,0.21834061135371177
11,Submit a leave application,1,submit,a leave application,Submit a leave application,121,web_search_tools_web_search,0.240234375,26.85589519650655,0.2333984375,0.0068359375,0.7641921397379913
11,Submit a leave application,1,submit,a leave application,Submit a leave application,122,outlook_mail_management_get_email_messages,0.2333984375,26.091703056768562,,,
12,Find a GitHub repository,1,find,a GitHub repository,Find a GitHub repository,1,github_mcp_server_search_repositories,0.82421875,100.0,0.78515625,0.0390625,4.739336492890995
12,Find a GitHub repository,1,find,a GitHub repository,Find a GitHub repository,2,github_mcp_server_get_commit,0.78515625,95.260663507109,0.7734375,0.01171875,1.4218009478672986
12,Find a GitHub repository,1,find,a GitHub repository,Find a GitHub repository,3,github_mcp_server_pull_request_read,0.7734375,93.8388625592417,0.76953125,0.00390625,0.47393364928909953
12,Find a GitHub repository,1,find,a GitHub repository,Find a GitHub repository,4,github_mcp_server_create_repository,0.76953125,93.36492890995261,0.765625,0.00390625,0.47393364928909953
12,Find a GitHub repository,1,find,a GitHub repository,Find a GitHub repository,5,github_mcp_server_get_file_contents,0.765625,92.89099526066352,0.74609375,0.01953125,2.3696682464454977
12,Find a GitHub repository,1,find,a GitHub repository,Find a GitHub repository,6,github_mcp_server_get_me,0.74609375,90.52132701421802,0.7421875,0.00390625,0.47393364928909953
12,Find a GitHub repository,1,find,a GitHub repository,Find a GitHub repository,7,github_mcp_server_create_or_update_file,0.7421875,90.04739336492891,0.73828125,0.00390625,0.47393364928909953
12,Find a GitHub repository,1,find,a GitHub repository,Find a GitHub repository,8,github_mcp_server_list_pull_requests,0.73828125,89.57345971563981,0.734375,0.00390625,0.47393364928909953
12,Find a GitHub repository,1,find,a GitHub repository,Find a GitHub repository,9,github_mcp_server_list_branches,0.734375,89.0995260663507,0.73046875,0.00390625,0.47393364928909953
12,Find a GitHub repository,1,find,a GitHub repository,Find a GitHub repository,10,github_mcp_server_list_commits,0.73046875,88.62559241706161,0.703125,0.02734375,3.3175355450236967
12,Find a GitHub repository,1,find,a GitHub repository,Find a GitHub repository,11,github_mcp_server_merge_pull_request,0.703125,85.30805687203792,0.703125,0.0,0.0
12,Find a GitHub repository,1,find,a GitHub repository,Find a GitHub repository,12,github_mcp_server_create_pull_request,0.703125,85.30805687203792,0.69140625,0.01171875,1.4218009478672986
12,Find a GitHub repository,1,find,a GitHub repository,Find a GitHub repository,13,github_mcp_server_create_branch,0.69140625,83.88625592417061,0.6796875,0.01171875,1.4218009478672986
12,Find a GitHub repository,1,find,a GitHub repository,Find a GitHub repository,14,github_mcp_server_update_pull_request,0.6796875,82.46445497630332,0.65625,0.0234375,2.843601895734597
12,Find a GitHub repository,1,find,a GitHub repository,Find a GitHub repository,15,railway_tools_service_create_from_repo,0.65625,79.62085308056872,0.65234375,0.00390625,0.47393364928909953
12,Find a GitHub repository,1,find,a GitHub repository,Find a GitHub repository,16,github_mcp_server_delete_file,0.65234375,79.14691943127961,0.58203125,0.0703125,8.530805687203792
12,Find a GitHub repository,1,find,a GitHub repository,Find a GitHub repository,17,web_search_tools_web_search,0.58203125,70.61611374407583,0.5625,0.01953125,2.3696682464454977
12,Find a GitHub repository,1,find,a GitHub repository,Find a GitHub repository,18,github_mcp_server_push_files,0.5625,68.24644549763033,0.5625,0.0,0.0
12,Find a GitHub repository,1,find,a GitHub repository,Find a GitHub repository,19,office_word_mcp_server_api_search_replace,0.5625,68.24644549763033,0.5546875,0.0078125,0.9478672985781991
12,Find a GitHub repository,1,find,a GitHub repository,Find a GitHub repository,20,office_word_mcp_server_api_find_text_in_document,0.5546875,67.29857819905213,0.55078125,0.00390625,0.47393364928909953
12,Find a GitHub repository,1,find,a GitHub repository,Find a GitHub repository,21,outlook_mail_management_find_email_address,0.55078125,66.82464454976304,0.5390625,0.01171875,1.4218009478672986
12,Find a GitHub repository,1,find,a GitHub repository,Find a GitHub repository,22,railway_tools_project_create,0.5390625,65.40284360189574,0.5390625,0.0,0.0
12,Find a GitHub repository,1,find,a GitHub repository,Find a GitHub repository,23,railway_tools_project_environments,0.5390625,65.40284360189574,0.51953125,0.01953125,2.3696682464454977
12,Find a GitHub repository,1,find,a GitHub repository,Find a GitHub repository,24,railway_tools_project_info,0.51953125,63.03317535545023,0.51953125,0.0,0.0
12,Find a GitHub repository,1,find,a GitHub repository,Find a GitHub repository,25,project_management_tools_get_team,0.51953125,63.03317535545023,0.515625,0.00390625,0.47393364928909953
12,Find a GitHub repository,1,find,a GitHub repository,Find a GitHub repository,26,gmail_tools_reply_google_email,0.515625,62.55924170616114,0.51171875,0.00390625,0.47393364928909953
12,Find a GitHub repository,1,find,a GitHub repository,Find a GitHub repository,27,project_management_tools_get_project,0.51171875,62.08530805687204,0.51171875,0.0,0.0
12,Find a GitHub repository,1,find,a GitHub repository,Find a GitHub repository,28,supabase_mcp_check_database_health,0.51171875,62.08530805687204,0.5078125,0.00390625,0.47393364928909953
12,Find a GitHub repository,1,find,a GitHub repository,Find a GitHub repository,29,project_management_tools_list_projects,0.5078125,61.61137440758294,0.5078125,0.0,0.0
12,Find a GitHub repository,1,find,a GitHub repository,Find a GitHub repository,30,quest_studio_file_storage_get_file_content,0.5078125,61.61137440758294,0.50390625,0.00390625,0.47393364928909953
12,Find a GitHub repository,1,find,a GitHub repository,Find a GitHub repository,31,gmail_tools_get_google_emails,0.50390625,61.137440758293835,0.5,0.00390625,0.47393364928909953
12,Find a GitHub repository,1,find,a GitHub repository,Find a GitHub repository,32,project_management_tools_list_teams,0.5,60.66350710900474,0.5,0.0,0.0
12,Find a GitHub repository,1,find,a GitHub repository,Find a GitHub repository,33,supabase_mcp_select_database_table_data,0.5,60.66350710900474,0.5,0.0,0.0
12,Find a GitHub repository,1,find,a GitHub repository,Find a GitHub repository,34,project_management_tools_list_team_members,0.5,60.66350710900474,0.5,0.0,0.0
12,Find a GitHub repository,1,find,a GitHub repository,Find a GitHub repository,35,gmail_tools_send_google_email,0.5,60.66350710900474,0.49609375,0.00390625,0.47393364928909953
12,Find a GitHub repository,1,find,a GitHub repository,Find a GitHub repository,36,project_management_tools_create_project,0.49609375,60.18957345971564,0.494140625,0.001953125,0.23696682464454977
12,Find a GitHub repository,1,find,a GitHub repository,Find a GitHub repository,37,project_management_tools_view_board,0.494140625,59.95260663507109,0.4921875,0.001953125,0.23696682464454977
12,Find a GitHub repository,1,find,a GitHub repository,Find a GitHub repository,38,quest_studio_file_storage_get_file,0.4921875,59.71563981042654,0.48828125,0.00390625,0.47393364928909953
12,Find a GitHub repository,1,find,a GitHub repository,Find a GitHub repository,39,quest_studio_file_storage_get_storage_usage,0.48828125,59.241706161137444,0.486328125,0.001953125,0.23696682464454977
12,Find a GitHub repository,1,find,a GitHub repository,Find a GitHub repository,40,railway_tools_service_create_from_image,0.486328125,59.0047393364929,0.486328125,0.0,0.0
12,Find a GitHub repository,1,find,a GitHub repository,Find a GitHub repository,41,supabase_mcp_get_all_supabase_projects,0.486328125,59.0047393364929,0.486328125,0.0,0.0
12,Find a GitHub repository,1,find,a GitHub repository,Find a GitHub repository,42,project_management_tools_list_users,0.486328125,59.0047393364929,0.482421875,0.00390625,0.47393364928909953
12,Find a GitHub repository,1,find,a GitHub repository,Find a GitHub repository,43,gmail_tools_forward_google_email,0.482421875,58.53080568720379,0.482421875,0.0,0.0
12,Find a GitHub repository,1,find,a GitHub repository,Find a GitHub repository,44,office_word_mcp_server_api_copy_document,0.482421875,58.53080568720379,0.48046875,0.001953125,0.23696682464454977
12,Find a GitHub repository,1,find,a GitHub repository,Find a GitHub repository,45,railway_tools_project_list,0.48046875,58.29383886255924,0.4765625,0.00390625,0.47393364928909953
12,Find a GitHub repository,1,find,a GitHub repository,Find a GitHub repository,46,outlook_mail_management_search_outlook_mail,0.4765625,57.81990521327014,0.4765625,0.0,0.0
12,Find a GitHub repository,1,find,a GitHub repository,Find a GitHub repository,47,project_management_tools_get_user_capacity,0.4765625,57.81990521327014,0.4765625,0.0,0.0
12,Find a GitHub repository,1,find,a GitHub repository,Find a GitHub repository,48,office_word_mcp_server_api_get_document_info,0.4765625,57.81990521327014,0.474609375,0.001953125,0.23696682464454977
12,Find a GitHub repository,1,find,a GitHub repository,Find a GitHub repository,49,railway_tools_service_info,0.474609375,57.58293838862559,0.474609375,0.0,0.0
12,Find a GitHub repository,1,find,a GitHub repository,Find a GitHub repository,50,railway_tools_service_list,0.474609375,57.58293838862559,0.474609375,0.0,0.0
12,Find a GitHub repository,1,find,a GitHub repository,Find a GitHub repository,51,railway_tools_project_delete,0.474609375,57.58293838862559,0.47265625,0.001953125,0.23696682464454977
12,Find a GitHub repository,1,find,a GitHub repository,Find a GitHub repository,52,supabase_mcp_get_table_schema,0.47265625,57.345971563981045,0.47265625,0.0,0.0
12,Find a GitHub repository,1,find,a GitHub repository,Find a GitHub repository,53,railway_tools_database_list_types,0.47265625,57.345971563981045,0.47265625,0.0,0.0
12,Find a GitHub repository,1,find,a GitHub repository,Find a GitHub repository,54,project_management_tools_create_team,0.47265625,57.345971563981045,0.466796875,0.005859375,0.7109004739336493
12,Find a GitHub repository,1,find,a GitHub repository,Find a GitHub repository,55,sharepoint_tools_get_sharepoint_sites,0.466796875,56.6350710900474,0.466796875,0.0,0.0
12,Find a GitHub repository,1,find,a GitHub repository,Find a GitHub repository,56,project_management_tools_delete_team,0.466796875,56.6350710900474,0.466796875,0.0,0.0
12,Find a GitHub repository,1,find,a GitHub repository,Find a GitHub repository,57,project_management_tools_get_work_item_comments,0.466796875,56.6350710900474,0.46484375,0.001953125,0.23696682464454977
12,Find a GitHub repository,1,find,a GitHub repository,Find a GitHub repository,58,carrot_mcp_server_api_hr_dashboard_summary,0.46484375,56.39810426540285,0.462890625,0.001953125,0.23696682464454977
12,Find a GitHub repository,1,find,a GitHub repository,Find a GitHub repository,59,carrot_mcp_server_api_get_employee,0.462890625,56.16113744075829,0.462890625,0.0,0.0
12,Find a GitHub repository,1,find,a GitHub repository,Find a GitHub repository,60,project_management_tools_get_work_item,0.462890625,56.16113744075829,0.4609375,0.001953125,0.23696682464454977
12,Find a GitHub repository,1,find,a GitHub repository,Find a GitHub repository,61,supabase_mcp_get_database_tables,0.4609375,55.92417061611374,0.458984375,0.001953125,0.23696682464454977
12,Find a GitHub repository,1,find,a GitHub repository,Find a GitHub repository,62,railway_tools_volume_list,0.458984375,55.687203791469194,0.458984375,0.0,0.0
12,Find a GitHub repository,1,find,a GitHub repository,Find a GitHub repository,63,project_management_tools_get_sprint,0.458984375,55.687203791469194,0.458984375,0.0,0.0
12,Find a GitHub repository,1,find,a GitHub repository,Find a GitHub repository,64,office_word_mcp_server_api_get_document_text,0.458984375,55.687203791469194,0.458984375,0.0,0.0
12,Find a GitHub repository,1,find,a GitHub repository,Find a GitHub repository,65,office_word_mcp_server_api_get_document_outline,0.458984375,55.687203791469194,0.458984375,0.0,0.0
12,Find a GitHub repository,1,find,a GitHub repository,Find a GitHub repository,66,gmail_tools_delete_google_email,0.458984375,55.687203791469194,0.45703125,0.001953125,0.23696682464454977
12,Find a GitHub repository,1,find,a GitHub repository,Find a GitHub repository,67,project_management_tools_list_sprints,0.45703125,55.45023696682464,0.45703125,0.0,0.0
12,Find a GitHub repository,1,find,a GitHub repository,Find a GitHub repository,68,project_management_tools_create_work_item,0.45703125,55.45023696682464,0.455078125,0.001953125,0.23696682464454977
12,Find a GitHub repository,1,find,a GitHub repository,Find a GitHub repository,69,quest_studio_file_storage_get_files,0.455078125,55.21327014218009,0.451171875,0.00390625,0.47393364928909953
12,Find a GitHub repository,1,find,a GitHub repository,Find a GitHub repository,70,quest_studio_file_storage_query_files,0.451171875,54.739336492891,0.451171875,0.0,0.0
12,Find a GitHub repository,1,find,a GitHub repository,Find a GitHub repository,71,sharepoint_tools_get_sharepoint_documents,0.451171875,54.739336492891,0.4453125,0.005859375,0.7109004739336493
12,Find a GitHub repository,1,find,a GitHub repository,Find a GitHub repository,72,railway_tools_service_delete,0.4453125,54.02843601895735,0.4453125,0.0,0.0
12,Find a GitHub repository,1,find,a GitHub repository,Find a GitHub repository,73,railway_tools_service_restart,0.4453125,54.02843601895735,0.443359375,0.001953125,0.23696682464454977
12,Find a GitHub repository,1,find,a GitHub repository,Find a GitHub repository,74,carrot_mcp_server_api_list_employees,0.443359375,53.79146919431279,0.44140625,0.001953125,0.23696682464454977
12,Find a GitHub repository,1,find,a GitHub repository,Find a GitHub repository,75,office_word_mcp_server_api_get_paragraph_text_from_document,0.44140625,53.55450236966824,0.439453125,0.001953125,0.23696682464454977
12,Find a GitHub repository,1,find,a GitHub repository,Find a GitHub repository,76,project_management_tools_list_work_items,0.439453125,53.317535545023695,0.4375,0.001953125,0.23696682464454977
12,Find a GitHub repository,1,find,a GitHub repository,Find a GitHub repository,77,project_management_tools_delete_project,0.4375,53.08056872037915,0.4375,0.0,0.0
12,Find a GitHub repository,1,find,a GitHub repository,Find a GitHub repository,78,carrot_mcp_server_api_log_hours_entry,0.4375,53.08056872037915,0.4375,0.0,0.0
12,Find a GitHub repository,1,find,a GitHub repository,Find a GitHub repository,79,office_word_mcp_server_api_get_document_xml,0.4375,53.08056872037915,0.435546875,0.001953125,0.23696682464454977
12,Find a GitHub repository,1,find,a GitHub repository,Find a GitHub repository,80,supabase_mcp_insert_table_data,0.435546875,52.843601895734594,0.435546875,0.0,0.0
12,Find a GitHub repository,1,find,a GitHub repository,Find a GitHub repository,81,carrot_mcp_server_api_create_employee,0.435546875,52.843601895734594,0.43359375,0.001953125,0.23696682464454977
12,Find a GitHub repository,1,find,a GitHub repository,Find a GitHub repository,82,office_word_mcp_server_api_create_word_document,0.43359375,52.60663507109005,0.431640625,0.001953125,0.23696682464454977
12,Find a GitHub repository,1,find,a GitHub repository,Find a GitHub repository,83,office_word_mcp_server_api_list_files,0.431640625,52.3696682464455,0.431640625,0.0,0.0
12,Find a GitHub repository,1,find,a GitHub repository,Find a GitHub repository,84,sharepoint_tools_create_txt_file_in_sharepoint,0.431640625,52.3696682464455,0.427734375,0.00390625,0.47393364928909953
12,Find a GitHub repository,1,find,a GitHub repository,Find a GitHub repository,85,carrot_mcp_server_api_update_employee,0.427734375,51.8957345971564,0.42578125,0.001953125,0.23696682464454977
12,Find a GitHub repository,1,find,a GitHub repository,Find a GitHub repository,86,office_word_mcp_server_api_delete_document,0.42578125,51.65876777251185,0.423828125,0.001953125,0.23696682464454977
12,Find a GitHub repository,1,find,a GitHub repository,Find a GitHub repository,87,outlook_mail_management_compose_email,0.423828125,51.421800947867304,0.423828125,0.0,0.0
12,Find a GitHub repository,1,find,a GitHub repository,Find a GitHub repository,88,quest_studio_file_storage_delete_file,0.423828125,51.421800947867304,0.423828125,0.0,0.0
12,Find a GitHub repository,1,find,a GitHub repository,Find a GitHub repository,89,office_word_mcp_server_api_convert_to_pdf,0.423828125,51.421800947867304,0.421875,0.001953125,0.23696682464454977
12,Find a GitHub repository,1,find,a GitHub repository,Find a GitHub repository,90,carrot_mcp_server_api_work_hours_summary,0.421875,51.18483412322274,0.421875,0.0,0.0
12,Find a GitHub repository,1,find,a GitHub repository,Find a GitHub repository,91,supabase_mcp_update_database_table_data,0.421875,51.18483412322274,0.421875,0.0,0.0
12,Find a GitHub repository,1,find,a GitHub repository,Find a GitHub repository,92,office_word_mcp_server_api_add_picture,0.421875,51.18483412322274,0.419921875,0.001953125,0.23696682464454977
12,Find a GitHub repository,1,find,a GitHub repository,Find a GitHub repository,93,project_management_tools_delete_work_item,0.419921875,50.947867298578196,0.419921875,0.0,0.0
12,Find a GitHub repository,1,find,a GitHub repository,Find a GitHub repository,94,office_word_mcp_server_api_merge_doucments,0.419921875,50.947867298578196,0.419921875,0.0,0.0
12,Find a GitHub repository,1,find,a GitHub repository,Find a GitHub repository,95,project_management_tools_export_sprint_to_sharepoint,0.419921875,50.947867298578196,0.416015625,0.00390625,0.47393364928909953
12,Find a GitHub repository,1,find,a GitHub repository,Find a GitHub repository,96,project_management_tools_update_project,0.416015625,50.4739336492891,0.4140625,0.001953125,0.23696682464454977
12,Find a GitHub repository,1,find,a GitHub repository,Find a GitHub repository,97,office_word_mcp_server_api_add_heading,0.4140625,50.23696682464455,0.4140625,0.0,0.0
12,Find a GitHub repository,1,find,a GitHub repository,Find a GitHub repository,98,railway_tools_volume_delete,0.4140625,50.23696682464455,0.4140625,0.0,0.0
12,Find a GitHub repository,1,find,a GitHub repository,Find a GitHub repository,99,project_management_tools_create_sprint,0.4140625,50.23696682464455,0.41015625,0.00390625,0.47393364928909953
12,Find a GitHub repository,1,find,a GitHub repository,Find a GitHub repository,100,outlook_mail_management_reply_to_email,0.41015625,49.763033175355446,0.408203125,0.001953125,0.23696682464454977
12,Find a GitHub repository,1,find,a GitHub repository,Find a GitHub repository,101,carrot_mcp_server_api_submit_leave_application,0.408203125,49.5260663507109,0.40625,0.001953125,0.23696682464454977
12,Find a GitHub repository,1,find,a GitHub repository,Find a GitHub repository,102,project_management_tools_add_work_item_comment,0.40625,49.28909952606635,0.40625,0.0,0.0
12,Find a GitHub repository,1,find,a GitHub repository,Find a GitHub repository,103,quest_studio_file_storage_update_file,0.40625,49.28909952606635,0.404296875,0.001953125,0.23696682464454977
12,Find a GitHub repository,1,find,a GitHub repository,Find a GitHub repository,104,railway_tools_service_update,0.404296875,49.052132701421804,0.396484375,0.0078125,0.9478672985781991
12,Find a GitHub repository,1,find,a GitHub repository,Find a GitHub repository,105,office_word_mcp_server_api_add_page_break,0.396484375,48.1042654028436,0.396484375,0.0,0.0
12,Find a GitHub repository,1,find,a GitHub repository,Find a GitHub repository,106,project_management_tools_delete_sprint,0.396484375,48.1042654028436,0.39453125,0.001953125,0.23696682464454977
12,Find a GitHub repository,1,find,a GitHub repository,Find a GitHub repository,107,railway_tools_volume_create,0.39453125,47.867298578199055,0.392578125,0.001953125,0.23696682464454977
12,Find a GitHub repository,1,find,a GitHub repository,Find a GitHub repository,108,project_management_tools_update_user_capacity,0.392578125,47.6303317535545,0.390625,0.001953125,0.23696682464454977
12,Find a GitHub repository,1,find,a GitHub repository,Find a GitHub repository,109,carrot_mcp_server_api_create_leave_application,0.390625,47.39336492890995,0.388671875,0.001953125,0.23696682464454977
12,Find a GitHub repository,1,find,a GitHub repository,Find a GitHub repository,110,office_word_mcp_server_api_add_table,0.388671875,47.1563981042654,0.384765625,0.00390625,0.47393364928909953
12,Find a GitHub repository,1,find,a GitHub repository,Find a GitHub repository,111,project_management_tools_assign_work_item,0.384765625,46.682464454976305,0.373046875,0.01171875,1.4218009478672986
12,Find a GitHub repository,1,find,a GitHub repository,Find a GitHub repository,112,railway_tools_volume_update,0.373046875,45.26066350710901,0.373046875,0.0,0.0
12,Find a GitHub repository,1,find,a GitHub repository,Find a GitHub repository,113,outlook_mail_management_send_email,0.373046875,45.26066350710901,0.373046875,0.0,0.0
12,Find a GitHub repository,1,find,a GitHub repository,Find a GitHub repository,114,office_word_mcp_server_api_delete_paragraph,0.373046875,45.26066350710901,0.365234375,0.0078125,0.9478672985781991
12,Find a GitHub repository,1,find,a GitHub repository,Find a GitHub repository,115,outlook_mail_management_get_email_messages,0.365234375,44.312796208530806,0.365234375,0.0,0.0
12,Find a GitHub repository,1,find,a GitHub repository,Find a GitHub repository,116,office_word_mcp_server_api_add_paragraph,0.365234375,44.312796208530806,0.365234375,0.0,0.0
12,Find a GitHub repository,1,find,a GitHub repository,Find a GitHub repository,117,carrot_mcp_server_api_update_leave_application,0.365234375,44.312796208530806,0.361328125,0.00390625,0.47393364928909953
12,Find a GitHub repository,1,find,a GitHub repository,Find a GitHub repository,118,project_management_tools_update_task_status,0.361328125,43.838862559241704,0.3515625,0.009765625,1.1848341232227488
12,Find a GitHub repository,1,find,a GitHub repository,Find a GitHub repository,119,carrot_mcp_server_api_list_leave_application,0.3515625,42.65402843601896,0.34765625,0.00390625,0.47393364928909953
12,Find a GitHub repository,1,find,a GitHub repository,Find a GitHub repository,120,outlook_mail_management_forward_email,0.34765625,42.18009478672986,0.34765625,0.0,0.0
12,Find a GitHub repository,1,find,a GitHub repository,Find a GitHub repository,121,project_management_tools_update_work_item,0.34765625,42.18009478672986,0.294921875,0.052734375,6.398104265402843
12,Find a GitHub repository,1,find,a GitHub repository,Find a GitHub repository,122,outlook_mail_management_delete_email_message,0.294921875,35.78199052132701,,,
13,Get a file from SharePoint,1,get,a file,Get a file from SharePoint,1,sharepoint_tools_get_sharepoint_documents,0.75390625,100.0,0.71875,0.03515625,4.66321243523316
13,Get a file from SharePoint,1,get,a file,Get a file from SharePoint,2,sharepoint_tools_create_txt_file_in_sharepoint,0.71875,95.33678756476684,0.70703125,0.01171875,1.5544041450777202
13,Get a file from SharePoint,1,get,a file,Get a file from SharePoint,3,quest_studio_file_storage_get_file_content,0.70703125,93.78238341968913,0.67578125,0.03125,4.145077720207254
13,Get a file from SharePoint,1,get,a file,Get a file from SharePoint,4,quest_studio_file_storage_get_file,0.67578125,89.63730569948186,0.66015625,0.015625,2.072538860103627
13,Get a file from SharePoint,1,get,a file,Get a file from SharePoint,5,office_word_mcp_server_api_copy_document,0.66015625,87.56476683937824,0.65234375,0.0078125,1.0362694300518136
13,Get a file from SharePoint,1,get,a file,Get a file from SharePoint,6,office_word_mcp_server_api_get_document_info,0.65234375,86.52849740932642,0.64453125,0.0078125,1.0362694300518136
13,Get a file from SharePoint,1,get,a file,Get a file from SharePoint,7,sharepoint_tools_get_sharepoint_sites,0.64453125,85.49222797927462,0.64453125,0.0,0.0
13,Get a file from SharePoint,1,get,a file,Get a file from SharePoint,8,office_word_mcp_server_api_get_document_text,0.64453125,85.49222797927462,0.63671875,0.0078125,1.0362694300518136
13,Get a file from SharePoint,1,get,a file,Get a file from SharePoint,9,project_management_tools_export_sprint_to_sharepoint,0.63671875,84.4559585492228,0.625,0.01171875,1.5544041450777202
13,Get a file from SharePoint,1,get,a file,Get a file from SharePoint,10,office_word_mcp_server_api_delete_document,0.625,82.90155440414507,0.6171875,0.0078125,1.0362694300518136
13,Get a file from SharePoint,1,get,a file,Get a file from SharePoint,11,github_mcp_server_get_file_contents,0.6171875,81.86528497409327,0.6171875,0.0,0.0
13,Get a file from SharePoint,1,get,a file,Get a file from SharePoint,12,office_word_mcp_server_api_get_document_xml,0.6171875,81.86528497409327,0.60546875,0.01171875,1.5544041450777202
13,Get a file from SharePoint,1,get,a file,Get a file from SharePoint,13,office_word_mcp_server_api_list_files,0.60546875,80.31088082901555,0.6015625,0.00390625,0.5181347150259068
13,Get a file from SharePoint,1,get,a file,Get a file from SharePoint,14,office_word_mcp_server_api_create_word_document,0.6015625,79.79274611398964,0.6015625,0.0,0.0
13,Get a file from SharePoint,1,get,a file,Get a file from SharePoint,15,office_word_mcp_server_api_convert_to_pdf,0.6015625,79.79274611398964,0.59765625,0.00390625,0.5181347150259068
13,Get a file from SharePoint,1,get,a file,Get a file from SharePoint,16,office_word_mcp_server_api_merge_doucments,0.59765625,79.27461139896373,0.59375,0.00390625,0.5181347150259068
13,Get a file from SharePoint,1,get,a file,Get a file from SharePoint,17,quest_studio_file_storage_get_files,0.59375,78.75647668393782,0.59375,0.0,0.0
13,Get a file from SharePoint,1,get,a file,Get a file from SharePoint,18,quest_studio_file_storage_query_files,0.59375,78.75647668393782,0.58984375,0.00390625,0.5181347150259068
13,Get a file from SharePoint,1,get,a file,Get a file from SharePoint,19,quest_studio_file_storage_delete_file,0.58984375,78.23834196891191,0.5859375,0.00390625,0.5181347150259068
13,Get a file from SharePoint,1,get,a file,Get a file from SharePoint,20,quest_studio_file_storage_update_file,0.5859375,77.720207253886,0.57421875,0.01171875,1.5544041450777202
13,Get a file from SharePoint,1,get,a file,Get a file from SharePoint,21,office_word_mcp_server_api_get_document_outline,0.57421875,76.16580310880829,0.5703125,0.00390625,0.5181347150259068
13,Get a file from SharePoint,1,get,a file,Get a file from SharePoint,22,office_word_mcp_server_api_find_text_in_document,0.5703125,75.64766839378238,0.5625,0.0078125,1.0362694300518136
13,Get a file from SharePoint,1,get,a file,Get a file from SharePoint,23,office_word_mcp_server_api_add_picture,0.5625,74.61139896373057,0.55078125,0.01171875,1.5544041450777202
13,Get a file from SharePoint,1,get,a file,Get a file from SharePoint,24,office_word_mcp_server_api_get_paragraph_text_from_document,0.55078125,73.05699481865285,0.53515625,0.015625,2.072538860103627
13,Get a file from SharePoint,1,get,a file,Get a file from SharePoint,25,github_mcp_server_delete_file,0.53515625,70.98445595854922,0.52734375,0.0078125,1.0362694300518136
13,Get a file from SharePoint,1,get,a file,Get a file from SharePoint,26,github_mcp_server_create_or_update_file,0.52734375,69.94818652849742,0.51953125,0.0078125,1.0362694300518136
13,Get a file from SharePoint,1,get,a file,Get a file from SharePoint,27,office_word_mcp_server_api_search_replace,0.51953125,68.9119170984456,0.5078125,0.01171875,1.5544041450777202
13,Get a file from SharePoint,1,get,a file,Get a file from SharePoint,28,office_word_mcp_server_api_add_table,0.5078125,67.35751295336787,0.5,0.0078125,1.0362694300518136
13,Get a file from SharePoint,1,get,a file,Get a file from SharePoint,29,outlook_mail_management_search_outlook_mail,0.5,66.32124352331607,0.49609375,0.00390625,0.5181347150259068
13,Get a file from SharePoint,1,get,a file,Get a file from SharePoint,30,quest_studio_file_storage_get_storage_usage,0.49609375,65.80310880829016,0.484375,0.01171875,1.5544041450777202
13,Get a file from SharePoint,1,get,a file,Get a file from SharePoint,31,office_word_mcp_server_api_delete_paragraph,0.484375,64.24870466321244,0.478515625,0.005859375,0.7772020725388601
13,Get a file from SharePoint,1,get,a file,Get a file from SharePoint,32,project_management_tools_get_work_item,0.478515625,63.47150259067358,0.478515625,0.0,0.0
13,Get a file from SharePoint,1,get,a file,Get a file from SharePoint,33,office_word_mcp_server_api_add_heading,0.478515625,63.47150259067358,0.4765625,0.001953125,0.2590673575129534
13,Get a file from SharePoint,1,get,a file,Get a file from SharePoint,34,office_word_mcp_server_api_add_paragraph,0.4765625,63.212435233160626,0.4765625,0.0,0.0
13,Get a file from SharePoint,1,get,a file,Get a file from SharePoint,35,office_word_mcp_server_api_add_page_break,0.4765625,63.212435233160626,0.45703125,0.01953125,2.5906735751295336
13,Get a file from SharePoint,1,get,a file,Get a file from SharePoint,36,supabase_mcp_select_database_table_data,0.45703125,60.62176165803109,0.455078125,0.001953125,0.2590673575129534
13,Get a file from SharePoint,1,get,a file,Get a file from SharePoint,37,gmail_tools_forward_google_email,0.455078125,60.362694300518136,0.451171875,0.00390625,0.5181347150259068
13,Get a file from SharePoint,1,get,a file,Get a file from SharePoint,38,gmail_tools_get_google_emails,0.451171875,59.84455958549223,0.443359375,0.0078125,1.0362694300518136
13,Get a file from SharePoint,1,get,a file,Get a file from SharePoint,39,project_management_tools_list_work_items,0.443359375,58.80829015544041,0.443359375,0.0,0.0
13,Get a file from SharePoint,1,get,a file,Get a file from SharePoint,40,project_management_tools_get_work_item_comments,0.443359375,58.80829015544041,0.44140625,0.001953125,0.2590673575129534
13,Get a file from SharePoint,1,get,a file,Get a file from SharePoint,41,project_management_tools_list_team_members,0.44140625,58.549222797927456,0.439453125,0.001953125,0.2590673575129534
13,Get a file from SharePoint,1,get,a file,Get a file from SharePoint,42,project_management_tools_get_project,0.439453125,58.2901554404145,0.439453125,0.0,0.0
13,Get a file from SharePoint,1,get,a file,Get a file from SharePoint,43,project_management_tools_get_team,0.439453125,58.2901554404145,0.439453125,0.0,0.0
13,Get a file from SharePoint,1,get,a file,Get a file from SharePoint,44,project_management_tools_view_board,0.439453125,58.2901554404145,0.4375,0.001953125,0.2590673575129534
13,Get a file from SharePoint,1,get,a file,Get a file from SharePoint,45,carrot_mcp_server_api_get_employee,0.4375,58.03108808290155,0.4375,0.0,0.0
13,Get a file from SharePoint,1,get,a file,Get a file from SharePoint,46,outlook_mail_management_find_email_address,0.4375,58.03108808290155,0.4375,0.0,0.0
13,Get a file from SharePoint,1,get,a file,Get a file from SharePoint,47,github_mcp_server_push_files,0.4375,58.03108808290155,0.43359375,0.00390625,0.5181347150259068
13,Get a file from SharePoint,1,get,a file,Get a file from SharePoint,48,project_management_tools_list_users,0.43359375,57.51295336787565,0.431640625,0.001953125,0.2590673575129534
13,Get a file from SharePoint,1,get,a file,Get a file from SharePoint,49,github_mcp_server_pull_request_read,0.431640625,57.2538860103627,0.4296875,0.001953125,0.2590673575129534
13,Get a file from SharePoint,1,get,a file,Get a file from SharePoint,50,railway_tools_service_create_from_repo,0.4296875,56.994818652849744,0.427734375,0.001953125,0.2590673575129534
13,Get a file from SharePoint,1,get,a file,Get a file from SharePoint,51,project_management_tools_get_user_capacity,0.427734375,56.73575129533679,0.423828125,0.00390625,0.5181347150259068
13,Get a file from SharePoint,1,get,a file,Get a file from SharePoint,52,carrot_mcp_server_api_list_employees,0.423828125,56.21761658031088,0.421875,0.001953125,0.2590673575129534
13,Get a file from SharePoint,1,get,a file,Get a file from SharePoint,53,project_management_tools_list_teams,0.421875,55.95854922279793,0.421875,0.0,0.0
13,Get a file from SharePoint,1,get,a file,Get a file from SharePoint,54,project_management_tools_get_sprint,0.421875,55.95854922279793,0.419921875,0.001953125,0.2590673575129534
13,Get a file from SharePoint,1,get,a file,Get a file from SharePoint,55,project_management_tools_list_projects,0.419921875,55.69948186528497,0.419921875,0.0,0.0
13,Get a file from SharePoint,1,get,a file,Get a file from SharePoint,56,supabase_mcp_get_table_schema,0.419921875,55.69948186528497,0.419921875,0.0,0.0
13,Get a file from SharePoint,1,get,a file,Get a file from SharePoint,57,project_management_tools_delete_work_item,0.419921875,55.69948186528497,0.419921875,0.0,0.0
13,Get a file from SharePoint,1,get,a file,Get a file from SharePoint,58,outlook_mail_management_get_email_messages,0.419921875,55.69948186528497,0.419921875,0.0,0.0
13,Get a file from SharePoint,1,get,a file,Get a file from SharePoint,59,github_mcp_server_merge_pull_request,0.419921875,55.69948186528497,0.416015625,0.00390625,0.5181347150259068
13,Get a file from SharePoint,1,get,a file,Get a file from SharePoint,60,project_management_tools_create_work_item,0.416015625,55.181347150259064,0.4140625,0.001953125,0.2590673575129534
13,Get a file from SharePoint,1,get,a file,Get a file from SharePoint,61,gmail_tools_reply_google_email,0.4140625,54.92227979274611,0.4140625,0.0,0.0
13,Get a file from SharePoint,1,get,a file,Get a file from SharePoint,62,github_mcp_server_get_commit,0.4140625,54.92227979274611,0.412109375,0.001953125,0.2590673575129534
13,Get a file from SharePoint,1,get,a file,Get a file from SharePoint,63,gmail_tools_delete_google_email,0.412109375,54.66321243523316,0.40625,0.005859375,0.7772020725388601
13,Get a file from SharePoint,1,get,a file,Get a file from SharePoint,64,gmail_tools_send_google_email,0.40625,53.8860103626943,0.40625,0.0,0.0
13,Get a file from SharePoint,1,get,a file,Get a file from SharePoint,65,railway_tools_project_environments,0.40625,53.8860103626943,0.40234375,0.00390625,0.5181347150259068
13,Get a file from SharePoint,1,get,a file,Get a file from SharePoint,66,project_management_tools_assign_work_item,0.40234375,53.36787564766839,0.40234375,0.0,0.0
13,Get a file from SharePoint,1,get,a file,Get a file from SharePoint,67,github_mcp_server_list_branches,0.40234375,53.36787564766839,0.400390625,0.001953125,0.2590673575129534
13,Get a file from SharePoint,1,get,a file,Get a file from SharePoint,68,project_management_tools_list_sprints,0.400390625,53.10880829015544,0.3984375,0.001953125,0.2590673575129534
13,Get a file from SharePoint,1,get,a file,Get a file from SharePoint,69,railway_tools_project_info,0.3984375,52.84974093264248,0.396484375,0.001953125,0.2590673575129534
13,Get a file from SharePoint,1,get,a file,Get a file from SharePoint,70,github_mcp_server_list_pull_requests,0.396484375,52.59067357512953,0.39453125,0.001953125,0.2590673575129534
13,Get a file from SharePoint,1,get,a file,Get a file from SharePoint,71,carrot_mcp_server_api_update_employee,0.39453125,52.331606217616574,0.39453125,0.0,0.0
13,Get a file from SharePoint,1,get,a file,Get a file from SharePoint,72,railway_tools_service_list,0.39453125,52.331606217616574,0.392578125,0.001953125,0.2590673575129534
13,Get a file from SharePoint,1,get,a file,Get a file from SharePoint,73,supabase_mcp_get_database_tables,0.392578125,52.07253886010362,0.390625,0.001953125,0.2590673575129534
13,Get a file from SharePoint,1,get,a file,Get a file from SharePoint,74,github_mcp_server_search_repositories,0.390625,51.813471502590666,0.388671875,0.001953125,0.2590673575129534
13,Get a file from SharePoint,1,get,a file,Get a file from SharePoint,75,project_management_tools_delete_team,0.388671875,51.554404145077726,0.38671875,0.001953125,0.2590673575129534
13,Get a file from SharePoint,1,get,a file,Get a file from SharePoint,76,github_mcp_server_list_commits,0.38671875,51.29533678756477,0.38671875,0.0,0.0
13,Get a file from SharePoint,1,get,a file,Get a file from SharePoint,77,project_management_tools_update_task_status,0.38671875,51.29533678756477,0.38671875,0.0,0.0
13,Get a file from SharePoint,1,get,a file,Get a file from SharePoint,78,supabase_mcp_get_all_supabase_projects,0.38671875,51.29533678756477,0.38671875,0.0,0.0
13,Get a file from SharePoint,1,get,a file,Get a file from SharePoint,79,railway_tools_service_info,0.38671875,51.29533678756477,0.38671875,0.0,0.0
13,Get a file from SharePoint,1,get,a file,Get a file from SharePoint,80,railway_tools_volume_list,0.38671875,51.29533678756477,0.38671875,0.0,0.0
13,Get a file from SharePoint,1,get,a file,Get a file from SharePoint,81,railway_tools_volume_delete,0.38671875,51.29533678756477,0.3828125,0.00390625,0.5181347150259068
13,Get a file from SharePoint,1,get,a file,Get a file from SharePoint,82,github_mcp_server_update_pull_request,0.3828125,50.77720207253886,0.3828125,0.0,0.0
13,Get a file from SharePoint,1,get,a file,Get a file from SharePoint,83,railway_tools_service_delete,0.3828125,50.77720207253886,0.3828125,0.0,0.0
13,Get a file from SharePoint,1,get,a file,Get a file from SharePoint,84,github_mcp_server_create_pull_request,0.3828125,50.77720207253886,0.37890625,0.00390625,0.5181347150259068
13,Get a file from SharePoint,1,get,a file,Get a file from SharePoint,85,outlook_mail_management_forward_email,0.37890625,50.259067357512954,0.376953125,0.001953125,0.2590673575129534
13,Get a file from SharePoint,1,get,a file,Get a file from SharePoint,86,carrot_mcp_server_api_create_employee,0.376953125,50.0,0.376953125,0.0,0.0
13,Get a file from SharePoint,1,get,a file,Get a file from SharePoint,87,web_search_tools_web_search,0.376953125,50.0,0.376953125,0.0,0.0
13,Get a file from SharePoint,1,get,a file,Get a file from SharePoint,88,github_mcp_server_create_branch,0.376953125,50.0,0.375,0.001953125,0.2590673575129534
13,Get a file from SharePoint,1,get,a file,Get a file from SharePoint,89,project_management_tools_delete_sprint,0.375,49.740932642487046,0.375,0.0,0.0
13,Get a file from SharePoint,1,get,a file,Get a file from SharePoint,90,supabase_mcp_check_database_health,0.375,49.740932642487046,0.373046875,0.001953125,0.2590673575129534
13,Get a file from SharePoint,1,get,a file,Get a file from SharePoint,91,railway_tools_service_create_from_image,0.373046875,49.48186528497409,0.37109375,0.001953125,0.2590673575129534
13,Get a file from SharePoint,1,get,a file,Get a file from SharePoint,92,github_mcp_server_get_me,0.37109375,49.22279792746114,0.369140625,0.001953125,0.2590673575129534
13,Get a file from SharePoint,1,get,a file,Get a file from SharePoint,93,carrot_mcp_server_api_work_hours_summary,0.369140625,48.96373056994819,0.369140625,0.0,0.0
13,Get a file from SharePoint,1,get,a file,Get a file from SharePoint,94,railway_tools_project_create,0.369140625,48.96373056994819,0.369140625,0.0,0.0
13,Get a file from SharePoint,1,get,a file,Get a file from SharePoint,95,railway_tools_project_list,0.369140625,48.96373056994819,0.369140625,0.0,0.0
13,Get a file from SharePoint,1,get,a file,Get a file from SharePoint,96,project_management_tools_create_sprint,0.369140625,48.96373056994819,0.369140625,0.0,0.0
13,Get a file from SharePoint,1,get,a file,Get a file from SharePoint,97,project_management_tools_delete_project,0.369140625,48.96373056994819,0.369140625,0.0,0.0
13,Get a file from SharePoint,1,get,a file,Get a file from SharePoint,98,project_management_tools_update_user_capacity,0.369140625,48.96373056994819,0.369140625,0.0,0.0
13,Get a file from SharePoint,1,get,a file,Get a file from SharePoint,99,project_management_tools_add_work_item_comment,0.369140625,48.96373056994819,0.369140625,0.0,0.0
13,Get a file from SharePoint,1,get,a file,Get a file from SharePoint,100,supabase_mcp_insert_table_data,0.369140625,48.96373056994819,0.365234375,0.00390625,0.5181347150259068
13,Get a file from SharePoint,1,get,a file,Get a file from SharePoint,101,carrot_mcp_server_api_log_hours_entry,0.365234375,48.44559585492228,0.365234375,0.0,0.0
13,Get a file from SharePoint,1,get,a file,Get a file from SharePoint,102,github_mcp_server_create_repository,0.365234375,48.44559585492228,0.36328125,0.001953125,0.2590673575129534
13,Get a file from SharePoint,1,get,a file,Get a file from SharePoint,103,supabase_mcp_update_database_table_data,0.36328125,48.18652849740933,0.361328125,0.001953125,0.2590673575129534
13,Get a file from SharePoint,1,get,a file,Get a file from SharePoint,104,railway_tools_service_restart,0.361328125,47.92746113989637,0.359375,0.001953125,0.2590673575129534
13,Get a file from SharePoint,1,get,a file,Get a file from SharePoint,105,carrot_mcp_server_api_hr_dashboard_summary,0.359375,47.66839378238342,0.357421875,0.001953125,0.2590673575129534
13,Get a file from SharePoint,1,get,a file,Get a file from SharePoint,106,project_management_tools_create_team,0.357421875,47.40932642487047,0.357421875,0.0,0.0
13,Get a file from SharePoint,1,get,a file,Get a file from SharePoint,107,railway_tools_project_delete,0.357421875,47.40932642487047,0.35546875,0.001953125,0.2590673575129534
13,Get a file from SharePoint,1,get,a file,Get a file from SharePoint,108,railway_tools_database_list_types,0.35546875,47.15025906735752,0.35546875,0.0,0.0
13,Get a file from SharePoint,1,get,a file,Get a file from SharePoint,109,outlook_mail_management_reply_to_email,0.35546875,47.15025906735752,0.3515625,0.00390625,0.5181347150259068
13,Get a file from SharePoint,1,get,a file,Get a file from SharePoint,110,project_management_tools_create_project,0.3515625,46.63212435233161,0.345703125,0.005859375,0.7772020725388601
13,Get a file from SharePoint,1,get,a file,Get a file from SharePoint,111,outlook_mail_management_compose_email,0.345703125,45.854922279792746,0.341796875,0.00390625,0.5181347150259068
13,Get a file from SharePoint,1,get,a file,Get a file from SharePoint,112,project_management_tools_update_work_item,0.341796875,45.33678756476684,0.3359375,0.005859375,0.7772020725388601
13,Get a file from SharePoint,1,get,a file,Get a file from SharePoint,113,railway_tools_volume_create,0.3359375,44.559585492227974,0.33203125,0.00390625,0.5181347150259068
13,Get a file from SharePoint,1,get,a file,Get a file from SharePoint,114,project_management_tools_update_project,0.33203125,44.04145077720207,0.330078125,0.001953125,0.2590673575129534
13,Get a file from SharePoint,1,get,a file,Get a file from SharePoint,115,railway_tools_service_update,0.330078125,43.78238341968912,0.328125,0.001953125,0.2590673575129534
13,Get a file from SharePoint,1,get,a file,Get a file from SharePoint,116,outlook_mail_management_delete_email_message,0.328125,43.523316062176164,0.310546875,0.017578125,2.33160621761658
13,Get a file from SharePoint,1,get,a file,Get a file from SharePoint,117,carrot_mcp_server_api_create_leave_application,0.310546875,41.19170984455959,0.310546875,0.0,0.0
13,Get a file from SharePoint,1,get,a file,Get a file from SharePoint,118,carrot_mcp_server_api_update_leave_application,0.310546875,41.19170984455959,0.30859375,0.001953125,0.2590673575129534
13,Get a file from SharePoint,1,get,a file,Get a file from SharePoint,119,carrot_mcp_server_api_list_leave_application,0.30859375,40.932642487046635,0.30859375,0.0,0.0
13,Get a file from SharePoint,1,get,a file,Get a file from SharePoint,120,railway_tools_volume_update,0.30859375,40.932642487046635,0.30859375,0.0,0.0
13,Get a file from SharePoint,1,get,a file,Get a file from SharePoint,121,outlook_mail_management_send_email,0.30859375,40.932642487046635,0.30078125,0.0078125,1.0362694300518136
13,Get a file from SharePoint,1,get,a file,Get a file from SharePoint,122,carrot_mcp_server_api_submit_leave_application,0.30078125,39.89637305699482,,,
14,Run a query against the database,1,run,a query,Run a query against the database,1,supabase_mcp_select_database_table_data,0.5625,100.0,0.5625,0.0,0.0
14,Run a query against the database,1,run,a query,Run a query against the database,2,supabase_mcp_check_database_health,0.5625,100.0,0.5234375,0.0390625,6.944444444444445
14,Run a query against the database,1,run,a query,Run a query against the database,3,supabase_mcp_update_database_table_data,0.5234375,93.05555555555556,0.494140625,0.029296875,5.208333333333334
14,Run a query against the database,1,run,a query,Run a query against the database,4,supabase_mcp_insert_table_data,0.494140625,87.84722222222221,0.484375,0.009765625,1.7361111111111112
14,Run a query against the database,1,run,a query,Run a query against the database,5,supabase_mcp_get_database_tables,0.484375,86.11111111111111,0.47265625,0.01171875,2.083333333333333
14,Run a query against the database,1,run,a query,Run a query against the database,6,railway_tools_database_list_types,0.47265625,84.02777777777779,0.46484375,0.0078125,1.3888888888888888
14,Run a query against the database,1,run,a query,Run a query against the database,7,supabase_mcp_get_table_schema,0.46484375,82.63888888888889,0.44921875,0.015625,2.7777777777777777
14,Run a query against the database,1,run,a query,Run a query against the database,8,supabase_mcp_get_all_supabase_projects,0.44921875,79.86111111111111,0.439453125,0.009765625,1.7361111111111112
14,Run a query against the database,1,run,a query,Run a query against the database,9,railway_tools_project_create,0.439453125,78.125,0.431640625,0.0078125,1.3888888888888888
14,Run a query against the database,1,run,a query,Run a query against the database,10,railway_tools_volume_list,0.431640625,76.73611111111111,0.421875,0.009765625,1.7361111111111112
14,Run a query against the database,1,run,a query,Run a query against the database,11,railway_tools_project_environments,0.421875,75.0,0.41796875,0.00390625,0.6944444444444444
14,Run a query against the database,1,run,a query,Run a query against the database,12,office_word_mcp_server_api_search_replace,0.41796875,74.30555555555556,0.416015625,0.001953125,0.3472222222222222
14,Run a query against the database,1,run,a query,Run a query against the database,13,railway_tools_service_restart,0.416015625,73.95833333333334,0.404296875,0.01171875,2.083333333333333
14,Run a query against the database,1,run,a query,Run a query against the database,14,railway_tools_project_info,0.404296875,71.875,0.40234375,0.001953125,0.3472222222222222
14,Run a query against the database,1,run,a query,Run a query against the database,15,railway_tools_project_list,0.40234375,71.52777777777779,0.400390625,0.001953125,0.3472222222222222
14,Run a query against the database,1,run,a query,Run a query against the database,16,railway_tools_project_delete,0.400390625,71.18055555555556,0.388671875,0.01171875,2.083333333333333
14,Run a query against the database,1,run,a query,Run a query against the database,17,railway_tools_volume_create,0.388671875,69.09722222222221,0.388671875,0.0,0.0
14,Run a query against the database,1,run,a query,Run a query against the database,18,railway_tools_service_create_from_image,0.388671875,69.09722222222221,0.380859375,0.0078125,1.3888888888888888
14,Run a query against the database,1,run,a query,Run a query against the database,19,office_word_mcp_server_api_add_table,0.380859375,67.70833333333334,0.375,0.005859375,1.0416666666666665
14,Run a query against the database,1,run,a query,Run a query against the database,20,railway_tools_service_list,0.375,66.66666666666666,0.373046875,0.001953125,0.3472222222222222
14,Run a query against the database,1,run,a query,Run a query against the database,21,railway_tools_service_info,0.373046875,66.31944444444444,0.373046875,0.0,0.0
14,Run a query against the database,1,run,a query,Run a query against the database,22,office_word_mcp_server_api_convert_to_pdf,0.373046875,66.31944444444444,0.373046875,0.0,0.0
14,Run a query against the database,1,run,a query,Run a query against the database,23,web_search_tools_web_search,0.373046875,66.31944444444444,0.37109375,0.001953125,0.3472222222222222
14,Run a query against the database,1,run,a query,Run a query against the database,24,quest_studio_file_storage_query_files,0.37109375,65.97222222222221,0.37109375,0.0,0.0
14,Run a query against the database,1,run,a query,Run a query against the database,25,office_word_mcp_server_api_find_text_in_document,0.37109375,65.97222222222221,0.369140625,0.001953125,0.3472222222222222
14,Run a query against the database,1,run,a query,Run a query against the database,26,railway_tools_service_create_from_repo,0.369140625,65.625,0.36328125,0.005859375,1.0416666666666665
14,Run a query against the database,1,run,a query,Run a query against the database,27,project_management_tools_list_work_items,0.36328125,64.58333333333334,0.359375,0.00390625,0.6944444444444444
14,Run a query against the database,1,run,a query,Run a query against the database,28,carrot_mcp_server_api_log_hours_entry,0.359375,63.888888888888886,0.357421875,0.001953125,0.3472222222222222
14,Run a query against the database,1,run,a query,Run a query against the database,29,office_word_mcp_server_api_delete_document,0.357421875,63.541666666666664,0.353515625,0.00390625,0.6944444444444444
14,Run a query against the database,1,run,a query,Run a query against the database,30,office_word_mcp_server_api_create_word_document,0.353515625,62.84722222222222,0.3515625,0.001953125,0.3472222222222222
14,Run a query against the database,1,run,a query,Run a query against the database,31,railway_tools_service_delete,0.3515625,62.5,0.3515625,0.0,0.0
14,Run a query against the database,1,run,a query,Run a query against the database,32,github_mcp_server_pull_request_read,0.3515625,62.5,0.349609375,0.001953125,0.3472222222222222
14,Run a query against the database,1,run,a query,Run a query against the database,33,office_word_mcp_server_api_copy_document,0.349609375,62.15277777777778,0.34765625,0.001953125,0.3472222222222222
14,Run a query against the database,1,run,a query,Run a query against the database,34,carrot_mcp_server_api_list_employees,0.34765625,61.80555555555556,0.34765625,0.0,0.0
14,Run a query against the database,1,run,a query,Run a query against the database,35,gmail_tools_reply_google_email,0.34765625,61.80555555555556,0.34765625,0.0,0.0
14,Run a query against the database,1,run,a query,Run a query against the database,36,github_mcp_server_search_repositories,0.34765625,61.80555555555556,0.345703125,0.001953125,0.3472222222222222
14,Run a query against the database,1,run,a query,Run a query against the database,37,railway_tools_volume_delete,0.345703125,61.458333333333336,0.345703125,0.0,0.0
14,Run a query against the database,1,run,a query,Run a query against the database,38,project_management_tools_create_work_item,0.345703125,61.458333333333336,0.34375,0.001953125,0.3472222222222222
14,Run a query against the database,1,run,a query,Run a query against the database,39,office_word_mcp_server_api_get_document_outline,0.34375,61.111111111111114,0.341796875,0.001953125,0.3472222222222222
14,Run a query against the database,1,run,a query,Run a query against the database,40,railway_tools_service_update,0.341796875,60.763888888888886,0.341796875,0.0,0.0
14,Run a query against the database,1,run,a query,Run a query against the database,41,office_word_mcp_server_api_get_document_text,0.341796875,60.763888888888886,0.341796875,0.0,0.0
14,Run a query against the database,1,run,a query,Run a query against the database,42,office_word_mcp_server_api_get_document_xml,0.341796875,60.763888888888886,0.33984375,0.001953125,0.3472222222222222
14,Run a query against the database,1,run,a query,Run a query against the database,43,quest_studio_file_storage_get_storage_usage,0.33984375,60.416666666666664,0.33984375,0.0,0.0
14,Run a query against the database,1,run,a query,Run a query against the database,44,outlook_mail_management_search_outlook_mail,0.33984375,60.416666666666664,0.33984375,0.0,0.0
14,Run a query against the database,1,run,a query,Run a query against the database,45,office_word_mcp_server_api_get_document_info,0.33984375,60.416666666666664,0.33984375,0.0,0.0
14,Run a query against the database,1,run,a query,Run a query against the database,46,gmail_tools_send_google_email,0.33984375,60.416666666666664,0.337890625,0.001953125,0.3472222222222222
14,Run a query against the database,1,run,a query,Run a query against the database,47,github_mcp_server_list_pull_requests,0.337890625,60.06944444444444,0.337890625,0.0,0.0
14,Run a query against the database,1,run,a query,Run a query against the database,48,office_word_mcp_server_api_list_files,0.337890625,60.06944444444444,0.3359375,0.001953125,0.3472222222222222
14,Run a query against the database,1,run,a query,Run a query against the database,49,github_mcp_server_create_pull_request,0.3359375,59.72222222222222,0.3359375,0.0,0.0
14,Run a query against the database,1,run,a query,Run a query against the database,50,office_word_mcp_server_api_add_page_break,0.3359375,59.72222222222222,0.333984375,0.001953125,0.3472222222222222
14,Run a query against the database,1,run,a query,Run a query against the database,51,office_word_mcp_server_api_merge_doucments,0.333984375,59.375,0.333984375,0.0,0.0
14,Run a query against the database,1,run,a query,Run a query against the database,52,github_mcp_server_update_pull_request,0.333984375,59.375,0.333984375,0.0,0.0
14,Run a query against the database,1,run,a query,Run a query against the database,53,project_management_tools_list_projects,0.333984375,59.375,0.333984375,0.0,0.0
14,Run a query against the database,1,run,a query,Run a query against the database,54,project_management_tools_list_sprints,0.333984375,59.375,0.33203125,0.001953125,0.3472222222222222
14,Run a query against the database,1,run,a query,Run a query against the database,55,github_mcp_server_merge_pull_request,0.33203125,59.02777777777778,0.330078125,0.001953125,0.3472222222222222
14,Run a query against the database,1,run,a query,Run a query against the database,56,carrot_mcp_server_api_get_employee,0.330078125,58.68055555555556,0.330078125,0.0,0.0
14,Run a query against the database,1,run,a query,Run a query against the database,57,carrot_mcp_server_api_update_employee,0.330078125,58.68055555555556,0.328125,0.001953125,0.3472222222222222
14,Run a query against the database,1,run,a query,Run a query against the database,58,project_management_tools_view_board,0.328125,58.333333333333336,0.328125,0.0,0.0
14,Run a query against the database,1,run,a query,Run a query against the database,59,gmail_tools_forward_google_email,0.328125,58.333333333333336,0.326171875,0.001953125,0.3472222222222222
14,Run a query against the database,1,run,a query,Run a query against the database,60,carrot_mcp_server_api_create_employee,0.326171875,57.986111111111114,0.326171875,0.0,0.0
14,Run a query against the database,1,run,a query,Run a query against the database,61,github_mcp_server_create_repository,0.326171875,57.986111111111114,0.326171875,0.0,0.0
14,Run a query against the database,1,run,a query,Run a query against the database,62,railway_tools_volume_update,0.326171875,57.986111111111114,0.326171875,0.0,0.0
14,Run a query against the database,1,run,a query,Run a query against the database,63,project_management_tools_export_sprint_to_sharepoint,0.326171875,57.986111111111114,0.326171875,0.0,0.0
14,Run a query against the database,1,run,a query,Run a query against the database,64,office_word_mcp_server_api_delete_paragraph,0.326171875,57.986111111111114,0.32421875,0.001953125,0.3472222222222222
14,Run a query against the database,1,run,a query,Run a query against the database,65,project_management_tools_get_sprint,0.32421875,57.638888888888886,0.32421875,0.0,0.0
14,Run a query against the database,1,run,a query,Run a query against the database,66,project_management_tools_create_sprint,0.32421875,57.638888888888886,0.32421875,0.0,0.0
14,Run a query against the database,1,run,a query,Run a query against the database,67,carrot_mcp_server_api_hr_dashboard_summary,0.32421875,57.638888888888886,0.322265625,0.001953125,0.3472222222222222
14,Run a query against the database,1,run,a query,Run a query against the database,68,office_word_mcp_server_api_add_paragraph,0.322265625,57.291666666666664,0.3203125,0.001953125,0.3472222222222222
14,Run a query against the database,1,run,a query,Run a query against the database,69,github_mcp_server_list_commits,0.3203125,56.94444444444444,0.3203125,0.0,0.0
14,Run a query against the database,1,run,a query,Run a query against the database,70,office_word_mcp_server_api_get_paragraph_text_from_document,0.3203125,56.94444444444444,0.318359375,0.001953125,0.3472222222222222
14,Run a query against the database,1,run,a query,Run a query against the database,71,gmail_tools_get_google_emails,0.318359375,56.59722222222222,0.31640625,0.001953125,0.3472222222222222
14,Run a query against the database,1,run,a query,Run a query against the database,72,project_management_tools_get_user_capacity,0.31640625,56.25,0.314453125,0.001953125,0.3472222222222222
14,Run a query against the database,1,run,a query,Run a query against the database,73,github_mcp_server_get_me,0.314453125,55.90277777777778,0.314453125,0.0,0.0
14,Run a query against the database,1,run,a query,Run a query against the database,74,github_mcp_server_get_commit,0.314453125,55.90277777777778,0.314453125,0.0,0.0
14,Run a query against the database,1,run,a query,Run a query against the database,75,carrot_mcp_server_api_work_hours_summary,0.314453125,55.90277777777778,0.314453125,0.0,0.0
14,Run a query against the database,1,run,a query,Run a query against the database,76,office_word_mcp_server_api_add_picture,0.314453125,55.90277777777778,0.30859375,0.005859375,1.0416666666666665
14,Run a query against the database,1,run,a query,Run a query against the database,77,outlook_mail_management_reply_to_email,0.30859375,54.861111111111114,0.306640625,0.001953125,0.3472222222222222
14,Run a query against the database,1,run,a query,Run a query against the database,78,project_management_tools_list_teams,0.306640625,54.513888888888886,0.306640625,0.0,0.0
14,Run a query against the database,1,run,a query,Run a query against the database,79,gmail_tools_delete_google_email,0.306640625,54.513888888888886,0.306640625,0.0,0.0
14,Run a query against the database,1,run,a query,Run a query against the database,80,github_mcp_server_list_branches,0.306640625,54.513888888888886,0.306640625,0.0,0.0
14,Run a query against the database,1,run,a query,Run a query against the database,81,quest_studio_file_storage_get_files,0.306640625,54.513888888888886,0.3046875,0.001953125,0.3472222222222222
14,Run a query against the database,1,run,a query,Run a query against the database,82,project_management_tools_get_project,0.3046875,54.166666666666664,0.3046875,0.0,0.0
14,Run a query against the database,1,run,a query,Run a query against the database,83,sharepoint_tools_get_sharepoint_documents,0.3046875,54.166666666666664,0.3046875,0.0,0.0
14,Run a query against the database,1,run,a query,Run a query against the database,84,office_word_mcp_server_api_add_heading,0.3046875,54.166666666666664,0.302734375,0.001953125,0.3472222222222222
14,Run a query against the database,1,run,a query,Run a query against the database,85,github_mcp_server_create_branch,0.302734375,53.81944444444444,0.302734375,0.0,0.0
14,Run a query against the database,1,run,a query,Run a query against the database,86,outlook_mail_management_find_email_address,0.302734375,53.81944444444444,0.302734375,0.0,0.0
14,Run a query against the database,1,run,a query,Run a query against the database,87,project_management_tools_create_project,0.302734375,53.81944444444444,0.30078125,0.001953125,0.3472222222222222
14,Run a query against the database,1,run,a query,Run a query against the database,88,project_management_tools_get_work_item,0.30078125,53.47222222222222,0.30078125,0.0,0.0
14,Run a query against the database,1,run,a query,Run a query against the database,89,github_mcp_server_create_or_update_file,0.30078125,53.47222222222222,0.30078125,0.0,0.0
14,Run a query against the database,1,run,a query,Run a query against the database,90,github_mcp_server_get_file_contents,0.30078125,53.47222222222222,0.298828125,0.001953125,0.3472222222222222
14,Run a query against the database,1,run,a query,Run a query against the database,91,quest_studio_file_storage_get_file_content,0.298828125,53.125,0.298828125,0.0,0.0
14,Run a query against the database,1,run,a query,Run a query against the database,92,project_management_tools_list_users,0.298828125,53.125,0.296875,0.001953125,0.3472222222222222
14,Run a query against the database,1,run,a query,Run a query against the database,93,project_management_tools_update_task_status,0.296875,52.77777777777778,0.294921875,0.001953125,0.3472222222222222
14,Run a query against the database,1,run,a query,Run a query against the database,94,project_management_tools_delete_sprint,0.294921875,52.43055555555556,0.294921875,0.0,0.0
14,Run a query against the database,1,run,a query,Run a query against the database,95,carrot_mcp_server_api_submit_leave_application,0.294921875,52.43055555555556,0.29296875,0.001953125,0.3472222222222222
14,Run a query against the database,1,run,a query,Run a query against the database,96,project_management_tools_get_team,0.29296875,52.083333333333336,0.29296875,0.0,0.0
14,Run a query against the database,1,run,a query,Run a query against the database,97,quest_studio_file_storage_delete_file,0.29296875,52.083333333333336,0.291015625,0.001953125,0.3472222222222222
14,Run a query against the database,1,run,a query,Run a query against the database,98,outlook_mail_management_get_email_messages,0.291015625,51.736111111111114,0.291015625,0.0,0.0
14,Run a query against the database,1,run,a query,Run a query against the database,99,sharepoint_tools_create_txt_file_in_sharepoint,0.291015625,51.736111111111114,0.2890625,0.001953125,0.3472222222222222
14,Run a query against the database,1,run,a query,Run a query against the database,100,project_management_tools_update_user_capacity,0.2890625,51.388888888888886,0.287109375,0.001953125,0.3472222222222222
14,Run a query against the database,1,run,a query,Run a query against the database,101,project_management_tools_delete_work_item,0.287109375,51.041666666666664,0.287109375,0.0,0.0
14,Run a query against the database,1,run,a query,Run a query against the database,102,carrot_mcp_server_api_list_leave_application,0.287109375,51.041666666666664,0.28515625,0.001953125,0.3472222222222222
14,Run a query against the database,1,run,a query,Run a query against the database,103,project_management_tools_list_team_members,0.28515625,50.69444444444444,0.28515625,0.0,0.0
14,Run a query against the database,1,run,a query,Run a query against the database,104,project_management_tools_get_work_item_comments,0.28515625,50.69444444444444,0.28515625,0.0,0.0
14,Run a query against the database,1,run,a query,Run a query against the database,105,quest_studio_file_storage_get_file,0.28515625,50.69444444444444,0.28515625,0.0,0.0
14,Run a query against the database,1,run,a query,Run a query against the database,106,carrot_mcp_server_api_create_leave_application,0.28515625,50.69444444444444,0.283203125,0.001953125,0.3472222222222222
14,Run a query against the database,1,run,a query,Run a query against the database,107,project_management_tools_assign_work_item,0.283203125,50.34722222222222,0.279296875,0.00390625,0.6944444444444444
14,Run a query against the database,1,run,a query,Run a query against the database,108,sharepoint_tools_get_sharepoint_sites,0.279296875,49.65277777777778,0.2734375,0.005859375,1.0416666666666665
14,Run a query against the database,1,run,a query,Run a query against the database,109,project_management_tools_delete_project,0.2734375,48.61111111111111,0.271484375,0.001953125,0.3472222222222222
14,Run a query against the database,1,run,a query,Run a query against the database,110,outlook_mail_management_forward_email,0.271484375,48.26388888888889,0.271484375,0.0,0.0
14,Run a query against the database,1,run,a query,Run a query against the database,111,project_management_tools_delete_team,0.271484375,48.26388888888889,0.271484375,0.0,0.0
14,Run a query against the database,1,run,a query,Run a query against the database,112,carrot_mcp_server_api_update_leave_application,0.271484375,48.26388888888889,0.271484375,0.0,0.0
14,Run a query against the database,1,run,a query,Run a query against the database,113,github_mcp_server_push_files,0.271484375,48.26388888888889,0.271484375,0.0,0.0
14,Run a query against the database,1,run,a query,Run a query against the database,114,project_management_tools_create_team,0.271484375,48.26388888888889,0.265625,0.005859375,1.0416666666666665
14,Run a query against the database,1,run,a query,Run a query against the database,115,outlook_mail_management_compose_email,0.265625,47.22222222222222,0.263671875,0.001953125,0.3472222222222222
14,Run a query against the database,1,run,a query,Run a query against the database,116,github_mcp_server_delete_file,0.263671875,46.875,0.255859375,0.0078125,1.3888888888888888
14,Run a query against the database,1,run,a query,Run a query against the database,117,project_management_tools_update_project,0.255859375,45.48611111111111,0.25390625,0.001953125,0.3472222222222222
14,Run a query against the database,1,run,a query,Run a query against the database,118,project_management_tools_update_work_item,0.25390625,45.13888888888889,0.2451171875,0.0087890625,1.5625
14,Run a query against the database,1,run,a query,Run a query against the database,119,quest_studio_file_storage_update_file,0.2451171875,43.57638888888889,0.2431640625,0.001953125,0.3472222222222222
14,Run a query against the database,1,run,a query,Run a query against the database,120,outlook_mail_management_send_email,0.2431640625,43.22916666666667,0.236328125,0.0068359375,1.215277777777778
14,Run a query against the database,1,run,a query,Run a query against the database,121,project_management_tools_add_work_item_comment,0.236328125,42.01388888888889,0.2255859375,0.0107421875,1.9097222222222223
14,Run a query against the database,1,run,a query,Run a query against the database,122,outlook_mail_management_delete_email_message,0.2255859375,40.10416666666667,,,
15,Check the deployment status on Railway,1,check,the deployment status on Railway,Check the deployment status on Railway,1,railway_tools_service_info,0.80078125,100.0,0.78515625,0.015625,1.951219512195122
15,Check the deployment status on Railway,1,check,the deployment status on Railway,Check the deployment status on Railway,2,railway_tools_service_list,0.78515625,98.04878048780488,0.7578125,0.02734375,3.414634146341464
15,Check the deployment status on Railway,1,check,the deployment status on Railway,Check the deployment status on Railway,3,railway_tools_project_info,0.7578125,94.6341463414634,0.7421875,0.015625,1.951219512195122
15,Check the deployment status on Railway,1,check,the deployment status on Railway,Check the deployment status on Railway,4,railway_tools_project_list,0.7421875,92.6829268292683,0.734375,0.0078125,0.975609756097561
15,Check the deployment status on Railway,1,check,the deployment status on Railway,Check the deployment status on Railway,5,railway_tools_service_restart,0.734375,91.70731707317074,0.71875,0.015625,1.951219512195122
15,Check the deployment status on Railway,1,check,the deployment status on Railway,Check the deployment status on Railway,6,railway_tools_project_delete,0.71875,89.75609756097562,0.71484375,0.00390625,0.4878048780487805
15,Check the deployment status on Railway,1,check,the deployment status on Railway,Check the deployment status on Railway,7,railway_tools_project_environments,0.71484375,89.26829268292683,0.703125,0.01171875,1.4634146341463417
15,Check the deployment status on Railway,1,check,the deployment status on Railway,Check the deployment status on Railway,8,railway_tools_service_update,0.703125,87.8048780487805,0.69921875,0.00390625,0.4878048780487805
15,Check the deployment status on Railway,1,check,the deployment status on Railway,Check the deployment status on Railway,9,railway_tools_database_list_types,0.69921875,87.3170731707317,0.6875,0.01171875,1.4634146341463417
15,Check the deployment status on Railway,1,check,the deployment status on Railway,Check the deployment status on Railway,10,railway_tools_project_create,0.6875,85.85365853658537,0.640625,0.046875,5.853658536585367
15,Check the deployment status on Railway,1,check,the deployment status on Railway,Check the deployment status on Railway,11,railway_tools_service_create_from_repo,0.640625,80.0,0.640625,0.0,0.0
15,Check the deployment status on Railway,1,check,the deployment status on Railway,Check the deployment status on Railway,12,railway_tools_service_delete,0.640625,80.0,0.609375,0.03125,3.902439024390244
15,Check the deployment status on Railway,1,check,the deployment status on Railway,Check the deployment status on Railway,13,railway_tools_service_create_from_image,0.609375,76.09756097560975,0.60546875,0.00390625,0.4878048780487805
15,Check the deployment status on Railway,1,check,the deployment status on Railway,Check the deployment status on Railway,14,supabase_mcp_check_database_health,0.60546875,75.60975609756098,0.6015625,0.00390625,0.4878048780487805
15,Check the deployment status on Railway,1,check,the deployment status on Railway,Check the deployment status on Railway,15,railway_tools_volume_list,0.6015625,75.1219512195122,0.58984375,0.01171875,1.4634146341463417
15,Check the deployment status on Railway,1,check,the deployment status on Railway,Check the deployment status on Railway,16,railway_tools_volume_delete,0.58984375,73.65853658536585,0.5625,0.02734375,3.414634146341464
15,Check the deployment status on Railway,1,check,the deployment status on Railway,Check the deployment status on Railway,17,carrot_mcp_server_api_hr_dashboard_summary,0.5625,70.24390243902438,0.55859375,0.00390625,0.4878048780487805
15,Check the deployment status on Railway,1,check,the deployment status on Railway,Check the deployment status on Railway,18,carrot_mcp_server_api_get_employee,0.55859375,69.7560975609756,0.54296875,0.015625,1.951219512195122
15,Check the deployment status on Railway,1,check,the deployment status on Railway,Check the deployment status on Railway,19,project_management_tools_get_user_capacity,0.54296875,67.8048780487805,0.5390625,0.00390625,0.4878048780487805
15,Check the deployment status on Railway,1,check,the deployment status on Railway,Check the deployment status on Railway,20,carrot_mcp_server_api_list_employees,0.5390625,67.31707317073172,0.5390625,0.0,0.0
15,Check the deployment status on Railway,1,check,the deployment status on Railway,Check the deployment status on Railway,21,railway_tools_volume_update,0.5390625,67.31707317073172,0.5390625,0.0,0.0
15,Check the deployment status on Railway,1,check,the deployment status on Railway,Check the deployment status on Railway,22,project_management_tools_view_board,0.5390625,67.31707317073172,0.52734375,0.01171875,1.4634146341463417
15,Check the deployment status on Railway,1,check,the deployment status on Railway,Check the deployment status on Railway,23,project_management_tools_get_team,0.52734375,65.85365853658537,0.52734375,0.0,0.0
15,Check the deployment status on Railway,1,check,the deployment status on Railway,Check the deployment status on Railway,24,project_management_tools_get_sprint,0.52734375,65.85365853658537,0.52734375,0.0,0.0
15,Check the deployment status on Railway,1,check,the deployment status on Railway,Check the deployment status on Railway,25,github_mcp_server_list_branches,0.52734375,65.85365853658537,0.5234375,0.00390625,0.4878048780487805
15,Check the deployment status on Railway,1,check,the deployment status on Railway,Check the deployment status on Railway,26,carrot_mcp_server_api_update_employee,0.5234375,65.3658536585366,0.5234375,0.0,0.0
15,Check the deployment status on Railway,1,check,the deployment status on Railway,Check the deployment status on Railway,27,project_management_tools_list_teams,0.5234375,65.3658536585366,0.51953125,0.00390625,0.4878048780487805
15,Check the deployment status on Railway,1,check,the deployment status on Railway,Check the deployment status on Railway,28,github_mcp_server_pull_request_read,0.51953125,64.8780487804878,0.515625,0.00390625,0.4878048780487805
15,Check the deployment status on Railway,1,check,the deployment status on Railway,Check the deployment status on Railway,29,railway_tools_volume_create,0.515625,64.39024390243902,0.515625,0.0,0.0
15,Check the deployment status on Railway,1,check,the deployment status on Railway,Check the deployment status on Railway,30,carrot_mcp_server_api_update_leave_application,0.515625,64.39024390243902,0.515625,0.0,0.0
15,Check the deployment status on Railway,1,check,the deployment status on Railway,Check the deployment status on Railway,31,project_management_tools_list_sprints,0.515625,64.39024390243902,0.51171875,0.00390625,0.4878048780487805
15,Check the deployment status on Railway,1,check,the deployment status on Railway,Check the deployment status on Railway,32,carrot_mcp_server_api_submit_leave_application,0.51171875,63.90243902439025,0.51171875,0.0,0.0
15,Check the deployment status on Railway,1,check,the deployment status on Railway,Check the deployment status on Railway,33,project_management_tools_list_work_items,0.51171875,63.90243902439025,0.51171875,0.0,0.0
15,Check the deployment status on Railway,1,check,the deployment status on Railway,Check the deployment status on Railway,34,project_management_tools_update_task_status,0.51171875,63.90243902439025,0.51171875,0.0,0.0
15,Check the deployment status on Railway,1,check,the deployment status on Railway,Check the deployment status on Railway,35,quest_studio_file_storage_get_storage_usage,0.51171875,63.90243902439025,0.5078125,0.00390625,0.4878048780487805
15,Check the deployment status on Railway,1,check,the deployment status on Railway,Check the deployment status on Railway,36,project_management_tools_delete_team,0.5078125,63.41463414634146,0.5078125,0.0,0.0
15,Check the deployment status on Railway,1,check,the deployment status on Railway,Check the deployment status on Railway,37,project_management_tools_list_projects,0.5078125,63.41463414634146,0.5078125,0.0,0.0
15,Check the deployment status on Railway,1,check,the deployment status on Railway,Check the deployment status on Railway,38,carrot_mcp_server_api_work_hours_summary,0.5078125,63.41463414634146,0.50390625,0.00390625,0.4878048780487805
15,Check the deployment status on Railway,1,check,the deployment status on Railway,Check the deployment status on Railway,39,project_management_tools_list_team_members,0.50390625,62.926829268292686,0.50390625,0.0,0.0
15,Check the deployment status on Railway,1,check,the deployment status on Railway,Check the deployment status on Railway,40,carrot_mcp_server_api_log_hours_entry,0.50390625,62.926829268292686,0.5,0.00390625,0.4878048780487805
15,Check the deployment status on Railway,1,check,the deployment status on Railway,Check the deployment status on Railway,41,carrot_mcp_server_api_create_leave_application,0.5,62.4390243902439,0.5,0.0,0.0
15,Check the deployment status on Railway,1,check,the deployment status on Railway,Check the deployment status on Railway,42,carrot_mcp_server_api_list_leave_application,0.5,62.4390243902439,0.5,0.0,0.0
15,Check the deployment status on Railway,1,check,the deployment status on Railway,Check the deployment status on Railway,43,supabase_mcp_get_all_supabase_projects,0.5,62.4390243902439,0.5,0.0,0.0
15,Check the deployment status on Railway,1,check,the deployment status on Railway,Check the deployment status on Railway,44,github_mcp_server_get_me,0.5,62.4390243902439,0.5,0.0,0.0
15,Check the deployment status on Railway,1,check,the deployment status on Railway,Check the deployment status on Railway,45,quest_studio_file_storage_get_files,0.5,62.4390243902439,0.498046875,0.001953125,0.24390243902439024
15,Check the deployment status on Railway,1,check,the deployment status on Railway,Check the deployment status on Railway,46,supabase_mcp_get_table_schema,0.498046875,62.19512195121951,0.498046875,0.0,0.0
15,Check the deployment status on Railway,1,check,the deployment status on Railway,Check the deployment status on Railway,47,github_mcp_server_get_commit,0.498046875,62.19512195121951,0.49609375,0.001953125,0.24390243902439024
15,Check the deployment status on Railway,1,check,the deployment status on Railway,Check the deployment status on Railway,48,project_management_tools_get_project,0.49609375,61.951219512195124,0.494140625,0.001953125,0.24390243902439024
15,Check the deployment status on Railway,1,check,the deployment status on Railway,Check the deployment status on Railway,49,github_mcp_server_merge_pull_request,0.494140625,61.70731707317073,0.4921875,0.001953125,0.24390243902439024
15,Check the deployment status on Railway,1,check,the deployment status on Railway,Check the deployment status on Railway,50,project_management_tools_delete_sprint,0.4921875,61.46341463414634,0.490234375,0.001953125,0.24390243902439024
15,Check the deployment status on Railway,1,check,the deployment status on Railway,Check the deployment status on Railway,51,project_management_tools_get_work_item,0.490234375,61.21951219512195,0.486328125,0.00390625,0.4878048780487805
15,Check the deployment status on Railway,1,check,the deployment status on Railway,Check the deployment status on Railway,52,carrot_mcp_server_api_create_employee,0.486328125,60.731707317073166,0.486328125,0.0,0.0
15,Check the deployment status on Railway,1,check,the deployment status on Railway,Check the deployment status on Railway,53,github_mcp_server_list_commits,0.486328125,60.731707317073166,0.484375,0.001953125,0.24390243902439024
15,Check the deployment status on Railway,1,check,the deployment status on Railway,Check the deployment status on Railway,54,supabase_mcp_get_database_tables,0.484375,60.48780487804878,0.484375,0.0,0.0
15,Check the deployment status on Railway,1,check,the deployment status on Railway,Check the deployment status on Railway,55,github_mcp_server_create_or_update_file,0.484375,60.48780487804878,0.482421875,0.001953125,0.24390243902439024
15,Check the deployment status on Railway,1,check,the deployment status on Railway,Check the deployment status on Railway,56,project_management_tools_list_users,0.482421875,60.24390243902439,0.482421875,0.0,0.0
15,Check the deployment status on Railway,1,check,the deployment status on Railway,Check the deployment status on Railway,57,github_mcp_server_list_pull_requests,0.482421875,60.24390243902439,0.482421875,0.0,0.0
15,Check the deployment status on Railway,1,check,the deployment status on Railway,Check the deployment status on Railway,58,supabase_mcp_select_database_table_data,0.482421875,60.24390243902439,0.478515625,0.00390625,0.4878048780487805
15,Check the deployment status on Railway,1,check,the deployment status on Railway,Check the deployment status on Railway,59,project_management_tools_delete_work_item,0.478515625,59.756097560975604,0.478515625,0.0,0.0
15,Check the deployment status on Railway,1,check,the deployment status on Railway,Check the deployment status on Railway,60,github_mcp_server_search_repositories,0.478515625,59.756097560975604,0.4765625,0.001953125,0.24390243902439024
15,Check the deployment status on Railway,1,check,the deployment status on Railway,Check the deployment status on Railway,61,office_word_mcp_server_api_get_document_info,0.4765625,59.512195121951216,0.470703125,0.005859375,0.7317073170731708
15,Check the deployment status on Railway,1,check,the deployment status on Railway,Check the deployment status on Railway,62,project_management_tools_update_user_capacity,0.470703125,58.78048780487804,0.462890625,0.0078125,0.975609756097561
15,Check the deployment status on Railway,1,check,the deployment status on Railway,Check the deployment status on Railway,63,project_management_tools_create_sprint,0.462890625,57.80487804878048,0.462890625,0.0,0.0
15,Check the deployment status on Railway,1,check,the deployment status on Railway,Check the deployment status on Railway,64,project_management_tools_delete_project,0.462890625,57.80487804878048,0.4609375,0.001953125,0.24390243902439024
15,Check the deployment status on Railway,1,check,the deployment status on Railway,Check the deployment status on Railway,65,github_mcp_server_update_pull_request,0.4609375,57.56097560975609,0.4609375,0.0,0.0
15,Check the deployment status on Railway,1,check,the deployment status on Railway,Check the deployment status on Railway,66,project_management_tools_create_work_item,0.4609375,57.56097560975609,0.4609375,0.0,0.0
15,Check the deployment status on Railway,1,check,the deployment status on Railway,Check the deployment status on Railway,67,project_management_tools_get_work_item_comments,0.4609375,57.56097560975609,0.4609375,0.0,0.0
15,Check the deployment status on Railway,1,check,the deployment status on Railway,Check the deployment status on Railway,68,office_word_mcp_server_api_get_document_outline,0.4609375,57.56097560975609,0.4609375,0.0,0.0
15,Check the deployment status on Railway,1,check,the deployment status on Railway,Check the deployment status on Railway,69,sharepoint_tools_get_sharepoint_sites,0.4609375,57.56097560975609,0.458984375,0.001953125,0.24390243902439024
15,Check the deployment status on Railway,1,check,the deployment status on Railway,Check the deployment status on Railway,70,gmail_tools_delete_google_email,0.458984375,57.3170731707317,0.458984375,0.0,0.0
15,Check the deployment status on Railway,1,check,the deployment status on Railway,Check the deployment status on Railway,71,office_word_mcp_server_api_delete_document,0.458984375,57.3170731707317,0.45703125,0.001953125,0.24390243902439024
15,Check the deployment status on Railway,1,check,the deployment status on Railway,Check the deployment status on Railway,72,github_mcp_server_create_branch,0.45703125,57.073170731707314,0.455078125,0.001953125,0.24390243902439024
15,Check the deployment status on Railway,1,check,the deployment status on Railway,Check the deployment status on Railway,73,project_management_tools_create_team,0.455078125,56.82926829268292,0.451171875,0.00390625,0.4878048780487805
15,Check the deployment status on Railway,1,check,the deployment status on Railway,Check the deployment status on Railway,74,office_word_mcp_server_api_convert_to_pdf,0.451171875,56.34146341463414,0.451171875,0.0,0.0
15,Check the deployment status on Railway,1,check,the deployment status on Railway,Check the deployment status on Railway,75,office_word_mcp_server_api_list_files,0.451171875,56.34146341463414,0.451171875,0.0,0.0
15,Check the deployment status on Railway,1,check,the deployment status on Railway,Check the deployment status on Railway,76,supabase_mcp_update_database_table_data,0.451171875,56.34146341463414,0.44921875,0.001953125,0.24390243902439024
15,Check the deployment status on Railway,1,check,the deployment status on Railway,Check the deployment status on Railway,77,github_mcp_server_get_file_contents,0.44921875,56.09756097560976,0.44921875,0.0,0.0
15,Check the deployment status on Railway,1,check,the deployment status on Railway,Check the deployment status on Railway,78,gmail_tools_reply_google_email,0.44921875,56.09756097560976,0.447265625,0.001953125,0.24390243902439024
15,Check the deployment status on Railway,1,check,the deployment status on Railway,Check the deployment status on Railway,79,github_mcp_server_create_pull_request,0.447265625,55.85365853658537,0.447265625,0.0,0.0
15,Check the deployment status on Railway,1,check,the deployment status on Railway,Check the deployment status on Railway,80,project_management_tools_export_sprint_to_sharepoint,0.447265625,55.85365853658537,0.4453125,0.001953125,0.24390243902439024
15,Check the deployment status on Railway,1,check,the deployment status on Railway,Check the deployment status on Railway,81,quest_studio_file_storage_get_file_content,0.4453125,55.60975609756098,0.443359375,0.001953125,0.24390243902439024
15,Check the deployment status on Railway,1,check,the deployment status on Railway,Check the deployment status on Railway,82,office_word_mcp_server_api_copy_document,0.443359375,55.365853658536594,0.44140625,0.001953125,0.24390243902439024
15,Check the deployment status on Railway,1,check,the deployment status on Railway,Check the deployment status on Railway,83,github_mcp_server_create_repository,0.44140625,55.1219512195122,0.44140625,0.0,0.0
15,Check the deployment status on Railway,1,check,the deployment status on Railway,Check the deployment status on Railway,84,office_word_mcp_server_api_find_text_in_document,0.44140625,55.1219512195122,0.44140625,0.0,0.0
15,Check the deployment status on Railway,1,check,the deployment status on Railway,Check the deployment status on Railway,85,supabase_mcp_insert_table_data,0.44140625,55.1219512195122,0.439453125,0.001953125,0.24390243902439024
15,Check the deployment status on Railway,1,check,the deployment status on Railway,Check the deployment status on Railway,86,office_word_mcp_server_api_get_document_xml,0.439453125,54.87804878048781,0.439453125,0.0,0.0
15,Check the deployment status on Railway,1,check,the deployment status on Railway,Check the deployment status on Railway,87,gmail_tools_get_google_emails,0.439453125,54.87804878048781,0.435546875,0.00390625,0.4878048780487805
15,Check the deployment status on Railway,1,check,the deployment status on Railway,Check the deployment status on Railway,88,office_word_mcp_server_api_add_page_break,0.435546875,54.390243902439025,0.435546875,0.0,0.0
15,Check the deployment status on Railway,1,check,the deployment status on Railway,Check the deployment status on Railway,89,office_word_mcp_server_api_merge_doucments,0.435546875,54.390243902439025,0.43359375,0.001953125,0.24390243902439024
15,Check the deployment status on Railway,1,check,the deployment status on Railway,Check the deployment status on Railway,90,office_word_mcp_server_api_delete_paragraph,0.43359375,54.146341463414636,0.431640625,0.001953125,0.24390243902439024
15,Check the deployment status on Railway,1,check,the deployment status on Railway,Check the deployment status on Railway,91,gmail_tools_forward_google_email,0.431640625,53.90243902439025,0.431640625,0.0,0.0
15,Check the deployment status on Railway,1,check,the deployment status on Railway,Check the deployment status on Railway,92,quest_studio_file_storage_query_files,0.431640625,53.90243902439025,0.4296875,0.001953125,0.24390243902439024
15,Check the deployment status on Railway,1,check,the deployment status on Railway,Check the deployment status on Railway,93,project_management_tools_create_project,0.4296875,53.65853658536586,0.427734375,0.001953125,0.24390243902439024
15,Check the deployment status on Railway,1,check,the deployment status on Railway,Check the deployment status on Railway,94,office_word_mcp_server_api_get_document_text,0.427734375,53.41463414634147,0.427734375,0.0,0.0
15,Check the deployment status on Railway,1,check,the deployment status on Railway,Check the deployment status on Railway,95,gmail_tools_send_google_email,0.427734375,53.41463414634147,0.427734375,0.0,0.0
15,Check the deployment status on Railway,1,check,the deployment status on Railway,Check the deployment status on Railway,96,quest_studio_file_storage_delete_file,0.427734375,53.41463414634147,0.427734375,0.0,0.0
15,Check the deployment status on Railway,1,check,the deployment status on Railway,Check the deployment status on Railway,97,office_word_mcp_server_api_create_word_document,0.427734375,53.41463414634147,0.427734375,0.0,0.0
15,Check the deployment status on Railway,1,check,the deployment status on Railway,Check the deployment status on Railway,98,sharepoint_tools_get_sharepoint_documents,0.427734375,53.41463414634147,0.423828125,0.00390625,0.4878048780487805
15,Check the deployment status on Railway,1,check,the deployment status on Railway,Check the deployment status on Railway,99,office_word_mcp_server_api_search_replace,0.423828125,52.926829268292686,0.421875,0.001953125,0.24390243902439024
15,Check the deployment status on Railway,1,check,the deployment status on Railway,Check the deployment status on Railway,100,quest_studio_file_storage_get_file,0.421875,52.6829268292683,0.419921875,0.001953125,0.24390243902439024
15,Check the deployment status on Railway,1,check,the deployment status on Railway,Check the deployment status on Railway,101,github_mcp_server_delete_file,0.419921875,52.4390243902439,0.4140625,0.005859375,0.7317073170731708
15,Check the deployment status on Railway,1,check,the deployment status on Railway,Check the deployment status on Railway,102,project_management_tools_assign_work_item,0.4140625,51.707317073170735,0.41015625,0.00390625,0.4878048780487805
15,Check the deployment status on Railway,1,check,the deployment status on Railway,Check the deployment status on Railway,103,office_word_mcp_server_api_get_paragraph_text_from_document,0.41015625,51.21951219512195,0.408203125,0.001953125,0.24390243902439024
15,Check the deployment status on Railway,1,check,the deployment status on Railway,Check the deployment status on Railway,104,outlook_mail_management_reply_to_email,0.408203125,50.97560975609756,0.40625,0.001953125,0.24390243902439024
15,Check the deployment status on Railway,1,check,the deployment status on Railway,Check the deployment status on Railway,105,office_word_mcp_server_api_add_table,0.40625,50.73170731707317,0.40625,0.0,0.0
15,Check the deployment status on Railway,1,check,the deployment status on Railway,Check the deployment status on Railway,106,project_management_tools_update_project,0.40625,50.73170731707317,0.400390625,0.005859375,0.7317073170731708
15,Check the deployment status on Railway,1,check,the deployment status on Railway,Check the deployment status on Railway,107,outlook_mail_management_search_outlook_mail,0.400390625,50.0,0.396484375,0.00390625,0.4878048780487805
15,Check the deployment status on Railway,1,check,the deployment status on Railway,Check the deployment status on Railway,108,office_word_mcp_server_api_add_heading,0.396484375,49.51219512195122,0.39453125,0.001953125,0.24390243902439024
15,Check the deployment status on Railway,1,check,the deployment status on Railway,Check the deployment status on Railway,109,project_management_tools_update_work_item,0.39453125,49.26829268292683,0.392578125,0.001953125,0.24390243902439024
15,Check the deployment status on Railway,1,check,the deployment status on Railway,Check the deployment status on Railway,110,outlook_mail_management_delete_email_message,0.392578125,49.02439024390244,0.392578125,0.0,0.0
15,Check the deployment status on Railway,1,check,the deployment status on Railway,Check the deployment status on Railway,111,github_mcp_server_push_files,0.392578125,49.02439024390244,0.390625,0.001953125,0.24390243902439024
15,Check the deployment status on Railway,1,check,the deployment status on Railway,Check the deployment status on Railway,112,office_word_mcp_server_api_add_paragraph,0.390625,48.78048780487805,0.390625,0.0,0.0
15,Check the deployment status on Railway,1,check,the deployment status on Railway,Check the deployment status on Railway,113,web_search_tools_web_search,0.390625,48.78048780487805,0.388671875,0.001953125,0.24390243902439024
15,Check the deployment status on Railway,1,check,the deployment status on Railway,Check the deployment status on Railway,114,office_word_mcp_server_api_add_picture,0.388671875,48.536585365853654,0.388671875,0.0,0.0
15,Check the deployment status on Railway,1,check,the deployment status on Railway,Check the deployment status on Railway,115,sharepoint_tools_create_txt_file_in_sharepoint,0.388671875,48.536585365853654,0.38671875,0.001953125,0.24390243902439024
15,Check the deployment status on Railway,1,check,the deployment status on Railway,Check the deployment status on Railway,116,outlook_mail_management_get_email_messages,0.38671875,48.292682926829265,0.376953125,0.009765625,1.2195121951219512
15,Check the deployment status on Railway,1,check,the deployment status on Railway,Check the deployment status on Railway,117,outlook_mail_management_forward_email,0.376953125,47.073170731707314,0.373046875,0.00390625,0.4878048780487805
15,Check the deployment status on Railway,1,check,the deployment status on Railway,Check the deployment status on Railway,118,outlook_mail_management_find_email_address,0.373046875,46.58536585365854,0.373046875,0.0,0.0
15,Check the deployment status on Railway,1,check,the deployment status on Railway,Check the deployment status on Railway,119,quest_studio_file_storage_update_file,0.373046875,46.58536585365854,0.37109375,0.001953125,0.24390243902439024
15,Check the deployment status on Railway,1,check,the deployment status on Railway,Check the deployment status on Railway,120,project_management_tools_add_work_item_comment,0.37109375,46.34146341463415,0.349609375,0.021484375,2.682926829268293
15,Check the deployment status on Railway,1,check,the deployment status on Railway,Check the deployment status on Railway,121,outlook_mail_management_compose_email,0.349609375,43.65853658536585,0.3203125,0.029296875,3.6585365853658534
15,Check the deployment status on Railway,1,check,the deployment status on Railway,Check the deployment status on Railway,122,outlook_mail_management_send_email,0.3203125,40.0,,,
