query_number,query,intent_number,intent_text,cliff_threshold,retention_threshold,cutoff_rank,reason,cliff_percentage,score_retention,neighborhood_end,universe_size,tool_reduction
1,Send an email to Tom,1,Send an email to Tom,3,50,11,cliff,6.043956043956044,79.12087912087912,113,122,0.9098360655737705
1,Send an email to Tom,1,Send an email to Tom,3,60,11,cliff,6.043956043956044,79.12087912087912,47,122,0.9098360655737705
1,Send an email to Tom,1,Send an email to Tom,3,70,11,cliff,6.043956043956044,79.12087912087912,15,122,0.9098360655737705
1,Send an email to Tom,1,Send an email to Tom,3,75,11,cliff,6.043956043956044,79.12087912087912,11,122,0.9098360655737705
1,Send an email to Tom,1,Send an email to Tom,3,80,1,cliff,4.395604395604396,100.0,10,122,0.9918032786885246
1,Send an email to Tom,1,Send an email to Tom,3,85,1,cliff,4.395604395604396,100.0,7,122,0.9918032786885246
1,Send an email to Tom,1,Send an email to Tom,3,90,1,cliff,4.395604395604396,100.0,5,122,0.9918032786885246
1,Send an email to Tom,1,Send an email to Tom,4,50,11,cliff,6.043956043956044,79.12087912087912,113,122,0.9098360655737705
1,Send an email to Tom,1,Send an email to Tom,4,60,11,cliff,6.043956043956044,79.12087912087912,47,122,0.9098360655737705
1,Send an email to Tom,1,Send an email to Tom,4,70,11,cliff,6.043956043956044,79.12087912087912,15,122,0.9098360655737705
1,Send an email to Tom,1,Send an email to Tom,4,75,11,cliff,6.043956043956044,79.12087912087912,11,122,0.9098360655737705
1,Send an email to Tom,1,Send an email to Tom,4,80,1,cliff,4.395604395604396,100.0,10,122,0.9918032786885246
1,Send an email to Tom,1,Send an email to Tom,4,85,1,cliff,4.395604395604396,100.0,7,122,0.9918032786885246
1,Send an email to Tom,1,Send an email to Tom,4,90,1,cliff,4.395604395604396,100.0,5,122,0.9918032786885246
1,Send an email to Tom,1,Send an email to Tom,5,50,11,cliff,6.043956043956044,79.12087912087912,113,122,0.9098360655737705
1,Send an email to Tom,1,Send an email to Tom,5,60,11,cliff,6.043956043956044,79.12087912087912,47,122,0.9098360655737705
1,Send an email to Tom,1,Send an email to Tom,5,70,11,cliff,6.043956043956044,79.12087912087912,15,122,0.9098360655737705
1,Send an email to Tom,1,Send an email to Tom,5,75,11,cliff,6.043956043956044,79.12087912087912,11,122,0.9098360655737705
1,Send an email to Tom,1,Send an email to Tom,5,80,10,retention,,81.31868131868131,10,122,0.9180327868852459
1,Send an email to Tom,1,Send an email to Tom,5,85,7,retention,,85.71428571428571,7,122,0.9426229508196722
1,Send an email to Tom,1,Send an email to Tom,5,90,5,retention,,90.10989010989012,5,122,0.9590163934426229
1,Send an email to Tom,1,Send an email to Tom,6,50,11,cliff,6.043956043956044,79.12087912087912,113,122,0.9098360655737705
1,Send an email to Tom,1,Send an email to Tom,6,60,11,cliff,6.043956043956044,79.12087912087912,47,122,0.9098360655737705
1,Send an email to Tom,1,Send an email to Tom,6,70,11,cliff,6.043956043956044,79.12087912087912,15,122,0.9098360655737705
1,Send an email to Tom,1,Send an email to Tom,6,75,11,cliff,6.043956043956044,79.12087912087912,11,122,0.9098360655737705
1,Send an email to Tom,1,Send an email to Tom,6,80,10,retention,,81.31868131868131,10,122,0.9180327868852459
1,Send an email to Tom,1,Send an email to Tom,6,85,7,retention,,85.71428571428571,7,122,0.9426229508196722
1,Send an email to Tom,1,Send an email to Tom,6,90,5,retention,,90.10989010989012,5,122,0.9590163934426229
1,Send an email to Tom,1,Send an email to Tom,7,50,113,retention,,50.54945054945055,113,122,0.07377049180327866
1,Send an email to Tom,1,Send an email to Tom,7,60,47,retention,,60.16483516483516,47,122,0.6147540983606558
1,Send an email to Tom,1,Send an email to Tom,7,70,15,retention,,70.05494505494505,15,122,0.8770491803278688
1,Send an email to Tom,1,Send an email to Tom,7,75,11,retention,,79.12087912087912,11,122,0.9098360655737705
1,Send an email to Tom,1,Send an email to Tom,7,80,10,retention,,81.31868131868131,10,122,0.9180327868852459
1,Send an email to Tom,1,Send an email to Tom,7,85,7,retention,,85.71428571428571,7,122,0.9426229508196722
1,Send an email to Tom,1,Send an email to Tom,7,90,5,retention,,90.10989010989012,5,122,0.9590163934426229
1,Send an email to Tom,1,Send an email to Tom,8,50,113,retention,,50.54945054945055,113,122,0.07377049180327866
1,Send an email to Tom,1,Send an email to Tom,8,60,47,retention,,60.16483516483516,47,122,0.6147540983606558
1,Send an email to Tom,1,Send an email to Tom,8,70,15,retention,,70.05494505494505,15,122,0.8770491803278688
1,Send an email to Tom,1,Send an email to Tom,8,75,11,retention,,79.12087912087912,11,122,0.9098360655737705
1,Send an email to Tom,1,Send an email to Tom,8,80,10,retention,,81.31868131868131,10,122,0.9180327868852459
1,Send an email to Tom,1,Send an email to Tom,8,85,7,retention,,85.71428571428571,7,122,0.9426229508196722
1,Send an email to Tom,1,Send an email to Tom,8,90,5,retention,,90.10989010989012,5,122,0.9590163934426229
1,Send an email to Tom,1,Send an email to Tom,10,50,113,retention,,50.54945054945055,113,122,0.07377049180327866
1,Send an email to Tom,1,Send an email to Tom,10,60,47,retention,,60.16483516483516,47,122,0.6147540983606558
1,Send an email to Tom,1,Send an email to Tom,10,70,15,retention,,70.05494505494505,15,122,0.8770491803278688
1,Send an email to Tom,1,Send an email to Tom,10,75,11,retention,,79.12087912087912,11,122,0.9098360655737705
1,Send an email to Tom,1,Send an email to Tom,10,80,10,retention,,81.31868131868131,10,122,0.9180327868852459
1,Send an email to Tom,1,Send an email to Tom,10,85,7,retention,,85.71428571428571,7,122,0.9426229508196722
1,Send an email to Tom,1,Send an email to Tom,10,90,5,retention,,90.10989010989012,5,122,0.9590163934426229
2,Reply to Tom's email,1,Reply to Tom 's email,3,50,2,cliff,10.81081081081081,97.2972972972973,115,122,0.9836065573770492
2,Reply to Tom's email,1,Reply to Tom 's email,3,60,2,cliff,10.81081081081081,97.2972972972973,70,122,0.9836065573770492
2,Reply to Tom's email,1,Reply to Tom 's email,3,70,2,cliff,10.81081081081081,97.2972972972973,11,122,0.9836065573770492
2,Reply to Tom's email,1,Reply to Tom 's email,3,75,2,cliff,10.81081081081081,97.2972972972973,10,122,0.9836065573770492
2,Reply to Tom's email,1,Reply to Tom 's email,3,80,2,cliff,10.81081081081081,97.2972972972973,6,122,0.9836065573770492
2,Reply to Tom's email,1,Reply to Tom 's email,3,85,2,cliff,10.81081081081081,97.2972972972973,4,122,0.9836065573770492
2,Reply to Tom's email,1,Reply to Tom 's email,3,90,2,cliff,10.81081081081081,97.2972972972973,2,122,0.9836065573770492
2,Reply to Tom's email,1,Reply to Tom 's email,4,50,2,cliff,10.81081081081081,97.2972972972973,115,122,0.9836065573770492
2,Reply to Tom's email,1,Reply to Tom 's email,4,60,2,cliff,10.81081081081081,97.2972972972973,70,122,0.9836065573770492
2,Reply to Tom's email,1,Reply to Tom 's email,4,70,2,cliff,10.81081081081081,97.2972972972973,11,122,0.9836065573770492
2,Reply to Tom's email,1,Reply to Tom 's email,4,75,2,cliff,10.81081081081081,97.2972972972973,10,122,0.9836065573770492
2,Reply to Tom's email,1,Reply to Tom 's email,4,80,2,cliff,10.81081081081081,97.2972972972973,6,122,0.9836065573770492
2,Reply to Tom's email,1,Reply to Tom 's email,4,85,2,cliff,10.81081081081081,97.2972972972973,4,122,0.9836065573770492
2,Reply to Tom's email,1,Reply to Tom 's email,4,90,2,cliff,10.81081081081081,97.2972972972973,2,122,0.9836065573770492
2,Reply to Tom's email,1,Reply to Tom 's email,5,50,2,cliff,10.81081081081081,97.2972972972973,115,122,0.9836065573770492
2,Reply to Tom's email,1,Reply to Tom 's email,5,60,2,cliff,10.81081081081081,97.2972972972973,70,122,0.9836065573770492
2,Reply to Tom's email,1,Reply to Tom 's email,5,70,2,cliff,10.81081081081081,97.2972972972973,11,122,0.9836065573770492
2,Reply to Tom's email,1,Reply to Tom 's email,5,75,2,cliff,10.81081081081081,97.2972972972973,10,122,0.9836065573770492
2,Reply to Tom's email,1,Reply to Tom 's email,5,80,2,cliff,10.81081081081081,97.2972972972973,6,122,0.9836065573770492
2,Reply to Tom's email,1,Reply to Tom 's email,5,85,2,cliff,10.81081081081081,97.2972972972973,4,122,0.9836065573770492
2,Reply to Tom's email,1,Reply to Tom 's email,5,90,2,cliff,10.81081081081081,97.2972972972973,2,122,0.9836065573770492
2,Reply to Tom's email,1,Reply to Tom 's email,6,50,2,cliff,10.81081081081081,97.2972972972973,115,122,0.9836065573770492
2,Reply to Tom's email,1,Reply to Tom 's email,6,60,2,cliff,10.81081081081081,97.2972972972973,70,122,0.9836065573770492
2,Reply to Tom's email,1,Reply to Tom 's email,6,70,2,cliff,10.81081081081081,97.2972972972973,11,122,0.9836065573770492
2,Reply to Tom's email,1,Reply to Tom 's email,6,75,2,cliff,10.81081081081081,97.2972972972973,10,122,0.9836065573770492
2,Reply to Tom's email,1,Reply to Tom 's email,6,80,2,cliff,10.81081081081081,97.2972972972973,6,122,0.9836065573770492
2,Reply to Tom's email,1,Reply to Tom 's email,6,85,2,cliff,10.81081081081081,97.2972972972973,4,122,0.9836065573770492
2,Reply to Tom's email,1,Reply to Tom 's email,6,90,2,cliff,10.81081081081081,97.2972972972973,2,122,0.9836065573770492
2,Reply to Tom's email,1,Reply to Tom 's email,7,50,2,cliff,10.81081081081081,97.2972972972973,115,122,0.9836065573770492
2,Reply to Tom's email,1,Reply to Tom 's email,7,60,2,cliff,10.81081081081081,97.2972972972973,70,122,0.9836065573770492
2,Reply to Tom's email,1,Reply to Tom 's email,7,70,2,cliff,10.81081081081081,97.2972972972973,11,122,0.9836065573770492
2,Reply to Tom's email,1,Reply to Tom 's email,7,75,2,cliff,10.81081081081081,97.2972972972973,10,122,0.9836065573770492
2,Reply to Tom's email,1,Reply to Tom 's email,7,80,2,cliff,10.81081081081081,97.2972972972973,6,122,0.9836065573770492
2,Reply to Tom's email,1,Reply to Tom 's email,7,85,2,cliff,10.81081081081081,97.2972972972973,4,122,0.9836065573770492
2,Reply to Tom's email,1,Reply to Tom 's email,7,90,2,cliff,10.81081081081081,97.2972972972973,2,122,0.9836065573770492
2,Reply to Tom's email,1,Reply to Tom 's email,8,50,2,cliff,10.81081081081081,97.2972972972973,115,122,0.9836065573770492
2,Reply to Tom's email,1,Reply to Tom 's email,8,60,2,cliff,10.81081081081081,97.2972972972973,70,122,0.9836065573770492
2,Reply to Tom's email,1,Reply to Tom 's email,8,70,2,cliff,10.81081081081081,97.2972972972973,11,122,0.9836065573770492
2,Reply to Tom's email,1,Reply to Tom 's email,8,75,2,cliff,10.81081081081081,97.2972972972973,10,122,0.9836065573770492
2,Reply to Tom's email,1,Reply to Tom 's email,8,80,2,cliff,10.81081081081081,97.2972972972973,6,122,0.9836065573770492
2,Reply to Tom's email,1,Reply to Tom 's email,8,85,2,cliff,10.81081081081081,97.2972972972973,4,122,0.9836065573770492
2,Reply to Tom's email,1,Reply to Tom 's email,8,90,2,cliff,10.81081081081081,97.2972972972973,2,122,0.9836065573770492
2,Reply to Tom's email,1,Reply to Tom 's email,10,50,2,cliff,10.81081081081081,97.2972972972973,115,122,0.9836065573770492
2,Reply to Tom's email,1,Reply to Tom 's email,10,60,2,cliff,10.81081081081081,97.2972972972973,70,122,0.9836065573770492
2,Reply to Tom's email,1,Reply to Tom 's email,10,70,2,cliff,10.81081081081081,97.2972972972973,11,122,0.9836065573770492
2,Reply to Tom's email,1,Reply to Tom 's email,10,75,2,cliff,10.81081081081081,97.2972972972973,10,122,0.9836065573770492
2,Reply to Tom's email,1,Reply to Tom 's email,10,80,2,cliff,10.81081081081081,97.2972972972973,6,122,0.9836065573770492
2,Reply to Tom's email,1,Reply to Tom 's email,10,85,2,cliff,10.81081081081081,97.2972972972973,4,122,0.9836065573770492
2,Reply to Tom's email,1,Reply to Tom 's email,10,90,2,cliff,10.81081081081081,97.2972972972973,2,122,0.9836065573770492
3,Search the web for the latest Nvidia news,1,Search the web for the latest Nvidia news,3,50,1,cliff,11.258278145695364,100.0,116,122,0.9918032786885246
3,Search the web for the latest Nvidia news,1,Search the web for the latest Nvidia news,3,60,1,cliff,11.258278145695364,100.0,88,122,0.9918032786885246
3,Search the web for the latest Nvidia news,1,Search the web for the latest Nvidia news,3,70,1,cliff,11.258278145695364,100.0,27,122,0.9918032786885246
3,Search the web for the latest Nvidia news,1,Search the web for the latest Nvidia news,3,75,1,cliff,11.258278145695364,100.0,10,122,0.9918032786885246
3,Search the web for the latest Nvidia news,1,Search the web for the latest Nvidia news,3,80,1,cliff,11.258278145695364,100.0,3,122,0.9918032786885246
3,Search the web for the latest Nvidia news,1,Search the web for the latest Nvidia news,3,85,1,cliff,11.258278145695364,100.0,2,122,0.9918032786885246
3,Search the web for the latest Nvidia news,1,Search the web for the latest Nvidia news,3,90,1,cliff,11.258278145695364,100.0,1,122,0.9918032786885246
3,Search the web for the latest Nvidia news,1,Search the web for the latest Nvidia news,4,50,1,cliff,11.258278145695364,100.0,116,122,0.9918032786885246
3,Search the web for the latest Nvidia news,1,Search the web for the latest Nvidia news,4,60,1,cliff,11.258278145695364,100.0,88,122,0.9918032786885246
3,Search the web for the latest Nvidia news,1,Search the web for the latest Nvidia news,4,70,1,cliff,11.258278145695364,100.0,27,122,0.9918032786885246
3,Search the web for the latest Nvidia news,1,Search the web for the latest Nvidia news,4,75,1,cliff,11.258278145695364,100.0,10,122,0.9918032786885246
3,Search the web for the latest Nvidia news,1,Search the web for the latest Nvidia news,4,80,1,cliff,11.258278145695364,100.0,3,122,0.9918032786885246
3,Search the web for the latest Nvidia news,1,Search the web for the latest Nvidia news,4,85,1,cliff,11.258278145695364,100.0,2,122,0.9918032786885246
3,Search the web for the latest Nvidia news,1,Search the web for the latest Nvidia news,4,90,1,cliff,11.258278145695364,100.0,1,122,0.9918032786885246
3,Search the web for the latest Nvidia news,1,Search the web for the latest Nvidia news,5,50,1,cliff,11.258278145695364,100.0,116,122,0.9918032786885246
3,Search the web for the latest Nvidia news,1,Search the web for the latest Nvidia news,5,60,1,cliff,11.258278145695364,100.0,88,122,0.9918032786885246
3,Search the web for the latest Nvidia news,1,Search the web for the latest Nvidia news,5,70,1,cliff,11.258278145695364,100.0,27,122,0.9918032786885246
3,Search the web for the latest Nvidia news,1,Search the web for the latest Nvidia news,5,75,1,cliff,11.258278145695364,100.0,10,122,0.9918032786885246
3,Search the web for the latest Nvidia news,1,Search the web for the latest Nvidia news,5,80,1,cliff,11.258278145695364,100.0,3,122,0.9918032786885246
3,Search the web for the latest Nvidia news,1,Search the web for the latest Nvidia news,5,85,1,cliff,11.258278145695364,100.0,2,122,0.9918032786885246
3,Search the web for the latest Nvidia news,1,Search the web for the latest Nvidia news,5,90,1,cliff,11.258278145695364,100.0,1,122,0.9918032786885246
3,Search the web for the latest Nvidia news,1,Search the web for the latest Nvidia news,6,50,1,cliff,11.258278145695364,100.0,116,122,0.9918032786885246
3,Search the web for the latest Nvidia news,1,Search the web for the latest Nvidia news,6,60,1,cliff,11.258278145695364,100.0,88,122,0.9918032786885246
3,Search the web for the latest Nvidia news,1,Search the web for the latest Nvidia news,6,70,1,cliff,11.258278145695364,100.0,27,122,0.9918032786885246
3,Search the web for the latest Nvidia news,1,Search the web for the latest Nvidia news,6,75,1,cliff,11.258278145695364,100.0,10,122,0.9918032786885246
3,Search the web for the latest Nvidia news,1,Search the web for the latest Nvidia news,6,80,1,cliff,11.258278145695364,100.0,3,122,0.9918032786885246
3,Search the web for the latest Nvidia news,1,Search the web for the latest Nvidia news,6,85,1,cliff,11.258278145695364,100.0,2,122,0.9918032786885246
3,Search the web for the latest Nvidia news,1,Search the web for the latest Nvidia news,6,90,1,cliff,11.258278145695364,100.0,1,122,0.9918032786885246
3,Search the web for the latest Nvidia news,1,Search the web for the latest Nvidia news,7,50,1,cliff,11.258278145695364,100.0,116,122,0.9918032786885246
3,Search the web for the latest Nvidia news,1,Search the web for the latest Nvidia news,7,60,1,cliff,11.258278145695364,100.0,88,122,0.9918032786885246
3,Search the web for the latest Nvidia news,1,Search the web for the latest Nvidia news,7,70,1,cliff,11.258278145695364,100.0,27,122,0.9918032786885246
3,Search the web for the latest Nvidia news,1,Search the web for the latest Nvidia news,7,75,1,cliff,11.258278145695364,100.0,10,122,0.9918032786885246
3,Search the web for the latest Nvidia news,1,Search the web for the latest Nvidia news,7,80,1,cliff,11.258278145695364,100.0,3,122,0.9918032786885246
3,Search the web for the latest Nvidia news,1,Search the web for the latest Nvidia news,7,85,1,cliff,11.258278145695364,100.0,2,122,0.9918032786885246
3,Search the web for the latest Nvidia news,1,Search the web for the latest Nvidia news,7,90,1,cliff,11.258278145695364,100.0,1,122,0.9918032786885246
3,Search the web for the latest Nvidia news,1,Search the web for the latest Nvidia news,8,50,1,cliff,11.258278145695364,100.0,116,122,0.9918032786885246
3,Search the web for the latest Nvidia news,1,Search the web for the latest Nvidia news,8,60,1,cliff,11.258278145695364,100.0,88,122,0.9918032786885246
3,Search the web for the latest Nvidia news,1,Search the web for the latest Nvidia news,8,70,1,cliff,11.258278145695364,100.0,27,122,0.9918032786885246
3,Search the web for the latest Nvidia news,1,Search the web for the latest Nvidia news,8,75,1,cliff,11.258278145695364,100.0,10,122,0.9918032786885246
3,Search the web for the latest Nvidia news,1,Search the web for the latest Nvidia news,8,80,1,cliff,11.258278145695364,100.0,3,122,0.9918032786885246
3,Search the web for the latest Nvidia news,1,Search the web for the latest Nvidia news,8,85,1,cliff,11.258278145695364,100.0,2,122,0.9918032786885246
3,Search the web for the latest Nvidia news,1,Search the web for the latest Nvidia news,8,90,1,cliff,11.258278145695364,100.0,1,122,0.9918032786885246
3,Search the web for the latest Nvidia news,1,Search the web for the latest Nvidia news,10,50,1,cliff,11.258278145695364,100.0,116,122,0.9918032786885246
3,Search the web for the latest Nvidia news,1,Search the web for the latest Nvidia news,10,60,1,cliff,11.258278145695364,100.0,88,122,0.9918032786885246
3,Search the web for the latest Nvidia news,1,Search the web for the latest Nvidia news,10,70,1,cliff,11.258278145695364,100.0,27,122,0.9918032786885246
3,Search the web for the latest Nvidia news,1,Search the web for the latest Nvidia news,10,75,1,cliff,11.258278145695364,100.0,10,122,0.9918032786885246
3,Search the web for the latest Nvidia news,1,Search the web for the latest Nvidia news,10,80,1,cliff,11.258278145695364,100.0,3,122,0.9918032786885246
3,Search the web for the latest Nvidia news,1,Search the web for the latest Nvidia news,10,85,1,cliff,11.258278145695364,100.0,2,122,0.9918032786885246
3,Search the web for the latest Nvidia news,1,Search the web for the latest Nvidia news,10,90,1,cliff,11.258278145695364,100.0,1,122,0.9918032786885246
4,Create a Word document,1,Create a Word document,3,50,19,cliff,4.450261780104712,71.20418848167539,62,122,0.8442622950819672
4,Create a Word document,1,Create a Word document,3,60,19,cliff,4.450261780104712,71.20418848167539,26,122,0.8442622950819672
4,Create a Word document,1,Create a Word document,3,70,19,cliff,4.450261780104712,71.20418848167539,19,122,0.8442622950819672
4,Create a Word document,1,Create a Word document,3,75,1,cliff,3.664921465968586,100.0,17,122,0.9918032786885246
4,Create a Word document,1,Create a Word document,3,80,1,cliff,3.664921465968586,100.0,15,122,0.9918032786885246
4,Create a Word document,1,Create a Word document,3,85,1,cliff,3.664921465968586,100.0,12,122,0.9918032786885246
4,Create a Word document,1,Create a Word document,3,90,1,cliff,3.664921465968586,100.0,6,122,0.9918032786885246
4,Create a Word document,1,Create a Word document,4,50,19,cliff,4.450261780104712,71.20418848167539,62,122,0.8442622950819672
4,Create a Word document,1,Create a Word document,4,60,19,cliff,4.450261780104712,71.20418848167539,26,122,0.8442622950819672
4,Create a Word document,1,Create a Word document,4,70,19,cliff,4.450261780104712,71.20418848167539,19,122,0.8442622950819672
4,Create a Word document,1,Create a Word document,4,75,17,retention,,76.96335078534031,17,122,0.860655737704918
4,Create a Word document,1,Create a Word document,4,80,15,retention,,80.10471204188482,15,122,0.8770491803278688
4,Create a Word document,1,Create a Word document,4,85,12,retention,,85.34031413612566,12,122,0.9016393442622951
4,Create a Word document,1,Create a Word document,4,90,6,retention,,90.0523560209424,6,122,0.9508196721311475
4,Create a Word document,1,Create a Word document,5,50,62,retention,,50.0,62,122,0.4918032786885246
4,Create a Word document,1,Create a Word document,5,60,26,retention,,61.78010471204188,26,122,0.7868852459016393
4,Create a Word document,1,Create a Word document,5,70,19,retention,,71.20418848167539,19,122,0.8442622950819672
4,Create a Word document,1,Create a Word document,5,75,17,retention,,76.96335078534031,17,122,0.860655737704918
4,Create a Word document,1,Create a Word document,5,80,15,retention,,80.10471204188482,15,122,0.8770491803278688
4,Create a Word document,1,Create a Word document,5,85,12,retention,,85.34031413612566,12,122,0.9016393442622951
4,Create a Word document,1,Create a Word document,5,90,6,retention,,90.0523560209424,6,122,0.9508196721311475
4,Create a Word document,1,Create a Word document,6,50,62,retention,,50.0,62,122,0.4918032786885246
4,Create a Word document,1,Create a Word document,6,60,26,retention,,61.78010471204188,26,122,0.7868852459016393
4,Create a Word document,1,Create a Word document,6,70,19,retention,,71.20418848167539,19,122,0.8442622950819672
4,Create a Word document,1,Create a Word document,6,75,17,retention,,76.96335078534031,17,122,0.860655737704918
4,Create a Word document,1,Create a Word document,6,80,15,retention,,80.10471204188482,15,122,0.8770491803278688
4,Create a Word document,1,Create a Word document,6,85,12,retention,,85.34031413612566,12,122,0.9016393442622951
4,Create a Word document,1,Create a Word document,6,90,6,retention,,90.0523560209424,6,122,0.9508196721311475
4,Create a Word document,1,Create a Word document,7,50,62,retention,,50.0,62,122,0.4918032786885246
4,Create a Word document,1,Create a Word document,7,60,26,retention,,61.78010471204188,26,122,0.7868852459016393
4,Create a Word document,1,Create a Word document,7,70,19,retention,,71.20418848167539,19,122,0.8442622950819672
4,Create a Word document,1,Create a Word document,7,75,17,retention,,76.96335078534031,17,122,0.860655737704918
4,Create a Word document,1,Create a Word document,7,80,15,retention,,80.10471204188482,15,122,0.8770491803278688
4,Create a Word document,1,Create a Word document,7,85,12,retention,,85.34031413612566,12,122,0.9016393442622951
4,Create a Word document,1,Create a Word document,7,90,6,retention,,90.0523560209424,6,122,0.9508196721311475
4,Create a Word document,1,Create a Word document,8,50,62,retention,,50.0,62,122,0.4918032786885246
4,Create a Word document,1,Create a Word document,8,60,26,retention,,61.78010471204188,26,122,0.7868852459016393
4,Create a Word document,1,Create a Word document,8,70,19,retention,,71.20418848167539,19,122,0.8442622950819672
4,Create a Word document,1,Create a Word document,8,75,17,retention,,76.96335078534031,17,122,0.860655737704918
4,Create a Word document,1,Create a Word document,8,80,15,retention,,80.10471204188482,15,122,0.8770491803278688
4,Create a Word document,1,Create a Word document,8,85,12,retention,,85.34031413612566,12,122,0.9016393442622951
4,Create a Word document,1,Create a Word document,8,90,6,retention,,90.0523560209424,6,122,0.9508196721311475
4,Create a Word document,1,Create a Word document,10,50,62,retention,,50.0,62,122,0.4918032786885246
4,Create a Word document,1,Create a Word document,10,60,26,retention,,61.78010471204188,26,122,0.7868852459016393
4,Create a Word document,1,Create a Word document,10,70,19,retention,,71.20418848167539,19,122,0.8442622950819672
4,Create a Word document,1,Create a Word document,10,75,17,retention,,76.96335078534031,17,122,0.860655737704918
4,Create a Word document,1,Create a Word document,10,80,15,retention,,80.10471204188482,15,122,0.8770491803278688
4,Create a Word document,1,Create a Word document,10,85,12,retention,,85.34031413612566,12,122,0.9016393442622951
4,Create a Word document,1,Create a Word document,10,90,6,retention,,90.0523560209424,6,122,0.9508196721311475
5,Get the current sprint work items,1,Get the current sprint work items,3,50,12,cliff,3.7037037037037033,84.12698412698413,100,122,0.9016393442622951
5,Get the current sprint work items,1,Get the current sprint work items,3,60,12,cliff,3.7037037037037033,84.12698412698413,60,122,0.9016393442622951
5,Get the current sprint work items,1,Get the current sprint work items,3,70,12,cliff,3.7037037037037033,84.12698412698413,27,122,0.9016393442622951
5,Get the current sprint work items,1,Get the current sprint work items,3,75,12,cliff,3.7037037037037033,84.12698412698413,17,122,0.9016393442622951
5,Get the current sprint work items,1,Get the current sprint work items,3,80,12,cliff,3.7037037037037033,84.12698412698413,13,122,0.9016393442622951
5,Get the current sprint work items,1,Get the current sprint work items,3,85,1,cliff,3.1746031746031744,100.0,9,122,0.9918032786885246
5,Get the current sprint work items,1,Get the current sprint work items,3,90,1,cliff,3.1746031746031744,100.0,5,122,0.9918032786885246
5,Get the current sprint work items,1,Get the current sprint work items,4,50,100,retention,,50.0,100,122,0.180327868852459
5,Get the current sprint work items,1,Get the current sprint work items,4,60,60,retention,,60.317460317460316,60,122,0.5081967213114754
5,Get the current sprint work items,1,Get the current sprint work items,4,70,27,retention,,70.37037037037037,27,122,0.7786885245901639
5,Get the current sprint work items,1,Get the current sprint work items,4,75,17,retention,,75.66137566137566,17,122,0.860655737704918
5,Get the current sprint work items,1,Get the current sprint work items,4,80,13,retention,,80.42328042328042,13,122,0.8934426229508197
5,Get the current sprint work items,1,Get the current sprint work items,4,85,9,retention,,86.24338624338624,9,122,0.9262295081967213
5,Get the current sprint work items,1,Get the current sprint work items,4,90,5,retention,,92.06349206349206,5,122,0.9590163934426229
5,Get the current sprint work items,1,Get the current sprint work items,5,50,100,retention,,50.0,100,122,0.180327868852459
5,Get the current sprint work items,1,Get the current sprint work items,5,60,60,retention,,60.317460317460316,60,122,0.5081967213114754
5,Get the current sprint work items,1,Get the current sprint work items,5,70,27,retention,,70.37037037037037,27,122,0.7786885245901639
5,Get the current sprint work items,1,Get the current sprint work items,5,75,17,retention,,75.66137566137566,17,122,0.860655737704918
5,Get the current sprint work items,1,Get the current sprint work items,5,80,13,retention,,80.42328042328042,13,122,0.8934426229508197
5,Get the current sprint work items,1,Get the current sprint work items,5,85,9,retention,,86.24338624338624,9,122,0.9262295081967213
5,Get the current sprint work items,1,Get the current sprint work items,5,90,5,retention,,92.06349206349206,5,122,0.9590163934426229
5,Get the current sprint work items,1,Get the current sprint work items,6,50,100,retention,,50.0,100,122,0.180327868852459
5,Get the current sprint work items,1,Get the current sprint work items,6,60,60,retention,,60.317460317460316,60,122,0.5081967213114754
5,Get the current sprint work items,1,Get the current sprint work items,6,70,27,retention,,70.37037037037037,27,122,0.7786885245901639
5,Get the current sprint work items,1,Get the current sprint work items,6,75,17,retention,,75.66137566137566,17,122,0.860655737704918
5,Get the current sprint work items,1,Get the current sprint work items,6,80,13,retention,,80.42328042328042,13,122,0.8934426229508197
5,Get the current sprint work items,1,Get the current sprint work items,6,85,9,retention,,86.24338624338624,9,122,0.9262295081967213
5,Get the current sprint work items,1,Get the current sprint work items,6,90,5,retention,,92.06349206349206,5,122,0.9590163934426229
5,Get the current sprint work items,1,Get the current sprint work items,7,50,100,retention,,50.0,100,122,0.180327868852459
5,Get the current sprint work items,1,Get the current sprint work items,7,60,60,retention,,60.317460317460316,60,122,0.5081967213114754
5,Get the current sprint work items,1,Get the current sprint work items,7,70,27,retention,,70.37037037037037,27,122,0.7786885245901639
5,Get the current sprint work items,1,Get the current sprint work items,7,75,17,retention,,75.66137566137566,17,122,0.860655737704918
5,Get the current sprint work items,1,Get the current sprint work items,7,80,13,retention,,80.42328042328042,13,122,0.8934426229508197
5,Get the current sprint work items,1,Get the current sprint work items,7,85,9,retention,,86.24338624338624,9,122,0.9262295081967213
5,Get the current sprint work items,1,Get the current sprint work items,7,90,5,retention,,92.06349206349206,5,122,0.9590163934426229
5,Get the current sprint work items,1,Get the current sprint work items,8,50,100,retention,,50.0,100,122,0.180327868852459
5,Get the current sprint work items,1,Get the current sprint work items,8,60,60,retention,,60.317460317460316,60,122,0.5081967213114754
5,Get the current sprint work items,1,Get the current sprint work items,8,70,27,retention,,70.37037037037037,27,122,0.7786885245901639
5,Get the current sprint work items,1,Get the current sprint work items,8,75,17,retention,,75.66137566137566,17,122,0.860655737704918
5,Get the current sprint work items,1,Get the current sprint work items,8,80,13,retention,,80.42328042328042,13,122,0.8934426229508197
5,Get the current sprint work items,1,Get the current sprint work items,8,85,9,retention,,86.24338624338624,9,122,0.9262295081967213
5,Get the current sprint work items,1,Get the current sprint work items,8,90,5,retention,,92.06349206349206,5,122,0.9590163934426229
5,Get the current sprint work items,1,Get the current sprint work items,10,50,100,retention,,50.0,100,122,0.180327868852459
5,Get the current sprint work items,1,Get the current sprint work items,10,60,60,retention,,60.317460317460316,60,122,0.5081967213114754
5,Get the current sprint work items,1,Get the current sprint work items,10,70,27,retention,,70.37037037037037,27,122,0.7786885245901639
5,Get the current sprint work items,1,Get the current sprint work items,10,75,17,retention,,75.66137566137566,17,122,0.860655737704918
5,Get the current sprint work items,1,Get the current sprint work items,10,80,13,retention,,80.42328042328042,13,122,0.8934426229508197
5,Get the current sprint work items,1,Get the current sprint work items,10,85,9,retention,,86.24338624338624,9,122,0.9262295081967213
5,Get the current sprint work items,1,Get the current sprint work items,10,90,5,retention,,92.06349206349206,5,122,0.9590163934426229
6,Find the latest Nvidia news and email a summary to Tom,1,Find the latest Nvidia news,3,50,121,cliff,11.631944444444445,54.861111111111114,121,122,0.008196721311475419
6,Find the latest Nvidia news and email a summary to Tom,1,Find the latest Nvidia news,3,60,2,cliff,4.861111111111112,99.30555555555556,112,122,0.9836065573770492
6,Find the latest Nvidia news and email a summary to Tom,1,Find the latest Nvidia news,3,70,2,cliff,4.861111111111112,99.30555555555556,92,122,0.9836065573770492
6,Find the latest Nvidia news and email a summary to Tom,1,Find the latest Nvidia news,3,75,2,cliff,4.861111111111112,99.30555555555556,61,122,0.9836065573770492
6,Find the latest Nvidia news and email a summary to Tom,1,Find the latest Nvidia news,3,80,2,cliff,4.861111111111112,99.30555555555556,35,122,0.9836065573770492
6,Find the latest Nvidia news and email a summary to Tom,1,Find the latest Nvidia news,3,85,2,cliff,4.861111111111112,99.30555555555556,16,122,0.9836065573770492
6,Find the latest Nvidia news and email a summary to Tom,1,Find the latest Nvidia news,3,90,2,cliff,4.861111111111112,99.30555555555556,5,122,0.9836065573770492
6,Find the latest Nvidia news and email a summary to Tom,1,Find the latest Nvidia news,4,50,121,cliff,11.631944444444445,54.861111111111114,121,122,0.008196721311475419
6,Find the latest Nvidia news and email a summary to Tom,1,Find the latest Nvidia news,4,60,2,cliff,4.861111111111112,99.30555555555556,112,122,0.9836065573770492
6,Find the latest Nvidia news and email a summary to Tom,1,Find the latest Nvidia news,4,70,2,cliff,4.861111111111112,99.30555555555556,92,122,0.9836065573770492
6,Find the latest Nvidia news and email a summary to Tom,1,Find the latest Nvidia news,4,75,2,cliff,4.861111111111112,99.30555555555556,61,122,0.9836065573770492
6,Find the latest Nvidia news and email a summary to Tom,1,Find the latest Nvidia news,4,80,2,cliff,4.861111111111112,99.30555555555556,35,122,0.9836065573770492
6,Find the latest Nvidia news and email a summary to Tom,1,Find the latest Nvidia news,4,85,2,cliff,4.861111111111112,99.30555555555556,16,122,0.9836065573770492
6,Find the latest Nvidia news and email a summary to Tom,1,Find the latest Nvidia news,4,90,2,cliff,4.861111111111112,99.30555555555556,5,122,0.9836065573770492
6,Find the latest Nvidia news and email a summary to Tom,1,Find the latest Nvidia news,5,50,121,cliff,11.631944444444445,54.861111111111114,121,122,0.008196721311475419
6,Find the latest Nvidia news and email a summary to Tom,1,Find the latest Nvidia news,5,60,112,retention,,60.06944444444444,112,122,0.08196721311475408
6,Find the latest Nvidia news and email a summary to Tom,1,Find the latest Nvidia news,5,70,92,retention,,70.13888888888889,92,122,0.24590163934426235
6,Find the latest Nvidia news and email a summary to Tom,1,Find the latest Nvidia news,5,75,61,retention,,75.34722222222221,61,122,0.5
6,Find the latest Nvidia news and email a summary to Tom,1,Find the latest Nvidia news,5,80,35,retention,,80.20833333333334,35,122,0.7131147540983607
6,Find the latest Nvidia news and email a summary to Tom,1,Find the latest Nvidia news,5,85,16,retention,,85.06944444444444,16,122,0.8688524590163934
6,Find the latest Nvidia news and email a summary to Tom,1,Find the latest Nvidia news,5,90,5,retention,,91.66666666666666,5,122,0.9590163934426229
6,Find the latest Nvidia news and email a summary to Tom,1,Find the latest Nvidia news,6,50,121,cliff,11.631944444444445,54.861111111111114,121,122,0.008196721311475419
6,Find the latest Nvidia news and email a summary to Tom,1,Find the latest Nvidia news,6,60,112,retention,,60.06944444444444,112,122,0.08196721311475408
6,Find the latest Nvidia news and email a summary to Tom,1,Find the latest Nvidia news,6,70,92,retention,,70.13888888888889,92,122,0.24590163934426235
6,Find the latest Nvidia news and email a summary to Tom,1,Find the latest Nvidia news,6,75,61,retention,,75.34722222222221,61,122,0.5
6,Find the latest Nvidia news and email a summary to Tom,1,Find the latest Nvidia news,6,80,35,retention,,80.20833333333334,35,122,0.7131147540983607
6,Find the latest Nvidia news and email a summary to Tom,1,Find the latest Nvidia news,6,85,16,retention,,85.06944444444444,16,122,0.8688524590163934
6,Find the latest Nvidia news and email a summary to Tom,1,Find the latest Nvidia news,6,90,5,retention,,91.66666666666666,5,122,0.9590163934426229
6,Find the latest Nvidia news and email a summary to Tom,1,Find the latest Nvidia news,7,50,121,cliff,11.631944444444445,54.861111111111114,121,122,0.008196721311475419
6,Find the latest Nvidia news and email a summary to Tom,1,Find the latest Nvidia news,7,60,112,retention,,60.06944444444444,112,122,0.08196721311475408
6,Find the latest Nvidia news and email a summary to Tom,1,Find the latest Nvidia news,7,70,92,retention,,70.13888888888889,92,122,0.24590163934426235
6,Find the latest Nvidia news and email a summary to Tom,1,Find the latest Nvidia news,7,75,61,retention,,75.34722222222221,61,122,0.5
6,Find the latest Nvidia news and email a summary to Tom,1,Find the latest Nvidia news,7,80,35,retention,,80.20833333333334,35,122,0.7131147540983607
6,Find the latest Nvidia news and email a summary to Tom,1,Find the latest Nvidia news,7,85,16,retention,,85.06944444444444,16,122,0.8688524590163934
6,Find the latest Nvidia news and email a summary to Tom,1,Find the latest Nvidia news,7,90,5,retention,,91.66666666666666,5,122,0.9590163934426229
6,Find the latest Nvidia news and email a summary to Tom,1,Find the latest Nvidia news,8,50,121,cliff,11.631944444444445,54.861111111111114,121,122,0.008196721311475419
6,Find the latest Nvidia news and email a summary to Tom,1,Find the latest Nvidia news,8,60,112,retention,,60.06944444444444,112,122,0.08196721311475408
6,Find the latest Nvidia news and email a summary to Tom,1,Find the latest Nvidia news,8,70,92,retention,,70.13888888888889,92,122,0.24590163934426235
6,Find the latest Nvidia news and email a summary to Tom,1,Find the latest Nvidia news,8,75,61,retention,,75.34722222222221,61,122,0.5
6,Find the latest Nvidia news and email a summary to Tom,1,Find the latest Nvidia news,8,80,35,retention,,80.20833333333334,35,122,0.7131147540983607
6,Find the latest Nvidia news and email a summary to Tom,1,Find the latest Nvidia news,8,85,16,retention,,85.06944444444444,16,122,0.8688524590163934
6,Find the latest Nvidia news and email a summary to Tom,1,Find the latest Nvidia news,8,90,5,retention,,91.66666666666666,5,122,0.9590163934426229
6,Find the latest Nvidia news and email a summary to Tom,1,Find the latest Nvidia news,10,50,121,cliff,11.631944444444445,54.861111111111114,121,122,0.008196721311475419
6,Find the latest Nvidia news and email a summary to Tom,1,Find the latest Nvidia news,10,60,112,retention,,60.06944444444444,112,122,0.08196721311475408
6,Find the latest Nvidia news and email a summary to Tom,1,Find the latest Nvidia news,10,70,92,retention,,70.13888888888889,92,122,0.24590163934426235
6,Find the latest Nvidia news and email a summary to Tom,1,Find the latest Nvidia news,10,75,61,retention,,75.34722222222221,61,122,0.5
6,Find the latest Nvidia news and email a summary to Tom,1,Find the latest Nvidia news,10,80,35,retention,,80.20833333333334,35,122,0.7131147540983607
6,Find the latest Nvidia news and email a summary to Tom,1,Find the latest Nvidia news,10,85,16,retention,,85.06944444444444,16,122,0.8688524590163934
6,Find the latest Nvidia news and email a summary to Tom,1,Find the latest Nvidia news,10,90,5,retention,,91.66666666666666,5,122,0.9590163934426229
6,Find the latest Nvidia news and email a summary to Tom,2,email a summary to Tom,3,50,11,cliff,4.4692737430167595,86.03351955307262,121,122,0.9098360655737705
6,Find the latest Nvidia news and email a summary to Tom,2,email a summary to Tom,3,60,11,cliff,4.4692737430167595,86.03351955307262,108,122,0.9098360655737705
6,Find the latest Nvidia news and email a summary to Tom,2,email a summary to Tom,3,70,11,cliff,4.4692737430167595,86.03351955307262,47,122,0.9098360655737705
6,Find the latest Nvidia news and email a summary to Tom,2,email a summary to Tom,3,75,11,cliff,4.4692737430167595,86.03351955307262,30,122,0.9098360655737705
6,Find the latest Nvidia news and email a summary to Tom,2,email a summary to Tom,3,80,11,cliff,4.4692737430167595,86.03351955307262,14,122,0.9098360655737705
6,Find the latest Nvidia news and email a summary to Tom,2,email a summary to Tom,3,85,11,cliff,4.4692737430167595,86.03351955307262,11,122,0.9098360655737705
6,Find the latest Nvidia news and email a summary to Tom,2,email a summary to Tom,3,90,1,cliff,3.910614525139665,100.0,7,122,0.9918032786885246
6,Find the latest Nvidia news and email a summary to Tom,2,email a summary to Tom,4,50,11,cliff,4.4692737430167595,86.03351955307262,121,122,0.9098360655737705
6,Find the latest Nvidia news and email a summary to Tom,2,email a summary to Tom,4,60,11,cliff,4.4692737430167595,86.03351955307262,108,122,0.9098360655737705
6,Find the latest Nvidia news and email a summary to Tom,2,email a summary to Tom,4,70,11,cliff,4.4692737430167595,86.03351955307262,47,122,0.9098360655737705
6,Find the latest Nvidia news and email a summary to Tom,2,email a summary to Tom,4,75,11,cliff,4.4692737430167595,86.03351955307262,30,122,0.9098360655737705
6,Find the latest Nvidia news and email a summary to Tom,2,email a summary to Tom,4,80,11,cliff,4.4692737430167595,86.03351955307262,14,122,0.9098360655737705
6,Find the latest Nvidia news and email a summary to Tom,2,email a summary to Tom,4,85,11,cliff,4.4692737430167595,86.03351955307262,11,122,0.9098360655737705
6,Find the latest Nvidia news and email a summary to Tom,2,email a summary to Tom,4,90,7,retention,,91.62011173184358,7,122,0.9426229508196722
6,Find the latest Nvidia news and email a summary to Tom,2,email a summary to Tom,5,50,121,retention,,51.675977653631286,121,122,0.008196721311475419
6,Find the latest Nvidia news and email a summary to Tom,2,email a summary to Tom,5,60,108,retention,,60.05586592178771,108,122,0.11475409836065575
6,Find the latest Nvidia news and email a summary to Tom,2,email a summary to Tom,5,70,47,retention,,70.6703910614525,47,122,0.6147540983606558
6,Find the latest Nvidia news and email a summary to Tom,2,email a summary to Tom,5,75,30,retention,,75.41899441340783,30,122,0.7540983606557377
6,Find the latest Nvidia news and email a summary to Tom,2,email a summary to Tom,5,80,14,retention,,80.44692737430168,14,122,0.8852459016393442
6,Find the latest Nvidia news and email a summary to Tom,2,email a summary to Tom,5,85,11,retention,,86.03351955307262,11,122,0.9098360655737705
6,Find the latest Nvidia news and email a summary to Tom,2,email a summary to Tom,5,90,7,retention,,91.62011173184358,7,122,0.9426229508196722
6,Find the latest Nvidia news and email a summary to Tom,2,email a summary to Tom,6,50,121,retention,,51.675977653631286,121,122,0.008196721311475419
6,Find the latest Nvidia news and email a summary to Tom,2,email a summary to Tom,6,60,108,retention,,60.05586592178771,108,122,0.11475409836065575
6,Find the latest Nvidia news and email a summary to Tom,2,email a summary to Tom,6,70,47,retention,,70.6703910614525,47,122,0.6147540983606558
6,Find the latest Nvidia news and email a summary to Tom,2,email a summary to Tom,6,75,30,retention,,75.41899441340783,30,122,0.7540983606557377
6,Find the latest Nvidia news and email a summary to Tom,2,email a summary to Tom,6,80,14,retention,,80.44692737430168,14,122,0.8852459016393442
6,Find the latest Nvidia news and email a summary to Tom,2,email a summary to Tom,6,85,11,retention,,86.03351955307262,11,122,0.9098360655737705
6,Find the latest Nvidia news and email a summary to Tom,2,email a summary to Tom,6,90,7,retention,,91.62011173184358,7,122,0.9426229508196722
6,Find the latest Nvidia news and email a summary to Tom,2,email a summary to Tom,7,50,121,retention,,51.675977653631286,121,122,0.008196721311475419
6,Find the latest Nvidia news and email a summary to Tom,2,email a summary to Tom,7,60,108,retention,,60.05586592178771,108,122,0.11475409836065575
6,Find the latest Nvidia news and email a summary to Tom,2,email a summary to Tom,7,70,47,retention,,70.6703910614525,47,122,0.6147540983606558
6,Find the latest Nvidia news and email a summary to Tom,2,email a summary to Tom,7,75,30,retention,,75.41899441340783,30,122,0.7540983606557377
6,Find the latest Nvidia news and email a summary to Tom,2,email a summary to Tom,7,80,14,retention,,80.44692737430168,14,122,0.8852459016393442
6,Find the latest Nvidia news and email a summary to Tom,2,email a summary to Tom,7,85,11,retention,,86.03351955307262,11,122,0.9098360655737705
6,Find the latest Nvidia news and email a summary to Tom,2,email a summary to Tom,7,90,7,retention,,91.62011173184358,7,122,0.9426229508196722
6,Find the latest Nvidia news and email a summary to Tom,2,email a summary to Tom,8,50,121,retention,,51.675977653631286,121,122,0.008196721311475419
6,Find the latest Nvidia news and email a summary to Tom,2,email a summary to Tom,8,60,108,retention,,60.05586592178771,108,122,0.11475409836065575
6,Find the latest Nvidia news and email a summary to Tom,2,email a summary to Tom,8,70,47,retention,,70.6703910614525,47,122,0.6147540983606558
6,Find the latest Nvidia news and email a summary to Tom,2,email a summary to Tom,8,75,30,retention,,75.41899441340783,30,122,0.7540983606557377
6,Find the latest Nvidia news and email a summary to Tom,2,email a summary to Tom,8,80,14,retention,,80.44692737430168,14,122,0.8852459016393442
6,Find the latest Nvidia news and email a summary to Tom,2,email a summary to Tom,8,85,11,retention,,86.03351955307262,11,122,0.9098360655737705
6,Find the latest Nvidia news and email a summary to Tom,2,email a summary to Tom,8,90,7,retention,,91.62011173184358,7,122,0.9426229508196722
6,Find the latest Nvidia news and email a summary to Tom,2,email a summary to Tom,10,50,121,retention,,51.675977653631286,121,122,0.008196721311475419
6,Find the latest Nvidia news and email a summary to Tom,2,email a summary to Tom,10,60,108,retention,,60.05586592178771,108,122,0.11475409836065575
6,Find the latest Nvidia news and email a summary to Tom,2,email a summary to Tom,10,70,47,retention,,70.6703910614525,47,122,0.6147540983606558
6,Find the latest Nvidia news and email a summary to Tom,2,email a summary to Tom,10,75,30,retention,,75.41899441340783,30,122,0.7540983606557377
6,Find the latest Nvidia news and email a summary to Tom,2,email a summary to Tom,10,80,14,retention,,80.44692737430168,14,122,0.8852459016393442
6,Find the latest Nvidia news and email a summary to Tom,2,email a summary to Tom,10,85,11,retention,,86.03351955307262,11,122,0.9098360655737705
6,Find the latest Nvidia news and email a summary to Tom,2,email a summary to Tom,10,90,7,retention,,91.62011173184358,7,122,0.9426229508196722
7,Get the current sprint work items and create a Word report,1,Get the current sprint work items,3,50,12,cliff,3.7037037037037033,84.12698412698413,100,122,0.9016393442622951
7,Get the current sprint work items and create a Word report,1,Get the current sprint work items,3,60,12,cliff,3.7037037037037033,84.12698412698413,60,122,0.9016393442622951
7,Get the current sprint work items and create a Word report,1,Get the current sprint work items,3,70,12,cliff,3.7037037037037033,84.12698412698413,27,122,0.9016393442622951
7,Get the current sprint work items and create a Word report,1,Get the current sprint work items,3,75,12,cliff,3.7037037037037033,84.12698412698413,17,122,0.9016393442622951
7,Get the current sprint work items and create a Word report,1,Get the current sprint work items,3,80,12,cliff,3.7037037037037033,84.12698412698413,13,122,0.9016393442622951
7,Get the current sprint work items and create a Word report,1,Get the current sprint work items,3,85,1,cliff,3.1746031746031744,100.0,9,122,0.9918032786885246
7,Get the current sprint work items and create a Word report,1,Get the current sprint work items,3,90,1,cliff,3.1746031746031744,100.0,5,122,0.9918032786885246
7,Get the current sprint work items and create a Word report,1,Get the current sprint work items,4,50,100,retention,,50.0,100,122,0.180327868852459
7,Get the current sprint work items and create a Word report,1,Get the current sprint work items,4,60,60,retention,,60.317460317460316,60,122,0.5081967213114754
7,Get the current sprint work items and create a Word report,1,Get the current sprint work items,4,70,27,retention,,70.37037037037037,27,122,0.7786885245901639
7,Get the current sprint work items and create a Word report,1,Get the current sprint work items,4,75,17,retention,,75.66137566137566,17,122,0.860655737704918
7,Get the current sprint work items and create a Word report,1,Get the current sprint work items,4,80,13,retention,,80.42328042328042,13,122,0.8934426229508197
7,Get the current sprint work items and create a Word report,1,Get the current sprint work items,4,85,9,retention,,86.24338624338624,9,122,0.9262295081967213
7,Get the current sprint work items and create a Word report,1,Get the current sprint work items,4,90,5,retention,,92.06349206349206,5,122,0.9590163934426229
7,Get the current sprint work items and create a Word report,1,Get the current sprint work items,5,50,100,retention,,50.0,100,122,0.180327868852459
7,Get the current sprint work items and create a Word report,1,Get the current sprint work items,5,60,60,retention,,60.317460317460316,60,122,0.5081967213114754
7,Get the current sprint work items and create a Word report,1,Get the current sprint work items,5,70,27,retention,,70.37037037037037,27,122,0.7786885245901639
7,Get the current sprint work items and create a Word report,1,Get the current sprint work items,5,75,17,retention,,75.66137566137566,17,122,0.860655737704918
7,Get the current sprint work items and create a Word report,1,Get the current sprint work items,5,80,13,retention,,80.42328042328042,13,122,0.8934426229508197
7,Get the current sprint work items and create a Word report,1,Get the current sprint work items,5,85,9,retention,,86.24338624338624,9,122,0.9262295081967213
7,Get the current sprint work items and create a Word report,1,Get the current sprint work items,5,90,5,retention,,92.06349206349206,5,122,0.9590163934426229
7,Get the current sprint work items and create a Word report,1,Get the current sprint work items,6,50,100,retention,,50.0,100,122,0.180327868852459
7,Get the current sprint work items and create a Word report,1,Get the current sprint work items,6,60,60,retention,,60.317460317460316,60,122,0.5081967213114754
7,Get the current sprint work items and create a Word report,1,Get the current sprint work items,6,70,27,retention,,70.37037037037037,27,122,0.7786885245901639
7,Get the current sprint work items and create a Word report,1,Get the current sprint work items,6,75,17,retention,,75.66137566137566,17,122,0.860655737704918
7,Get the current sprint work items and create a Word report,1,Get the current sprint work items,6,80,13,retention,,80.42328042328042,13,122,0.8934426229508197
7,Get the current sprint work items and create a Word report,1,Get the current sprint work items,6,85,9,retention,,86.24338624338624,9,122,0.9262295081967213
7,Get the current sprint work items and create a Word report,1,Get the current sprint work items,6,90,5,retention,,92.06349206349206,5,122,0.9590163934426229
7,Get the current sprint work items and create a Word report,1,Get the current sprint work items,7,50,100,retention,,50.0,100,122,0.180327868852459
7,Get the current sprint work items and create a Word report,1,Get the current sprint work items,7,60,60,retention,,60.317460317460316,60,122,0.5081967213114754
7,Get the current sprint work items and create a Word report,1,Get the current sprint work items,7,70,27,retention,,70.37037037037037,27,122,0.7786885245901639
7,Get the current sprint work items and create a Word report,1,Get the current sprint work items,7,75,17,retention,,75.66137566137566,17,122,0.860655737704918
7,Get the current sprint work items and create a Word report,1,Get the current sprint work items,7,80,13,retention,,80.42328042328042,13,122,0.8934426229508197
7,Get the current sprint work items and create a Word report,1,Get the current sprint work items,7,85,9,retention,,86.24338624338624,9,122,0.9262295081967213
7,Get the current sprint work items and create a Word report,1,Get the current sprint work items,7,90,5,retention,,92.06349206349206,5,122,0.9590163934426229
7,Get the current sprint work items and create a Word report,1,Get the current sprint work items,8,50,100,retention,,50.0,100,122,0.180327868852459
7,Get the current sprint work items and create a Word report,1,Get the current sprint work items,8,60,60,retention,,60.317460317460316,60,122,0.5081967213114754
7,Get the current sprint work items and create a Word report,1,Get the current sprint work items,8,70,27,retention,,70.37037037037037,27,122,0.7786885245901639
7,Get the current sprint work items and create a Word report,1,Get the current sprint work items,8,75,17,retention,,75.66137566137566,17,122,0.860655737704918
7,Get the current sprint work items and create a Word report,1,Get the current sprint work items,8,80,13,retention,,80.42328042328042,13,122,0.8934426229508197
7,Get the current sprint work items and create a Word report,1,Get the current sprint work items,8,85,9,retention,,86.24338624338624,9,122,0.9262295081967213
7,Get the current sprint work items and create a Word report,1,Get the current sprint work items,8,90,5,retention,,92.06349206349206,5,122,0.9590163934426229
7,Get the current sprint work items and create a Word report,1,Get the current sprint work items,10,50,100,retention,,50.0,100,122,0.180327868852459
7,Get the current sprint work items and create a Word report,1,Get the current sprint work items,10,60,60,retention,,60.317460317460316,60,122,0.5081967213114754
7,Get the current sprint work items and create a Word report,1,Get the current sprint work items,10,70,27,retention,,70.37037037037037,27,122,0.7786885245901639
7,Get the current sprint work items and create a Word report,1,Get the current sprint work items,10,75,17,retention,,75.66137566137566,17,122,0.860655737704918
7,Get the current sprint work items and create a Word report,1,Get the current sprint work items,10,80,13,retention,,80.42328042328042,13,122,0.8934426229508197
7,Get the current sprint work items and create a Word report,1,Get the current sprint work items,10,85,9,retention,,86.24338624338624,9,122,0.9262295081967213
7,Get the current sprint work items and create a Word report,1,Get the current sprint work items,10,90,5,retention,,92.06349206349206,5,122,0.9590163934426229
7,Get the current sprint work items and create a Word report,2,create a Word report,3,50,4,cliff,4.571428571428571,98.28571428571429,108,122,0.9672131147540983
7,Get the current sprint work items and create a Word report,2,create a Word report,3,60,4,cliff,4.571428571428571,98.28571428571429,58,122,0.9672131147540983
7,Get the current sprint work items and create a Word report,2,create a Word report,3,70,4,cliff,4.571428571428571,98.28571428571429,29,122,0.9672131147540983
7,Get the current sprint work items and create a Word report,2,create a Word report,3,75,4,cliff,4.571428571428571,98.28571428571429,19,122,0.9672131147540983
7,Get the current sprint work items and create a Word report,2,create a Word report,3,80,4,cliff,4.571428571428571,98.28571428571429,17,122,0.9672131147540983
7,Get the current sprint work items and create a Word report,2,create a Word report,3,85,4,cliff,4.571428571428571,98.28571428571429,13,122,0.9672131147540983
7,Get the current sprint work items and create a Word report,2,create a Word report,3,90,4,cliff,4.571428571428571,98.28571428571429,7,122,0.9672131147540983
7,Get the current sprint work items and create a Word report,2,create a Word report,4,50,4,cliff,4.571428571428571,98.28571428571429,108,122,0.9672131147540983
7,Get the current sprint work items and create a Word report,2,create a Word report,4,60,4,cliff,4.571428571428571,98.28571428571429,58,122,0.9672131147540983
7,Get the current sprint work items and create a Word report,2,create a Word report,4,70,4,cliff,4.571428571428571,98.28571428571429,29,122,0.9672131147540983
7,Get the current sprint work items and create a Word report,2,create a Word report,4,75,4,cliff,4.571428571428571,98.28571428571429,19,122,0.9672131147540983
7,Get the current sprint work items and create a Word report,2,create a Word report,4,80,4,cliff,4.571428571428571,98.28571428571429,17,122,0.9672131147540983
7,Get the current sprint work items and create a Word report,2,create a Word report,4,85,4,cliff,4.571428571428571,98.28571428571429,13,122,0.9672131147540983
7,Get the current sprint work items and create a Word report,2,create a Word report,4,90,4,cliff,4.571428571428571,98.28571428571429,7,122,0.9672131147540983
7,Get the current sprint work items and create a Word report,2,create a Word report,5,50,108,retention,,50.0,108,122,0.11475409836065575
7,Get the current sprint work items and create a Word report,2,create a Word report,5,60,58,retention,,60.857142857142854,58,122,0.5245901639344263
7,Get the current sprint work items and create a Word report,2,create a Word report,5,70,29,retention,,70.0,29,122,0.7622950819672132
7,Get the current sprint work items and create a Word report,2,create a Word report,5,75,19,retention,,76.0,19,122,0.8442622950819672
7,Get the current sprint work items and create a Word report,2,create a Word report,5,80,17,retention,,80.0,17,122,0.860655737704918
7,Get the current sprint work items and create a Word report,2,create a Word report,5,85,13,retention,,85.14285714285714,13,122,0.8934426229508197
7,Get the current sprint work items and create a Word report,2,create a Word report,5,90,7,retention,,90.85714285714286,7,122,0.9426229508196722
7,Get the current sprint work items and create a Word report,2,create a Word report,6,50,108,retention,,50.0,108,122,0.11475409836065575
7,Get the current sprint work items and create a Word report,2,create a Word report,6,60,58,retention,,60.857142857142854,58,122,0.5245901639344263
7,Get the current sprint work items and create a Word report,2,create a Word report,6,70,29,retention,,70.0,29,122,0.7622950819672132
7,Get the current sprint work items and create a Word report,2,create a Word report,6,75,19,retention,,76.0,19,122,0.8442622950819672
7,Get the current sprint work items and create a Word report,2,create a Word report,6,80,17,retention,,80.0,17,122,0.860655737704918
7,Get the current sprint work items and create a Word report,2,create a Word report,6,85,13,retention,,85.14285714285714,13,122,0.8934426229508197
7,Get the current sprint work items and create a Word report,2,create a Word report,6,90,7,retention,,90.85714285714286,7,122,0.9426229508196722
7,Get the current sprint work items and create a Word report,2,create a Word report,7,50,108,retention,,50.0,108,122,0.11475409836065575
7,Get the current sprint work items and create a Word report,2,create a Word report,7,60,58,retention,,60.857142857142854,58,122,0.5245901639344263
7,Get the current sprint work items and create a Word report,2,create a Word report,7,70,29,retention,,70.0,29,122,0.7622950819672132
7,Get the current sprint work items and create a Word report,2,create a Word report,7,75,19,retention,,76.0,19,122,0.8442622950819672
7,Get the current sprint work items and create a Word report,2,create a Word report,7,80,17,retention,,80.0,17,122,0.860655737704918
7,Get the current sprint work items and create a Word report,2,create a Word report,7,85,13,retention,,85.14285714285714,13,122,0.8934426229508197
7,Get the current sprint work items and create a Word report,2,create a Word report,7,90,7,retention,,90.85714285714286,7,122,0.9426229508196722
7,Get the current sprint work items and create a Word report,2,create a Word report,8,50,108,retention,,50.0,108,122,0.11475409836065575
7,Get the current sprint work items and create a Word report,2,create a Word report,8,60,58,retention,,60.857142857142854,58,122,0.5245901639344263
7,Get the current sprint work items and create a Word report,2,create a Word report,8,70,29,retention,,70.0,29,122,0.7622950819672132
7,Get the current sprint work items and create a Word report,2,create a Word report,8,75,19,retention,,76.0,19,122,0.8442622950819672
7,Get the current sprint work items and create a Word report,2,create a Word report,8,80,17,retention,,80.0,17,122,0.860655737704918
7,Get the current sprint work items and create a Word report,2,create a Word report,8,85,13,retention,,85.14285714285714,13,122,0.8934426229508197
7,Get the current sprint work items and create a Word report,2,create a Word report,8,90,7,retention,,90.85714285714286,7,122,0.9426229508196722
7,Get the current sprint work items and create a Word report,2,create a Word report,10,50,108,retention,,50.0,108,122,0.11475409836065575
7,Get the current sprint work items and create a Word report,2,create a Word report,10,60,58,retention,,60.857142857142854,58,122,0.5245901639344263
7,Get the current sprint work items and create a Word report,2,create a Word report,10,70,29,retention,,70.0,29,122,0.7622950819672132
7,Get the current sprint work items and create a Word report,2,create a Word report,10,75,19,retention,,76.0,19,122,0.8442622950819672
7,Get the current sprint work items and create a Word report,2,create a Word report,10,80,17,retention,,80.0,17,122,0.860655737704918
7,Get the current sprint work items and create a Word report,2,create a Word report,10,85,13,retention,,85.14285714285714,13,122,0.8934426229508197
7,Get the current sprint work items and create a Word report,2,create a Word report,10,90,7,retention,,90.85714285714286,7,122,0.9426229508196722
8,"Search for Nvidia news, create a report, and email it to Tom",1,Search for Nvidia news,3,50,121,cliff,10.234899328859061,52.348993288590606,121,122,0.008196721311475419
8,"Search for Nvidia news, create a report, and email it to Tom",1,Search for Nvidia news,3,60,2,cliff,9.395973154362416,98.65771812080537,104,122,0.9836065573770492
8,"Search for Nvidia news, create a report, and email it to Tom",1,Search for Nvidia news,3,70,2,cliff,9.395973154362416,98.65771812080537,72,122,0.9836065573770492
8,"Search for Nvidia news, create a report, and email it to Tom",1,Search for Nvidia news,3,75,2,cliff,9.395973154362416,98.65771812080537,38,122,0.9836065573770492
8,"Search for Nvidia news, create a report, and email it to Tom",1,Search for Nvidia news,3,80,2,cliff,9.395973154362416,98.65771812080537,18,122,0.9836065573770492
8,"Search for Nvidia news, create a report, and email it to Tom",1,Search for Nvidia news,3,85,2,cliff,9.395973154362416,98.65771812080537,7,122,0.9836065573770492
8,"Search for Nvidia news, create a report, and email it to Tom",1,Search for Nvidia news,3,90,2,cliff,9.395973154362416,98.65771812080537,2,122,0.9836065573770492
8,"Search for Nvidia news, create a report, and email it to Tom",1,Search for Nvidia news,4,50,121,cliff,10.234899328859061,52.348993288590606,121,122,0.008196721311475419
8,"Search for Nvidia news, create a report, and email it to Tom",1,Search for Nvidia news,4,60,2,cliff,9.395973154362416,98.65771812080537,104,122,0.9836065573770492
8,"Search for Nvidia news, create a report, and email it to Tom",1,Search for Nvidia news,4,70,2,cliff,9.395973154362416,98.65771812080537,72,122,0.9836065573770492
8,"Search for Nvidia news, create a report, and email it to Tom",1,Search for Nvidia news,4,75,2,cliff,9.395973154362416,98.65771812080537,38,122,0.9836065573770492
8,"Search for Nvidia news, create a report, and email it to Tom",1,Search for Nvidia news,4,80,2,cliff,9.395973154362416,98.65771812080537,18,122,0.9836065573770492
8,"Search for Nvidia news, create a report, and email it to Tom",1,Search for Nvidia news,4,85,2,cliff,9.395973154362416,98.65771812080537,7,122,0.9836065573770492
8,"Search for Nvidia news, create a report, and email it to Tom",1,Search for Nvidia news,4,90,2,cliff,9.395973154362416,98.65771812080537,2,122,0.9836065573770492
8,"Search for Nvidia news, create a report, and email it to Tom",1,Search for Nvidia news,5,50,121,cliff,10.234899328859061,52.348993288590606,121,122,0.008196721311475419
8,"Search for Nvidia news, create a report, and email it to Tom",1,Search for Nvidia news,5,60,2,cliff,9.395973154362416,98.65771812080537,104,122,0.9836065573770492
8,"Search for Nvidia news, create a report, and email it to Tom",1,Search for Nvidia news,5,70,2,cliff,9.395973154362416,98.65771812080537,72,122,0.9836065573770492
8,"Search for Nvidia news, create a report, and email it to Tom",1,Search for Nvidia news,5,75,2,cliff,9.395973154362416,98.65771812080537,38,122,0.9836065573770492
8,"Search for Nvidia news, create a report, and email it to Tom",1,Search for Nvidia news,5,80,2,cliff,9.395973154362416,98.65771812080537,18,122,0.9836065573770492
8,"Search for Nvidia news, create a report, and email it to Tom",1,Search for Nvidia news,5,85,2,cliff,9.395973154362416,98.65771812080537,7,122,0.9836065573770492
8,"Search for Nvidia news, create a report, and email it to Tom",1,Search for Nvidia news,5,90,2,cliff,9.395973154362416,98.65771812080537,2,122,0.9836065573770492
8,"Search for Nvidia news, create a report, and email it to Tom",1,Search for Nvidia news,6,50,121,cliff,10.234899328859061,52.348993288590606,121,122,0.008196721311475419
8,"Search for Nvidia news, create a report, and email it to Tom",1,Search for Nvidia news,6,60,2,cliff,9.395973154362416,98.65771812080537,104,122,0.9836065573770492
8,"Search for Nvidia news, create a report, and email it to Tom",1,Search for Nvidia news,6,70,2,cliff,9.395973154362416,98.65771812080537,72,122,0.9836065573770492
8,"Search for Nvidia news, create a report, and email it to Tom",1,Search for Nvidia news,6,75,2,cliff,9.395973154362416,98.65771812080537,38,122,0.9836065573770492
8,"Search for Nvidia news, create a report, and email it to Tom",1,Search for Nvidia news,6,80,2,cliff,9.395973154362416,98.65771812080537,18,122,0.9836065573770492
8,"Search for Nvidia news, create a report, and email it to Tom",1,Search for Nvidia news,6,85,2,cliff,9.395973154362416,98.65771812080537,7,122,0.9836065573770492
8,"Search for Nvidia news, create a report, and email it to Tom",1,Search for Nvidia news,6,90,2,cliff,9.395973154362416,98.65771812080537,2,122,0.9836065573770492
8,"Search for Nvidia news, create a report, and email it to Tom",1,Search for Nvidia news,7,50,121,cliff,10.234899328859061,52.348993288590606,121,122,0.008196721311475419
8,"Search for Nvidia news, create a report, and email it to Tom",1,Search for Nvidia news,7,60,2,cliff,9.395973154362416,98.65771812080537,104,122,0.9836065573770492
8,"Search for Nvidia news, create a report, and email it to Tom",1,Search for Nvidia news,7,70,2,cliff,9.395973154362416,98.65771812080537,72,122,0.9836065573770492
8,"Search for Nvidia news, create a report, and email it to Tom",1,Search for Nvidia news,7,75,2,cliff,9.395973154362416,98.65771812080537,38,122,0.9836065573770492
8,"Search for Nvidia news, create a report, and email it to Tom",1,Search for Nvidia news,7,80,2,cliff,9.395973154362416,98.65771812080537,18,122,0.9836065573770492
8,"Search for Nvidia news, create a report, and email it to Tom",1,Search for Nvidia news,7,85,2,cliff,9.395973154362416,98.65771812080537,7,122,0.9836065573770492
8,"Search for Nvidia news, create a report, and email it to Tom",1,Search for Nvidia news,7,90,2,cliff,9.395973154362416,98.65771812080537,2,122,0.9836065573770492
8,"Search for Nvidia news, create a report, and email it to Tom",1,Search for Nvidia news,8,50,121,cliff,10.234899328859061,52.348993288590606,121,122,0.008196721311475419
8,"Search for Nvidia news, create a report, and email it to Tom",1,Search for Nvidia news,8,60,2,cliff,9.395973154362416,98.65771812080537,104,122,0.9836065573770492
8,"Search for Nvidia news, create a report, and email it to Tom",1,Search for Nvidia news,8,70,2,cliff,9.395973154362416,98.65771812080537,72,122,0.9836065573770492
8,"Search for Nvidia news, create a report, and email it to Tom",1,Search for Nvidia news,8,75,2,cliff,9.395973154362416,98.65771812080537,38,122,0.9836065573770492
8,"Search for Nvidia news, create a report, and email it to Tom",1,Search for Nvidia news,8,80,2,cliff,9.395973154362416,98.65771812080537,18,122,0.9836065573770492
8,"Search for Nvidia news, create a report, and email it to Tom",1,Search for Nvidia news,8,85,2,cliff,9.395973154362416,98.65771812080537,7,122,0.9836065573770492
8,"Search for Nvidia news, create a report, and email it to Tom",1,Search for Nvidia news,8,90,2,cliff,9.395973154362416,98.65771812080537,2,122,0.9836065573770492
8,"Search for Nvidia news, create a report, and email it to Tom",1,Search for Nvidia news,10,50,121,cliff,10.234899328859061,52.348993288590606,121,122,0.008196721311475419
8,"Search for Nvidia news, create a report, and email it to Tom",1,Search for Nvidia news,10,60,104,retention,,62.08053691275168,104,122,0.14754098360655743
8,"Search for Nvidia news, create a report, and email it to Tom",1,Search for Nvidia news,10,70,72,retention,,70.13422818791946,72,122,0.4098360655737705
8,"Search for Nvidia news, create a report, and email it to Tom",1,Search for Nvidia news,10,75,38,retention,,75.16778523489933,38,122,0.6885245901639344
8,"Search for Nvidia news, create a report, and email it to Tom",1,Search for Nvidia news,10,80,18,retention,,80.20134228187919,18,122,0.8524590163934427
8,"Search for Nvidia news, create a report, and email it to Tom",1,Search for Nvidia news,10,85,7,retention,,85.23489932885906,7,122,0.9426229508196722
8,"Search for Nvidia news, create a report, and email it to Tom",1,Search for Nvidia news,10,90,2,retention,,98.65771812080537,2,122,0.9836065573770492
8,"Search for Nvidia news, create a report, and email it to Tom",2,create a report,3,50,121,cliff,11.785714285714285,58.57142857142858,121,122,0.008196721311475419
8,"Search for Nvidia news, create a report, and email it to Tom",2,create a report,3,60,119,retention,,60.0,119,122,0.024590163934426257
8,"Search for Nvidia news, create a report, and email it to Tom",2,create a report,3,70,90,retention,,70.0,90,122,0.2622950819672131
8,"Search for Nvidia news, create a report, and email it to Tom",2,create a report,3,75,71,retention,,75.0,71,122,0.4180327868852459
8,"Search for Nvidia news, create a report, and email it to Tom",2,create a report,3,80,53,retention,,80.0,53,122,0.5655737704918034
8,"Search for Nvidia news, create a report, and email it to Tom",2,create a report,3,85,29,retention,,85.35714285714285,29,122,0.7622950819672132
8,"Search for Nvidia news, create a report, and email it to Tom",2,create a report,3,90,16,retention,,90.0,16,122,0.8688524590163934
8,"Search for Nvidia news, create a report, and email it to Tom",2,create a report,4,50,121,cliff,11.785714285714285,58.57142857142858,121,122,0.008196721311475419
8,"Search for Nvidia news, create a report, and email it to Tom",2,create a report,4,60,119,retention,,60.0,119,122,0.024590163934426257
8,"Search for Nvidia news, create a report, and email it to Tom",2,create a report,4,70,90,retention,,70.0,90,122,0.2622950819672131
8,"Search for Nvidia news, create a report, and email it to Tom",2,create a report,4,75,71,retention,,75.0,71,122,0.4180327868852459
8,"Search for Nvidia news, create a report, and email it to Tom",2,create a report,4,80,53,retention,,80.0,53,122,0.5655737704918034
8,"Search for Nvidia news, create a report, and email it to Tom",2,create a report,4,85,29,retention,,85.35714285714285,29,122,0.7622950819672132
8,"Search for Nvidia news, create a report, and email it to Tom",2,create a report,4,90,16,retention,,90.0,16,122,0.8688524590163934
8,"Search for Nvidia news, create a report, and email it to Tom",2,create a report,5,50,121,cliff,11.785714285714285,58.57142857142858,121,122,0.008196721311475419
8,"Search for Nvidia news, create a report, and email it to Tom",2,create a report,5,60,119,retention,,60.0,119,122,0.024590163934426257
8,"Search for Nvidia news, create a report, and email it to Tom",2,create a report,5,70,90,retention,,70.0,90,122,0.2622950819672131
8,"Search for Nvidia news, create a report, and email it to Tom",2,create a report,5,75,71,retention,,75.0,71,122,0.4180327868852459
8,"Search for Nvidia news, create a report, and email it to Tom",2,create a report,5,80,53,retention,,80.0,53,122,0.5655737704918034
8,"Search for Nvidia news, create a report, and email it to Tom",2,create a report,5,85,29,retention,,85.35714285714285,29,122,0.7622950819672132
8,"Search for Nvidia news, create a report, and email it to Tom",2,create a report,5,90,16,retention,,90.0,16,122,0.8688524590163934
8,"Search for Nvidia news, create a report, and email it to Tom",2,create a report,6,50,121,cliff,11.785714285714285,58.57142857142858,121,122,0.008196721311475419
8,"Search for Nvidia news, create a report, and email it to Tom",2,create a report,6,60,119,retention,,60.0,119,122,0.024590163934426257
8,"Search for Nvidia news, create a report, and email it to Tom",2,create a report,6,70,90,retention,,70.0,90,122,0.2622950819672131
8,"Search for Nvidia news, create a report, and email it to Tom",2,create a report,6,75,71,retention,,75.0,71,122,0.4180327868852459
8,"Search for Nvidia news, create a report, and email it to Tom",2,create a report,6,80,53,retention,,80.0,53,122,0.5655737704918034
8,"Search for Nvidia news, create a report, and email it to Tom",2,create a report,6,85,29,retention,,85.35714285714285,29,122,0.7622950819672132
8,"Search for Nvidia news, create a report, and email it to Tom",2,create a report,6,90,16,retention,,90.0,16,122,0.8688524590163934
8,"Search for Nvidia news, create a report, and email it to Tom",2,create a report,7,50,121,cliff,11.785714285714285,58.57142857142858,121,122,0.008196721311475419
8,"Search for Nvidia news, create a report, and email it to Tom",2,create a report,7,60,119,retention,,60.0,119,122,0.024590163934426257
8,"Search for Nvidia news, create a report, and email it to Tom",2,create a report,7,70,90,retention,,70.0,90,122,0.2622950819672131
8,"Search for Nvidia news, create a report, and email it to Tom",2,create a report,7,75,71,retention,,75.0,71,122,0.4180327868852459
8,"Search for Nvidia news, create a report, and email it to Tom",2,create a report,7,80,53,retention,,80.0,53,122,0.5655737704918034
8,"Search for Nvidia news, create a report, and email it to Tom",2,create a report,7,85,29,retention,,85.35714285714285,29,122,0.7622950819672132
8,"Search for Nvidia news, create a report, and email it to Tom",2,create a report,7,90,16,retention,,90.0,16,122,0.8688524590163934
8,"Search for Nvidia news, create a report, and email it to Tom",2,create a report,8,50,121,cliff,11.785714285714285,58.57142857142858,121,122,0.008196721311475419
8,"Search for Nvidia news, create a report, and email it to Tom",2,create a report,8,60,119,retention,,60.0,119,122,0.024590163934426257
8,"Search for Nvidia news, create a report, and email it to Tom",2,create a report,8,70,90,retention,,70.0,90,122,0.2622950819672131
8,"Search for Nvidia news, create a report, and email it to Tom",2,create a report,8,75,71,retention,,75.0,71,122,0.4180327868852459
8,"Search for Nvidia news, create a report, and email it to Tom",2,create a report,8,80,53,retention,,80.0,53,122,0.5655737704918034
8,"Search for Nvidia news, create a report, and email it to Tom",2,create a report,8,85,29,retention,,85.35714285714285,29,122,0.7622950819672132
8,"Search for Nvidia news, create a report, and email it to Tom",2,create a report,8,90,16,retention,,90.0,16,122,0.8688524590163934
8,"Search for Nvidia news, create a report, and email it to Tom",2,create a report,10,50,121,cliff,11.785714285714285,58.57142857142858,121,122,0.008196721311475419
8,"Search for Nvidia news, create a report, and email it to Tom",2,create a report,10,60,119,retention,,60.0,119,122,0.024590163934426257
8,"Search for Nvidia news, create a report, and email it to Tom",2,create a report,10,70,90,retention,,70.0,90,122,0.2622950819672131
8,"Search for Nvidia news, create a report, and email it to Tom",2,create a report,10,75,71,retention,,75.0,71,122,0.4180327868852459
8,"Search for Nvidia news, create a report, and email it to Tom",2,create a report,10,80,53,retention,,80.0,53,122,0.5655737704918034
8,"Search for Nvidia news, create a report, and email it to Tom",2,create a report,10,85,29,retention,,85.35714285714285,29,122,0.7622950819672132
8,"Search for Nvidia news, create a report, and email it to Tom",2,create a report,10,90,16,retention,,90.0,16,122,0.8688524590163934
8,"Search for Nvidia news, create a report, and email it to Tom",3,email it to Tom,3,50,11,cliff,7.6923076923076925,85.16483516483517,116,122,0.9098360655737705
8,"Search for Nvidia news, create a report, and email it to Tom",3,email it to Tom,3,60,11,cliff,7.6923076923076925,85.16483516483517,70,122,0.9098360655737705
8,"Search for Nvidia news, create a report, and email it to Tom",3,email it to Tom,3,70,11,cliff,7.6923076923076925,85.16483516483517,25,122,0.9098360655737705
8,"Search for Nvidia news, create a report, and email it to Tom",3,email it to Tom,3,75,11,cliff,7.6923076923076925,85.16483516483517,14,122,0.9098360655737705
8,"Search for Nvidia news, create a report, and email it to Tom",3,email it to Tom,3,80,11,cliff,7.6923076923076925,85.16483516483517,11,122,0.9098360655737705
8,"Search for Nvidia news, create a report, and email it to Tom",3,email it to Tom,3,85,11,cliff,7.6923076923076925,85.16483516483517,11,122,0.9098360655737705
8,"Search for Nvidia news, create a report, and email it to Tom",3,email it to Tom,3,90,7,retention,,90.10989010989012,7,122,0.9426229508196722
8,"Search for Nvidia news, create a report, and email it to Tom",3,email it to Tom,4,50,11,cliff,7.6923076923076925,85.16483516483517,116,122,0.9098360655737705
8,"Search for Nvidia news, create a report, and email it to Tom",3,email it to Tom,4,60,11,cliff,7.6923076923076925,85.16483516483517,70,122,0.9098360655737705
8,"Search for Nvidia news, create a report, and email it to Tom",3,email it to Tom,4,70,11,cliff,7.6923076923076925,85.16483516483517,25,122,0.9098360655737705
8,"Search for Nvidia news, create a report, and email it to Tom",3,email it to Tom,4,75,11,cliff,7.6923076923076925,85.16483516483517,14,122,0.9098360655737705
8,"Search for Nvidia news, create a report, and email it to Tom",3,email it to Tom,4,80,11,cliff,7.6923076923076925,85.16483516483517,11,122,0.9098360655737705
8,"Search for Nvidia news, create a report, and email it to Tom",3,email it to Tom,4,85,11,cliff,7.6923076923076925,85.16483516483517,11,122,0.9098360655737705
8,"Search for Nvidia news, create a report, and email it to Tom",3,email it to Tom,4,90,7,retention,,90.10989010989012,7,122,0.9426229508196722
8,"Search for Nvidia news, create a report, and email it to Tom",3,email it to Tom,5,50,11,cliff,7.6923076923076925,85.16483516483517,116,122,0.9098360655737705
8,"Search for Nvidia news, create a report, and email it to Tom",3,email it to Tom,5,60,11,cliff,7.6923076923076925,85.16483516483517,70,122,0.9098360655737705
8,"Search for Nvidia news, create a report, and email it to Tom",3,email it to Tom,5,70,11,cliff,7.6923076923076925,85.16483516483517,25,122,0.9098360655737705
8,"Search for Nvidia news, create a report, and email it to Tom",3,email it to Tom,5,75,11,cliff,7.6923076923076925,85.16483516483517,14,122,0.9098360655737705
8,"Search for Nvidia news, create a report, and email it to Tom",3,email it to Tom,5,80,11,cliff,7.6923076923076925,85.16483516483517,11,122,0.9098360655737705
8,"Search for Nvidia news, create a report, and email it to Tom",3,email it to Tom,5,85,11,cliff,7.6923076923076925,85.16483516483517,11,122,0.9098360655737705
8,"Search for Nvidia news, create a report, and email it to Tom",3,email it to Tom,5,90,7,retention,,90.10989010989012,7,122,0.9426229508196722
8,"Search for Nvidia news, create a report, and email it to Tom",3,email it to Tom,6,50,11,cliff,7.6923076923076925,85.16483516483517,116,122,0.9098360655737705
8,"Search for Nvidia news, create a report, and email it to Tom",3,email it to Tom,6,60,11,cliff,7.6923076923076925,85.16483516483517,70,122,0.9098360655737705
8,"Search for Nvidia news, create a report, and email it to Tom",3,email it to Tom,6,70,11,cliff,7.6923076923076925,85.16483516483517,25,122,0.9098360655737705
8,"Search for Nvidia news, create a report, and email it to Tom",3,email it to Tom,6,75,11,cliff,7.6923076923076925,85.16483516483517,14,122,0.9098360655737705
8,"Search for Nvidia news, create a report, and email it to Tom",3,email it to Tom,6,80,11,cliff,7.6923076923076925,85.16483516483517,11,122,0.9098360655737705
8,"Search for Nvidia news, create a report, and email it to Tom",3,email it to Tom,6,85,11,cliff,7.6923076923076925,85.16483516483517,11,122,0.9098360655737705
8,"Search for Nvidia news, create a report, and email it to Tom",3,email it to Tom,6,90,7,retention,,90.10989010989012,7,122,0.9426229508196722
8,"Search for Nvidia news, create a report, and email it to Tom",3,email it to Tom,7,50,11,cliff,7.6923076923076925,85.16483516483517,116,122,0.9098360655737705
8,"Search for Nvidia news, create a report, and email it to Tom",3,email it to Tom,7,60,11,cliff,7.6923076923076925,85.16483516483517,70,122,0.9098360655737705
8,"Search for Nvidia news, create a report, and email it to Tom",3,email it to Tom,7,70,11,cliff,7.6923076923076925,85.16483516483517,25,122,0.9098360655737705
8,"Search for Nvidia news, create a report, and email it to Tom",3,email it to Tom,7,75,11,cliff,7.6923076923076925,85.16483516483517,14,122,0.9098360655737705
8,"Search for Nvidia news, create a report, and email it to Tom",3,email it to Tom,7,80,11,cliff,7.6923076923076925,85.16483516483517,11,122,0.9098360655737705
8,"Search for Nvidia news, create a report, and email it to Tom",3,email it to Tom,7,85,11,cliff,7.6923076923076925,85.16483516483517,11,122,0.9098360655737705
8,"Search for Nvidia news, create a report, and email it to Tom",3,email it to Tom,7,90,7,retention,,90.10989010989012,7,122,0.9426229508196722
8,"Search for Nvidia news, create a report, and email it to Tom",3,email it to Tom,8,50,116,retention,,51.64835164835166,116,122,0.049180327868852514
8,"Search for Nvidia news, create a report, and email it to Tom",3,email it to Tom,8,60,70,retention,,60.16483516483516,70,122,0.42622950819672134
8,"Search for Nvidia news, create a report, and email it to Tom",3,email it to Tom,8,70,25,retention,,70.05494505494505,25,122,0.7950819672131147
8,"Search for Nvidia news, create a report, and email it to Tom",3,email it to Tom,8,75,14,retention,,76.37362637362637,14,122,0.8852459016393442
8,"Search for Nvidia news, create a report, and email it to Tom",3,email it to Tom,8,80,11,retention,,85.16483516483517,11,122,0.9098360655737705
8,"Search for Nvidia news, create a report, and email it to Tom",3,email it to Tom,8,85,11,retention,,85.16483516483517,11,122,0.9098360655737705
8,"Search for Nvidia news, create a report, and email it to Tom",3,email it to Tom,8,90,7,retention,,90.10989010989012,7,122,0.9426229508196722
8,"Search for Nvidia news, create a report, and email it to Tom",3,email it to Tom,10,50,116,retention,,51.64835164835166,116,122,0.049180327868852514
8,"Search for Nvidia news, create a report, and email it to Tom",3,email it to Tom,10,60,70,retention,,60.16483516483516,70,122,0.42622950819672134
8,"Search for Nvidia news, create a report, and email it to Tom",3,email it to Tom,10,70,25,retention,,70.05494505494505,25,122,0.7950819672131147
8,"Search for Nvidia news, create a report, and email it to Tom",3,email it to Tom,10,75,14,retention,,76.37362637362637,14,122,0.8852459016393442
8,"Search for Nvidia news, create a report, and email it to Tom",3,email it to Tom,10,80,11,retention,,85.16483516483517,11,122,0.9098360655737705
8,"Search for Nvidia news, create a report, and email it to Tom",3,email it to Tom,10,85,11,retention,,85.16483516483517,11,122,0.9098360655737705
8,"Search for Nvidia news, create a report, and email it to Tom",3,email it to Tom,10,90,7,retention,,90.10989010989012,7,122,0.9426229508196722
9,Schedule a meeting with Tom,1,Schedule a meeting with Tom,3,50,120,cliff,4.195804195804196,65.03496503496503,122,122,0.016393442622950838
9,Schedule a meeting with Tom,1,Schedule a meeting with Tom,3,60,120,cliff,4.195804195804196,65.03496503496503,121,122,0.016393442622950838
9,Schedule a meeting with Tom,1,Schedule a meeting with Tom,3,70,4,cliff,3.4965034965034967,96.5034965034965,109,122,0.9672131147540983
9,Schedule a meeting with Tom,1,Schedule a meeting with Tom,3,75,4,cliff,3.4965034965034967,96.5034965034965,98,122,0.9672131147540983
9,Schedule a meeting with Tom,1,Schedule a meeting with Tom,3,80,4,cliff,3.4965034965034967,96.5034965034965,67,122,0.9672131147540983
9,Schedule a meeting with Tom,1,Schedule a meeting with Tom,3,85,4,cliff,3.4965034965034967,96.5034965034965,35,122,0.9672131147540983
9,Schedule a meeting with Tom,1,Schedule a meeting with Tom,3,90,4,cliff,3.4965034965034967,96.5034965034965,13,122,0.9672131147540983
9,Schedule a meeting with Tom,1,Schedule a meeting with Tom,4,50,120,cliff,4.195804195804196,65.03496503496503,122,122,0.016393442622950838
9,Schedule a meeting with Tom,1,Schedule a meeting with Tom,4,60,120,cliff,4.195804195804196,65.03496503496503,121,122,0.016393442622950838
9,Schedule a meeting with Tom,1,Schedule a meeting with Tom,4,70,109,retention,,70.27972027972028,109,122,0.10655737704918034
9,Schedule a meeting with Tom,1,Schedule a meeting with Tom,4,75,98,retention,,75.17482517482517,98,122,0.19672131147540983
9,Schedule a meeting with Tom,1,Schedule a meeting with Tom,4,80,67,retention,,80.06993006993007,67,122,0.4508196721311475
9,Schedule a meeting with Tom,1,Schedule a meeting with Tom,4,85,35,retention,,85.66433566433567,35,122,0.7131147540983607
9,Schedule a meeting with Tom,1,Schedule a meeting with Tom,4,90,13,retention,,90.20979020979021,13,122,0.8934426229508197
9,Schedule a meeting with Tom,1,Schedule a meeting with Tom,5,50,122,retention,,59.44055944055944,122,122,0.0
9,Schedule a meeting with Tom,1,Schedule a meeting with Tom,5,60,121,retention,,60.83916083916085,121,122,0.008196721311475419
9,Schedule a meeting with Tom,1,Schedule a meeting with Tom,5,70,109,retention,,70.27972027972028,109,122,0.10655737704918034
9,Schedule a meeting with Tom,1,Schedule a meeting with Tom,5,75,98,retention,,75.17482517482517,98,122,0.19672131147540983
9,Schedule a meeting with Tom,1,Schedule a meeting with Tom,5,80,67,retention,,80.06993006993007,67,122,0.4508196721311475
9,Schedule a meeting with Tom,1,Schedule a meeting with Tom,5,85,35,retention,,85.66433566433567,35,122,0.7131147540983607
9,Schedule a meeting with Tom,1,Schedule a meeting with Tom,5,90,13,retention,,90.20979020979021,13,122,0.8934426229508197
9,Schedule a meeting with Tom,1,Schedule a meeting with Tom,6,50,122,retention,,59.44055944055944,122,122,0.0
9,Schedule a meeting with Tom,1,Schedule a meeting with Tom,6,60,121,retention,,60.83916083916085,121,122,0.008196721311475419
9,Schedule a meeting with Tom,1,Schedule a meeting with Tom,6,70,109,retention,,70.27972027972028,109,122,0.10655737704918034
9,Schedule a meeting with Tom,1,Schedule a meeting with Tom,6,75,98,retention,,75.17482517482517,98,122,0.19672131147540983
9,Schedule a meeting with Tom,1,Schedule a meeting with Tom,6,80,67,retention,,80.06993006993007,67,122,0.4508196721311475
9,Schedule a meeting with Tom,1,Schedule a meeting with Tom,6,85,35,retention,,85.66433566433567,35,122,0.7131147540983607
9,Schedule a meeting with Tom,1,Schedule a meeting with Tom,6,90,13,retention,,90.20979020979021,13,122,0.8934426229508197
9,Schedule a meeting with Tom,1,Schedule a meeting with Tom,7,50,122,retention,,59.44055944055944,122,122,0.0
9,Schedule a meeting with Tom,1,Schedule a meeting with Tom,7,60,121,retention,,60.83916083916085,121,122,0.008196721311475419
9,Schedule a meeting with Tom,1,Schedule a meeting with Tom,7,70,109,retention,,70.27972027972028,109,122,0.10655737704918034
9,Schedule a meeting with Tom,1,Schedule a meeting with Tom,7,75,98,retention,,75.17482517482517,98,122,0.19672131147540983
9,Schedule a meeting with Tom,1,Schedule a meeting with Tom,7,80,67,retention,,80.06993006993007,67,122,0.4508196721311475
9,Schedule a meeting with Tom,1,Schedule a meeting with Tom,7,85,35,retention,,85.66433566433567,35,122,0.7131147540983607
9,Schedule a meeting with Tom,1,Schedule a meeting with Tom,7,90,13,retention,,90.20979020979021,13,122,0.8934426229508197
9,Schedule a meeting with Tom,1,Schedule a meeting with Tom,8,50,122,retention,,59.44055944055944,122,122,0.0
9,Schedule a meeting with Tom,1,Schedule a meeting with Tom,8,60,121,retention,,60.83916083916085,121,122,0.008196721311475419
9,Schedule a meeting with Tom,1,Schedule a meeting with Tom,8,70,109,retention,,70.27972027972028,109,122,0.10655737704918034
9,Schedule a meeting with Tom,1,Schedule a meeting with Tom,8,75,98,retention,,75.17482517482517,98,122,0.19672131147540983
9,Schedule a meeting with Tom,1,Schedule a meeting with Tom,8,80,67,retention,,80.06993006993007,67,122,0.4508196721311475
9,Schedule a meeting with Tom,1,Schedule a meeting with Tom,8,85,35,retention,,85.66433566433567,35,122,0.7131147540983607
9,Schedule a meeting with Tom,1,Schedule a meeting with Tom,8,90,13,retention,,90.20979020979021,13,122,0.8934426229508197
9,Schedule a meeting with Tom,1,Schedule a meeting with Tom,10,50,122,retention,,59.44055944055944,122,122,0.0
9,Schedule a meeting with Tom,1,Schedule a meeting with Tom,10,60,121,retention,,60.83916083916085,121,122,0.008196721311475419
9,Schedule a meeting with Tom,1,Schedule a meeting with Tom,10,70,109,retention,,70.27972027972028,109,122,0.10655737704918034
9,Schedule a meeting with Tom,1,Schedule a meeting with Tom,10,75,98,retention,,75.17482517482517,98,122,0.19672131147540983
9,Schedule a meeting with Tom,1,Schedule a meeting with Tom,10,80,67,retention,,80.06993006993007,67,122,0.4508196721311475
9,Schedule a meeting with Tom,1,Schedule a meeting with Tom,10,85,35,retention,,85.66433566433567,35,122,0.7131147540983607
9,Schedule a meeting with Tom,1,Schedule a meeting with Tom,10,90,13,retention,,90.20979020979021,13,122,0.8934426229508197
10,Get my leave applications,1,Get my leave applications,3,50,4,cliff,17.82608695652174,90.8695652173913,51,122,0.9672131147540983
10,Get my leave applications,1,Get my leave applications,3,60,4,cliff,17.82608695652174,90.8695652173913,13,122,0.9672131147540983
10,Get my leave applications,1,Get my leave applications,3,70,4,cliff,17.82608695652174,90.8695652173913,6,122,0.9672131147540983
10,Get my leave applications,1,Get my leave applications,3,75,4,cliff,17.82608695652174,90.8695652173913,4,122,0.9672131147540983
10,Get my leave applications,1,Get my leave applications,3,80,4,cliff,17.82608695652174,90.8695652173913,4,122,0.9672131147540983
10,Get my leave applications,1,Get my leave applications,3,85,4,cliff,17.82608695652174,90.8695652173913,4,122,0.9672131147540983
10,Get my leave applications,1,Get my leave applications,3,90,4,cliff,17.82608695652174,90.8695652173913,4,122,0.9672131147540983
10,Get my leave applications,1,Get my leave applications,4,50,4,cliff,17.82608695652174,90.8695652173913,51,122,0.9672131147540983
10,Get my leave applications,1,Get my leave applications,4,60,4,cliff,17.82608695652174,90.8695652173913,13,122,0.9672131147540983
10,Get my leave applications,1,Get my leave applications,4,70,4,cliff,17.82608695652174,90.8695652173913,6,122,0.9672131147540983
10,Get my leave applications,1,Get my leave applications,4,75,4,cliff,17.82608695652174,90.8695652173913,4,122,0.9672131147540983
10,Get my leave applications,1,Get my leave applications,4,80,4,cliff,17.82608695652174,90.8695652173913,4,122,0.9672131147540983
10,Get my leave applications,1,Get my leave applications,4,85,4,cliff,17.82608695652174,90.8695652173913,4,122,0.9672131147540983
10,Get my leave applications,1,Get my leave applications,4,90,4,cliff,17.82608695652174,90.8695652173913,4,122,0.9672131147540983
10,Get my leave applications,1,Get my leave applications,5,50,4,cliff,17.82608695652174,90.8695652173913,51,122,0.9672131147540983
10,Get my leave applications,1,Get my leave applications,5,60,4,cliff,17.82608695652174,90.8695652173913,13,122,0.9672131147540983
10,Get my leave applications,1,Get my leave applications,5,70,4,cliff,17.82608695652174,90.8695652173913,6,122,0.9672131147540983
10,Get my leave applications,1,Get my leave applications,5,75,4,cliff,17.82608695652174,90.8695652173913,4,122,0.9672131147540983
10,Get my leave applications,1,Get my leave applications,5,80,4,cliff,17.82608695652174,90.8695652173913,4,122,0.9672131147540983
10,Get my leave applications,1,Get my leave applications,5,85,4,cliff,17.82608695652174,90.8695652173913,4,122,0.9672131147540983
10,Get my leave applications,1,Get my leave applications,5,90,4,cliff,17.82608695652174,90.8695652173913,4,122,0.9672131147540983
10,Get my leave applications,1,Get my leave applications,6,50,4,cliff,17.82608695652174,90.8695652173913,51,122,0.9672131147540983
10,Get my leave applications,1,Get my leave applications,6,60,4,cliff,17.82608695652174,90.8695652173913,13,122,0.9672131147540983
10,Get my leave applications,1,Get my leave applications,6,70,4,cliff,17.82608695652174,90.8695652173913,6,122,0.9672131147540983
10,Get my leave applications,1,Get my leave applications,6,75,4,cliff,17.82608695652174,90.8695652173913,4,122,0.9672131147540983
10,Get my leave applications,1,Get my leave applications,6,80,4,cliff,17.82608695652174,90.8695652173913,4,122,0.9672131147540983
10,Get my leave applications,1,Get my leave applications,6,85,4,cliff,17.82608695652174,90.8695652173913,4,122,0.9672131147540983
10,Get my leave applications,1,Get my leave applications,6,90,4,cliff,17.82608695652174,90.8695652173913,4,122,0.9672131147540983
10,Get my leave applications,1,Get my leave applications,7,50,4,cliff,17.82608695652174,90.8695652173913,51,122,0.9672131147540983
10,Get my leave applications,1,Get my leave applications,7,60,4,cliff,17.82608695652174,90.8695652173913,13,122,0.9672131147540983
10,Get my leave applications,1,Get my leave applications,7,70,4,cliff,17.82608695652174,90.8695652173913,6,122,0.9672131147540983
10,Get my leave applications,1,Get my leave applications,7,75,4,cliff,17.82608695652174,90.8695652173913,4,122,0.9672131147540983
10,Get my leave applications,1,Get my leave applications,7,80,4,cliff,17.82608695652174,90.8695652173913,4,122,0.9672131147540983
10,Get my leave applications,1,Get my leave applications,7,85,4,cliff,17.82608695652174,90.8695652173913,4,122,0.9672131147540983
10,Get my leave applications,1,Get my leave applications,7,90,4,cliff,17.82608695652174,90.8695652173913,4,122,0.9672131147540983
10,Get my leave applications,1,Get my leave applications,8,50,4,cliff,17.82608695652174,90.8695652173913,51,122,0.9672131147540983
10,Get my leave applications,1,Get my leave applications,8,60,4,cliff,17.82608695652174,90.8695652173913,13,122,0.9672131147540983
10,Get my leave applications,1,Get my leave applications,8,70,4,cliff,17.82608695652174,90.8695652173913,6,122,0.9672131147540983
10,Get my leave applications,1,Get my leave applications,8,75,4,cliff,17.82608695652174,90.8695652173913,4,122,0.9672131147540983
10,Get my leave applications,1,Get my leave applications,8,80,4,cliff,17.82608695652174,90.8695652173913,4,122,0.9672131147540983
10,Get my leave applications,1,Get my leave applications,8,85,4,cliff,17.82608695652174,90.8695652173913,4,122,0.9672131147540983
10,Get my leave applications,1,Get my leave applications,8,90,4,cliff,17.82608695652174,90.8695652173913,4,122,0.9672131147540983
10,Get my leave applications,1,Get my leave applications,10,50,4,cliff,17.82608695652174,90.8695652173913,51,122,0.9672131147540983
10,Get my leave applications,1,Get my leave applications,10,60,4,cliff,17.82608695652174,90.8695652173913,13,122,0.9672131147540983
10,Get my leave applications,1,Get my leave applications,10,70,4,cliff,17.82608695652174,90.8695652173913,6,122,0.9672131147540983
10,Get my leave applications,1,Get my leave applications,10,75,4,cliff,17.82608695652174,90.8695652173913,4,122,0.9672131147540983
10,Get my leave applications,1,Get my leave applications,10,80,4,cliff,17.82608695652174,90.8695652173913,4,122,0.9672131147540983
10,Get my leave applications,1,Get my leave applications,10,85,4,cliff,17.82608695652174,90.8695652173913,4,122,0.9672131147540983
10,Get my leave applications,1,Get my leave applications,10,90,4,cliff,17.82608695652174,90.8695652173913,4,122,0.9672131147540983
11,Submit a leave application,1,Submit a leave application,3,50,4,cliff,22.707423580786028,85.58951965065502,10,122,0.9672131147540983
11,Submit a leave application,1,Submit a leave application,3,60,4,cliff,22.707423580786028,85.58951965065502,6,122,0.9672131147540983
11,Submit a leave application,1,Submit a leave application,3,70,4,cliff,22.707423580786028,85.58951965065502,4,122,0.9672131147540983
11,Submit a leave application,1,Submit a leave application,3,75,4,cliff,22.707423580786028,85.58951965065502,4,122,0.9672131147540983
11,Submit a leave application,1,Submit a leave application,3,80,4,cliff,22.707423580786028,85.58951965065502,4,122,0.9672131147540983
11,Submit a leave application,1,Submit a leave application,3,85,4,cliff,22.707423580786028,85.58951965065502,4,122,0.9672131147540983
11,Submit a leave application,1,Submit a leave application,3,90,3,cliff,8.73362445414847,94.32314410480349,3,122,0.9754098360655737
11,Submit a leave application,1,Submit a leave application,4,50,4,cliff,22.707423580786028,85.58951965065502,10,122,0.9672131147540983
11,Submit a leave application,1,Submit a leave application,4,60,4,cliff,22.707423580786028,85.58951965065502,6,122,0.9672131147540983
11,Submit a leave application,1,Submit a leave application,4,70,4,cliff,22.707423580786028,85.58951965065502,4,122,0.9672131147540983
11,Submit a leave application,1,Submit a leave application,4,75,4,cliff,22.707423580786028,85.58951965065502,4,122,0.9672131147540983
11,Submit a leave application,1,Submit a leave application,4,80,4,cliff,22.707423580786028,85.58951965065502,4,122,0.9672131147540983
11,Submit a leave application,1,Submit a leave application,4,85,4,cliff,22.707423580786028,85.58951965065502,4,122,0.9672131147540983
11,Submit a leave application,1,Submit a leave application,4,90,3,cliff,8.73362445414847,94.32314410480349,3,122,0.9754098360655737
11,Submit a leave application,1,Submit a leave application,5,50,4,cliff,22.707423580786028,85.58951965065502,10,122,0.9672131147540983
11,Submit a leave application,1,Submit a leave application,5,60,4,cliff,22.707423580786028,85.58951965065502,6,122,0.9672131147540983
11,Submit a leave application,1,Submit a leave application,5,70,4,cliff,22.707423580786028,85.58951965065502,4,122,0.9672131147540983
11,Submit a leave application,1,Submit a leave application,5,75,4,cliff,22.707423580786028,85.58951965065502,4,122,0.9672131147540983
11,Submit a leave application,1,Submit a leave application,5,80,4,cliff,22.707423580786028,85.58951965065502,4,122,0.9672131147540983
11,Submit a leave application,1,Submit a leave application,5,85,4,cliff,22.707423580786028,85.58951965065502,4,122,0.9672131147540983
11,Submit a leave application,1,Submit a leave application,5,90,3,cliff,8.73362445414847,94.32314410480349,3,122,0.9754098360655737
11,Submit a leave application,1,Submit a leave application,6,50,4,cliff,22.707423580786028,85.58951965065502,10,122,0.9672131147540983
11,Submit a leave application,1,Submit a leave application,6,60,4,cliff,22.707423580786028,85.58951965065502,6,122,0.9672131147540983
11,Submit a leave application,1,Submit a leave application,6,70,4,cliff,22.707423580786028,85.58951965065502,4,122,0.9672131147540983
11,Submit a leave application,1,Submit a leave application,6,75,4,cliff,22.707423580786028,85.58951965065502,4,122,0.9672131147540983
11,Submit a leave application,1,Submit a leave application,6,80,4,cliff,22.707423580786028,85.58951965065502,4,122,0.9672131147540983
11,Submit a leave application,1,Submit a leave application,6,85,4,cliff,22.707423580786028,85.58951965065502,4,122,0.9672131147540983
11,Submit a leave application,1,Submit a leave application,6,90,3,cliff,8.73362445414847,94.32314410480349,3,122,0.9754098360655737
11,Submit a leave application,1,Submit a leave application,7,50,4,cliff,22.707423580786028,85.58951965065502,10,122,0.9672131147540983
11,Submit a leave application,1,Submit a leave application,7,60,4,cliff,22.707423580786028,85.58951965065502,6,122,0.9672131147540983
11,Submit a leave application,1,Submit a leave application,7,70,4,cliff,22.707423580786028,85.58951965065502,4,122,0.9672131147540983
11,Submit a leave application,1,Submit a leave application,7,75,4,cliff,22.707423580786028,85.58951965065502,4,122,0.9672131147540983
11,Submit a leave application,1,Submit a leave application,7,80,4,cliff,22.707423580786028,85.58951965065502,4,122,0.9672131147540983
11,Submit a leave application,1,Submit a leave application,7,85,4,cliff,22.707423580786028,85.58951965065502,4,122,0.9672131147540983
11,Submit a leave application,1,Submit a leave application,7,90,3,cliff,8.73362445414847,94.32314410480349,3,122,0.9754098360655737
11,Submit a leave application,1,Submit a leave application,8,50,4,cliff,22.707423580786028,85.58951965065502,10,122,0.9672131147540983
11,Submit a leave application,1,Submit a leave application,8,60,4,cliff,22.707423580786028,85.58951965065502,6,122,0.9672131147540983
11,Submit a leave application,1,Submit a leave application,8,70,4,cliff,22.707423580786028,85.58951965065502,4,122,0.9672131147540983
11,Submit a leave application,1,Submit a leave application,8,75,4,cliff,22.707423580786028,85.58951965065502,4,122,0.9672131147540983
11,Submit a leave application,1,Submit a leave application,8,80,4,cliff,22.707423580786028,85.58951965065502,4,122,0.9672131147540983
11,Submit a leave application,1,Submit a leave application,8,85,4,cliff,22.707423580786028,85.58951965065502,4,122,0.9672131147540983
11,Submit a leave application,1,Submit a leave application,8,90,3,cliff,8.73362445414847,94.32314410480349,3,122,0.9754098360655737
11,Submit a leave application,1,Submit a leave application,10,50,4,cliff,22.707423580786028,85.58951965065502,10,122,0.9672131147540983
11,Submit a leave application,1,Submit a leave application,10,60,4,cliff,22.707423580786028,85.58951965065502,6,122,0.9672131147540983
11,Submit a leave application,1,Submit a leave application,10,70,4,cliff,22.707423580786028,85.58951965065502,4,122,0.9672131147540983
11,Submit a leave application,1,Submit a leave application,10,75,4,cliff,22.707423580786028,85.58951965065502,4,122,0.9672131147540983
11,Submit a leave application,1,Submit a leave application,10,80,4,cliff,22.707423580786028,85.58951965065502,4,122,0.9672131147540983
11,Submit a leave application,1,Submit a leave application,10,85,4,cliff,22.707423580786028,85.58951965065502,4,122,0.9672131147540983
11,Submit a leave application,1,Submit a leave application,10,90,3,retention,,94.32314410480349,3,122,0.9754098360655737
12,Find a GitHub repository,1,Find a GitHub repository,3,50,16,cliff,8.530805687203792,79.14691943127961,99,122,0.8688524590163934
12,Find a GitHub repository,1,Find a GitHub repository,3,60,16,cliff,8.530805687203792,79.14691943127961,36,122,0.8688524590163934
12,Find a GitHub repository,1,Find a GitHub repository,3,70,16,cliff,8.530805687203792,79.14691943127961,17,122,0.8688524590163934
12,Find a GitHub repository,1,Find a GitHub repository,3,75,16,cliff,8.530805687203792,79.14691943127961,16,122,0.8688524590163934
12,Find a GitHub repository,1,Find a GitHub repository,3,80,1,cliff,4.739336492890995,100.0,14,122,0.9918032786885246
12,Find a GitHub repository,1,Find a GitHub repository,3,85,1,cliff,4.739336492890995,100.0,12,122,0.9918032786885246
12,Find a GitHub repository,1,Find a GitHub repository,3,90,1,cliff,4.739336492890995,100.0,7,122,0.9918032786885246
12,Find a GitHub repository,1,Find a GitHub repository,4,50,16,cliff,8.530805687203792,79.14691943127961,99,122,0.8688524590163934
12,Find a GitHub repository,1,Find a GitHub repository,4,60,16,cliff,8.530805687203792,79.14691943127961,36,122,0.8688524590163934
12,Find a GitHub repository,1,Find a GitHub repository,4,70,16,cliff,8.530805687203792,79.14691943127961,17,122,0.8688524590163934
12,Find a GitHub repository,1,Find a GitHub repository,4,75,16,cliff,8.530805687203792,79.14691943127961,16,122,0.8688524590163934
12,Find a GitHub repository,1,Find a GitHub repository,4,80,1,cliff,4.739336492890995,100.0,14,122,0.9918032786885246
12,Find a GitHub repository,1,Find a GitHub repository,4,85,1,cliff,4.739336492890995,100.0,12,122,0.9918032786885246
12,Find a GitHub repository,1,Find a GitHub repository,4,90,1,cliff,4.739336492890995,100.0,7,122,0.9918032786885246
12,Find a GitHub repository,1,Find a GitHub repository,5,50,16,cliff,8.530805687203792,79.14691943127961,99,122,0.8688524590163934
12,Find a GitHub repository,1,Find a GitHub repository,5,60,16,cliff,8.530805687203792,79.14691943127961,36,122,0.8688524590163934
12,Find a GitHub repository,1,Find a GitHub repository,5,70,16,cliff,8.530805687203792,79.14691943127961,17,122,0.8688524590163934
12,Find a GitHub repository,1,Find a GitHub repository,5,75,16,cliff,8.530805687203792,79.14691943127961,16,122,0.8688524590163934
12,Find a GitHub repository,1,Find a GitHub repository,5,80,14,retention,,82.46445497630332,14,122,0.8852459016393442
12,Find a GitHub repository,1,Find a GitHub repository,5,85,12,retention,,85.30805687203792,12,122,0.9016393442622951
12,Find a GitHub repository,1,Find a GitHub repository,5,90,7,retention,,90.04739336492891,7,122,0.9426229508196722
12,Find a GitHub repository,1,Find a GitHub repository,6,50,16,cliff,8.530805687203792,79.14691943127961,99,122,0.8688524590163934
12,Find a GitHub repository,1,Find a GitHub repository,6,60,16,cliff,8.530805687203792,79.14691943127961,36,122,0.8688524590163934
12,Find a GitHub repository,1,Find a GitHub repository,6,70,16,cliff,8.530805687203792,79.14691943127961,17,122,0.8688524590163934
12,Find a GitHub repository,1,Find a GitHub repository,6,75,16,cliff,8.530805687203792,79.14691943127961,16,122,0.8688524590163934
12,Find a GitHub repository,1,Find a GitHub repository,6,80,14,retention,,82.46445497630332,14,122,0.8852459016393442
12,Find a GitHub repository,1,Find a GitHub repository,6,85,12,retention,,85.30805687203792,12,122,0.9016393442622951
12,Find a GitHub repository,1,Find a GitHub repository,6,90,7,retention,,90.04739336492891,7,122,0.9426229508196722
12,Find a GitHub repository,1,Find a GitHub repository,7,50,16,cliff,8.530805687203792,79.14691943127961,99,122,0.8688524590163934
12,Find a GitHub repository,1,Find a GitHub repository,7,60,16,cliff,8.530805687203792,79.14691943127961,36,122,0.8688524590163934
12,Find a GitHub repository,1,Find a GitHub repository,7,70,16,cliff,8.530805687203792,79.14691943127961,17,122,0.8688524590163934
12,Find a GitHub repository,1,Find a GitHub repository,7,75,16,cliff,8.530805687203792,79.14691943127961,16,122,0.8688524590163934
12,Find a GitHub repository,1,Find a GitHub repository,7,80,14,retention,,82.46445497630332,14,122,0.8852459016393442
12,Find a GitHub repository,1,Find a GitHub repository,7,85,12,retention,,85.30805687203792,12,122,0.9016393442622951
12,Find a GitHub repository,1,Find a GitHub repository,7,90,7,retention,,90.04739336492891,7,122,0.9426229508196722
12,Find a GitHub repository,1,Find a GitHub repository,8,50,16,cliff,8.530805687203792,79.14691943127961,99,122,0.8688524590163934
12,Find a GitHub repository,1,Find a GitHub repository,8,60,16,cliff,8.530805687203792,79.14691943127961,36,122,0.8688524590163934
12,Find a GitHub repository,1,Find a GitHub repository,8,70,16,cliff,8.530805687203792,79.14691943127961,17,122,0.8688524590163934
12,Find a GitHub repository,1,Find a GitHub repository,8,75,16,cliff,8.530805687203792,79.14691943127961,16,122,0.8688524590163934
12,Find a GitHub repository,1,Find a GitHub repository,8,80,14,retention,,82.46445497630332,14,122,0.8852459016393442
12,Find a GitHub repository,1,Find a GitHub repository,8,85,12,retention,,85.30805687203792,12,122,0.9016393442622951
12,Find a GitHub repository,1,Find a GitHub repository,8,90,7,retention,,90.04739336492891,7,122,0.9426229508196722
12,Find a GitHub repository,1,Find a GitHub repository,10,50,99,retention,,50.23696682464455,99,122,0.1885245901639344
12,Find a GitHub repository,1,Find a GitHub repository,10,60,36,retention,,60.18957345971564,36,122,0.7049180327868853
12,Find a GitHub repository,1,Find a GitHub repository,10,70,17,retention,,70.61611374407583,17,122,0.860655737704918
12,Find a GitHub repository,1,Find a GitHub repository,10,75,16,retention,,79.14691943127961,16,122,0.8688524590163934
12,Find a GitHub repository,1,Find a GitHub repository,10,80,14,retention,,82.46445497630332,14,122,0.8852459016393442
12,Find a GitHub repository,1,Find a GitHub repository,10,85,12,retention,,85.30805687203792,12,122,0.9016393442622951
12,Find a GitHub repository,1,Find a GitHub repository,10,90,7,retention,,90.04739336492891,7,122,0.9426229508196722
13,Get a file from SharePoint,1,Get a file from SharePoint,3,50,1,cliff,4.66321243523316,100.0,88,122,0.9918032786885246
13,Get a file from SharePoint,1,Get a file from SharePoint,3,60,1,cliff,4.66321243523316,100.0,37,122,0.9918032786885246
13,Get a file from SharePoint,1,Get a file from SharePoint,3,70,1,cliff,4.66321243523316,100.0,25,122,0.9918032786885246
13,Get a file from SharePoint,1,Get a file from SharePoint,3,75,1,cliff,4.66321243523316,100.0,22,122,0.9918032786885246
13,Get a file from SharePoint,1,Get a file from SharePoint,3,80,1,cliff,4.66321243523316,100.0,13,122,0.9918032786885246
13,Get a file from SharePoint,1,Get a file from SharePoint,3,85,1,cliff,4.66321243523316,100.0,8,122,0.9918032786885246
13,Get a file from SharePoint,1,Get a file from SharePoint,3,90,1,cliff,4.66321243523316,100.0,3,122,0.9918032786885246
13,Get a file from SharePoint,1,Get a file from SharePoint,4,50,1,cliff,4.66321243523316,100.0,88,122,0.9918032786885246
13,Get a file from SharePoint,1,Get a file from SharePoint,4,60,1,cliff,4.66321243523316,100.0,37,122,0.9918032786885246
13,Get a file from SharePoint,1,Get a file from SharePoint,4,70,1,cliff,4.66321243523316,100.0,25,122,0.9918032786885246
13,Get a file from SharePoint,1,Get a file from SharePoint,4,75,1,cliff,4.66321243523316,100.0,22,122,0.9918032786885246
13,Get a file from SharePoint,1,Get a file from SharePoint,4,80,1,cliff,4.66321243523316,100.0,13,122,0.9918032786885246
13,Get a file from SharePoint,1,Get a file from SharePoint,4,85,1,cliff,4.66321243523316,100.0,8,122,0.9918032786885246
13,Get a file from SharePoint,1,Get a file from SharePoint,4,90,1,cliff,4.66321243523316,100.0,3,122,0.9918032786885246
13,Get a file from SharePoint,1,Get a file from SharePoint,5,50,88,retention,,50.0,88,122,0.2786885245901639
13,Get a file from SharePoint,1,Get a file from SharePoint,5,60,37,retention,,60.362694300518136,37,122,0.6967213114754098
13,Get a file from SharePoint,1,Get a file from SharePoint,5,70,25,retention,,70.98445595854922,25,122,0.7950819672131147
13,Get a file from SharePoint,1,Get a file from SharePoint,5,75,22,retention,,75.64766839378238,22,122,0.819672131147541
13,Get a file from SharePoint,1,Get a file from SharePoint,5,80,13,retention,,80.31088082901555,13,122,0.8934426229508197
13,Get a file from SharePoint,1,Get a file from SharePoint,5,85,8,retention,,85.49222797927462,8,122,0.9344262295081968
13,Get a file from SharePoint,1,Get a file from SharePoint,5,90,3,retention,,93.78238341968913,3,122,0.9754098360655737
13,Get a file from SharePoint,1,Get a file from SharePoint,6,50,88,retention,,50.0,88,122,0.2786885245901639
13,Get a file from SharePoint,1,Get a file from SharePoint,6,60,37,retention,,60.362694300518136,37,122,0.6967213114754098
13,Get a file from SharePoint,1,Get a file from SharePoint,6,70,25,retention,,70.98445595854922,25,122,0.7950819672131147
13,Get a file from SharePoint,1,Get a file from SharePoint,6,75,22,retention,,75.64766839378238,22,122,0.819672131147541
13,Get a file from SharePoint,1,Get a file from SharePoint,6,80,13,retention,,80.31088082901555,13,122,0.8934426229508197
13,Get a file from SharePoint,1,Get a file from SharePoint,6,85,8,retention,,85.49222797927462,8,122,0.9344262295081968
13,Get a file from SharePoint,1,Get a file from SharePoint,6,90,3,retention,,93.78238341968913,3,122,0.9754098360655737
13,Get a file from SharePoint,1,Get a file from SharePoint,7,50,88,retention,,50.0,88,122,0.2786885245901639
13,Get a file from SharePoint,1,Get a file from SharePoint,7,60,37,retention,,60.362694300518136,37,122,0.6967213114754098
13,Get a file from SharePoint,1,Get a file from SharePoint,7,70,25,retention,,70.98445595854922,25,122,0.7950819672131147
13,Get a file from SharePoint,1,Get a file from SharePoint,7,75,22,retention,,75.64766839378238,22,122,0.819672131147541
13,Get a file from SharePoint,1,Get a file from SharePoint,7,80,13,retention,,80.31088082901555,13,122,0.8934426229508197
13,Get a file from SharePoint,1,Get a file from SharePoint,7,85,8,retention,,85.49222797927462,8,122,0.9344262295081968
13,Get a file from SharePoint,1,Get a file from SharePoint,7,90,3,retention,,93.78238341968913,3,122,0.9754098360655737
13,Get a file from SharePoint,1,Get a file from SharePoint,8,50,88,retention,,50.0,88,122,0.2786885245901639
13,Get a file from SharePoint,1,Get a file from SharePoint,8,60,37,retention,,60.362694300518136,37,122,0.6967213114754098
13,Get a file from SharePoint,1,Get a file from SharePoint,8,70,25,retention,,70.98445595854922,25,122,0.7950819672131147
13,Get a file from SharePoint,1,Get a file from SharePoint,8,75,22,retention,,75.64766839378238,22,122,0.819672131147541
13,Get a file from SharePoint,1,Get a file from SharePoint,8,80,13,retention,,80.31088082901555,13,122,0.8934426229508197
13,Get a file from SharePoint,1,Get a file from SharePoint,8,85,8,retention,,85.49222797927462,8,122,0.9344262295081968
13,Get a file from SharePoint,1,Get a file from SharePoint,8,90,3,retention,,93.78238341968913,3,122,0.9754098360655737
13,Get a file from SharePoint,1,Get a file from SharePoint,10,50,88,retention,,50.0,88,122,0.2786885245901639
13,Get a file from SharePoint,1,Get a file from SharePoint,10,60,37,retention,,60.362694300518136,37,122,0.6967213114754098
13,Get a file from SharePoint,1,Get a file from SharePoint,10,70,25,retention,,70.98445595854922,25,122,0.7950819672131147
13,Get a file from SharePoint,1,Get a file from SharePoint,10,75,22,retention,,75.64766839378238,22,122,0.819672131147541
13,Get a file from SharePoint,1,Get a file from SharePoint,10,80,13,retention,,80.31088082901555,13,122,0.8934426229508197
13,Get a file from SharePoint,1,Get a file from SharePoint,10,85,8,retention,,85.49222797927462,8,122,0.9344262295081968
13,Get a file from SharePoint,1,Get a file from SharePoint,10,90,3,retention,,93.78238341968913,3,122,0.9754098360655737
14,Run a query against the database,1,Run a query against the database,3,50,2,cliff,6.944444444444445,100.0,107,122,0.9836065573770492
14,Run a query against the database,1,Run a query against the database,3,60,2,cliff,6.944444444444445,100.0,48,122,0.9836065573770492
14,Run a query against the database,1,Run a query against the database,3,70,2,cliff,6.944444444444445,100.0,16,122,0.9836065573770492
14,Run a query against the database,1,Run a query against the database,3,75,2,cliff,6.944444444444445,100.0,11,122,0.9836065573770492
14,Run a query against the database,1,Run a query against the database,3,80,2,cliff,6.944444444444445,100.0,7,122,0.9836065573770492
14,Run a query against the database,1,Run a query against the database,3,85,2,cliff,6.944444444444445,100.0,5,122,0.9836065573770492
14,Run a query against the database,1,Run a query against the database,3,90,2,cliff,6.944444444444445,100.0,3,122,0.9836065573770492
14,Run a query against the database,1,Run a query against the database,4,50,2,cliff,6.944444444444445,100.0,107,122,0.9836065573770492
14,Run a query against the database,1,Run a query against the database,4,60,2,cliff,6.944444444444445,100.0,48,122,0.9836065573770492
14,Run a query against the database,1,Run a query against the database,4,70,2,cliff,6.944444444444445,100.0,16,122,0.9836065573770492
14,Run a query against the database,1,Run a query against the database,4,75,2,cliff,6.944444444444445,100.0,11,122,0.9836065573770492
14,Run a query against the database,1,Run a query against the database,4,80,2,cliff,6.944444444444445,100.0,7,122,0.9836065573770492
14,Run a query against the database,1,Run a query against the database,4,85,2,cliff,6.944444444444445,100.0,5,122,0.9836065573770492
14,Run a query against the database,1,Run a query against the database,4,90,2,cliff,6.944444444444445,100.0,3,122,0.9836065573770492
14,Run a query against the database,1,Run a query against the database,5,50,2,cliff,6.944444444444445,100.0,107,122,0.9836065573770492
14,Run a query against the database,1,Run a query against the database,5,60,2,cliff,6.944444444444445,100.0,48,122,0.9836065573770492
14,Run a query against the database,1,Run a query against the database,5,70,2,cliff,6.944444444444445,100.0,16,122,0.9836065573770492
14,Run a query against the database,1,Run a query against the database,5,75,2,cliff,6.944444444444445,100.0,11,122,0.9836065573770492
14,Run a query against the database,1,Run a query against the database,5,80,2,cliff,6.944444444444445,100.0,7,122,0.9836065573770492
14,Run a query against the database,1,Run a query against the database,5,85,2,cliff,6.944444444444445,100.0,5,122,0.9836065573770492
14,Run a query against the database,1,Run a query against the database,5,90,2,cliff,6.944444444444445,100.0,3,122,0.9836065573770492
14,Run a query against the database,1,Run a query against the database,6,50,2,cliff,6.944444444444445,100.0,107,122,0.9836065573770492
14,Run a query against the database,1,Run a query against the database,6,60,2,cliff,6.944444444444445,100.0,48,122,0.9836065573770492
14,Run a query against the database,1,Run a query against the database,6,70,2,cliff,6.944444444444445,100.0,16,122,0.9836065573770492
14,Run a query against the database,1,Run a query against the database,6,75,2,cliff,6.944444444444445,100.0,11,122,0.9836065573770492
14,Run a query against the database,1,Run a query against the database,6,80,2,cliff,6.944444444444445,100.0,7,122,0.9836065573770492
14,Run a query against the database,1,Run a query against the database,6,85,2,cliff,6.944444444444445,100.0,5,122,0.9836065573770492
14,Run a query against the database,1,Run a query against the database,6,90,2,cliff,6.944444444444445,100.0,3,122,0.9836065573770492
14,Run a query against the database,1,Run a query against the database,7,50,107,retention,,50.34722222222222,107,122,0.12295081967213117
14,Run a query against the database,1,Run a query against the database,7,60,48,retention,,60.06944444444444,48,122,0.6065573770491803
14,Run a query against the database,1,Run a query against the database,7,70,16,retention,,71.18055555555556,16,122,0.8688524590163934
14,Run a query against the database,1,Run a query against the database,7,75,11,retention,,75.0,11,122,0.9098360655737705
14,Run a query against the database,1,Run a query against the database,7,80,7,retention,,82.63888888888889,7,122,0.9426229508196722
14,Run a query against the database,1,Run a query against the database,7,85,5,retention,,86.11111111111111,5,122,0.9590163934426229
14,Run a query against the database,1,Run a query against the database,7,90,3,retention,,93.05555555555556,3,122,0.9754098360655737
14,Run a query against the database,1,Run a query against the database,8,50,107,retention,,50.34722222222222,107,122,0.12295081967213117
14,Run a query against the database,1,Run a query against the database,8,60,48,retention,,60.06944444444444,48,122,0.6065573770491803
14,Run a query against the database,1,Run a query against the database,8,70,16,retention,,71.18055555555556,16,122,0.8688524590163934
14,Run a query against the database,1,Run a query against the database,8,75,11,retention,,75.0,11,122,0.9098360655737705
14,Run a query against the database,1,Run a query against the database,8,80,7,retention,,82.63888888888889,7,122,0.9426229508196722
14,Run a query against the database,1,Run a query against the database,8,85,5,retention,,86.11111111111111,5,122,0.9590163934426229
14,Run a query against the database,1,Run a query against the database,8,90,3,retention,,93.05555555555556,3,122,0.9754098360655737
14,Run a query against the database,1,Run a query against the database,10,50,107,retention,,50.34722222222222,107,122,0.12295081967213117
14,Run a query against the database,1,Run a query against the database,10,60,48,retention,,60.06944444444444,48,122,0.6065573770491803
14,Run a query against the database,1,Run a query against the database,10,70,16,retention,,71.18055555555556,16,122,0.8688524590163934
14,Run a query against the database,1,Run a query against the database,10,75,11,retention,,75.0,11,122,0.9098360655737705
14,Run a query against the database,1,Run a query against the database,10,80,7,retention,,82.63888888888889,7,122,0.9426229508196722
14,Run a query against the database,1,Run a query against the database,10,85,5,retention,,86.11111111111111,5,122,0.9590163934426229
14,Run a query against the database,1,Run a query against the database,10,90,3,retention,,93.05555555555556,3,122,0.9754098360655737
15,Check the deployment status on Railway,1,Check the deployment status on Railway,3,50,10,cliff,5.853658536585367,85.85365853658537,107,122,0.9180327868852459
15,Check the deployment status on Railway,1,Check the deployment status on Railway,3,60,10,cliff,5.853658536585367,85.85365853658537,58,122,0.9180327868852459
15,Check the deployment status on Railway,1,Check the deployment status on Railway,3,70,10,cliff,5.853658536585367,85.85365853658537,17,122,0.9180327868852459
15,Check the deployment status on Railway,1,Check the deployment status on Railway,3,75,10,cliff,5.853658536585367,85.85365853658537,15,122,0.9180327868852459
15,Check the deployment status on Railway,1,Check the deployment status on Railway,3,80,10,cliff,5.853658536585367,85.85365853658537,12,122,0.9180327868852459
15,Check the deployment status on Railway,1,Check the deployment status on Railway,3,85,10,cliff,5.853658536585367,85.85365853658537,10,122,0.9180327868852459
15,Check the deployment status on Railway,1,Check the deployment status on Railway,3,90,2,cliff,3.414634146341464,98.04878048780488,5,122,0.9836065573770492
15,Check the deployment status on Railway,1,Check the deployment status on Railway,4,50,10,cliff,5.853658536585367,85.85365853658537,107,122,0.9180327868852459
15,Check the deployment status on Railway,1,Check the deployment status on Railway,4,60,10,cliff,5.853658536585367,85.85365853658537,58,122,0.9180327868852459
15,Check the deployment status on Railway,1,Check the deployment status on Railway,4,70,10,cliff,5.853658536585367,85.85365853658537,17,122,0.9180327868852459
15,Check the deployment status on Railway,1,Check the deployment status on Railway,4,75,10,cliff,5.853658536585367,85.85365853658537,15,122,0.9180327868852459
15,Check the deployment status on Railway,1,Check the deployment status on Railway,4,80,10,cliff,5.853658536585367,85.85365853658537,12,122,0.9180327868852459
15,Check the deployment status on Railway,1,Check the deployment status on Railway,4,85,10,cliff,5.853658536585367,85.85365853658537,10,122,0.9180327868852459
15,Check the deployment status on Railway,1,Check the deployment status on Railway,4,90,5,retention,,91.70731707317074,5,122,0.9590163934426229
15,Check the deployment status on Railway,1,Check the deployment status on Railway,5,50,10,cliff,5.853658536585367,85.85365853658537,107,122,0.9180327868852459
15,Check the deployment status on Railway,1,Check the deployment status on Railway,5,60,10,cliff,5.853658536585367,85.85365853658537,58,122,0.9180327868852459
15,Check the deployment status on Railway,1,Check the deployment status on Railway,5,70,10,cliff,5.853658536585367,85.85365853658537,17,122,0.9180327868852459
15,Check the deployment status on Railway,1,Check the deployment status on Railway,5,75,10,cliff,5.853658536585367,85.85365853658537,15,122,0.9180327868852459
15,Check the deployment status on Railway,1,Check the deployment status on Railway,5,80,10,cliff,5.853658536585367,85.85365853658537,12,122,0.9180327868852459
15,Check the deployment status on Railway,1,Check the deployment status on Railway,5,85,10,cliff,5.853658536585367,85.85365853658537,10,122,0.9180327868852459
15,Check the deployment status on Railway,1,Check the deployment status on Railway,5,90,5,retention,,91.70731707317074,5,122,0.9590163934426229
15,Check the deployment status on Railway,1,Check the deployment status on Railway,6,50,107,retention,,50.0,107,122,0.12295081967213117
15,Check the deployment status on Railway,1,Check the deployment status on Railway,6,60,58,retention,,60.24390243902439,58,122,0.5245901639344263
15,Check the deployment status on Railway,1,Check the deployment status on Railway,6,70,17,retention,,70.24390243902438,17,122,0.860655737704918
15,Check the deployment status on Railway,1,Check the deployment status on Railway,6,75,15,retention,,75.1219512195122,15,122,0.8770491803278688
15,Check the deployment status on Railway,1,Check the deployment status on Railway,6,80,12,retention,,80.0,12,122,0.9016393442622951
15,Check the deployment status on Railway,1,Check the deployment status on Railway,6,85,10,retention,,85.85365853658537,10,122,0.9180327868852459
15,Check the deployment status on Railway,1,Check the deployment status on Railway,6,90,5,retention,,91.70731707317074,5,122,0.9590163934426229
15,Check the deployment status on Railway,1,Check the deployment status on Railway,7,50,107,retention,,50.0,107,122,0.12295081967213117
15,Check the deployment status on Railway,1,Check the deployment status on Railway,7,60,58,retention,,60.24390243902439,58,122,0.5245901639344263
15,Check the deployment status on Railway,1,Check the deployment status on Railway,7,70,17,retention,,70.24390243902438,17,122,0.860655737704918
15,Check the deployment status on Railway,1,Check the deployment status on Railway,7,75,15,retention,,75.1219512195122,15,122,0.8770491803278688
15,Check the deployment status on Railway,1,Check the deployment status on Railway,7,80,12,retention,,80.0,12,122,0.9016393442622951
15,Check the deployment status on Railway,1,Check the deployment status on Railway,7,85,10,retention,,85.85365853658537,10,122,0.9180327868852459
15,Check the deployment status on Railway,1,Check the deployment status on Railway,7,90,5,retention,,91.70731707317074,5,122,0.9590163934426229
15,Check the deployment status on Railway,1,Check the deployment status on Railway,8,50,107,retention,,50.0,107,122,0.12295081967213117
15,Check the deployment status on Railway,1,Check the deployment status on Railway,8,60,58,retention,,60.24390243902439,58,122,0.5245901639344263
15,Check the deployment status on Railway,1,Check the deployment status on Railway,8,70,17,retention,,70.24390243902438,17,122,0.860655737704918
15,Check the deployment status on Railway,1,Check the deployment status on Railway,8,75,15,retention,,75.1219512195122,15,122,0.8770491803278688
15,Check the deployment status on Railway,1,Check the deployment status on Railway,8,80,12,retention,,80.0,12,122,0.9016393442622951
15,Check the deployment status on Railway,1,Check the deployment status on Railway,8,85,10,retention,,85.85365853658537,10,122,0.9180327868852459
15,Check the deployment status on Railway,1,Check the deployment status on Railway,8,90,5,retention,,91.70731707317074,5,122,0.9590163934426229
15,Check the deployment status on Railway,1,Check the deployment status on Railway,10,50,107,retention,,50.0,107,122,0.12295081967213117
15,Check the deployment status on Railway,1,Check the deployment status on Railway,10,60,58,retention,,60.24390243902439,58,122,0.5245901639344263
15,Check the deployment status on Railway,1,Check the deployment status on Railway,10,70,17,retention,,70.24390243902438,17,122,0.860655737704918
15,Check the deployment status on Railway,1,Check the deployment status on Railway,10,75,15,retention,,75.1219512195122,15,122,0.8770491803278688
15,Check the deployment status on Railway,1,Check the deployment status on Railway,10,80,12,retention,,80.0,12,122,0.9016393442622951
15,Check the deployment status on Railway,1,Check the deployment status on Railway,10,85,10,retention,,85.85365853658537,10,122,0.9180327868852459
15,Check the deployment status on Railway,1,Check the deployment status on Railway,10,90,5,retention,,91.70731707317074,5,122,0.9590163934426229
